name,score,category,price,address,province,review count,description images
Tam Cốc-Bích Động,4.5,Thắng cảnh,Không có giá,"Ninh Hải, Hoa Lư, Ninh Bình",Ninh Bình,12.836,"https://lh3.googleusercontent.com/p/AF1QipMjSgzhro8SDRXPi_todUjDyP4Pk_qmXBiaDNoW, https://lh3.googleusercontent.com/p/AF1QipO-XCPT4sQovxum0E2pQ_BWS28PiCaZ_SPitXoX, "
Vườn Quốc Gia Cúc Phương,4.4,Rừng quốc gia,60.000 ₫,"8J85+MFX, Nho Quan, Ninh Bình 432857",Ninh Bình,3.657,"https://lh3.googleusercontent.com/p/AF1QipMjSgzhro8SDRXPi_todUjDyP4Pk_qmXBiaDNoW, https://lh3.googleusercontent.com/p/AF1QipO-XCPT4sQovxum0E2pQ_BWS28PiCaZ_SPitXoX, "
Chùa Bái Đính,4.4,Điểm thu hút khách du lịch,Miễn phí,"7VG8+98, Gia Sinh, Gia Viễn, Ninh Bình",Ninh Bình,2.749,"https://lh3.googleusercontent.com/p/AF1QipNjjG68mdyKCXaBw_yJWAjthBfxGnKYz-TavcZv, https://lh3.googleusercontent.com/p/AF1QipNxb5EfTNtUy895UzXEeAU4oL3d3HhyDWErlU57, "
Di sản Tràng An,4.7,Điểm thu hút khách du lịch,250.000 ₫,"Tràng An, Hoa Lư, Ninh Bình 430000",Ninh Bình,8.615,"//lh3.googleusercontent.com/proxy/C4r1ZNpj9Pw9qNKy1hZp701vczr7Rd5nXXVt_W4ABUJl0Lsk7EdIkkQ1RTuaDZis21tM424xlmaqXMaA723I7-cwc1GiA-yCowZfcmOqvgrQL2m--8JdpqbY0btIy49DLRfJaJRFmFzIw5yMe-wspFb9NrJcpw, https://lh3.googleusercontent.com/p/AF1QipOFopo7T-sxINl11auQ46L8mmUGSD64_lN26oi_, "
Nhà Thờ Đá Phát Diệm,4.6,Nhà thờ Công giáo,Miễn phí,"75 Phố Phát Diệm Đông, TT. Phát Diệm, Kim Sơn, Ninh Bình 430000",Ninh Bình,4.194,"https://lh3.googleusercontent.com/p/AF1QipMbL48F5o5uXtfnQZEPQgyF1xByr3KRaM5aXFzX, https://lh3.googleusercontent.com/p/AF1QipMnkxbrecFRly0vQcjoULWu6-YW72HEGaJh8nLJ, "
Tuyệt Tịnh Cốc (động Am Tiên),4.4,Điểm thu hút khách du lịch,Không có giá,"Trường Yên, Hoa Lư, Ninh Bình",Ninh Bình,3.582,"https://lh3.googleusercontent.com/p/AF1QipNQYQ7jpPNDC1SRpZUEU2bqatw127uAWMT7nhAO, https://lh3.googleusercontent.com/p/AF1QipMg4sT8BdM0wuwz4d4SOlIxD4eEyHz-hXttMBS_, "
Cố đô Hoa Lư,4.2,Điểm thu hút khách du lịch,Không có giá,"Trường Yên, Hoa Lư, Ninh Bình",Ninh Bình,7.921,"https://lh3.googleusercontent.com/p/AF1QipPrUTgYKYQwQQ3DG8U2-5wcO-iOkxFV9lv1P3BG, https://lh3.googleusercontent.com/p/AF1QipOoSJx6lFK7v2ayf1MMoQVDjbh3HnxSneeeg6JI, "
Đầm Vân Long,4.5,Điểm thu hút khách du lịch,Không có giá,"9V8H+CX8, Gia Vân, Gia Viễn, Ninh Bình",Ninh Bình,336,"https://lh3.googleusercontent.com/p/AF1QipNCLII8WxJLigW75NtB7Gaw3b0KYfq4p2mABxeh, https://lh3.googleusercontent.com/p/AF1QipOpQUtnpcfxpE_Ef15Kr25zPzykbo0FNqPmNAwD, "
Khu du lịch sinh thái Thung Nham - Ninh Bình,4.2,Khách sạn nghỉ dưỡng,Không có giá,"Thung Nham, Thôn Hải Nham, Hoa Lư, Ninh Bình",Ninh Bình,không có đánh giá,"https://lh3.googleusercontent.com/p/AF1QipN0fX3nIfNE4ZMEwRLC-W79GokpLOW9y-5_D2gT, https://lh3.googleusercontent.com/p/AF1QipOwUTtcNH-Si4cE3NJ6k2Xshnly2YvEBxaT3KL7, "
Khu Bảo tồn Thiên nhiên Vân Long,4.4,Khu bảo tồn thiên nhiên,Không có giá,"Gia Viễn, Ninh Bình",Ninh Bình,1.569,"https://lh3.googleusercontent.com/p/AF1QipOMCc_7GI6ewUgsGedHQVyo6N0xqTNYXDIJ_Bz5, https://lh3.googleusercontent.com/p/AF1QipM_xk1svii5crrhkqqCMHmekfdeXFHDQYu9Ks8v, "
Thung Nắng,4.4,Điểm thu hút khách du lịch,Không có giá,"6WH4+QV2, Ninh Hải, Hoa Lư, Ninh Bình",Ninh Bình,192,"https://lh3.googleusercontent.com/p/AF1QipNNNzv-zrPcQAMiKhuVkTG0xin18XXPabifZKOg, https://lh3.googleusercontent.com/p/AF1QipPKq6lsGGrrErYp3EO0t7GERyOBS2mOzdmbAWqa, "
Hồ Đồng Chương,4.0,Hồ,Không có giá,"Phú Long, Nho Quan, Ninh Bình",Ninh Bình,48,"https://lh3.googleusercontent.com/p/AF1QipMA88DG4QsveVabfPKtd1mkXXXVEQILIhsJFJf2, https://lh3.googleusercontent.com/p/AF1QipPwW4ljKckXP1OTIIsHMMchBvF6JvPf55hjscje, "
Núi non nước,4.3,Đỉnh núi,Không có giá,"Đinh Tiên Hoàng, Thanh Bình, Tp. Ninh Bình, Ninh Bình",Ninh Bình,32,"https://lh3.googleusercontent.com/p/AF1QipM3-rP4ewM4rPRdkzRU2p1qp3tXGjR3akS2gpM-, https://lh3.googleusercontent.com/p/AF1QipPUOJRChfYJAuBRCtreHdGlA8zgpesvLmvmfKFJ, "
Chùa Bích Động,4.3,Chùa phật giáo,Miễn phí,"6W99+C23, Ninh Hải, Hoa Lư, Ninh Bình 430000",Ninh Bình,3.859,"https://lh3.googleusercontent.com/p/AF1QipO8zmyLLyFirwynQkjrmrZLTX0T906nIPmRYKk0, https://lh3.googleusercontent.com/p/AF1QipN4BU7s5aVBhD1DaJok9G23fR8NdQkps2ncS3-I, "
Đan Viện Thánh Mẫu Châu Sơn,4.6,Tu viện,Không có giá,"8PRP+F8F, Thôn 4, Nho Quan, Ninh Bình",Ninh Bình,934,"https://lh3.googleusercontent.com/p/AF1QipMZWciAbpjnpnj5khdG4ns2ZwhiBDd3jD0WJI3Q, https://lh3.googleusercontent.com/p/AF1QipOfO3cGM6zyXzDlhwkFv2-SVoeMYdEqdvgk-q5n, "
Động Thiên Hà,4.1,Vách đá,Không có giá,Không có địa chỉ cụ thể,Ninh Bình,không có đánh giá,"https://lh3.googleusercontent.com/p/AF1QipO4E5cpimfg7sC6QBrSENpzCvmG8t4AY--brv5I, https://lh3.googleusercontent.com/p/AF1QipNGEoBYOMKq6YOxDijqJS9JzknOcKrUBLWQDQav, "
Phố cổ Hoa Lư - Ninh Bình,4.5,Điểm thu hút khách du lịch,Không có giá,"16 Xuân Thành, Tân Thành, Ninh Bình",Ninh Bình,2.750,"https://lh3.googleusercontent.com/p/AF1QipNpOm45gihqx6FQkCt5-TpdZj7Y3IYN9BZCA51C, https://lh3.googleusercontent.com/p/AF1QipPrVcJ_5O-5eJfscIIKdQubILz8QUlxGCw5y3e1, "
Hoa Lư,Chưa xét,Administrative Area2,Không có giá,Ninh Bình,Ninh Bình,không có đánh giá,"https://lh3.googleusercontent.com/p/AF1QipOMBDJA7cGRRHcskygZfHBANGuWtAoOiezJ-KE8, https://lh3.googleusercontent.com/p/AF1QipPRbyD_pvdTsBoDnK8_LzHGkJ5gbzK8FVzm4OqK, "
Cố Viên Lầu,4.0,Điểm thu hút khách du lịch,Không có giá,"6W9P+HF9, Tam Coc Rd, Ninh Hải, Hoa Lư, Ninh Bình",Ninh Bình,29,"https://lh3.googleusercontent.com/p/AF1QipPlR2JydrrlMpzeYLXGJPjtpnw5WYvHT3G-EtME, https://lh3.googleusercontent.com/p/AF1QipOC2tNvrBR3b0a3TnBMSiUf6Ty5buyKaStLXXGh, "
Bảo tàng Ninh Bình,3.8,Bảo tàng,Không có giá,"25 Lê Đại Hành, Vân Gia, Ninh Bình",Ninh Bình,87,"https://lh3.googleusercontent.com/p/AF1QipPO6RCwpKbmqgdhxPzRMMZtj7u9pG67nqIbZiPo, https://lh3.googleusercontent.com/p/AF1QipOey2_BO1h0K187sI-YmVp8TgKo9OrGt44i67D7, "
Đền thờ Vua Đinh Tiên Hoàng,4.5,Nơi thờ cúng,Không có giá,"7WM5+P8H, Trường Yên, Hoa Lư, Ninh Bình",Ninh Bình,551,"https://lh3.googleusercontent.com/p/AF1QipPO6RCwpKbmqgdhxPzRMMZtj7u9pG67nqIbZiPo, https://lh3.googleusercontent.com/p/AF1QipOey2_BO1h0K187sI-YmVp8TgKo9OrGt44i67D7, "
Đền Thái Vi,4.2,Nơi thờ cúng,Miễn phí,"6WFH+MXC, Ninh Hải, Hoa Lư, Ninh Bình",Ninh Bình,334,"https://lh3.googleusercontent.com/p/AF1QipOtQ5xN6H4tRcY831dUKTvhbW41_qfudVEXtyZw, https://lh3.googleusercontent.com/p/AF1QipOhRG4z7KNgfu__CQHWKXbcd9QdGtx1B0Xv82xz, "
Động Am Tiên,4.5,Hang động,Không có giá,"Trường Yên, Hoa Lư, Ninh Bình",Ninh Bình,61,"https://lh3.googleusercontent.com/p/AF1QipOVb5aBAKNJ61yzYqrcEChYMW0JZ-jgyoyR78ZF, https://lh3.googleusercontent.com/p/AF1QipNqAbDyHpb8mFH8s_2mxpFtOfA5vJupQgoY6nsx, "
Hang Múa,4.5,Hang động,Không có giá,"Ninh Hải, Hoa Lư, Ninh Bình",Ninh Bình,270,"https://lh3.googleusercontent.com/p/AF1QipPr2VRpIWvJs_mCfjxcVv9dvxFwTZos08XCcWmn, https://lh3.googleusercontent.com/p/AF1QipPixAlxVS5K2uz4p_LG89TTWx2nyMtDbJtIpsOA, "
Đồi dứa Tam Điệp,4.6,Vườn cây ăn quả,Không có giá,"5VF9+3WP, Quang Sơn, Tam Điệp, Ninh Bình",Ninh Bình,94,"https://lh3.googleusercontent.com/p/AF1QipMudYArOIo3tZrWp3pkg1IA8yFOR4Fa2gMkS_Yx, https://lh3.googleusercontent.com/p/AF1QipN6M-WCBZryfs59FAa8LVcuKmYaKoMEcAZgR2sE, "
Đền thờ Vua Lê Đại Hành,4.4,Nơi thờ cúng,Không có giá,"7WP4+C9M, Trường Yên, Hoa Lư, Ninh Bình",Ninh Bình,143,"https://lh3.googleusercontent.com/p/AF1QipMEclItZwVJcqdwrzN4Uwb5B-h43TdhqHKvr1wY, https://lh3.googleusercontent.com/p/AF1QipMisM9fDYaE5a0qcitUkmR1tIg7F9YW5Hz8SANl, "
Hành Cung Vũ Lâm,4.8,Nơi thờ cúng,Không có giá,"6WW7+WPJ, Ninh Xuân, Hoa Lư, Ninh Bình",Ninh Bình,67,"https://lh3.googleusercontent.com/p/AF1QipPOEnBa76pKr1YfhOJkv4H1479WRR0XMyKGT6Gn, https://lh3.googleusercontent.com/p/AF1QipMToxPTPGD_IJSzbS3d_4eB_RMr5zF1HRXKZHuQ, "
Nho Quan,Chưa xét,Administrative Area2,Không có giá,Ninh Bình,Ninh Bình,không có đánh giá,"https://lh3.googleusercontent.com/p/AF1QipMZ01p6UCbpL0dVWuF8-OpZEDJfsrPe9USibYvY, https://lh3.googleusercontent.com/p/AF1QipNqNk-80lCmhubr61pqYI0ISz_ANN9GxoEUpDQl, "
Đền Thánh Nguyễn,4.8,Nơi thờ cúng,Không có giá,"8V5G+525, Gia Thắng, Gia Viễn, Ninh Bình",Ninh Bình,44,"https://lh3.googleusercontent.com/p/AF1QipP1lc9AgtYO9IlodrCRoojyjXM8MheGGAKdKag3, https://lh3.googleusercontent.com/p/AF1QipNzNWhOpy_L1zHpvs6fTCx78iqrV1jp7n7gOQRH, "
Hang Múa,4.4,Điểm thu hút khách du lịch,Không có giá,"6WJQ+C43, Ninh Xuân, Hoa Lư, Ninh Bình",Ninh Bình,235,"https://lh3.googleusercontent.com/p/AF1QipMq6mlJF05Y31MrLYlSEkW6WGdhUP6M9XigMdjZ, https://lh3.googleusercontent.com/p/AF1QipPqK-nh7LIfciL0PI8Kd0NS2RVgni2zn6LbkEG0, "
Cơ Sở Bảo Tồn Gấu Ninh Bình,4.8,Tổ chức bảo vệ động vật,Không có giá,"Đường Cúc Phương - Bái Đính, Kỳ Phú, Nho Quan, Ninh Bình",Ninh Bình,687,"https://lh3.googleusercontent.com/p/AF1QipNU0tQ3TprYxjs8P8aU4eH9PfhU-TMcbnTCn6o, https://lh3.googleusercontent.com/p/AF1QipNqqcr_gbd0B93zUxho0oqkMg7-XCF2oyBiGJAU, "
Viewpoint Đầm sen Hang múa,4.5,Điểm thu hút khách du lịch,Không có giá,"6WJP+H9, Ninh Xuân, Hoa Lư, Ninh Bình",Ninh Bình,362,"https://lh3.googleusercontent.com/p/AF1QipN2NWlb0mcag-QAeKBi4rGcS8qYsr9EmAXKeHTy, https://lh3.googleusercontent.com/p/AF1QipPOBQoDIS5SoYKg-qPIorwDhV5CW1epPES_x9xm, "
Endangered Primate Rescue Center,4.4,Điểm thu hút khách du lịch,Không có giá,"6PW8+Q42, đường rừng Cúc Phương, Cúc Phương, Nho Quan, Ninh Bình",Ninh Bình,274,"https://lh3.googleusercontent.com/p/AF1QipOliZYfh7I0RTdeMH3zWvgNUR5GkomHlmuv0_W-, https://lh3.googleusercontent.com/p/AF1QipMhVscKBZKCEqk1UnCJZyRue95BHIXYRS5ax8w, "
Chùa Non Nước,4.4,Chùa phật giáo,Không có giá,"7X6M+J5M, Lê Đại Hành, Vân Gia, Ninh Bình",Ninh Bình,319,"https://lh3.googleusercontent.com/p/AF1QipMhs87qbdwNgHjB6YVkjHjO0_gKsllNNTrXVYXs, https://lh3.googleusercontent.com/p/AF1QipPjplxNIF3UvN0gErKcyOBU0Mnz0LUqVbt96oGB, "
Đền Tràng An Cổ,4.3,Nơi thờ cúng,Không có giá,"7WF6+835, Trường Yên, Hoa Lư, Ninh Bình",Ninh Bình,386,"https://lh3.googleusercontent.com/p/AF1QipNyQydD5gpD9K6-yQ4lRcT3Eii_ISxCyeLXkI0y, https://lh3.googleusercontent.com/p/AF1QipMDQ7SW6bdgmd-kTFDcRju_uGst89xtVKRnd11X, "
Chùa Bái Đính Cổ,4.6,Chùa phật giáo,Không có giá,"7V98+X8R, Gia Sinh, Gia Viễn, Ninh Bình",Ninh Bình,118,"https://lh3.googleusercontent.com/p/AF1QipPinyy4V3BQqy-l-NyfFw_ZOFO5YyyweLOzo7JD, https://lh3.googleusercontent.com/p/AF1QipM_OxlSsCL1Olgoo5I5UX4LN15Z-gTKKAqQWGCH, "
짱안,4.6,Điểm thu hút khách du lịch,Không có giá,"7W39+569, Ninh Xuân, Hoa Lư, Ninh Bình",Ninh Bình,81,"https://lh3.googleusercontent.com/p/AF1QipNTzFign3kltETDASjb4wheycX4cimLEkAfZHBd, https://lh3.googleusercontent.com/p/AF1QipPlNycKjILi4LegB0L92rpcTf4IwTqnnGvwwD_P, "
Động Tiên Cá,4.3,Điểm thu hút khách du lịch,Không có giá,"Thung Nham, Hoa Lư, Ninh Bình",Ninh Bình,157,"https://lh3.googleusercontent.com/p/AF1QipODSXHO8kFBqc6vJ4vk3_kHuRZKzRgWpq7tl_MG, https://lh3.googleusercontent.com/p/AF1QipN1G9pohTpryxvNc4QsMPRaDmm030RBZTsQxicX, "
Phố cổ Hoa Lư,4.6,Khu vực đi bộ,Không có giá,"Tràng An 2, Tân Thành, Ninh Bình",Ninh Bình,69,"https://lh3.googleusercontent.com/p/AF1QipODBbwkIMjr0EtsxneFNDYi6bjBRqpOWLteCRU2, https://lh3.googleusercontent.com/p/AF1QipP0xHpcBJHgU1494sYTbd8oUwjr7VyCnzmrAs_l, "
Vai Gioi Cave,4.3,Điểm thu hút khách du lịch,Không có giá,"6W82+C77, Ninh Hải, Hoa Lư, Ninh Bình",Ninh Bình,92,"https://lh3.googleusercontent.com/p/AF1QipODBbwkIMjr0EtsxneFNDYi6bjBRqpOWLteCRU2, https://lh3.googleusercontent.com/p/AF1QipP0xHpcBJHgU1494sYTbd8oUwjr7VyCnzmrAs_l, "
宁平陆龙湾,4.5,Điểm thu hút khách du lịch,Không có giá,"7W39+8FV, Ninh Xuân, Hoa Lư, Ninh Bình",Ninh Bình,19,"https://lh3.googleusercontent.com/p/AF1QipM36eZ0EiipPNV5xudIK7OxhXf9YpsODB78CVN0, https://lh3.googleusercontent.com/p/AF1QipOEr-4Wzr4i2RBz7jCm6wKiHedz7yCl5ADrbPSi, "
Thung Nham Bird Valley,4.0,Khu bảo tồn thiên nhiên,Không có giá,"Khu Du Lich Sinh Thai, Thung Nham, Hoa Lư, Ninh Bình",Ninh Bình,885,"https://lh3.googleusercontent.com/p/AF1QipMg0hbbhcG-yAey3YAuZ3I8NS7hF8YK5yjazSPg, https://lh3.googleusercontent.com/p/AF1QipOyh5qZ0IVYr1AAOGB1XJSnvsGwUGuFXzroDPhW, "
Suối Nước Khoáng Nóng Kênh Gà,3.9,Điểm thu hút khách du lịch,Không có giá,"8RJ8+3G7, Gia Thịnh, Gia Viễn, Ninh Bình",Ninh Bình,310,"https://lh3.googleusercontent.com/p/AF1QipOrG6XVCztzSmbOUmEefKW7w2R--mVebMzp9h3x, https://lh3.googleusercontent.com/p/AF1QipPPoN4dziI1v6wZFxJ8xpJhOnaR9XM9W4BPeLk, "
Đảo Khê Cốc - Ninh Bình,3.7,Điểm thu hút khách du lịch,Không có giá,"7W2F+MR7, Ninh Xuân, Hoa Lư, Ninh Bình",Ninh Bình,102,"https://lh3.googleusercontent.com/p/AF1QipNxV2PMdRX_8E0rHMjUy8r49IrpKY74yzQ0IwGL, https://lh3.googleusercontent.com/p/AF1QipNb54F4nbWNs4l12NcHk2FwFAd9EnTn8h65MM8h, "
Tháp Pô Klông-Garai (Tháp Chàm),4.5,Đền thờ Hindu,Không có giá,"Đô Vinh, Phan Rang-Tháp Chàm, Ninh Thuận",Ninh Thuận,1.923,"https://lh3.googleusercontent.com/p/AF1QipMxa8e08MgRy3bnV_0IfZiLw9x-S32MdD7Dz7vh, https://lh3.googleusercontent.com/p/AF1QipOh8DhlScoGJMw5B9d4FwvUrnMrXOKVYP3ZDZCr, "
Vườn quốc gia Núi Chúa,4.3,Đại lý du lịch tham quan,Không có giá,"Thôn Thái An, Ninh Hải, Ninh Thuận",Ninh Thuận,2.699,"https://lh3.googleusercontent.com/p/AF1QipMxa8e08MgRy3bnV_0IfZiLw9x-S32MdD7Dz7vh, https://lh3.googleusercontent.com/p/AF1QipOh8DhlScoGJMw5B9d4FwvUrnMrXOKVYP3ZDZCr, "
Đồi cát Nam Cương,4.2,Điểm thu hút khách du lịch,Không có giá,"GX5W+9MX, An Hải, Ninh Phước, Ninh Thuận",Ninh Thuận,831,"https://lh3.googleusercontent.com/p/AF1QipPzsky9OsH9jdhHLHCftJgJPQ-Q13yhn4Nbn14I, https://lh3.googleusercontent.com/p/AF1QipNxD1hF6kdB31mwtckRhvSdLeNA_9P0_tpDgkJX, "
Bãi biển Ninh Chữ,4.2,Bãi biển,Không có giá,"TT. Khánh Hải, Ninh Hải, Ninh Thuận",Ninh Thuận,772,"https://lh3.googleusercontent.com/p/AF1QipNNG-SY660Yshtx-p5JxzPUuqf1uDKr3wsRQ40A, https://lh3.googleusercontent.com/p/AF1QipNKSfoHOxcNyzVwKPnLuUAIq4vTmpg3I_I7I-l0, "
Hang Rái,Chưa xét,Tuyến đường,Không có giá,"Vĩnh Hải, Ninh Hải, Ninh Thuận",Ninh Thuận,không có đánh giá,"https://lh3.googleusercontent.com/p/AF1QipPn-QTdwIdmFvcb1AoXWkxtLFylFczGb5Hy4e0k, https://lh3.googleusercontent.com/p/AF1QipPbpXA5DAZLatokvfNNbvMc3ELq0eFNwQoXuheP, "
Làng nghề Gốm Bàu Trúc,4.4,Cửa hàng đồ gốm,Không có giá,"Khu phố 7, Ninh Phước, Ninh Thuận",Ninh Thuận,186,"https://lh3.googleusercontent.com/p/AF1QipNZHYnr7qIZy7lghZ_JKFk_XQd5weekvJT3qtKO, https://lh3.googleusercontent.com/p/AF1QipPoPyKyUCZQ7LU-yduzKwH81nPk6V168P9wKLii, "
Vịnh Vĩnh Hy,4.5,Vịnh,Miễn phí,Không có địa chỉ cụ thể,Ninh Thuận,1.145,"https://lh3.googleusercontent.com/p/AF1QipNWzQArdt6NNnMSQDK0Ao8BRc2fhM_lXqCCSOkl, https://lh3.googleusercontent.com/p/AF1QipO0ajM2Ryon-O-ykSmbc7qxevpIZVedPBvoHV8S, "
Hòn Đỏ,4.6,Thắng cảnh,Không có giá,"H49H+956, Thanh Hải, Ninh Hải, Ninh Thuận",Ninh Thuận,79,"https://lh3.googleusercontent.com/p/AF1QipP-I_OQ0v0re7t0cBQlitUBasTVTBU9JMXxWRIP, https://lh3.googleusercontent.com/p/AF1QipPnENGKrN_VLMolYyVBNZEe-zEBwx8QwXoK1pQz, "
Bãi Kinh,4.2,Điểm thu hút khách du lịch,Không có giá,"ĐT702, Vĩnh Hải, Ninh Hải, Ninh Thuận 660000",Ninh Thuận,2.320,"https://lh3.googleusercontent.com/p/AF1QipO8wf9Lb1CiT3Li6Hv0LRQb5jLtFr5Z8eWSDAE2, https://lh3.googleusercontent.com/p/AF1QipMpOMcM7Owl6DQPYrJy6_OJmJLFG32rnKpU5_Y2, "
Bãi biển Bình Tiên,4.3,Bãi biển,Không có giá,"Công Hải, Ninh Thuận",Ninh Thuận,255,"https://lh3.googleusercontent.com/p/AF1QipOTdbg6dRB-G5Z51ArGpIv9qQLkHgyAktxRcNPl, https://lh3.googleusercontent.com/p/AF1QipOhngBMHNXv2d-o1A-aB8aXXvbMqkTrRvERZCLP, "
Trang Trại Nho Ba Mọi,4.3,Vườn nho,Không có giá,"Thôn Hiệp Hòa, Phước Thuận, Phước Thuận, Ninh Phước District, Ninh Thuận",Ninh Thuận,453,"https://lh3.googleusercontent.com/p/AF1QipP-HHcXUtCGgOted-6PMVow4PlSL-SdNYBlpE9L, https://lh3.googleusercontent.com/p/AF1QipPGKivLc2rUBxChU0hJlPZvQaAb1lzBowhRsNYi, "
Khu Du Lịch Tanyoli,4.1,Khách sạn nghỉ dưỡng,Không có giá,"Phước Dinh, Thuận Nam, Ninh Thuận",Ninh Thuận,không có đánh giá,"https://lh3.googleusercontent.com/p/AF1QipMYNrCY45Tyr0xRR-BseUbXpMgTSxrkbtP0dYRQ, https://lh3.googleusercontent.com/p/AF1QipNULGFLT8aUFuvr8o8tgPc26WLQ3MiFZz_bggEv, "
Bờ kè Khánh Hội,4.7,Điểm thu hút khách du lịch,Không có giá,"H3P3+J63, Khánh Hội, Ninh Hải, Ninh Thuận",Ninh Thuận,77,"//lh3.googleusercontent.com/proxy/LE7Kqw_CcofNx07_Vj1ZubEekbsPiL_8DDlq4fVlsF79szo176DtOPdjT3ZrSL-U1bxqthLfLwpGqyE-fLElsol_WnABrpuPyif5OtoAjvqYWpRehrYu_JMOrXShyfSmlnxZsmR2IJbtFMKznUM-4C-zo1mhxA, https://lh3.googleusercontent.com/p/AF1QipOqYTFItAfTGx_rZ3nH0hVB80CC6Tufaa9-HWCq, "
Vườn quốc gia Phước Bình,4.4,Công viên quốc gia,Không có giá,"Phước Bình, Bác Ái, Ninh Thuận",Ninh Thuận,145,"https://lh3.googleusercontent.com/p/AF1QipOHgsUjZH5vOKJd42RgFqgYgAPGpaUoi4qhxwdX, https://lh3.googleusercontent.com/p/AF1QipNqrxfD4Ba53jPfoMWHvI8dcwVET6oPerP-ndJg, "
Làng bích hoạ Hòn Thiên ( Hon Thien mural village ),4.6,Điểm thu hút khách du lịch,Không có giá,"thôn Hòn Thiên, Tân Hải, Ninh Hải, Ninh Thuận 59000",Ninh Thuận,152,"https://lh3.googleusercontent.com/p/AF1QipN2X6Kw9ZdZE8lgRPCqq3ZVD9UxGMycj34ZYEnm, https://lh3.googleusercontent.com/p/AF1QipOb4DRpA-ixm8cYSPNpoWsBDr9DCrli1WqcD94e, "
Trùng Sơn Cổ Tự,4.7,Chùa phật giáo,Không có giá,"H2VJ+88Q, TT. Khánh Hải, Ninh Hải, Ninh Thuận",Ninh Thuận,275,"https://lh3.googleusercontent.com/p/AF1QipMseDIB_hYVHDyzpaccPCI80A5SlFFtsXwsA1I-, https://lh3.googleusercontent.com/p/AF1QipNcbufcvxmgM1D1fFAxwyoFN-cgk0nl2OJazOVt, "
Bãi Hỏm,4.4,Thắng cảnh,Không có giá,"M5RP+HXX, Vĩnh Hải, Ninh Hải, Ninh Thuận",Ninh Thuận,102,"https://lh3.googleusercontent.com/p/AF1QipNFDApvJz2sp2We1KCkiEg0cTqQuruzc8CWNwAj, https://lh3.googleusercontent.com/p/AF1QipN2tlQTkMXcbGmsIAAfgwIwGcZSCH5tIH3jVzpA, "
Công Viên Biển Bình Sơn,4.3,Công viên,Không có giá,"Mười Sáu Tháng Tư, Mỹ Hải, Phan Rang-Tháp Chàm, Ninh Thuận",Ninh Thuận,2.708,"https://lh3.googleusercontent.com/p/AF1QipMudvNjwoplD8ndoPzYSIOtkxDCK_lNmrXT9W2l, https://lh3.googleusercontent.com/p/AF1QipOJkb0Im2A-JAWbZPuDOYajQPAyQqYe2CMp5FRW, "
Bãi Chúi,4.4,Nhà chòi trên bãi biển,Không có giá,"Q656+PHF, Ninh Hải, Ninh Thuận",Ninh Thuận,328,"https://lh3.googleusercontent.com/p/AF1QipOFA1mzPmt8dxllSxatEL9eJWUgKTKDhRzZMGLB, https://lh3.googleusercontent.com/p/AF1QipMNe56-7dTSUwBYuNNnxJs_zYTiQaZsG79qIbWZ, "
mũi Đá Vách,4.4,Bán đảo,Không có giá,Ninh Thuận,Ninh Thuận,5,"https://lh3.googleusercontent.com/p/AF1QipPZPOj8aDfxBY3wjY_S5Ho9l9mVAvrzoZWzyNhM, https://lh3.googleusercontent.com/p/AF1QipOVi1maS8_BZcQxlGo2-1uvuGkydc4bc2xnWtFS, "
Bảo Tàng Ninh Thuận,4.2,Bảo tàng,Không có giá,"Mười Sáu Tháng Tư, Tấn Tài, Phan Rang-Tháp Chàm, Ninh Thuận",Ninh Thuận,453,"https://lh3.googleusercontent.com/p/AF1QipNSVnjtzPykTBMk5ibDtGqlMCXpoBRY10FcE0xy, https://lh3.googleusercontent.com/p/AF1QipOYw_GmHh7YA7oHw5i1iHxy3SxD-xl3sNJove9T, "
Vườn Nho Thái An,4.5,Điểm thu hút khách du lịch,Không có giá,"ĐT702, Thái An, Ninh Hải, Ninh Thuận",Ninh Thuận,529,"https://lh3.googleusercontent.com/p/AF1QipNSVnjtzPykTBMk5ibDtGqlMCXpoBRY10FcE0xy, https://lh3.googleusercontent.com/p/AF1QipOYw_GmHh7YA7oHw5i1iHxy3SxD-xl3sNJove9T, "
Mũi Dinh,4.7,Bán đảo,Không có giá,"Mũi Dinh, Phước Dinh, Thuận Nam, Ninh Thuận",Ninh Thuận,150,"https://lh3.googleusercontent.com/p/AF1QipNA7kHko5Hj2ppRAO9SyDS-vZHy2bRP45oEYSUL, https://lh3.googleusercontent.com/p/AF1QipPQuhQT2XF70bRMEAEdnj6sO8ScMmasSb16w6F8, "
Bãi biển Nước Ngọt,4.4,Bãi biển,Không có giá,Không có địa chỉ cụ thể,Ninh Thuận,không có đánh giá,"https://lh3.googleusercontent.com/p/AF1QipO9Byoo_ZMY62hkJKeGv7_jk5ySuvWr_zFd3sO9, https://lh3.googleusercontent.com/p/AF1QipOcyK_bKckS2dz_acrQ9ls7yp69GZfs0edjhBH_, "
Làng dệt thổ cẩm Mỹ Nghiệp,4.7,Trung tâm cộng đồng,Không có giá,"GWCV+M2P, Mỹ Nghiệp, Ninh Phước, Ninh Thuận",Ninh Thuận,31,"https://lh3.googleusercontent.com/p/AF1QipN7uSC_LsNl4pwpbgw3uJJQR2ROjWFrYfp-ZFdF, https://lh3.googleusercontent.com/p/AF1QipOpKsZXvmvomuIVW12Ff8n1gi2-DV-vfDp2_wE, "
Bãi biển Cà Ná,4.7,Bãi biển,Không có giá,"Vĩnh Tân, Tuy Phong, Bình Thuận",Ninh Thuận,117,"https://lh3.googleusercontent.com/p/AF1QipPegM4EEbhl8a7AhuUh_3nMI5agyA9kCrYzXlvE, https://lh3.googleusercontent.com/p/AF1QipMeWq5SkzyMGje7VVWtpdw8re1xK6n3y_u4KzVY, "
Ninh Chữ,Chưa xét,Khu dân cư,Không có giá,"tt Khánh Hải, Tp. Phan Rang - Tháp Chàm, Ninh Thuận",Ninh Thuận,không có đánh giá,"https://lh3.googleusercontent.com/p/AF1QipOmEhSb4_o1bAHBRZ8Yp14x6rZEEyxlK--bak-u, https://lh3.googleusercontent.com/p/AF1QipOkd-kEQBWtA0Gc3Q4GH9I3iL86GjN0sWLgaBx1, "
Hải đăng Mũi Dinh,Chưa xét,Ngọn hải đăng,Không có giá,"Phước Dinh, Thuận Nam, Ninh Thuận",Ninh Thuận,không có đánh giá,"https://lh3.googleusercontent.com/p/AF1QipMe8eqrGLluQ87Ozn399f-8aamOcN4k3quVZmHo, https://lh3.googleusercontent.com/p/AF1QipPlGM_nyPtg0yIhPZogiGTig-pyriNtryb4gBij, "
Suối Lồ Ồ,4.1,Điểm thu hút khách du lịch,Không có giá,"ĐT702, Vĩnh Hải, Ninh Hải, Ninh Thuận",Ninh Thuận,339,"https://lh3.googleusercontent.com/p/AF1QipPfQXYSjEC_NSyD4WBNhTxzzHzFi-vZJ8rSPJq2, https://lh3.googleusercontent.com/p/AF1QipPP84kUuZR9pdu4wycYmFVMXmf_iXEGmTaYMr-f, "
Cổng vào công viên đá,4.7,Điểm thu hút khách du lịch,Không có giá,"J5H7+3Q, Vĩnh Hải, Ninh Hải, Ninh Thuận",Ninh Thuận,55,"https://lh3.googleusercontent.com/p/AF1QipPXV4V2EQG_ylNDSZ8_MsWu4LkgE4mtLixsG4N-, https://lh3.googleusercontent.com/p/AF1QipNXXq32gcxaFDTiqGIVvx83sMDW5eiPaaCS3lso, "
Ninh Hải,Chưa xét,Administrative Area2,Không có giá,Ninh Thuận,Ninh Thuận,không có đánh giá,"https://lh3.googleusercontent.com/p/AF1QipO6RZUqtb69dFdA6LPO0B0u1ENS60k3KKVHo3FK, https://lh3.googleusercontent.com/p/AF1QipMnnL9TCuArvWeA14DTGkEan4c_lOYH3-RXo3ct, "
Sắc Tứ Kim Sơn Tự,4.5,Điểm thu hút khách du lịch,Không có giá,"ĐT702, Tri Hải, Ninh Hải, Ninh Thuận 59207",Ninh Thuận,21,"https://lh3.googleusercontent.com/p/AF1QipP5bJNbU8bSJMUR0bGHEdtASPax204qyQ7DdKf-, https://lh3.googleusercontent.com/p/AF1QipPowus5aBG6vukL7gEMmJRmYCb8QA_P2MCUexw, "
Cánh Đồng Muối Đầm Vua,4.0,Nhà sản xuất,Không có giá,"H3QH+CCW, Nhơn Hải, Ninh Hải, Ninh Thuận",Ninh Thuận,5,"https://lh3.googleusercontent.com/p/AF1QipPC83bPKfcd4X7jfX-_Y2SQ__snMWz7GRQ8BqPo, https://lh3.googleusercontent.com/p/AF1QipNA_fiv6kkRjYnW3d3dYwdlpSIWvrLH3sJJUq5-, "
Tháp Chàm Farm,4.1,Điểm thu hút khách du lịch,Không có giá,"980/10 21 Tháng 8, Đô Vinh, Phan Rang-Tháp Chàm, Ninh Thuận",Ninh Thuận,46,"https://lh3.googleusercontent.com/p/AF1QipMIf9nL8NHRqSc9RutkJvZxws6TPZlq8neQFrKT, https://lh3.googleusercontent.com/p/AF1QipMBIznsn7bia_nAFY5B6twm0VJy2_G__ul3aII2, "
Đồng Cừu Suối Tiên,4.1,Điểm thu hút khách du lịch,Không có giá,"ĐT702, Công Hải, Thuận Bắc, Ninh Thuận",Ninh Thuận,1.324,"https://lh3.googleusercontent.com/p/AF1QipPJQK64s7ADiAgXohFhuCyIuO-NB8TwuQv81dBT, https://lh3.googleusercontent.com/p/AF1QipNd81aLvDD5soDBvmD6Vk8LfZDR94JygwzH8fvV, "
Bãi biển Bình Sơn,4.3,Điểm thu hút khách du lịch,Không có giá,"Mỹ Hải, Tp. Phan Rang - Tháp Chàm, Ninh Thuận",Ninh Thuận,368,"https://lh3.googleusercontent.com/p/AF1QipNFvS_O7L3Oe-AndjP1bCprtScCGNafW2ZWEQIC, https://lh3.googleusercontent.com/p/AF1QipP4FKDDGZk_vyKKi6wcfQmftMUnVh1nmXhZna9y, "
Bãi Thùng,4.5,Thắng cảnh,Không có giá,"P6WF+89V, Ninh Hải, Ninh Thuận",Ninh Thuận,147,"https://lh3.googleusercontent.com/p/AF1QipNLq23LHySVdlbFLaa8u2llzGPUN9jRCUzpXyEg, https://lh3.googleusercontent.com/p/AF1QipOmIfPwN0qPoGpRKEfobASnfe9EiMIvz2X-5wk4, "
Bãi Tràng Mũi Dinh,4.5,Điểm thu hút khách du lịch,Không có giá,"9244+89F, Mũi Dinh, Thuận Nam, Ninh Thuận",Ninh Thuận,125,"https://lh3.googleusercontent.com/p/AF1QipPEw95eL6490te4fBbe2TFX2876VJoaGIkPpRY2, https://lh3.googleusercontent.com/p/AF1QipNgn3cp9IqvXV4QCHVd2_-hYFoyqdQ_ZuDabT7j, "
Phan Rang Beach,4.3,Bãi biển,Không có giá,"Mười Sáu Tháng Tư, Phan Rang-Tháp Chàm, Ninh Thuận",Ninh Thuận,247,"https://lh3.googleusercontent.com/p/AF1QipNNQAxxUo2jcC1yTxHAY-Q3QI67YONJPlFknyEB, https://lh3.googleusercontent.com/p/AF1QipMqhsGX8EFjtTk8jusoL_rl8-kio6VrVosjUzh2, "
Đền Hùng,4.6,Điểm mốc lịch sử,Không có giá,Không có địa chỉ cụ thể,Phú Thọ,không có đánh giá,"https://lh3.googleusercontent.com/p/AF1QipNIAeIe1djB4DLJdzYyMPEi82KJArvN6v66JYwu, https://lh3.googleusercontent.com/p/AF1QipPu1Ql3pvnj5I94ozTtGUa1p45oDsVSDxPyS3Dw, "
Đồi Chè Long Cốc,4.6,Điểm thu hút khách du lịch,Không có giá,"Bông 1_Long Cốc_Tân, Sơn_Phú Thọ, Tân Sơn, Phú Thọ",Phú Thọ,386,"https://lh3.googleusercontent.com/p/AF1QipNIAeIe1djB4DLJdzYyMPEi82KJArvN6v66JYwu, https://lh3.googleusercontent.com/p/AF1QipPu1Ql3pvnj5I94ozTtGUa1p45oDsVSDxPyS3Dw, "
Đầm Ao Châu,4.1,Đập nước,Không có giá,"TT. Hạ Hoà, Hạ Hòa, Phú Thọ 84210",Phú Thọ,263,"https://lh3.googleusercontent.com/p/AF1QipNVlSFjbeRyPR9w2y488ex4za8c1da_BAmbSRvM, https://lh3.googleusercontent.com/p/AF1QipNKNFVJFTVXbutGEUD-9qOZbLpUEUYsrM9krxts, "
Vườn Quốc gia Xuân Sơn,4.3,Công viên quốc gia,Không có giá,"4XFF+P7V, Tân Sơn, Phú Thọ",Phú Thọ,2.073,"https://lh3.googleusercontent.com/p/AF1QipOKnyJj85Asetbanfq467RujwTbDteRX8ZYL_Gy, https://lh3.googleusercontent.com/p/AF1QipO_K7BMcqUC8FrjorIUMomJwyUE9oHILhCef_zf, "
Ao Giời - Suối Tiên,4.3,Điểm thu hút khách du lịch,Không có giá,"Quân Khê, Hạ Hòa, Phú Thọ",Phú Thọ,149,"https://lh3.googleusercontent.com/p/AF1QipM4Qch0Mx3Hwyq-_RcNC4LnySf_u63IuBZOJiZf, https://lh3.googleusercontent.com/p/AF1QipNHG8y2J6AecVl1T9xg7ygD-vWiN5BykbqMfyun, "
Thác Mây,4.8,Thắng cảnh,Không có giá,"367F+2F6, Hương Cần, Thanh Sơn, Phú Thọ",Phú Thọ,28,"https://lh3.googleusercontent.com/p/AF1QipODah54l68VH_P_pWR-utKWokB1cHVMZiH7ggue, https://lh3.googleusercontent.com/p/AF1QipOKI9nVAJ5Eqfr60XmocbLu8sBmLpu0hbPtdVUg, "
Đèo Khế,4.0,Đường vượt núi,Không có giá,"Thu Cúc, Tân Sơn, Phú Thọ",Phú Thọ,16,"https://lh3.googleusercontent.com/p/AF1QipP1JdJB8TkCpFKzUfiJPJwKq7G5ayaY74BzBt34, https://lh3.googleusercontent.com/p/AF1QipPmQ_9-SwefS6XBZnbOYyEaUShhE6wBNwmbPele, "
Đền thờ Mẫu Âu Cơ,Chưa xét,Khu đất khép kín,Không có giá,"Đền Mẫu, Hiền Lương, Hạ Hòa, Phú Thọ",Phú Thọ,không có đánh giá,"https://lh3.googleusercontent.com/p/AF1QipNJf8cN1eo0w-41fCNqHRNIaFquZ9dTZ1KTHCtK, https://lh3.googleusercontent.com/p/AF1QipP_yscpx7nSnUIPL1rQEHSBCgmV2PSFjsjv_j3J, "
Đền Quốc Tổ Lạc Long Quân,4.6,Nơi thờ cúng,Không có giá,"986H+4QC Đền Hùng, Chu Hoá, Việt Trì, Phú Thọ",Phú Thọ,81,"https://lh3.googleusercontent.com/p/AF1QipPyPr4jAQNJObxPZ2Gv7RDRaBSRgqLcIgujX5cV, https://lh3.googleusercontent.com/p/AF1QipOC9kvt_NMqLTAH2O9LkXX5wIDO7JsATuYsB1Ok, "
Bảo tàng Hùng Vương,4.0,Bảo tàng lịch sử,Không có giá,Không có địa chỉ cụ thể,Phú Thọ,không có đánh giá,"https://lh3.googleusercontent.com/p/AF1QipPeaPmve2G2SVVodx6RteEKXhh-4I-5s0XNn4_b, https://lh3.googleusercontent.com/p/AF1QipNgf-ThnVVwv4I6Zni0Pb-9IJIMxBNtxAKiBnur, "
Đình Hùng Lô,4.6,Nơi thờ cúng,Không có giá,"99CP+X97, Hùng Lô, Phù Ninh, Phú Thọ",Phú Thọ,47,"https://lh3.googleusercontent.com/p/AF1QipMW78JqyBG56VeJSUeWHKO3F6Y4wB-NcDDqxTD8, https://lh3.googleusercontent.com/p/AF1QipMBqSuzWA5SVGsSywO_uAbsYN4WaNSjBBEFAjgt, "
Núi Nghĩa Lĩnh,4.0,Đỉnh núi,Không có giá,"Hy Cương, Tp. Việt Trì, Phú Thọ",Phú Thọ,10,"https://lh3.googleusercontent.com/p/AF1QipPLjcymvWoF6dl1bDxFZ4iFBEy52EPijWhP0feX, https://lh3.googleusercontent.com/p/AF1QipPbAiBfCh_6kjP9Kuy45h_NuVsGmaIfGdhCx0fH, "
Hang Lạng,4.1,Thắng cảnh,Không có giá,"Unnamed, Road, Tân Sơn, Phú Thọ",Phú Thọ,8,"https://lh3.googleusercontent.com/p/AF1QipO66vj5XVzLm8rZKMGrptaFbDGhqHIUBz1xWssS, https://lh3.googleusercontent.com/p/AF1QipPIKSKm9F-2c1ptMKQc9iGtJpx9ZULappiFytbg, "
Chùa Cát Tường,4.6,Chùa phật giáo,Không có giá,"895W+38Q, Đường Lạc Long Quân, Ph.Tiên Cát, Việt Trì, Phú Thọ",Phú Thọ,65,"https://lh3.googleusercontent.com/p/AF1QipMZqSPughcgh6pPiODle6vHdeMnBRzRPueFJeNQ, https://lh3.googleusercontent.com/p/AF1QipPAfDvuwnwIUo4l355JI5jsdFmzCxefwyIbF9MA, "
Bản Cỏi,Chưa xét,Khu dân cư,Không có giá,"Xuân Sơn, Tân Sơn, Phú Thọ",Phú Thọ,không có đánh giá,"https://lh3.googleusercontent.com/p/AF1QipOo_plw_cI95_nzr-7Zd8UDO8uu27YQK7fK83HQ, https://lh3.googleusercontent.com/p/AF1QipMou-KixU1CZmhL-HgArz8IFbPGZUomrYxn5sdS, "
Khu Di Tích Đền Hùng,4.7,Chùa phật giáo,Không có giá,"989G+25P, Núi Nghĩa Lĩnh, Hy Cương, Việt Trì, Phú Thọ",Phú Thọ,78,"https://lh3.googleusercontent.com/p/AF1QipOngtZNiA0K7llkQtJ92U7l5cq5G5FQMPIboBRO, https://lh3.googleusercontent.com/p/AF1QipOIG8w5EJ4Mg8185SS3Rm5hwGwbwyfLO18EMDYj, "
Đền Tam Giang và Chùa Đại Bi,4.6,Chùa phật giáo,Không có giá,"7CXR+4GM, Ph. Bạch Hạc, Việt Trì, Phú Thọ",Phú Thọ,434,"https://lh3.googleusercontent.com/p/AF1QipNXf5BLMgRNyCmFLXGFIoj1sBxW_drzQtKJCflg, https://lh3.googleusercontent.com/p/AF1QipOsEuaj69VD0FysN9OvXIT0Ye9gJau0GqFLfF7g, "
Đầm Vân Hội,4.2,Điểm thu hút khách du lịch,Không có giá,"JV2J+22C, Unnamed Road, Việt Cường, Trấn Yên District, Yên Bái",Phú Thọ,25,"https://lh3.googleusercontent.com/p/AF1QipNc4Cc_sd1fTzmkGHYnQAAVQX9ra5Zv5YtHWtzW, https://lh3.googleusercontent.com/p/AF1QipOXgyPmxBPTbEsjYtlGQx3klAxmRsql7oVsUGvP, "
Cẩm Khê,Chưa xét,Administrative Area2,Không có giá,Phú Thọ,Phú Thọ,không có đánh giá,"https://lh3.googleusercontent.com/p/AF1QipNwL8jVEBidTHu-1T1XFNRHjO2eejfi9zjvLcMV, https://lh3.googleusercontent.com/p/AF1QipMwcHpyXWQV0waWsmqiGGrJj8c-9XEqoTqrx7h7, "
Đền Quốc Mẫu Âu Cơ,4.6,Nơi thờ cúng,Không có giá,"JW37+JX7, Hiền Lương, Hạ Hòa, Phú Thọ 290000",Phú Thọ,282,"https://lh3.googleusercontent.com/p/AF1QipPjffukoPRVH_y5RNjidcw-VR4gDMBQIsZzOVhx, https://lh3.googleusercontent.com/p/AF1QipOvZGAz0muu1xbII0be9NSGyY-LnttcwoMGfJMA, "
Đền Thiên Cổ Miếu,4.5,Điện thờ,Không có giá,Không có địa chỉ cụ thể,Phú Thọ,không có đánh giá,"https://lh3.googleusercontent.com/p/AF1QipNmTju9jH_h-Bio7QkAVlnDTKQovpt0X-gVxRya, https://lh3.googleusercontent.com/p/AF1QipNk7ohhwasi8wKS10yjEScywCBsXLrBGkoUPMHI, "
Hồ Ly,4.3,Đập nước,Không có giá,"82F4+574, Thượng Long, Yên Lập, Phú Thọ",Phú Thọ,155,"https://lh3.googleusercontent.com/p/AF1QipNmTju9jH_h-Bio7QkAVlnDTKQovpt0X-gVxRya, https://lh3.googleusercontent.com/p/AF1QipNk7ohhwasi8wKS10yjEScywCBsXLrBGkoUPMHI, "
Đền Tam Giang Bạch Hạc,4.8,Nơi thờ cúng,Không có giá,"7CWR+V65, Ph. Bạch Hạc, Thành phố Việt Trì, Phú Thọ",Phú Thọ,36,"https://lh3.googleusercontent.com/p/AF1QipNIBXCrnS0N8gM-Y3-lw2WpH5Cb_FnSeNlFTJ7W, https://lh3.googleusercontent.com/p/AF1QipMqbCHjypF0_0aQbxKyHN5C7s-kmpysVjXFOENW, "
Núi Thắm,3.8,Ridge,Không có giá,"Thanh Ba, Phú Thọ",Phú Thọ,6,"https://lh3.googleusercontent.com/p/AF1QipPGxkPtexHV93TUluQzJdhcGGZ7VCJDtle008q0, https://lh3.googleusercontent.com/p/AF1QipNoI1hS9ZevuNxke-ze1g5LA6RCt4KbFVFezSPT, "
Thanh Sơn,Chưa xét,Administrative Area2,Không có giá,Phú Thọ,Phú Thọ,không có đánh giá,"https://lh3.googleusercontent.com/p/AF1QipOTG0tQrd883Mqsc4zVaSTO3Op28uRlaM6QB04q, https://lh3.googleusercontent.com/p/AF1QipO7VyLofDum6IKo3cF7WErdqatltFLDfKw0LNNU, "
Tân Sơn,Chưa xét,Administrative Area2,Không có giá,Phú Thọ,Phú Thọ,không có đánh giá,"https://lh3.googleusercontent.com/p/AF1QipPBVZLAwr8Iwrqa2BjvO3rLOtrFcqhIgjY-muV7, https://lh3.googleusercontent.com/p/AF1QipNsLlzVDCVqIbd8ppJOpVWoSL1jAu50dndBbi1_, "
Hạ Hoà,Chưa xét,Khu dân cư,Không có giá,"Hạ Hòa, Phú Thọ",Phú Thọ,không có đánh giá,"https://lh3.googleusercontent.com/p/AF1QipPLHtp91OuXC6Y3KKNG_Z8wS6nSWSrfeHjSfpst, https://lh3.googleusercontent.com/p/AF1QipNtHnbBgMuZ5OnU5qQwUfbURY6ojtvLfs5fk5Bg, "
Hạ Hòa,Chưa xét,Administrative Area2,Không có giá,Phú Thọ,Phú Thọ,không có đánh giá,"https://lh3.googleusercontent.com/p/AF1QipPaSY6ocnzIn5mpfeJdWVPMIwaqwUkWFYWkRB2K, https://lh3.googleusercontent.com/p/AF1QipMoGO5Tlv7OlY-PWHqzmTwxU_nhyzjsxWqYuNsn, "
Khoáng nóng Thanh Thủy,4.1,Khách sạn nghỉ dưỡng,Không có giá,"Khu 1, Thương Lộc, Thanh Thủy, Phú Thọ 294630",Phú Thọ,316,"https://lh3.googleusercontent.com/p/AF1QipNz_jCeqSEDdHSRGBO-Nttwa1ULVruEjyHA-9dx, https://lh3.googleusercontent.com/p/AF1QipPu_WxsZaM8D0B4_IUmDWdTZ0cIwEjylUBkJabv, "
Đền Thờ Vua Lý Nam Đế,4.7,Điện thờ,Không có giá,"8754+3GH, Văn Lương, Tam Nông, Phú Thọ",Phú Thọ,12,"https://lh3.googleusercontent.com/p/AF1QipPLToK45mnMPqIcuFEGswGmnJxNvSMLkPzGdUxK, https://lh3.googleusercontent.com/p/AF1QipNgnrEPKS1KQK38nmcakc4UParI3GiluSfTR00_, "
Tượng đài Chiến Thắng Sông Lô,4.5,Đài tưởng niệm chiến tranh,Không có giá,"J5VQ+3P6, Đường đê sông Lô, TT. Đoan Hùng, Đoan Hùng, Phú Thọ",Phú Thọ,209,"https://lh3.googleusercontent.com/p/AF1QipPlFXa5Yqk__evrJXb1B0n414N_-nkkEeYCqFgY, https://lh3.googleusercontent.com/p/AF1QipN0OyMjVDN-7Ci77sDepvGW4CKBCk0ZJoukdi4-, "
Đảo Ngọc Xanh,Chưa xét,Tuyến đường,Không có giá,"tt. Thanh Thủy, Thanh Thủy, Phú Thọ",Phú Thọ,không có đánh giá,"https://lh3.googleusercontent.com/p/AF1QipPcAfOrUzS0JiuoX0Xi8kxipDx1NVEewFqoWE2t, https://lh3.googleusercontent.com/p/AF1QipPrEGPfbM1zeA89y_EtzAuXTNnmUjztAI4ZKxm5, "
Công Viên Tưởng niệm Thiên Đức,4.6,Công viên lưu niệm,Không có giá,"F75M+QW7, Bảo Thanh, Phù Ninh, Phú Thọ 35200",Phú Thọ,61,"https://lh3.googleusercontent.com/p/AF1QipMrKYzSRm8T7YelCEFtunda7MPiHEgCXqNLSMyd, https://lh3.googleusercontent.com/p/AF1QipMPuyBgwi1pwy2F62tfGITYqDd1Wr79G7d4EJwe, "
Đền Lăng Sương,4.7,Nơi thờ cúng,Không có giá,"37MR+C6C, Trung Nghĩa, Thanh Thủy, Phú Thọ",Phú Thọ,106,"https://lh3.googleusercontent.com/p/AF1QipOhgWc4f2qxW292RY9Shv1h_a_-0mnLJiqFS-dC, https://lh3.googleusercontent.com/p/AF1QipMfoB9_lQXhOIvNrNJHkKoar1xDUn_Hkpa00qfU, "
Cột Cờ Hưng Hóa - Hung Hoa Flag Tower,4.5,Điểm mốc lịch sử,Không có giá,"774W+257, Unnamed Road, Hưng Hóa, Tam Nông District, Phú Thọ",Phú Thọ,15,"https://lh3.googleusercontent.com/p/AF1QipOe_noT9Gvax8ZmJ0e5k7aRVD6ANq3xFYIZaX9k, https://lh3.googleusercontent.com/p/AF1QipOroQ7ZQWs1Sh1N8NcTFMdlL6-p6hhoDHh4yrl3, "
Vườn vua resort & Villas,3.8,Khách sạn nghỉ dưỡng,Không có giá,"Trung Thịnh, Thanh Thủy, Phú Thọ 290000",Phú Thọ,không có đánh giá,"https://lh3.googleusercontent.com/p/AF1QipNO3FoY1DE4lK4NusOnaG1O4MVXSTG-cs3cTl6k, https://lh3.googleusercontent.com/p/AF1QipNm3MQiNUYL4YpUo0eyyVUGNrqkFtBfu5hEK6XV, "
Gành Đá Đĩa,4.5,Điểm thu hút khách du lịch,40.000 ₫,"Unnamed Road, An Ninh Đông, Tuy An District, Phú Yên",Phú Yên,5.271,"https://lh3.googleusercontent.com/p/AF1QipPIdTyvcOTaY63jeaHqyrkWNELIriZ9P1uhqKap, https://lh3.googleusercontent.com/p/AF1QipPvQVqbx-0hd1XGUyjuodoZP3j-WYagsVbFdS8, "
Nhà Thờ Mằng Lăng,4.6,Nhà thờ Công giáo,Không có giá,"86MG+M4J, An Thạch, Tuy An, Phú Yên",Phú Yên,1.015,"https://lh3.googleusercontent.com/p/AF1QipPIdTyvcOTaY63jeaHqyrkWNELIriZ9P1uhqKap, https://lh3.googleusercontent.com/p/AF1QipPvQVqbx-0hd1XGUyjuodoZP3j-WYagsVbFdS8, "
Hải đăng Đại Lãnh,4.6,Điểm thu hút khách du lịch,Không có giá,"thôn Đồng Bé, xã, Hoà Tâm, Đông Hòa, Phú Yên",Phú Yên,1.717,"https://lh3.googleusercontent.com/p/AF1QipOTComMhrBRRJcNtYcjd3Xa7pk8fqITw-NAC4GD, https://lh3.googleusercontent.com/p/AF1QipN8wkG2Z3el7M3soZxOvPgGv-B1kf1sFgdZrFlH, "
Tháp Nghinh Phong,4.7,Điểm thu hút khách du lịch,Không có giá,"Bình Kiến, Tuy Hòa, Phú Yên",Phú Yên,5.484,"https://lh3.googleusercontent.com/p/AF1QipNOBibJQn23_NixLevazdFJuBKvHplcSaBzY78s, https://lh3.googleusercontent.com/p/AF1QipO-w28xqsMZ2bMiA5zBLxzb06PwQ3GuJcJUxn6M, "
Chùa Thanh Lương,4.6,Chùa phật giáo,Không có giá,"thôn Mỹ Quang Nam, Tuy An, Phú Yên",Phú Yên,2.234,"https://lh3.googleusercontent.com/p/AF1QipPqUOZGO9vsmWaYhPt9kQ4lkmUER7008WIUyfJY, https://lh3.googleusercontent.com/p/AF1QipPh0tdN32X-Ylq4YXOiztDa91A9HbIDC0My6q4, "
Đầm Ô Loan,4.2,Estuary,Không có giá,"Tuy An, Phú Yên",Phú Yên,483,"https://lh3.googleusercontent.com/p/AF1QipNHVKVoVKYCnrbMLIdZw4tnWB2nPrfMwQIcdLmM, https://lh3.googleusercontent.com/p/AF1QipMSQBgPOQZBiHej-OIsziJ2YTVX_IKeFbInJapY, "
Hải đăng Gành Đèn,Chưa xét,Ngọn hải đăng,Không có giá,"An Ninh Đông, Tuy An, Phú Yên",Phú Yên,không có đánh giá,"https://lh3.googleusercontent.com/p/AF1QipNUK1kh7GybmX3LEf2b2FFA5ZQZR21Ygv49by7D, https://lh3.googleusercontent.com/p/AF1QipO2aM24zhnQx3S9W3QUjnTMM30yUi_CtLq9jPwc, "
Cao nguyên Vân Hòa,4.5,Cao nguyên,Không có giá,"Sơn Long, Sơn Hòa, Phú Yên",Phú Yên,159,"https://lh3.googleusercontent.com/p/AF1QipN1j3Ve3kfYRIOBYPaZA9IxCIGNvRn2vyc0gIVL, https://lh3.googleusercontent.com/p/AF1QipM-T89AcH64Z4vqb1z2jCICiVqvTCiDeJuSfShG, "
Bãi biển Bãi Môn,4.6,Bãi biển,Không có giá,Phú Yên,Phú Yên,346,"https://lh3.googleusercontent.com/p/AF1QipP8oytdrjxNYm4gRxOx8OAMkV5z2gANxsrXjGLo, https://lh3.googleusercontent.com/p/AF1QipNTGOse47Nv3SnqidQUZmjqWSaHl5EJ43_57eg0, "
Đèo Cả,4.5,Đường vượt núi,Không có giá,Không có địa chỉ cụ thể,Phú Yên,không có đánh giá,"https://lh3.googleusercontent.com/p/AF1QipM-LsTWqPkvjkBJDwU4M5S5bhwUT-wGUj9CXo0Y, https://lh3.googleusercontent.com/p/AF1QipPgvaW3d6tDN8IwHdMueHDp_Uu1p4IyUAGd6aV5, "
Nhất Tự Sơn,3.9,Đảo,Không có giá,"Tx. Sông Cầu, Phú Yên",Phú Yên,235,"https://lh3.googleusercontent.com/p/AF1QipOQJWXeuyz4_YQKw_tHbyh9XlIGPIE7FlgViDtt, https://lh3.googleusercontent.com/p/AF1QipNP96F3nyQ9zbXMr49OrkpmTOhOEK5u98Ka2TY8, "
Vực Phun,4.5,Điểm thu hút khách du lịch,Không có giá,"W562+28J, Unnamed, Road, Tây Hòa, Phú Yên",Phú Yên,52,"https://lh3.googleusercontent.com/p/AF1QipOss3SIqSvzBDB7jtxVmMdG6DItBudgBdj1YR_7, https://lh3.googleusercontent.com/p/AF1QipOyOY6UIeKGKmd1WFDoN5REZ9WOR9QOVVcB195X, "
Kè chắn sóng Xóm Rớ,4.4,Điểm thu hút khách du lịch,Không có giá,"Phú Đông, Tuy Hòa, Phú Yên",Phú Yên,169,"https://lh3.googleusercontent.com/p/AF1QipPKB0Y8a_rD6zwCh5flZhgCniDb2lNVH2n6xiBf, https://lh3.googleusercontent.com/p/AF1QipMY3tWDOUWIufJezdn7gXGIoVXErW4FJIyCdxc, "
Vịnh Vũng Rô,4.5,Vịnh,Không có giá,Không có địa chỉ cụ thể,Phú Yên,523,"https://lh3.googleusercontent.com/p/AF1QipOqI_Zx7mA_5J5lvBW4GS3JO7yKGmhfD0QCdpYu, https://lh3.googleusercontent.com/p/AF1QipMXjyzwL0VBmMWGV300oVB3nXvAqS_qCu7B7x6Y, "
Mũi Điện,4.7,Bán đảo,Không có giá,"Đông Hòa, Phú Yên",Phú Yên,146,"https://lh3.googleusercontent.com/p/AF1QipOm2KAW47vcN_n1r9sjo3VcR2bnbwqyK8QsCt_5, https://lh3.googleusercontent.com/p/AF1QipNCWSx6tTGdNEEQ-vqtH90CkhukDvtofVoxFyRN, "
Bãi Xép,4.4,Bãi biển,Không có giá,"An Chấn, Phú Yên",Phú Yên,992,"https://lh3.googleusercontent.com/p/AF1QipPsbqk6__Z9WuBzTNs5MabqHkCDfg9TwLHIA_gA, https://lh3.googleusercontent.com/p/AF1QipMLS-SF27a9aApjYVieqLDXvKR6PT0LDSMNdrLJ, "
Núi Đá Bia,4.6,Đỉnh núi,Không có giá,"Hòa Xuân Nam, Đông Hòa, Phú Yên",Phú Yên,100,"https://lh3.googleusercontent.com/p/AF1QipMujP5cLDbwUhBS9gEzOd5MdC-ho3qewahfFlgT, https://lh3.googleusercontent.com/p/AF1QipOOfA8ozJbrieAaVoeMf0lnCwC09tjUUKTUPG9a, "
Đập Đồng Cam,Chưa xét,Đập,Không có giá,"Tây Hòa, Phú Yên",Phú Yên,không có đánh giá,"https://lh3.googleusercontent.com/p/AF1QipOeYcE9QV1DA8gj68SNaIrCf8-796B1o6yCLRcq, https://lh3.googleusercontent.com/p/AF1QipOI3najFU0_IRB0EiiwSlPYggyu7aq5gqmdSYE2, "
Du lịch cộng đồng Hòn Yến,4.6,Đại lý du lịch tham quan,Không có giá,"Thôn Nhơn Hội, Tuy An, Phú Yên 56000",Phú Yên,7,"https://lh3.googleusercontent.com/p/AF1QipPT4TBblYm7VrnDzmLO31ka0xwAz9CdDDPCuE1J, https://lh3.googleusercontent.com/p/AF1QipPHqQoO5LNfH97Zq63DLRzLC0l11zCCu8YSRnqN, "
Hòn Nưa,4.5,Đảo,Không có giá,"Đại Lãnh, Phú Yên",Phú Yên,137,"https://lh3.googleusercontent.com/p/AF1QipPT4TBblYm7VrnDzmLO31ka0xwAz9CdDDPCuE1J, https://lh3.googleusercontent.com/p/AF1QipPHqQoO5LNfH97Zq63DLRzLC0l11zCCu8YSRnqN, "
Đập Tam Giang,Chưa xét,Đập,Không có giá,Không có địa chỉ cụ thể,Phú Yên,không có đánh giá,"https://lh3.googleusercontent.com/p/AF1QipNtILytbu23BMP276NqcdU6twNV2WggNL4dmD_S, https://lh3.googleusercontent.com/p/AF1QipPSd2hVf6GH7--qlRNqi4zARe9efGBtjccXbE7W, "
Hồ điều hòa Hồ Sơn,4.6,Công viên,Không có giá,"38V4+X59, Phường 5, Tp. Tuy Hòa, Phú Yên",Phú Yên,343,"https://lh3.googleusercontent.com/p/AF1QipOKWwlbko4ggsmwYX-qX_IgOMpGEbopbYFYpEb_, https://lh3.googleusercontent.com/p/AF1QipN7zJ_qGk6wRUHcrPM9sprJmrPW5akR0n-PXrzW, "
Hòn Yến,4.7,Đảo,Không có giá,Phú Yên,Phú Yên,158,"https://lh3.googleusercontent.com/p/AF1QipOWlALBXqfiMAHqwlc4bL0gZX4Cq5sDa-yvSqG9, https://lh3.googleusercontent.com/p/AF1QipNv_QYfw1bCLuXkxcTaIXDXyrtlypQ06HGadKQZ, "
Vịnh Xuân Đài,4.4,Vịnh,Không có giá,Không có địa chỉ cụ thể,Phú Yên,216,"https://lh3.googleusercontent.com/p/AF1QipOLMxvkmu1wtGEf_u-W4VJJZVXYo-rNoLPtmHek, https://lh3.googleusercontent.com/p/AF1QipOwOxTdLexI5CkP2OfMYi0HOC7HZ1Tlv_VjKmeP, "
Bãi biển Long Thủy,4.2,Bãi biển,Không có giá,"An Phú, Tp. Tuy Hòa, Phú Yên",Phú Yên,144,"https://lh3.googleusercontent.com/p/AF1QipPluP9gh1MozgI3RdgTAszDZ_RaMBb56on3kig, https://lh3.googleusercontent.com/p/AF1QipNPpcYhM_hTWZwe3h1cabiD4VxWSl16nbhHq4Dm, "
Quảng trường Nghinh Phong,4.8,Công viên,Không có giá,"4884+FRQ, Bình Kiến, Tuy Hòa, Phú Yên",Phú Yên,125,"https://lh3.googleusercontent.com/p/AF1QipPXClggiLOGAdNVAxkU_A4RjFmoLhN36SBObr8V, https://lh3.googleusercontent.com/p/AF1QipNtDdMMvzem1VZ47rMTtlWjRe7-u7_7YI6rNwIo, "
Bãi biển Tuy Hòa,4.5,Bãi biển,Không có giá,"Tp. Tuy Hòa, Phú Yên",Phú Yên,390,"https://lh3.googleusercontent.com/p/AF1QipOwFvy8kWkWFjcLnHT9e5yoViNMza3HKDanc10J, https://lh3.googleusercontent.com/p/AF1QipNNFsvxEcmhYqIcxAXe2UpxhvELMhHYb2gYiLbM, "
Cù lao Mái Nhà,4.5,Đảo,Không có giá,"Tuy An, Phú Yên",Phú Yên,131,"https://lh3.googleusercontent.com/p/AF1QipM34hYWl-30NWCFtFtluheJJPt95Kn_QWq63jOj, https://lh3.googleusercontent.com/p/AF1QipMYqBjCKYBLIzVJ75FgIXXPtmqyZZPkOlJTrNEP, "
Vực Hòm,4.7,Điểm thu hút khách du lịch,Không có giá,"An Lĩnh, Tuy An, Phú Yên",Phú Yên,443,"https://lh3.googleusercontent.com/p/AF1QipPDwiPfX3dBObIriQb-HM-l600HTskEWWFpl_Xj, https://lh3.googleusercontent.com/p/AF1QipMnmhtKMXuuRR5FkEfmOfA-nuWncedeakPP2J5K, "
Núi Chóp Chài,4.5,Đỉnh núi,Không có giá,"Tp. Tuy Hòa, Phú Yên",Phú Yên,131,"https://lh3.googleusercontent.com/p/AF1QipO1qykP2FZ0cD8neZ2JTb6vQ0NQsipHhFxO8143, https://lh3.googleusercontent.com/p/AF1QipPHYz-LrrKs1AXMyq9Q3DxYM2W0o4QyW28mC-I, "
Biển Vịnh Hòa,4.1,Bãi biển công cộng,Không có giá,Không có địa chỉ cụ thể,Phú Yên,không có đánh giá,"https://lh3.googleusercontent.com/p/AF1QipOYbiY52bRCjky1R5pFU_tzue_iAn5YXXFVdkrf, https://lh3.googleusercontent.com/p/AF1QipP9rK1DVti2l6fFZ9BNDdoMy99Qkv28tPb8RRoz, "
Vực Song,4.5,Điểm thu hút khách du lịch,Không có giá,"54MX+XWP, Thôn Vĩnh Xuân, Tuy An, Phú Yên",Phú Yên,95,"https://lh3.googleusercontent.com/p/AF1QipNvpyQ4Oqp7a0Bpxa23xyPniqFQirnYweZoi9EA, https://lh3.googleusercontent.com/p/AF1QipNqWNari8uBnEiYWgjx0BtWgFXeLr0kBHlTb0oO, "
Dương Đoàn Homestay Cù Lao Mái Nhà Phú Yên,4.6,Nhà nghỉ dưỡng,Không có giá,"Gềnh Đá Hang Cọp, Phước Đồng, An Hoà, Tuy An, Phú Yên 56200",Phú Yên,31,"https://lh3.googleusercontent.com/p/AF1QipMEt94LkcMAWLtvU-RGgAXVuPhE_a5AiuT0Nx-l, https://lh3.googleusercontent.com/p/AF1QipNDvOhFfixXFSGCEr0fr45UlzwheqbYymFH1c5u, "
Đảo Điệp Sơn,4.1,Bãi biển,Không có giá,"Vạn Ninh, Khánh Hòa",Phú Yên,235,"https://lh3.googleusercontent.com/p/AF1QipPcvQoxYy1d2pa2VPlkJMk91Yy0-e94jxKsMQKJ, https://lh3.googleusercontent.com/p/AF1QipOkXfNt7CtU3R6UyEM901UUVIIeKf2KoT-bTP4w, "
Bãi Xép,Chưa xét,Khu dân cư,Không có giá,"Ghềnh Ráng, Quy Nhơn, Bình Định",Phú Yên,không có đánh giá,"https://lh3.googleusercontent.com/p/AF1QipPZET7zqBFeNvwKNhn84U6Ae_CxgIxIpsfSNTZW, https://lh3.googleusercontent.com/p/AF1QipMPw1dopQ0GdYCkxWlOdRXMLCSYt2JENkqMsMxL, "
Bãi biển Vịnh Hòa,4.3,Bãi biển,Không có giá,"Từ Nham, Sông Cầu, Phú Yên",Phú Yên,156,"//lh3.googleusercontent.com/proxy/08GluRscEFVm1zt6plpoaD0zg8ogGeQgmqWNWO_QdnF0M7zm_jDF0JFa312yHpmn-Vgo7fKjdsyOGusUT71VXU0Tt4GnZLwGMTP0ul2ZrehVPdv2QUzk-AovyCrNzyaV5z2Enn7u6Q2fTtVB08513xdQeT2jSQ, https://lh3.googleusercontent.com/p/AF1QipNCEMogaLbsk_bL0TlghrcLY7Cu60LHVQSDFCfP, "
Tuy An,Chưa xét,Administrative Area2,Không có giá,Phú Yên,Phú Yên,không có đánh giá,"https://lh3.googleusercontent.com/p/AF1QipP5uBMA9DjUp1pBMb_oP0yf4e0ihjFVXUJ4eczB, https://lh3.googleusercontent.com/p/AF1QipNX6mxn3rkGANcvZ6qYbr-MPArm7at3hhYW78Xy, "
Hải Đăng Gành Đèn,4.6,Điểm thu hút khách du lịch,Không có giá,"Thôn Phú Hạnh, An Ninh Đông, Tuy An Phú Yên Phu Yen Province, 56000",Phú Yên,293,"https://lh3.googleusercontent.com/p/AF1QipOoFUPZUFwwkRc2EYcK2q8cCnibiSoS0wd5Gd2g, https://lh3.googleusercontent.com/p/AF1QipPCTCt74Oh2qjGff9OA7F-pNKAhb5nv-ZLfe7I, "
Gành Ông,4.5,Điểm thu hút khách du lịch,Không có giá,Không có địa chỉ cụ thể,Phú Yên,không có đánh giá,"https://lh3.googleusercontent.com/p/AF1QipOrf1n9SjnNdykjcOPt3IDhQsCg960TRorMs_Aw, https://lh3.googleusercontent.com/p/AF1QipMD4r-h-39LH8jKKy0lHrkWt_Ggf6xVyf8gxhPV, "
Cảnh Phim Hoa Vàng Trên Cỏ Xanh,4.0,Công viên giải trí,Không có giá,"57RX+RXQ, An Chấn, Tuy An, Phú Yên",Phú Yên,758,"https://lh3.googleusercontent.com/p/AF1QipOrf1n9SjnNdykjcOPt3IDhQsCg960TRorMs_Aw, https://lh3.googleusercontent.com/p/AF1QipMD4r-h-39LH8jKKy0lHrkWt_Ggf6xVyf8gxhPV, "
Bãi biển Đại Lãnh,4.6,Bãi biển,Không có giá,"Đại Lãnh, Khánh Hòa",Phú Yên,49,"https://lh3.googleusercontent.com/p/AF1QipOgWq4YOt1yYSZw7DR1Foj0f09xRsGyj64GtBAP, https://lh3.googleusercontent.com/p/AF1QipP5a4MgTQiL3whOn9VCZkUIK-9vIU6eUwUtcjwx, "
Bãi Bàu,3.8,Bãi biển,Không có giá,"Bãi Bàng, Xuân Hải, Tx. Sông Cầu, Phú Yên",Phú Yên,33,"https://lh3.googleusercontent.com/p/AF1QipOgpS44RJNyx6lmO2stBY2-6FFu0YKMnnAWuke1, https://lh3.googleusercontent.com/p/AF1QipMUKcNn9bOPrnjy8E9eSlHjYg1q6feKEWunISVa, "
Bãi biển Gành Đá Đĩa,4.6,Bãi biển,Không có giá,Phú Yên,Phú Yên,376,"https://lh3.googleusercontent.com/p/AF1QipMbWJPAqpjZcrr0bs8NlMrZKg1g3gtDR-UxHHte, https://lh3.googleusercontent.com/p/AF1QipMwea9Aos9KCW9n13sVOqzoCbXvzzgdRPzrPwVl, "
Bãi Rêu Xanh - Xóm Rớ,3.8,Bãi biển,Không có giá,"Phú Đông, Tuy Hòa, Phú Yên",Phú Yên,168,"https://lh3.googleusercontent.com/p/AF1QipPaU2FB1psBOJcsyWXTmKmGUxnrfrj55387o70, https://lh3.googleusercontent.com/p/AF1QipPzisikoQDuvy6rBPEcyx9oHnRvCHbXHD9qFiR8, "
Động Thiên Đường Paradise Cave,4.7,Điểm thu hút khách du lịch,2.000.000 ₫,"Km 16 Đường Hồ Chí Minh, Nhánh Tây, Bố Trạch, Quảng Bình",Quảng Bình,5.589,"https://lh3.googleusercontent.com/p/AF1QipNc7gZwGx8lvUZpq80uuYH1Mm1CrrffY9meIfQ, https://lh3.googleusercontent.com/p/AF1QipMcRCugI9A403N6yefN4ZFTAO7loGBFKAEdZb0Z, "
Hang Sơn Đoòng,4.7,Điểm thu hút khách du lịch,Không có giá,"Tân Trạch, Bố Trạch, Quảng Bình",Quảng Bình,759,"https://lh3.googleusercontent.com/p/AF1QipNc7gZwGx8lvUZpq80uuYH1Mm1CrrffY9meIfQ, https://lh3.googleusercontent.com/p/AF1QipMcRCugI9A403N6yefN4ZFTAO7loGBFKAEdZb0Z, "
Suối Nước Mooc,4.1,Điểm thu hút khách du lịch,180.000 ₫,"Phúc Trạch, Bố Trạch, Quảng Bình",Quảng Bình,1.704,"https://lh3.googleusercontent.com/p/AF1QipPSF4I_mDzxAY_U2NtkbSRQ56BedDLB3Qh9_Hsq, https://lh3.googleusercontent.com/p/AF1QipO1wWsHB1CskbyTGJ1A0y0syHz9EG4JwIt70Piv, "
Biển Nhật Lệ,4.4,Bãi biển,Không có giá,"189 Trương Pháp, Bắc Lý, Đồng Hới, Quảng Bình",Quảng Bình,736,"https://lh3.googleusercontent.com/p/AF1QipNWhoH21rem6iSJ76sPqBRXJfioNaIEKQXjTye7, https://lh3.googleusercontent.com/p/AF1QipMsR3taac3q5YF0VE7MTxRBTrDsqqbvShKeGRM2, "
Hang Sơn Đoòng,4.7,Điểm thu hút khách du lịch,Không có giá,"Tân Trạch, Bố Trạch, Quảng Bình",Quảng Bình,90,"https://lh3.googleusercontent.com/p/AF1QipNBtnklIMFQvjE-QEGEH-37Y-RhzUhvnBbGD9XM, https://lh3.googleusercontent.com/p/AF1QipPCw0Dt37TBSBVIW2VgujomoeBDqCx7xcx4NwGs, "
Động Phong Nha,4.7,Điểm thu hút khách du lịch,Không có giá,"H7JM+V6, Sơn Trạch, Bố Trạch, Quảng Bình",Quảng Bình,490,"https://lh3.googleusercontent.com/p/AF1QipM2yMrqO2FN293oLZdKi6CW1bQLS2My2EApq7d7, https://lh3.googleusercontent.com/p/AF1QipNCJ_5D6rbjj-XvmcUGR0JmIWAHmBuhZhWieOyl, "
Vườn quốc gia Phong Nha – Kẻ Bàng,4.7,Công viên quốc gia,150.000 ₫,Quảng Bình,Quảng Bình,510,"https://lh3.googleusercontent.com/p/AF1QipO2A6JjN65jerd7MpXygev6zmJjZ-hwgVFv7oYj, https://lh3.googleusercontent.com/p/AF1QipP5jTvjFQIBaJ0jxr1D-L5oYkbzU8HJN9PPCibQ, "
Bãi Đá Nhảy,Chưa xét,Khu dân cư,Không có giá,"Thanh Trạch, Bố Trạch, Quảng Bình",Quảng Bình,không có đánh giá,"https://lh3.googleusercontent.com/p/AF1QipO_XkqVj3L5Uzq3hpBNwpdWAdqWdBviUA_pMZT1, https://lh3.googleusercontent.com/p/AF1QipPElUxeXtoy1GMX7HLWhBpKyFUvQ9Aw3YlLzvme, "
Đồi cát Quang Phú,4.3,Khu vực đi bộ,Không có giá,"567 Trương Pháp, Quang Phú, Đồng Hới, Quảng Bình 512000",Quảng Bình,4,"https://lh3.googleusercontent.com/p/AF1QipMlZKIhmcgT3d3XTYQKGXWA6E4wpbeGpBBFb6Xv, https://lh3.googleusercontent.com/p/AF1QipM1hgpw7nQaJ_F1_Vy3ukStPf-fCJ-2v_9VUtRb, "
Bãi biển Đá Nhảy Thanh Trạch,4.3,Điểm thu hút khách du lịch,Không có giá,"MG67+8WP, Thanh Trạch, Bố Trạch, Quảng Bình",Quảng Bình,908,"https://lh3.googleusercontent.com/p/AF1QipMEaSeo5auqDFMzlaUV8dpajGrejKVyS8oBn9Hi, https://lh3.googleusercontent.com/p/AF1QipPYvsayXpXy01wXL3US6wWs2R6Y4lWuUNVezXly, "
Chùa Hoằng Phúc,4.6,Chùa phật giáo,Không có giá,"5RX7+MGF, Mỹ Thuỷ, Lệ Thủy, Quảng Bình",Quảng Bình,613,"https://lh3.googleusercontent.com/p/AF1QipPYvsayXpXy01wXL3US6wWs2R6Y4lWuUNVezXly, https://lh3.googleusercontent.com/p/AF1QipOlL24hzw-PUHd64Jv66BiqYSHjnX0N_yXezr_G, "
Tien Son Cave,4.8,Điểm thu hút khách du lịch,Không có giá,"H7HH+V9, Phong Nha, Bố Trạch, Quảng Bình",Quảng Bình,11,"https://lh3.googleusercontent.com/p/AF1QipOLoyiErROSkjifj6mfgvUg2qcdGseX8mnZaHsc, https://lh3.googleusercontent.com/p/AF1QipOVuNvi7v_XR96Jx2UzUaHSEYeu48nVNVQWdTPw, "
Tượng đài Mẹ Suốt,Chưa xét,Tượng,Không có giá,"Đồng Hải, Đồng Hới, Quảng Bình",Quảng Bình,không có đánh giá,"https://lh3.googleusercontent.com/p/AF1QipMJxh_E6RPOmuZqzbEFF_7h5hhS6RVVUb8phxKs, https://lh3.googleusercontent.com/p/AF1QipN4MuXj7tUZ0b0QiaFiCT7G1zFZ2NmPgLIhBlDv, "
Hang Tối,4.4,Điểm thu hút khách du lịch,65.000 ₫,"Hồ Chí Minh Tây, Sơn Trạch, Bố Trạch, Quảng Bình",Quảng Bình,1.944,"https://lh3.googleusercontent.com/p/AF1QipPhZUBJYqiQNcC3HM8K8ckSeILsQh-4WyOk_Dqc, https://lh3.googleusercontent.com/p/AF1QipM3qK6FuEnfn5QTJYa7DnkVBAp-sjx0sYq9ZY9j, "
Bãi Tắm Bảo Ninh,4.2,Bãi biển công cộng,Không có giá,"FJGP+2MJ, Bảo Xuân, Đồng Hới, Quảng Bình",Quảng Bình,359,"https://lh3.googleusercontent.com/p/AF1QipMr_cU2ecjzD5md8JqbfFgloA4x6QsigrsqU2zW, https://lh3.googleusercontent.com/p/AF1QipOblTZBDQx-IjLrg5vbUU2lsWQsOEp5rGhT-oGv, "
Núi Thần Đinh,4.7,Đỉnh núi,Không có giá,"Trường Xuân, Quảng Ninh, Quảng Bình",Quảng Bình,58,"https://lh3.googleusercontent.com/p/AF1QipMlO0n1DMcXHLCwfx_SI_G1AHwYU1ZPCdXKmL05, https://lh3.googleusercontent.com/p/AF1QipPBa70mob0Tnh3M1hkpzNgKWlq0HPz-fxZS4UY, "
Bích Họa Làng Biển Cảnh Dương,4.4,Điểm thu hút khách du lịch,Không có giá,"VC8W+C37, Thôn tân cảnh, Quảng Trạch, Quảng Bình 500000",Quảng Bình,228,"https://lh3.googleusercontent.com/p/AF1QipNjNxb3TWBh9vUTdFLSkPdkdyuRTTYR5iafHbjd, https://lh3.googleusercontent.com/p/AF1QipMqsjHzftN8AcvjyCMYOs-EbW4dmQdDruKcpjn4, "
Hồ Bàu Tró,4.7,Hồ,Không có giá,"Hải Thành, Đồng Hới, Quảng Bình",Quảng Bình,17,"https://lh3.googleusercontent.com/p/AF1QipOxLipR9Np734SUvYSVARkZyH94hErEb6Qzx1GJ, https://lh3.googleusercontent.com/p/AF1QipM1cjU_4VOyz-b6d-jg_zrvyGC-UQUza3xuMlbB, "
Khu du lịch sinh thái Ozo Park,4.7,Công viên,Không có giá,"H9J5+27C, Thôn đông giang, Bố Trạch, Quảng Bình",Quảng Bình,282,"https://lh3.googleusercontent.com/p/AF1QipOQcNPUs_jKPTv5bD15kbWLgB-ZsoF5Dly47rmu, https://lh3.googleusercontent.com/p/AF1QipM4xoIVgvOsZ8y0j-H47tipd0h5TiV7xYmQ0iLj, "
Sông Nhật Lệ,4.4,Sông,Không có giá,Quảng Bình,Quảng Bình,130,"https://lh3.googleusercontent.com/p/AF1QipOST48ZTYoa6g601RzoXHYu8N7RPdy9HF4Wqgl_, https://lh3.googleusercontent.com/p/AF1QipOQ1Mi6mq-OcoMoQRCtccJp8uHYOhthHOV6S_dI, "
Suối Bang (suối nước nóng quảng bình),3.9,Điểm thu hút khách du lịch,Không có giá,"khu du lịch nghỉ dưỡng Bang, Kim Thuỷ, Lệ Thủy, Quảng Bình",Quảng Bình,78,"https://lh3.googleusercontent.com/p/AF1QipO29DaFCTqaaMlhl-CD-vDJUItrfrykTFVanhMu, https://lh3.googleusercontent.com/p/AF1QipNvQsNeeKts5JjRdvOdKLZzaejGk_nN9m88h1I3, "
Hang 8 Cô,4.6,Địa điểm lịch sử,Không có giá,"G736+238, ĐT20, Tân Trạch, Bố Trạch, Quảng Bình",Quảng Bình,427,"https://lh3.googleusercontent.com/p/AF1QipO29DaFCTqaaMlhl-CD-vDJUItrfrykTFVanhMu, https://lh3.googleusercontent.com/p/AF1QipNvQsNeeKts5JjRdvOdKLZzaejGk_nN9m88h1I3, "
Vũng Chùa - Đảo Yến,4.6,Đảo,Không có giá,"Quảng Đông, Quảng Bình",Quảng Bình,383,"https://lh3.googleusercontent.com/p/AF1QipNC1KLXvqKtgj2mUCY14pxuwBb7zAuztp_Be4SM, https://lh3.googleusercontent.com/p/AF1QipOqePQinS-XNvN0HGCdKlf4NwgcY2sMsqXxvXv7, "
Thánh Đường Giáo Xứ Tam Toà,4.4,Nhà thờ Công giáo,Không có giá,"Đường Phạm Văn Đồng, Nam Sách, Đồng Hới, Quảng Bình",Quảng Bình,173,"https://lh3.googleusercontent.com/p/AF1QipO1bQp4XOijyMzOsjzV744JMXu6hHLpfTed6S60, https://lh3.googleusercontent.com/p/AF1QipPdnuctNqaR7OPdP5RIIeQgv30afTeWerLKGGVB, "
Quảng trường biển Bảo Ninh,4.5,Sân chơi,Không có giá,Không có địa chỉ cụ thể,Quảng Bình,không có đánh giá,"https://lh3.googleusercontent.com/p/AF1QipO4hKyWrDlVt72Gn2U1PSVt-6RIzmhD0vy6xba9, https://lh3.googleusercontent.com/p/AF1QipP4huQGQeRcZT-F7nyzOEfHEGZ_GvbECslCM1Np, "
Quảng Bình Quan,Chưa xét,Tượng đài,Không có giá,"Quang Trung, Đồng Hải, Đồng Hới, Quảng Bình",Quảng Bình,không có đánh giá,"https://lh3.googleusercontent.com/p/AF1QipOF9bngYdH2W_Dx04qwv_RCjdbhlkgCSnqkzFIN, https://lh3.googleusercontent.com/p/AF1QipPvOeYkPVzNFSKCnBqeGAOYuR1k0DW2U0NZ4opZ, "
Mộ Tướng Giáp,4.8,Nghĩa trang quân đội,Không có giá,"WFFV+XX, Quảng Đông, Quảng Trạch, Quảng Bình",Quảng Bình,201,"https://lh3.googleusercontent.com/p/AF1QipPGFJsMW6gDy8ZEnRpdZMz16c2_DvuM5O6lCMLy, https://lh3.googleusercontent.com/p/AF1QipMK8yjgBopmOKzK6cAd5xZRmr166SNom79x_fzV, "
Đền thờ Bà chúa Liễu Hạnh,Chưa xét,Khu đất khép kín,Không có giá,"QL1, Quảng Đông, Quảng Trạch, Quảng Bình",Quảng Bình,không có đánh giá,"https://lh3.googleusercontent.com/p/AF1QipNaaU5jyKD2nSsGujHGontNNgMZFDz9SUBWTLvg, https://lh3.googleusercontent.com/p/AF1QipMpvWs_9qIYsKOoVNVS73DSUgkDuZihsBPSJ-AZ, "
Quảng trường Hồ Chí Minh,4.7,Công viên,Không có giá,"Hải Đinh, Đồng Hới, Quảng Bình",Quảng Bình,451,"https://lh3.googleusercontent.com/p/AF1QipMz5biuSTVPYKhcCZonAiLyNVtuUKnMPaP8qG-E, https://lh3.googleusercontent.com/p/AF1QipNQ4cz_Yr5ICD92U670f0DzAL-eFU7Ijso5z_ce, "
Đồng Hới,Chưa xét,Tổ dân phố,Không có giá,Quảng Bình,Quảng Bình,không có đánh giá,"https://lh3.googleusercontent.com/p/AF1QipMsETiMUSnkSJxoUFJ_JZIkZwS-ncXvZOnFCkN3, https://lh3.googleusercontent.com/p/AF1QipO4qfhuMT9BtwfsGwwmrOWlD_P8F9s1NK3NDtv5, "
Nhà Lưu Niệm Đại Tướng Võ Nguyên Giáp,4.9,Trung tâm giáo dục,Không có giá,"Lệ thủy, Quảng bình, Quảng Bình",Quảng Bình,67,"https://lh3.googleusercontent.com/p/AF1QipM-awrTntsvIRlvNp6zRk4Tel7cCMYi-PUvcQoF, https://lh3.googleusercontent.com/p/AF1QipO3Dh498wVqCR2kf3YjtBqZWAjO0avURHAt7k9Y, "
Hố sụt Kong,5.0,Điểm thu hút khách du lịch,Không có giá,"C5WJ+5M3, Tân Trạch, Bố Trạch, Quảng Bình",Quảng Bình,11,"https://lh3.googleusercontent.com/p/AF1QipNqoM13wbiZKiKYg-pB8ai-_hpaLpm9qwokUF-U, https://lh3.googleusercontent.com/p/AF1QipNmVZWkLCLjE1bqUuD5vizuywbCo-nT9arxfy03, "
Tượng đài Mẹ Suốt,4.6,Điểm thu hút khách du lịch,Không có giá,"2 Quách Xuân Kỳ, Đồng Hải, Đồng Hới, Quảng Bình 51000",Quảng Bình,145,"https://lh3.googleusercontent.com/p/AF1QipMo9ahe9LZnEanvpskL_Z2XS9gsZ3sHL70IEIA6, https://lh3.googleusercontent.com/p/AF1QipPRof4iwHToTYKvVDpbCx32365Qc158lpX2xG9M, "
Thành cổ Đồng Hới.,4.4,Bảo tàng di sản,Không có giá,Không có địa chỉ cụ thể,Quảng Bình,không có đánh giá,"https://lh3.googleusercontent.com/p/AF1QipMe3Mkd8Dz5MGMShd7u0L0m56jufY719_YVSWyt, https://lh3.googleusercontent.com/p/AF1QipOv0VkGMDQDkE3Oew_Elporxd4ic0E_kHlLds5Z, "
Khu dự trữ thiên nhiên Động Châu - Khe Nước Trong,4.7,Công viên,Không có giá,"Kim Thuỷ, Lệ Thủy, Quảng Bình",Quảng Bình,41,"https://lh3.googleusercontent.com/p/AF1QipM2eUqVy_L42nUeJu-7KZNek9XKhckoL-cFOuYT, https://lh3.googleusercontent.com/p/AF1QipOKS9cyqhgA7hpRDNV2w3GcWeqBqPmn6RKqc7kd, "
Di tích Lịch sử Quốc gia Hang Lèn Hà,4.9,Điểm mốc lịch sử,Không có giá,"2R48+J5H, Thanh Hoá, Tuyên Hóa, Quảng Bình",Quảng Bình,12,"https://lh3.googleusercontent.com/p/AF1QipMPp-m7yngcrmHIepYsdfIXfiSvElGNh5yrOrcY, https://lh3.googleusercontent.com/p/AF1QipOriGnovdnPHghxCVdzu3ycqYuJ1Q5iB2yHfB5l, "
Hang Cha Loi,4.9,Điểm thu hút khách du lịch,Không có giá,"Ngân Thuỷ, Lệ Thủy, Quảng Bình 510000",Quảng Bình,36,"https://lh3.googleusercontent.com/p/AF1QipNz5hXnuNsV6o4Ld8sTFhdm5ZNBZV-YnBVd_-kC, https://lh3.googleusercontent.com/p/AF1QipPrcb4Pju-IjSSbdxeQkNdG9_SbOsHS_qrRY-jE, "
The Duck Stop,4.8,Điểm thu hút khách du lịch,Không có giá,"Thôn Khương Hà 3, Hưng Trạch, Bố Trạch, Quảng Bình",Quảng Bình,1.390,"https://lh3.googleusercontent.com/p/AF1QipO2s350qmKYVcdR422kBILPf_3wLvVEypewRItO, https://lh3.googleusercontent.com/p/AF1QipO-CYB0DFB__N7vAT7Iqtmw1Hxl-I0nKCZmMr9G, "
Bảo tàng Tỉnh Quảng Bình,4.6,Bảo tàng,Không có giá,"30 Quang Trung, Đồng Hải, Đồng Hới, Quảng Bình",Quảng Bình,21,"https://lh3.googleusercontent.com/p/AF1QipNyMdo5zS-DGv2Sd_JtNLozTfZWIHCuB_SC3fRe, https://lh3.googleusercontent.com/p/AF1QipMARXbA6L6s6PEnscTKHG0CFVFmcl172LEX758w, "
Tiên Caves,4.9,Thắng cảnh,Không có giá,"Q458+WGM, Cao Quảng, Tuyên Hóa, Quảng Bình",Quảng Bình,32,"https://lh3.googleusercontent.com/p/AF1QipM52vBXd2K2uEKjoACWKLpcmiC95jYWGsEZyy6f, https://lh3.googleusercontent.com/p/AF1QipPqdTAaCbBQHIKcTCOtl9Iw5PJDHM__c9xnNGRu, "
HaVa Valley - Thung Lũng Ngọc Bich,4.3,Điểm thu hút khách du lịch,Không có giá,"Đường Hồ Chí Minh Đông, nhánh Tây, Bố Trạch, Quảng Bình",Quảng Bình,470,"https://lh3.googleusercontent.com/p/AF1QipM52vBXd2K2uEKjoACWKLpcmiC95jYWGsEZyy6f, https://lh3.googleusercontent.com/p/AF1QipPqdTAaCbBQHIKcTCOtl9Iw5PJDHM__c9xnNGRu, "
Tú Làn Cave,5.0,Khu bảo tồn thiên nhiên,Không có giá,"Q3CP+HM9, Minh Hoá, Minh Hóa, Quảng Bình",Quảng Bình,60,"https://lh3.googleusercontent.com/p/AF1QipNvfBWpeymitHHhgQ8OXvfZHdcqITFsN8G9lcTm, https://lh3.googleusercontent.com/p/AF1QipOx-YQIcEt_ZUMFF4H0OL2fmBVhT7AI172mWyY, "
Trung tâm du lịch Phong Nha - Kẻ Bàng,4.3,Trụ sở tổng công ty,Không có giá,Không có địa chỉ cụ thể,Quảng Bình,không có đánh giá,"https://lh3.googleusercontent.com/p/AF1QipMVGrgpWCMd0V90QgKqoCANo1CwofCfFJ1AFi3Z, https://lh3.googleusercontent.com/p/AF1QipPc5nmGCJVy-8fvSViVOj0KN-WMSieRvx2gPfqW, "
Bang Onsen Spa & Resort - Suối Bang Quảng Bình,4.4,Điểm thu hút khách du lịch,Không có giá,"Kim Thuỷ, Lệ Thủy, Quảng Bình 47800",Quảng Bình,78,"https://lh3.googleusercontent.com/p/AF1QipOPZzHwm27JXpvn3Z8ZNYePJm2-XCAHl3nVzP1Q, https://lh3.googleusercontent.com/p/AF1QipO83Ql5Lad5dsAVWFG7NAeEVvWzQf-r9ApbqXkR, "
"Biển Bảo Ninh, Đồng Hới",4.8,Bãi biển,Không có giá,"Bảo Xuân, Đồng Hới, Quảng Bình",Quảng Bình,37,"https://lh3.googleusercontent.com/p/AF1QipPoM1CP7zhoN6ld8TAqVRYfGK1szXY7oMAlynZ9, https://lh3.googleusercontent.com/p/AF1QipOBFQjyfWM0wnBmblnzuiPz6N0Plo0Js1cfye1o, "
Hoành Sơn,4.2,Đỉnh núi,Không có giá,"Quảng Hợp, Quảng Trạch, Quảng Bình",Quảng Bình,10,"https://lh3.googleusercontent.com/p/AF1QipOqqm8AreSNZdelt9QsuRQXcX6CEngEpwxdlZKk, https://lh3.googleusercontent.com/p/AF1QipMVQ4IASo7f3QhYeTASdopd9T98SWlGoHWTlLAH, "
Mỹ Sơn,4.4,Bảo tồn di sản,150.000 ₫,"Thánh địa Mỹ Sơn, Duy Xuyên, Quảng Nam",Quảng Nam,8.949,"https://lh3.googleusercontent.com/p/AF1QipOJB4gopDoyd5npVWRpj150XMZT_v52EHpja9NQ, https://lh3.googleusercontent.com/p/AF1QipPRBQ9d4TFyVowXlwG2NDgJPSwXEjtTUxk__A1C, "
Bãi Biển An Bàng,4.3,Bãi biển công cộng,Không có giá,"W87R+C7R, Đ. Hai Bà Trưng, Hội An, Quảng Nam",Quảng Nam,14.898,"https://lh3.googleusercontent.com/p/AF1QipOJB4gopDoyd5npVWRpj150XMZT_v52EHpja9NQ, https://lh3.googleusercontent.com/p/AF1QipPRBQ9d4TFyVowXlwG2NDgJPSwXEjtTUxk__A1C, "
Làng bích họa Tam Thanh,4.6,Điểm thu hút khách du lịch,Không có giá,"JG4R+3C7, Thanh Niên, Tam Thanh, Tam Kỳ, Quảng Nam",Quảng Nam,2.295,"https://lh3.googleusercontent.com/p/AF1QipNIk-XDgYj_wxr7sOiu3yh7H-Or3jlav2hKoDpr, https://lh3.googleusercontent.com/p/AF1QipPcbvr2TWey7tAwBCH6fM82MBSxfMLyLJ9W7mc, "
Phố cổ Hội An,4.7,Điểm thu hút khách du lịch,Không có giá,"Old Town, Hội An, Quảng Nam 008454",Quảng Nam,1.664,"https://lh3.googleusercontent.com/p/AF1QipM-PUt9ef9JdVdzQXzl4UMGhWvtO-gnernSzKBK, https://lh3.googleusercontent.com/p/AF1QipNXwfDLKdDRd2FTVb3VLVgj0ndQ432ER7YWgz7z, "
Cù lao Chàm,4.1,Quần đảo,Không có giá,"Tân Hiệp, Tp. Hội An, Quảng Nam",Quảng Nam,8,"https://lh3.googleusercontent.com/p/AF1QipOHET64o5CSUqrPG7jZzTiaobD5UC-g4NM761AJ, https://lh3.googleusercontent.com/p/AF1QipPqBG-Tpzts4mzors_q4nEOJeT75n5Cd68Jly1P, "
Thành phố Hội An,Chưa xét,Tổ dân phố,Không có giá,Quảng Nam,Quảng Nam,không có đánh giá,"https://lh3.googleusercontent.com/p/AF1QipMqKStkR6nJmsL2CEGlLuXB3vhJ2pNAgznp8igt, //lh3.googleusercontent.com/proxy/kXcdLQhpzIRzh5K0khCj9qeTcq3lh1Xr_WrSpdw1DaVdt2FSyURa_loMlQrPmWvlZA_5yrz2VGd6MS42untBsMXiqqkQV6aYAKseMvK8gOyGTFkUJgOMnSACyb7t5WFw2wMWTrAlafblRnynP-wra_hIZI7y38U, "
Hòn Kẽm Đá Dừng,4.7,Điểm thu hút khách du lịch,Không có giá,"J24H+93G, Hiệp Hoà, Hiệp Đức, Quảng Nam",Quảng Nam,188,"https://lh3.googleusercontent.com/p/AF1QipMeiAz8ht1QV5UfMQK2a2_Ikr_MJ3JXntgj6ixY, https://lh3.googleusercontent.com/p/AF1QipN4TmC0m9XjzzY7QFLydRlr9scdPuunAjrnoTLH, "
làng gốm Thanh Hà - Thanh Ha Pottery village,4.4,Điểm thu hút khách du lịch,Không có giá,"V7GX+WQ6, làng gốm, khối Nam Diêu, Hội An, Quảng Nam",Quảng Nam,9,"https://lh3.googleusercontent.com/p/AF1QipN2dW5omY5xtEltTP0pF0JHL0RoBvM4Pr6PqJuB, https://lh3.googleusercontent.com/p/AF1QipPy4lZJ6dPaH-NMhjh8cNbd5P7fSRZ944JcsTCa, "
Rừng Dừa Bảy Mẫu,4.6,Nhà điều hành du lịch,Không có giá,"Hamlet 3, ĐX18, Cẩm Thanh, Hội An, Quảng Nam 84510",Quảng Nam,87,"https://lh3.googleusercontent.com/p/AF1QipNZ9d0mgVU-q7lCXLXylBcsH6U93fapBDbsiTh7, https://lh3.googleusercontent.com/p/AF1QipOiI9eU6renPBrc_KChYvFLFhopM85EPAFn7iH0, "
Bãi biển Cửa Đại,4.3,Bãi biển,Không có giá,"Tp. Hội An, Quảng Nam",Quảng Nam,343,"https://lh3.googleusercontent.com/p/AF1QipMlY-yYNY9xsNiczek50R11Z3HH0Btca-KlRV4y, https://lh3.googleusercontent.com/p/AF1QipNT9d8_XPdOHVmJ3iAvU9vBqWW1L0mT6fGY-cGY, "
Đỉnh Quế,4.4,Thắng cảnh,Không có giá,"Tr'Hy, Tây Giang, Quảng Nam",Quảng Nam,542,"https://lh3.googleusercontent.com/p/AF1QipMY51lGPrkYLMqUnI50EQpJfpM_4LsUAKudtmyX, https://lh3.googleusercontent.com/p/AF1QipPrI-N-T5yDXszyUoaWHT5-qi9pj7aFZI85u1CK, "
Đaị Hồng,Chưa xét,Administrative Area3,Không có giá,"Đại Lộc, Quảng Nam",Quảng Nam,không có đánh giá,"https://lh3.googleusercontent.com/p/AF1QipNQmlHse-9ZIRioeL1JB4nQ-Qcb0x1ol_mMrnlc, https://lh3.googleusercontent.com/p/AF1QipOUokKT-8pW0NoPLzwXOejlHEb-2jyTVMq5hbs7, "
Hố Giang Thơm,4.1,Thắng cảnh,Không có giá,"Tam Mỹ Tây, Núi Thành, Quảng Nam",Quảng Nam,101,"https://lh3.googleusercontent.com/p/AF1QipMZZbEkE9wNPSvoqitpGoS1Ez68voIqhcAhfyzQ, https://lh3.googleusercontent.com/p/AF1QipPxD8LiqwXNgcS3mbhBQ02kkMZ1_kNrJdnNaa7K, "
Thác Grăng,4.6,Điểm thu hút khách du lịch,Không có giá,"15°40'40. 107°42'21.9""E, 5 Nguyễn Thị Thập, Tà Bhing, Nam Giang District, Quảng Nam",Quảng Nam,179,"https://lh3.googleusercontent.com/p/AF1QipO4Sg0J8RYwfMJouR3Tm78o-eLnG_xeCJzwpOL7, https://lh3.googleusercontent.com/p/AF1QipN_J3GllXUWgMdnS0id8HSmtRFpE4ThKTh1UlgV, "
Hang Dơi Tiên An,4.8,Công viên,Không có giá,"C86H+W7F, Tiên An, Tiên Phước, Quảng Nam",Quảng Nam,32,"https://lh3.googleusercontent.com/p/AF1QipP5Y8w0Az6htIlXs4ThN4XelMQhvcOtFK6fAQwu, https://lh3.googleusercontent.com/p/AF1QipPdMY2cxACtZfVtfPDfms23OnCF-XwjZJtlRXVE, "
Khu du lịch sinh thái Cổng Trời Đông Giang,4.3,Điểm thu hút khách du lịch,350.000 ₫,"Ma Cooih, Đông Giang, Quảng Nam 565660",Quảng Nam,783,"https://lh3.googleusercontent.com/p/AF1QipM2gmLgjPwmoQhUH4JsylHrRbJs-7ZgiAM5bZZg, https://lh3.googleusercontent.com/p/AF1QipM31Sclm26O0ucpvvHbYqutmw0r60NxSmKVFgMW, "
TƯỢNG ĐÀI MẸ THỨ,4.8,Nơi thờ cúng,Không có giá,"HGM6+G8, Tam Phú, Tam Kỳ, Quảng Nam",Quảng Nam,131,"https://lh3.googleusercontent.com/p/AF1QipMPINacWAGIiAO75medXakPwHvMWfVB6E--UFpj, https://lh3.googleusercontent.com/p/AF1QipMvF7-d0uX_UnwsNXqwjo7R5M7b5FcIQauMu1E8, "
Đồi chè Đông Giang,4.3,Vườn,Không có giá,"XW68+M3P, QL14G, Jơ Hây, Đông Giang, Quảng Nam",Quảng Nam,23,"https://lh3.googleusercontent.com/p/AF1QipOIUUWawz4Vq7kjmgfvtUe48BCvdeqf8NCmMlZ2, https://lh3.googleusercontent.com/p/AF1QipN5dBz1_bVdK9Pnc8SSzZKFrFsQpOyb3d0cLCay, "
Hồ Phú Ninh,4.4,Hồ,Không có giá,Quảng Nam,Quảng Nam,279,"https://lh3.googleusercontent.com/p/AF1QipM13d9bbi0XgE3tfaTQ_WKOOsqLUjeUGFpRGw8c, https://lh3.googleusercontent.com/p/AF1QipNgJbrSU-Ae3Krh42JmMZGjx9GEHE6d3ndVF3MI, "
Bãi biển Rạng,4.4,Bãi biển,Không có giá,Quảng Nam,Quảng Nam,94,"https://lh3.googleusercontent.com/p/AF1QipOR8x5sOohHU7UvFRXP01fCJiGzpDLaR5LiOGV-, https://lh3.googleusercontent.com/p/AF1QipN5VPzGfHbSpMb7njSFgH4qBje6o7j1i4m7_1PU, "
Suối Tiên,4.2,Suối nước nóng,Không có giá,"Quế Hiệp, Quế Sơn, Quảng Nam",Quảng Nam,53,"https://lh3.googleusercontent.com/p/AF1QipOOx5iG4hAGQUGuRzRv-TTjXNmiKDeH-tjOaGcf, https://lh3.googleusercontent.com/p/AF1QipO19Aka3TiGvRnBvvCv6g5gGI74Dnr0Z5M2u-mz, "
Làng cổ Lộc Yên,4.5,Điểm thu hút khách du lịch,Không có giá,"Tiên Cảnh, Tiên Phước, Quảng Nam",Quảng Nam,200,"https://lh3.googleusercontent.com/p/AF1QipOOx5iG4hAGQUGuRzRv-TTjXNmiKDeH-tjOaGcf, https://lh3.googleusercontent.com/p/AF1QipO19Aka3TiGvRnBvvCv6g5gGI74Dnr0Z5M2u-mz, "
Khu du lịch Sinh thái Nước Mát,3.9,Dịch vụ du lịch,Không có giá,"M5Q7+F4X, ĐT611, Quế Long, Quế Sơn, Quảng Nam",Quảng Nam,147,"https://lh3.googleusercontent.com/p/AF1QipPXDzds5Cui2nZni6SmbHF82TUwur8CIfmDsss9, https://lh3.googleusercontent.com/p/AF1QipP_xyQ0wjrdGC1RAMnsmorqsuernJPcPY4gsPcn, "
VinWonders Nam Hội An,4.7,Công viên giải trí,582.000 ₫,"Võ Chí Công, Bình Minh, Thăng Bình, Quảng Nam",Quảng Nam,3.587,"https://lh3.googleusercontent.com/p/AF1QipMOJjI6EsnbUbbCOXweeH9X5nU5soWm4pz3_eQ, https://lh3.googleusercontent.com/p/AF1QipNVygVec6JFyx8Kb0RX8lCt2B1P94MRO00z5bHO, "
Làng lụa Hội An,4.3,Điểm thu hút khách du lịch,Không có giá,"28 Nguyễn Tất Thành, Phường Cẩm Phổ, Hội An, Quảng Nam",Quảng Nam,2.701,"https://lh3.googleusercontent.com/p/AF1QipNgx388Yt1FA7w_D8_1KhElVx96Fhjx1nW2jToH, https://lh3.googleusercontent.com/p/AF1QipP1L9IxmSEM6MMpzeCEufUsg084cP5lxncSSHIh, "
Du lịch Xã Đảo Tam Hải,4.3,Điểm thu hút khách du lịch,Không có giá,"FJVW+QH5, Liên xã, Núi Thành, Quảng Nam",Quảng Nam,20,"https://lh3.googleusercontent.com/p/AF1QipPkZC76jw9AUOGV_eVB6keaZP-3DxvOpZEH29Lg, https://lh3.googleusercontent.com/p/AF1QipNSkR1WUzDfm7P4gpO7dsBeVvjJ4yEcQ99RB-X8, "
Làng mộc Kim Bồng,4.6,Điểm thu hút khách du lịch,Không có giá,"V88F+4Q2, Cẩm Kim, Tp. Hội An, Quảng Nam",Quảng Nam,59,"https://lh3.googleusercontent.com/p/AF1QipMfwTa7IQ5335pXsc-M5Vt2TZrxRNsgLkTufTdZ, https://lh3.googleusercontent.com/p/AF1QipOz8V3uRrVuaugubE_dRZwTC-rQQ1tvvRZLvd-E, "
Chợ đêm Hội An,4.4,Chợ đêm,Không có giá,"Nguyễn Hoàng, Phường Minh An, Hội An, Quảng Nam",Quảng Nam,26.581,"https://lh3.googleusercontent.com/p/AF1QipPapy_8OZXgkDbRbMli5wS7CSEyJ0Us3hTvT4ZC, https://lh3.googleusercontent.com/p/AF1QipM-JtX-VwuYP_4seYNRYz8ThJjPo1QwMiMdZcI, "
Chợ Hội An,4.4,Chợ,Không có giá,"19 Trần Phú, Cẩm Châu, Hội An, Quảng Nam",Quảng Nam,16.919,"https://lh3.googleusercontent.com/p/AF1QipPy-piBuodzTiKPB7kx4ISgNsdt4Eh20PSPGHxa, https://lh3.googleusercontent.com/p/AF1QipPcpe3XgBK4AcDl4TXqRYoJlNe2npKJALxdIiWr, "
Chùa Cầu,4.2,Cầu,Miễn phí,"186 Trần Phú, Phường Minh An, Hội An, Quảng Nam",Quảng Nam,21.082,"https://lh3.googleusercontent.com/p/AF1QipPC_uUF2OM-_okU_PE3Xl9ft_P13DgWY8yGGGRW, https://lh3.googleusercontent.com/p/AF1QipOUVhs0ecHYc_909eCLdhZclWzEbP_27_xSdpOS, "
"Thanh Ha Pottery Village, Hoi An",4.3,Điểm thu hút khách du lịch,Không có giá,"Phạm Phán, Thanh Hà, Hội An, Quảng Nam",Quảng Nam,8.691,"https://lh3.googleusercontent.com/p/AF1QipNqLPtbONvh-ADX5dMreaBJGHW9ybtQSDFPOlzG, https://lh3.googleusercontent.com/p/AF1QipO9-Eta9jC5Hk7zGsW4ev1HazenCD67-urF5hTf, "
Đảo Ký ức Hội An,4.6,Công viên giải trí,50.000 ₫,"Cồn Hến, rẽ trái, 200 Nguyễn Tri Phương, Cẩm Châu, Hội An, Quảng Nam",Quảng Nam,2.597,"https://lh3.googleusercontent.com/p/AF1QipOFHgPLH6DF-HFUVl9Nw3hFnQZtb7PWitjt3wcR, https://lh3.googleusercontent.com/p/AF1QipN7a0WSDOxlFhTFnhkA_m6rKwpA9aC_TvOtiOy_, "
Precious Heritage Art Gallery Museum,4.9,Bảo tàng,Không có giá,"26 Đường Phan Bội Châu, Cẩm Châu, Hội An, Quảng Nam 560000",Quảng Nam,3.106,"https://lh3.googleusercontent.com/p/AF1QipPjkGGjMN8WfFZ9oXrMaJD-dYgYoBg4ZfZG5uI_, https://lh3.googleusercontent.com/p/AF1QipOJ0MmToEiJvUGt-u4xWIX3RzaNSE8nrpJ9GJaI, "
Hội Quán Phước Kiến,4.4,Bảo tồn di sản,Không có giá,"46 Trần Phú, Cẩm Châu, Hội An, Quảng Nam",Quảng Nam,1.388,"https://lh3.googleusercontent.com/p/AF1QipOUS3LlQwRO2r0MlKF5q2dcMq7n38IwEI63qLDg, https://lh3.googleusercontent.com/p/AF1QipPc-EIWyArbWOYu4sqJYHHLNTKaFqQn58APV0V9, "
CLB Golf Montgomerie Links Vietnam,4.3,Sân gôn,Không có giá,Không có địa chỉ cụ thể,Quảng Nam,không có đánh giá,"https://lh3.googleusercontent.com/p/AF1QipMqK4sdQ-EVetgSZQbby8uc-sOLqcpo6s2EN2Sc, https://lh3.googleusercontent.com/p/AF1QipOAfL4N49xeEGbgNEzTbvxwwWJ46PPXlyhjUls5, "
Phú Ninh,Chưa xét,Administrative Area2,Không có giá,Quảng Nam,Quảng Nam,không có đánh giá,"//lh3.googleusercontent.com/proxy/wCcYBDaTWTtfh9aCuciASoY994wTvm4dkIUThbl4dK75sFEkyrYXyCQL67sVN85f614WR6VrbQUZrFgA8aoFsv5mNU2xL-shrQo7qsTtl2kBTabbRGNwKy73Il5XRuqNFKPO6Wq3xSIx11vC0G47jmc4onZeFTQ, //lh3.googleusercontent.com/proxy/8jqoCNRNGG7dQVv2P-xP-YG03BncsUgKQykzAkAd-BpyMFwf_X4VcOD6A-zCUAL6LZI23zAkbFP1RqezLqUchD24deUzUeWGE24fzZnU4QNrg9vMtvB5fr2XlPQ9mNK5Uf3_g-xn9VoYr-LwfDHPlkltsjeilw, "
Vinpearl River Safari Nam Hội An,4.6,Vườn bách thú,Không có giá,"Bình Minh, Thăng Bình, Quảng Nam",Quảng Nam,1.534,"https://lh3.googleusercontent.com/p/AF1QipNYP6EN_xpUVk6mqptQ598DXMJxE8TQx3FJNtpb, https://lh3.googleusercontent.com/p/AF1QipPsaxSB3Ev8Df16uG8UPlQ_BwMSWdN3oeNSezH9, "
Cù Lao Chàm,4.4,Đảo,Không có giá,"Cham Islands, Tân Hiệp, Tp. Hội An, Quảng Nam",Quảng Nam,765,"https://lh3.googleusercontent.com/p/AF1QipN9NlvEp_JGesei3m9oQyL91Szw9ZufbaJlBBaa, https://lh3.googleusercontent.com/p/AF1QipNZnxhI54OGf5BLOtgtu7_W5yAkOtSjVQawZL5g, "
Ha My Beach,4.4,Bãi biển công cộng,Không có giá,"Hội An, Quảng Nam",Quảng Nam,352,"https://lh3.googleusercontent.com/p/AF1QipPIOAIM3qXOUUUHg_yY7CQjovgUBukI-pJzX3ys, https://lh3.googleusercontent.com/p/AF1QipN-erfiwo1tR9MFUBCBc9gW_N6OJQV5zz0B89Re, "
Tam Hải,4.2,Đảo,Không có giá,"Tam Hải, Quảng Nam",Quảng Nam,119,"https://lh3.googleusercontent.com/p/AF1QipMI1s79eeY54awEn4bkv_ciHGeMiyr_lovLTk5M, https://lh3.googleusercontent.com/p/AF1QipNQaJL5rN50nSXMvhQn7s2Bt83xb5s1Pnhly97d, "
Khu du lịch sinh thái nghỉ dưỡng Hồ Phú Ninh,4.0,Khách sạn nghỉ dưỡng,Không có giá,"Trung Đàn Hamlet, Tam Đại, Phú Ninh, Quảng Nam",Quảng Nam,không có đánh giá,"//lh3.googleusercontent.com/proxy/yaLws58X3buy_VM47TMzSUYjIUYZjUQrHiZB8vJPASCKs6aZDHuhg-GnY-5tlXeA_MK3d__L5UMv43nS3ZUqIbA2liF_rx8onV9WHww-gUUBdEk8x8iGyL2XfSiiaDNDo5VY4k05j3Ng1LONLZiEn29yMjNVLQ, https://lh3.googleusercontent.com/p/AF1QipPKD8VKvsgTZJ1gespagGMrN9vHNMFhJkmXvCo, "
Làng Dừa Xanh Coconut Basket Boat Tour,5.0,Điểm thu hút khách du lịch,Không có giá,"Tổ 3 thôn Vạn Lăng, Cẩm Thanh, Hội An, Quảng Nam 563800",Quảng Nam,741,"//lh3.googleusercontent.com/proxy/yaLws58X3buy_VM47TMzSUYjIUYZjUQrHiZB8vJPASCKs6aZDHuhg-GnY-5tlXeA_MK3d__L5UMv43nS3ZUqIbA2liF_rx8onV9WHww-gUUBdEk8x8iGyL2XfSiiaDNDo5VY4k05j3Ng1LONLZiEn29yMjNVLQ, https://lh3.googleusercontent.com/p/AF1QipPKD8VKvsgTZJ1gespagGMrN9vHNMFhJkmXvCo, "
Nhà cổ Tấn Ký,4.2,Tòa nhà di sản,Không có giá,"101 Nguyễn Thái Học, Phường Minh An, Hội An, Quảng Nam",Quảng Nam,964,"https://lh3.googleusercontent.com/p/AF1QipPyDTxyftSEvPyQFI6SCEfSWBN2ODQsFcBld9eP, https://lh3.googleusercontent.com/p/AF1QipOqlHNzETzg415awexZ3FIJP18tBTCtCme5ROME, "
Rehahn Gallery,4.8,Phòng trưng bày nghệ thuật,Không có giá,Không có địa chỉ cụ thể,Quảng Nam,không có đánh giá,"https://lh3.googleusercontent.com/p/AF1QipOXdMTLOOH_5ML-yfFYFyzTHw63HBn6MhEx2nLv, https://lh3.googleusercontent.com/p/AF1QipOuf3RBwBOXoNEbVPQiCOPjhEY2jccVc0GWDG9y, "
Khu di tích lịch sử văn hóa Rừng Dừa Bảy Mẫu,4.1,Thắng cảnh,30.000 ₫,"Cẩm Thanh, Hội An, Quảng Nam",Quảng Nam,2.318,"https://lh3.googleusercontent.com/p/AF1QipPSXgbo-HRz42LqP08_5wW575rVER2cP1tPAHzQ, https://lh3.googleusercontent.com/p/AF1QipOzlv2QKJfw4qsiCPP5POKqXvhBwr0fQ-pMQLIN, "
Bảo tàng Văn hoá Dân gian Hội An,4.3,Bảo tàng,Không có giá,"33 Nguyễn Thái Học, Phường Minh An, Hội An, Quảng Nam",Quảng Nam,633,"https://lh3.googleusercontent.com/p/AF1QipNhmzKynjK9jw6-LjhzkAR4Eu_x4KD96_9tHrUH, https://lh3.googleusercontent.com/p/AF1QipO6n2DQy6DmluHawMdRXnIvbwTERHXZHcvevW6m, "
Công viên Đất nung Thanh Hà,4.1,Bảo tàng,50.000 ₫,"Phạm Phán, Thanh Hà, Hội An, Quảng Nam",Quảng Nam,1.011,"https://lh3.googleusercontent.com/p/AF1QipNw7PAtRQlP4fdL8th2zrP9sEVTIUUZGRL2rloJ, https://lh3.googleusercontent.com/p/AF1QipMjQFm2iOX4hVnibY34FQtc5kR2Hw12hZgpk_9Q, "
Công viên Ấn tượng Hội An,4.6,Công viên,Không có giá,"V8GQ+3PF, Cồn Hến, Hội An, Quảng Nam",Quảng Nam,191,"https://lh3.googleusercontent.com/p/AF1QipNV-HHhoWT-lPBxRuy9G4BGEKCRD5Pv8VB2DLE0, https://lh3.googleusercontent.com/p/AF1QipPPY9uEqp716dWo7YMeGJjc868IFB5QAB4cMe-E, "
Miếu Quan Công - Trừng Hán Cung,4.2,Nơi thờ cúng,Không có giá,"24 Trần Phú, Cẩm Châu, Hội An, Quảng Nam",Quảng Nam,132,"https://lh3.googleusercontent.com/p/AF1QipPGwMcVB0RiNxie8-CyRd5evVnXf6e9j2Jg310, https://lh3.googleusercontent.com/p/AF1QipPuD5aBgR9GdtKhwsJa7us6Rng7t6TC5J7nq3o, "
”Hidden Beach” Hoi An,4.1,Bãi biển,Không có giá,"Hội An, Quảng Nam",Quảng Nam,142,"https://lh3.googleusercontent.com/p/AF1QipNb-4Az-qoRkwuIkRbmEqcdD64_0wUq4GPKG7Ku, https://lh3.googleusercontent.com/p/AF1QipM9eiLtX4JtoHes8zEmLgi-N_ugSV-_V4o4R9GW, "
Cam Thanh Coconut Village - Coconut Basket Boat,4.2,Điểm thu hút khách du lịch,Không có giá,"Tổ 4 khối Thanh Tây, Cẩm Châu, Hội An, Quảng Nam 51000",Quảng Nam,437,"https://lh3.googleusercontent.com/p/AF1QipP3i5nzgZx5Lt070r4m1ChtDSGGzh7pQfeYnZMH, https://lh3.googleusercontent.com/p/AF1QipM9VpImCZzBLuk4xCi7x0AohvUDlJnAXgcxdOM0, "
Hội quán Quảng Đông (Cantonese Assembly Hall),4.3,Đền thờ đạo Lão,Không có giá,"176 Trần Phú, Phường Minh An, Hội An, Quảng Nam",Quảng Nam,85,"https://lh3.googleusercontent.com/p/AF1QipPGl0D1S3cPi4GERwnveE_iv46dWtEYWDzQ9eTH, https://lh3.googleusercontent.com/p/AF1QipNUCoM5-rlLIwS5Tbf7oPGiYHQxKB8XQr_gm-Er, "
Đình Cẩm Phô,4.2,Tòa nhà di sản,Không có giá,"52 Nguyễn Thị Minh Khai, Phường Minh An, Hội An, Quảng Nam",Quảng Nam,161,"https://lh3.googleusercontent.com/p/AF1QipPl3xEcKFEPncBrAYGCHfm-E9vpK_AfBCdPDvzA, https://lh3.googleusercontent.com/p/AF1QipMLwoBjKp178LcgcIm3uhmof-1d5RWoq7JrlGfC, "
Bãi biển Hạ Thanh,4.2,Bãi biển,Không có giá,"DT 614, Tam Kỳ, Quảng Nam",Quảng Nam,420,"https://lh3.googleusercontent.com/p/AF1QipNEqPhjFT-_Hd_kRXtk199oE0WkQbKIiuE6AF9t, https://lh3.googleusercontent.com/p/AF1QipPjolGDh1ojvvopLHE2EZXc5RKErKby5wmhH9-u, "
Hội quán Triều Châu,4.4,Nơi thờ cúng,Không có giá,"362 Nguyễn Duy Hiệu, Cẩm Châu, Hội An, Quảng Nam 560000",Quảng Nam,88,"https://lh3.googleusercontent.com/p/AF1QipM7H2KswL9nwF9DDFPzd7spkIKmCEivsDh4axiU, https://lh3.googleusercontent.com/p/AF1QipMEOU_DDfJHXFS6y1Xvpp0IUt6Px8SBe6Rc_pdC, "
Hội quán Hải Nam,4.2,Điểm mốc lịch sử,Không có giá,"10 Trần Phú, Cẩm Châu, Hội An, Quảng Nam",Quảng Nam,145,"https://lh3.googleusercontent.com/p/AF1QipOaK6xYaP4-y2tGa_eq_FXxUV_28iMxAA92jIuJ, https://lh3.googleusercontent.com/p/AF1QipP70l-ts6IjpFsYrxflBblyOqCGhKUmnXu2ibVJ, "
Bảo tàng Gốm sứ Mậu dịch,4.2,Bảo tàng,Không có giá,"80 Trần Phú, Phường Minh An, Hội An, Quảng Nam",Quảng Nam,76,"https://lh3.googleusercontent.com/p/AF1QipP6-U9lzmEAmD2jAi_OekNO-w3Fd0JMj2jpE7HA, https://lh3.googleusercontent.com/p/AF1QipPAOsqWv2lDcsjim0Zy1CtdoBmoVomSVmJP2Ccy, "
ホイアン旧市街地,4.4,Bảo tàng,Không có giá,"443 Cửa Đại, Cẩm Châu, Hội An, Quảng Nam",Quảng Nam,38,"https://lh3.googleusercontent.com/p/AF1QipPb73gnaBfMBs26ephysjK_4wtFvuez2evMMw3n, https://lh3.googleusercontent.com/p/AF1QipPiF9u6nRGf1omoP2Srr3JHbDtkREEMmRsz6ZyQ, "
Cua Dai Beach,4.3,Bãi biển,Không có giá,"Cẩm An, Hội An, Quảng Nam",Quảng Nam,120,"https://lh3.googleusercontent.com/p/AF1QipO1_iLjCkIC2P9KOO2HkeZm-5TBeUbiFpYCCwgk, https://lh3.googleusercontent.com/p/AF1QipNkkVbAUCDCKdZ_NRx6oP8OW_xk9fE4EcTImfC-, "
Đài Kỷ Niệm Danh Nhân Chí Sĩ Quảng Nam,4.3,Công viên lưu niệm,Không có giá,"121 Trần Hưng Đạo, Phường Cẩm Phổ, Hội An, Quảng Nam",Quảng Nam,15,"https://lh3.googleusercontent.com/p/AF1QipMz6sIzlU5CbELC4TMXF9NeI_J7k7VHJW-V8O7L, https://lh3.googleusercontent.com/p/AF1QipP5l7P3fudmnE4zieKjRx7MtUCgXkdxvliDicDV, "
Lý Sơn,Chưa xét,Administrative Area2,Không có giá,Quảng Ngãi,Quảng Ngãi,không có đánh giá,"https://lh3.googleusercontent.com/p/AF1QipPICC21XXvY8K7wujRMceeYVusuOm2Vg6JeCV4d, https://lh3.googleusercontent.com/p/AF1QipO3pQRt-xfDtof0XmT5XVQ3Dpj7UUXf2BNcNELY, "
Khu Du lịch Sinh thái Thác Trắng,4.1,Điểm thu hút khách du lịch,Không có giá,"Thanh An, Minh Long, Quảng Ngãi",Quảng Ngãi,709,"https://lh3.googleusercontent.com/p/AF1QipPICC21XXvY8K7wujRMceeYVusuOm2Vg6JeCV4d, https://lh3.googleusercontent.com/p/AF1QipO3pQRt-xfDtof0XmT5XVQ3Dpj7UUXf2BNcNELY, "
Đèo Vi Ô Lắc,4.6,Đường vượt núi,Không có giá,"Ba Tơ, Quảng Ngãi",Quảng Ngãi,136,"https://lh3.googleusercontent.com/p/AF1QipMnuLH0Zrj5kt-QlnOzoC2UQJtCy_c1lhnJSwm_, https://lh3.googleusercontent.com/p/AF1QipOP7FrQP6Xn72nySKKpkmSIDQbw7G5VWeYFzWKk, "
Biển Khe Hai Quảng Ngãi,4.4,Điểm thu hút khách du lịch,Không có giá,"9PWV+H89, Bình Sơn, Quảng Ngãi",Quảng Ngãi,156,"https://lh3.googleusercontent.com/p/AF1QipPNURh1Q6cJYW8wkL9dwAms17QnnaU7DGqvlHkg, https://lh3.googleusercontent.com/p/AF1QipN_3ids_d8pai2Pn15Z3kqI7V0J_H1xa5TTrhAh, "
Mũi Ba Làng An,4.6,Bán đảo,Không có giá,"Bình Châu, Bình Sơn, Quảng Ngãi",Quảng Ngãi,118,"https://lh3.googleusercontent.com/p/AF1QipM9DE91tNR2FCFpc3imwrTdDBzvqkSLZb_v33h5, https://lh3.googleusercontent.com/p/AF1QipOpncepI5SjZKqGqnye2CmQjgw7pJkqDJxgkf2q, "
Đèo Long Môn,4.4,Điểm thu hút khách du lịch,Không có giá,"WJJX+68P, Thanh An, Minh Long, Quảng Ngãi",Quảng Ngãi,14,"https://lh3.googleusercontent.com/p/AF1QipPwrVY7ZkeuGaMI5HgAJDrqgXISjdm3ed7xq3o, https://lh3.googleusercontent.com/p/AF1QipMW1bfqx5Eqy9uAn89dqo_2SUGjEDHBIC6jlT1j, "
Bãi biển Dung Quất,4.1,Bãi biển,Không có giá,Không có địa chỉ cụ thể,Quảng Ngãi,41,"https://lh3.googleusercontent.com/p/AF1QipP7dn8XjpnBaYn58z0PuN40iSPSqt49UgYw-G1R, https://lh3.googleusercontent.com/p/AF1QipMVSmMwbdWA6_dV9MCgit4LxVhW5BDTstZD_-aO, "
Núi Cà Đam,4.5,Rừng quốc gia,Không có giá,"5F59+J9R, Trà Bùi, Tây Trà, Quảng Ngãi",Quảng Ngãi,18,"https://lh3.googleusercontent.com/p/AF1QipMyemzIQWU-lW7_XZbfmXSi63n1NsYpyUXgkqb-, https://lh3.googleusercontent.com/p/AF1QipPh5dAHHbtv0iyZ73up3Ho0pl1NpSHcI3gcoyjg, "
Thành cổ Châu Sa,3.8,Địa điểm lịch sử,Không có giá,"5R7V+MW6, Tịnh Châu, Sơn Tịnh, Quảng Ngãi",Quảng Ngãi,346,"https://lh3.googleusercontent.com/p/AF1QipOJ9b5KB6bP6Mg8dcUlPPNZiRp4qlaSK5W_saqu, https://lh3.googleusercontent.com/p/AF1QipMHQx4N06ibdMMEq-sfco5Fq0_BqWrtDstAUIvQ, "
Đồng muối Sa Huỳnh,4.0,Điểm thu hút khách du lịch,Không có giá,"M3Q7+WWM, Phổ Thạnh, Đức Phổ, Quảng Ngãi",Quảng Ngãi,141,"https://lh3.googleusercontent.com/p/AF1QipNceOLNn1vnT3WPRhjMmAY81MVQosXEs9nw5Bxw, https://lh3.googleusercontent.com/p/AF1QipP3a08BeIEHNYhF7VqJL_VGIDONOv5cuDP-EA7j, "
Bãi tắm Mỹ Khê,4.4,Bãi biển,Không có giá,Quảng Ngãi,Quảng Ngãi,406,"https://lh3.googleusercontent.com/p/AF1QipMPpsERX4BcSWmzUH1KFWigcVzOa-9k9GZKpWIk, https://lh3.googleusercontent.com/p/AF1QipMUHbXdvPcXkwG1_ezjmvCyVhQ_6hyErurKe-ip, "
Khu bảo tồn thiên nhiên Kon Chư Răng,4.5,Khu bảo tồn thiên nhiên,Không có giá,"Sơn Lang, KBang, Gia Lai",Quảng Ngãi,511,"https://lh3.googleusercontent.com/p/AF1QipP2H_nqIS0M0yzkWeZpk2j1RfCDmfHovOrhF0r5, https://lh3.googleusercontent.com/p/AF1QipNmkWN-rAsLn8opiy7f2bhZoQBQ7BePhJma5o8E, "
Chùa Thiên Ấn,4.5,Chùa phật giáo,Không có giá,"4RX9+87P, TT. Sơn Tịnh, Sơn Tịnh, Quảng Ngãi",Quảng Ngãi,492,"https://lh3.googleusercontent.com/p/AF1QipPhikCqclhbtj2k3NNBfFEO64yX3UiXwTtTGoAb, https://lh3.googleusercontent.com/p/AF1QipN2d1BWDwPz9BYNeJ8Y4uezzcoqCR-DbtAcgcUN, "
Bãi biển Sa Huỳnh,4.4,Bãi biển,Không có giá,Quảng Ngãi,Quảng Ngãi,109,"https://lh3.googleusercontent.com/p/AF1QipN4mK9PNp8oZ-UzJkwyqu1cf2j2wdXYfIrd4lAd, https://lh3.googleusercontent.com/p/AF1QipOtdqumwSyc-QUxEKtXBY0LELbxJJoVf5Rtx1-D, "
Biển Ba Làng An (Ba Tân Gân),4.4,Bãi biển,Không có giá,"Bình Châu, Bình Sơn, Quảng Ngãi",Quảng Ngãi,308,"https://lh3.googleusercontent.com/p/AF1QipPZGwPU_jfj35CmZjhTIwPF7oUOZp9a5Ms2TNM5, https://lh3.googleusercontent.com/p/AF1QipOMFGM9yO3QkX5Ni_Q9LW4AKlH0DnzF29zhv8rd, "
Bình Sơn,Chưa xét,Administrative Area2,Không có giá,Quảng Ngãi,Quảng Ngãi,không có đánh giá,"https://lh3.googleusercontent.com/p/AF1QipMdDAF6xxBXOJMKUB1ryc4XxViQjp9JLy3SVMEY, https://lh3.googleusercontent.com/p/AF1QipNzoy8JqY_ST8Uk7MabEX5XinY0t2k2ZNriW-eR, "
Trà Bồng,Chưa xét,Administrative Area2,Không có giá,Quảng Ngãi,Quảng Ngãi,không có đánh giá,"https://lh3.googleusercontent.com/p/AF1QipN-hocYqcEukNZht188mTXopr_lS1VQ4Aw6CN30, https://lh3.googleusercontent.com/p/AF1QipPbnjUz4gI4qhKIxn3eBEbN-m1WxDr9qBjxOh12, "
Đức Phổ,Chưa xét,Administrative Area2,Không có giá,Quảng Ngãi,Quảng Ngãi,không có đánh giá,"https://lh3.googleusercontent.com/p/AF1QipNj8BDQedipLF6GCnrYzovDUtWWwlqRw_pl7nMu, https://lh3.googleusercontent.com/p/AF1QipO64o9Jj8WzykY3pvOa986htQ6NKtTyk-icVDwW, "
Ba Tơ,Chưa xét,Administrative Area2,Không có giá,Không có địa chỉ cụ thể,Quảng Ngãi,không có đánh giá,"https://lh3.googleusercontent.com/p/AF1QipPk8StBUa7p14j6M3vPWxmrZgFlDuM8pfr9J51G, https://lh3.googleusercontent.com/p/AF1QipMPIp7gEkYkxnUBXyADplTSI1uUylE4hzp9tUdY, "
Minh Long,Chưa xét,Administrative Area2,Không có giá,Quảng Ngãi,Quảng Ngãi,không có đánh giá,"https://lh3.googleusercontent.com/p/AF1QipPk8StBUa7p14j6M3vPWxmrZgFlDuM8pfr9J51G, https://lh3.googleusercontent.com/p/AF1QipMPIp7gEkYkxnUBXyADplTSI1uUylE4hzp9tUdY, "
Sơn Hà,Chưa xét,Administrative Area2,Không có giá,Quảng Ngãi,Quảng Ngãi,không có đánh giá,"https://lh3.googleusercontent.com/p/AF1QipOW8AFDVCyR0pm8LMdt90r7QUiTMHaZeXZY2Pkl, https://lh3.googleusercontent.com/p/AF1QipPQ2ecsNLwZg3x5Vgh9bxWqH2v9LYGKlLolPuwC, "
Khu du lịch Sinh thái Suối Chí,3.8,Điểm thu hút khách du lịch,Không có giá,"VRF8+HF, Hành Tín Đông, Nghĩa Hành, Quảng Ngãi",Quảng Ngãi,101,"https://lh3.googleusercontent.com/p/AF1QipNP-QtVIO5ixdiUEAObBr4szMu3QMX3uuXeCrc, https://lh3.googleusercontent.com/p/AF1QipP7WkS2doT7oVUBzJZuckdIe49DOSQjNCvFguz_, "
Thác Lũng Ồ,4.4,Điểm thu hút khách du lịch,Không có giá,"RQW8+3G7, Xã, Ba Thành, Ba Tơ District, Quang Ngai",Quảng Ngãi,92,"https://lh3.googleusercontent.com/p/AF1QipNhajqVKYttqDhlHffat-0QtzVG4mPGmr5dY81C, https://lh3.googleusercontent.com/p/AF1QipMhG_mmQke21tqH8K6QsXM09iqzrJsuimBU7hx9, "
Biển Minh Tân,4.1,Điểm thu hút khách du lịch,Không có giá,"XWPH+RH8, Đức Minh, Mộ Đức, Quảng Ngãi",Quảng Ngãi,354,"https://lh3.googleusercontent.com/p/AF1QipPkc_0nEXX791KWMEbG8Ox9P062XiQz-6zoYzac, https://lh3.googleusercontent.com/p/AF1QipOe6yDyZjwubX2oG-moo2qnYRA1BhsQjRU3biVg, "
Trường lũy Quảng Ngãi,5.0,Bảo tồn di sản,Không có giá,"RQRP+JM, Ba Động, Ba Tơ, Quảng Ngãi",Quảng Ngãi,2,"https://lh3.googleusercontent.com/p/AF1QipO5MoxT865I2PMVfPKI6OpPKxDZVSTKt_ZD0k5D, https://lh3.googleusercontent.com/p/AF1QipMNxizp-whNpnZq_MWfJ7iAhMr6lMDt97DV0JXM, "
Núi Thiên Ấn,4.6,Trung tâm tâm linh,Không có giá,"5R29+9C4, Tịnh ấn Đông, Sơn Tịnh, Quảng Ngãi",Quảng Ngãi,16,"https://lh3.googleusercontent.com/p/AF1QipNK1KcV8cBUzEmVY4478mlqLdtIgHGc22gK4OHO, https://lh3.googleusercontent.com/p/AF1QipN_V4ezAtiWikdZ2iI2McbkkNTjNdFbIEPzflpr, "
Sơn Tịnh,Chưa xét,Administrative Area2,Không có giá,Quảng Ngãi,Quảng Ngãi,không có đánh giá,"https://lh3.googleusercontent.com/p/AF1QipOYLyNFRxGBxkdWwbLjAvRiQ2xvEfX1I627IDY, https://lh3.googleusercontent.com/p/AF1QipN-E0Eu0TySzaQEzGChZlmYUmrPqxfsfP3T_co, "
Tư Nghĩa,Chưa xét,Administrative Area2,Không có giá,Quảng Ngãi,Quảng Ngãi,không có đánh giá,"https://lh3.googleusercontent.com/p/AF1QipO_HKZGG6SbH3Yy5cbjEtHmr8zHLdOwLAdcrv86, https://lh3.googleusercontent.com/p/AF1QipMEfLPaAU6ulz0M1HET2F-GoNry1XkY8WCRK10j, "
Mộ Đức,Chưa xét,Administrative Area2,Không có giá,Không có địa chỉ cụ thể,Quảng Ngãi,không có đánh giá,"https://lh3.googleusercontent.com/p/AF1QipM7tSf6jTsjHOsCsURJO8NOjZMtbiU7tI2w6M1J, https://lh3.googleusercontent.com/p/AF1QipNr62IlbNFr_DnAP6fyrCfZKSDlmAuz0WeV5fqi, "
Mỹ Lại,Chưa xét,Khu dân cư,Không có giá,"Tịnh Khê, Tp. Quảng Ngãi, Quảng Ngãi",Quảng Ngãi,không có đánh giá,"https://lh3.googleusercontent.com/p/AF1QipPSdfp12RxC7hjhMCIHad2rDkdbRJ4tKthSL9rL, https://lh3.googleusercontent.com/p/AF1QipMFzD7RhCzrwvxuNxTs7GqqB5GS-CWdtGt9R_Mj, "
Bãi biển Mỹ Khê,4.6,Bãi biển,Miễn phí,Đà Nẵng 550000,Quảng Ngãi,2.712,"https://lh3.googleusercontent.com/p/AF1QipPg0wtVE4e8-fF4djBNHoO02LjbYLJGWPwwR316, https://lh3.googleusercontent.com/p/AF1QipMEfLPaAU6ulz0M1HET2F-GoNry1XkY8WCRK10j, "
Thảo Nguyên Bùi Hui Ba Tơ - Quảng Ngãi (GREEN CAMP),4.6,Điểm thu hút khách du lịch,Không có giá,"Ba Trang, Ba Tơ, Quảng Ngãi",Quảng Ngãi,154,"https://lh3.googleusercontent.com/p/AF1QipOq55caMAuxOE5CCVZILh6jUDAZdlDVb5dVFWIu, https://lh3.googleusercontent.com/p/AF1QipPOh56ZdPZ1bMKHiEAj1EWXqjhvL0gwrY14zzp0, "
Cột cờ Tổ quốc Đảo Lý Sơn,4.6,Điểm thu hút khách du lịch,Không có giá,"94QH+Q4V, Cột Cờ Tổ Quốc Đảo Lý Sơn, Lý Sơn District",Quảng Ngãi,848,"https://lh3.googleusercontent.com/p/AF1QipMjKmLj067mV46ycDLKM61Cj8sPMi0VAqByfjGj, https://lh3.googleusercontent.com/p/AF1QipPgf6iok4Mi67zP6j8QqRzTWuHNq3NSJlYnYNr3, "
Sông Trà Khúc,4.3,Sông,Không có giá,Quảng Ngãi,Quảng Ngãi,469,"https://lh3.googleusercontent.com/p/AF1QipP3UEsROoQmVcUOYoVFwkwXkn6k8zMWCnYxbsmE, https://lh3.googleusercontent.com/p/AF1QipMq9FBhb4i5F214s9Br41ThLkxVw7BJc7bgk_c4, "
Đảo Lý Sơn,4.6,Đảo,Không có giá,Quảng Ngãi,Quảng Ngãi,408,"https://lh3.googleusercontent.com/p/AF1QipNHDaqzQQXDTH1PuIUfk8C0jt-QHr8csJAejDPY, https://lh3.googleusercontent.com/p/AF1QipNs1Dxb2SlMl8XCQcZY2ny5zwHZnMYxlXmPjt17, "
Nhà trưng bày Đội Hoàng Sa Bắc Hải,4.3,Bảo tàng lịch sử địa phương,Không có giá,"94C9+946, thôn Tây, Lý Sơn, Quảng Ngãi",Quảng Ngãi,312,"https://lh3.googleusercontent.com/p/AF1QipMjll2bZh5qeozkpwKR8F3drILU0aKSSRLh5dIp, https://lh3.googleusercontent.com/p/AF1QipOZR6ApLI8XQ3QdCi55P8amovVbGDfouZ8uU2Gf, "
Đỉnh núi Giếng Tiền,4.4,Điểm thu hút khách du lịch,Không có giá,"Lý Sơn, Quảng Ngãi",Quảng Ngãi,65,"https://lh3.googleusercontent.com/p/AF1QipMab5oB2Ak9wUSaJFR9z1-oF2sw9XZzbnUsRhjj, https://lh3.googleusercontent.com/p/AF1QipN-nQqQULYAzImVKrkVBO5-S0hwx54WjKjCLvei, "
Đình làng An Vĩnh,4.3,Đình làng,Không có giá,"94G2+C3W, thôn Tây, Lý Sơn, Quảng Ngãi",Quảng Ngãi,63,"https://lh3.googleusercontent.com/p/AF1QipMq_Nl3EyZC91wODvG2qZKxKafrIoddUGb_41ho, https://lh3.googleusercontent.com/p/AF1QipPBQ6Mg1eU8Z84b5esZUwlOztMFmPlDJmhX3aZX, "
Cổng tò vò,4.7,Điểm thu hút khách du lịch,Không có giá,"93QX+RHF, Lý Sơn, Quảng Ngãi",Quảng Ngãi,23,"https://lh3.googleusercontent.com/p/AF1QipOESTrB51KE5LJEoonQsCHdOy8aNc95XxKZ6vvV, https://lh3.googleusercontent.com/p/AF1QipMd9X-4MjvKF1g5iM2zeDsqXiGSyddyzp_De6OL, "
Hòn Mù Cu,4.1,Bán đảo,Không có giá,Quảng Ngãi,Quảng Ngãi,27,"https://lh3.googleusercontent.com/p/AF1QipOESTrB51KE5LJEoonQsCHdOy8aNc95XxKZ6vvV, https://lh3.googleusercontent.com/p/AF1QipMd9X-4MjvKF1g5iM2zeDsqXiGSyddyzp_De6OL, "
Hải đăng Lý Sơn,Chưa xét,Ngọn hải đăng,Không có giá,"Lý Sơn, Quảng Ngãi",Quảng Ngãi,không có đánh giá,"https://lh3.googleusercontent.com/p/AF1QipNd71glqevRxHMTew69AeWxFmxw486vOJmXFUhH, https://lh3.googleusercontent.com/p/AF1QipM-jvPxKgSqa1mN26XxiY66RJ3kkXv4SCckXS5u, "
Mù Cu,4.7,Đảo,Không có giá,"An Hải, Lý Sơn, Quảng Ngãi",Quảng Ngãi,11,"https://lh3.googleusercontent.com/p/AF1QipMJY3AeghN-dQdh04TXdS_FtOUsPn0gYGkCYi9J, https://lh3.googleusercontent.com/p/AF1QipNzYwcIhGpIGb8cpJu3vAx6OlyEU1WzcuGrVyRW, "
Đội Hoàng Sa kiêm Quản Bắc Hải,Chưa xét,Tượng đài,Không có giá,"thôn Tây, Lý Sơn, Quảng Ngãi",Quảng Ngãi,không có đánh giá,"https://lh3.googleusercontent.com/p/AF1QipMK7LLuMHdNpcXz-WzXmKoLmiy8Qn-v_bMXql_s, https://lh3.googleusercontent.com/p/AF1QipORuwww42YRKcSOD7goY9r7EoOLVJOFFXz13u5m, "
Chùa Ba Vàng,4.5,Chùa phật giáo,Miễn phí,"Tổ 17B khu 5A, Quang Trung, Uông Bí, Quảng Ninh 02307",Quảng Ninh,7.076,"https://lh3.googleusercontent.com/p/AF1QipOgLjz_28E3iApLnE5glUTuXQKJjTaP3QkjsOXQ, https://lh3.googleusercontent.com/p/AF1QipNd1jZ5hdPA3H01LzDAQ1FEk8wadu_GCz-6J8BV, "
Đảo Tuần Châu,4.4,Đảo,Không có giá,"Tuần Châu, Tp. Hạ Long, Quảng Ninh",Quảng Ninh,1.330,"https://lh3.googleusercontent.com/p/AF1QipOgLjz_28E3iApLnE5glUTuXQKJjTaP3QkjsOXQ, https://lh3.googleusercontent.com/p/AF1QipNd1jZ5hdPA3H01LzDAQ1FEk8wadu_GCz-6J8BV, "
Đảo Cô Tô,4.6,Đảo,Không có giá,Quảng Ninh,Quảng Ninh,802,"https://lh3.googleusercontent.com/p/AF1QipNwMFHoOPzEjirLo2VeIeFiJfsmnISxNHZ2ulxo, https://lh3.googleusercontent.com/p/AF1QipM7PfowW2IHJHVDuu0RDyoWpV1bGg8MIxUstmtR, "
Bảo tàng Quảng Ninh,4.5,Bảo tàng,40.000 ₫,"Trần Quốc Nghiễn, Hồng Gai, Hạ Long, Quảng Ninh",Quảng Ninh,10.180,"https://lh3.googleusercontent.com/p/AF1QipMnoBELecDs3F_wLykmRl6wczadwz05UB4JKtmj, https://lh3.googleusercontent.com/p/AF1QipPoRaWBxd98-Z4EbCh0c_yY_V8ZX6Nk06ldHjit, "
Núi Yên Tử,4.6,Đỉnh núi,Không có giá,"Thượng Yên Công, Tp. Uông Bí, Quảng Ninh",Quảng Ninh,1.168,"https://lh3.googleusercontent.com/p/AF1QipOY9YLc3J8VPq-6mqeEF5trQsL79xWbILZa2dvb, https://lh3.googleusercontent.com/p/AF1QipMiPRMJGwsXSKsFP13nt0doRkrrk-NQFtkF_-JA, "
Vịnh Hạ Long,4.6,Vịnh,Không có giá,Không có địa chỉ cụ thể,Quảng Ninh,7.205,"https://lh3.googleusercontent.com/p/AF1QipMECJ1nrUm7EEaiyCU4AEV9utmCI3omSDwVfoat, https://lh3.googleusercontent.com/p/AF1QipMPnq6bfca42G5cDmhKevITqd5VhnVMTDVALvoI, "
Ðền Cửa Ông,4.6,Địa điểm hành hương,Không có giá,"29GC+X8C, Cửa Ông, Cẩm Phả, Quảng Ninh 200000",Quảng Ninh,2.001,"https://lh3.googleusercontent.com/p/AF1QipOd_ctiZfJ2ZEzcC_lVfNmPQS0s00hL97x0Z9O4, https://lh3.googleusercontent.com/p/AF1QipPHp-LtvaKbfcEx9m3LldllJfwvdt2n-JZuJj3P, "
Đảo Quan Lạn,4.3,Đảo,Không có giá,Quảng Ninh,Quảng Ninh,555,"https://lh3.googleusercontent.com/p/AF1QipPltpFXov48CETQiuicGLcGUcivs4DJEyobLg4R, https://lh3.googleusercontent.com/p/AF1QipMH25_jqBBG59-HgYPb9r7entW0aP7bs3mIRMMo, "
Thác Khe Vằn,4.3,Thắng cảnh,Không có giá,"Húc Động, Bình Liêu, Quảng Ninh",Quảng Ninh,574,"https://lh3.googleusercontent.com/p/AF1QipNvyAGeG_8ZqLbkZLoHj0SYhbGbEkwuyx-UJ3lW, https://lh3.googleusercontent.com/p/AF1QipPG3oYh1u_zmJfWQ7zXgcuFXC0t6fQfTnAnvcnj, "
Núi Bài Thơ,4.1,Điểm thu hút khách du lịch,Không có giá,"Hàng Nồi, P, Hạ Long, Quảng Ninh",Quảng Ninh,750,"https://lh3.googleusercontent.com/p/AF1QipP9tDGzEOQDPnJ7HF-jBaXMNeDjwTSL9ZA4D4yb, https://lh3.googleusercontent.com/p/AF1QipNeQ42KcK_OYtdx1AvrQnGWpdxYdA_KaDyip_Vp, "
Bãi biển Trà Cổ,4.4,Bãi biển,Không có giá,"P. Trà Cổ, Móng Cái, Quảng Ninh",Quảng Ninh,302,"https://lh3.googleusercontent.com/p/AF1QipO1j0xGMrkZs60ZvmuQ_xUWXO3tHKKnYdHFW79k, https://lh3.googleusercontent.com/p/AF1QipN6pQx_RBfl8fJTweYfXV8lXeMRjQATjCX7cJ8J, "
Chùa Lôi Âm Thượng,4.5,Chùa phật giáo,Không có giá,"2W6F+HF4, Đại Yên, Hạ Long, Quảng Ninh",Quảng Ninh,260,"https://lh3.googleusercontent.com/p/AF1QipOUvPYEsxMWoy7YNQjqbi-2i6SffthoYm5gLx4G, https://lh3.googleusercontent.com/p/AF1QipMEmbW0_PLhTLQhKw3m2M1QuES_50vx9NqzpHTM, "
Bãi Cháy,Chưa xét,Khu dân cư,Không có giá,"Tp. Hạ Long, Quảng Ninh",Quảng Ninh,không có đánh giá,"https://lh3.googleusercontent.com/p/AF1QipOuLgQ8JoTPdK4UQGY8maOjhKMHqdDVeux6c0Ih, https://lh3.googleusercontent.com/p/AF1QipP6u-2p66cMB9DLLidaceaPpaO8011yAinshYFQ, "
Thiền viện Trúc Lâm Yên Tử Quảng Ninh,4.7,Chùa phật giáo,Không có giá,"12 Yên Tử, Nam Mẫu, Uông Bí, Quảng Ninh",Quảng Ninh,782,"https://lh3.googleusercontent.com/p/AF1QipOmvH5nJuJtPdX-wemGN_3reiLaAM-wFVu_mjg, https://lh3.googleusercontent.com/p/AF1QipMINWFOSHdUvjQ-GKScMheqB18GoUbmBxrHM1hX, "
Hồ Yên Trung,4.3,Hồ,Không có giá,"Phương Đông, Tp. Uông Bí, Quảng Ninh",Quảng Ninh,507,"https://lh3.googleusercontent.com/p/AF1QipPKoxTf5_MfXopcGdjs9mEzWURos9EDdaG5OnOi, https://lh3.googleusercontent.com/p/AF1QipNnhJ-SRvJ0oo0Mavp5Jwgom4qT0G_0itwvTkgD, "
Công viên Sunworld Hạ Long,4.4,Trung tâm vui chơi giải trí,Không có giá,"X23X+84G, Số 9 Hạ Long, Bãi Cháy, Hạ Long, Quảng Ninh",Quảng Ninh,2.173,"https://lh3.googleusercontent.com/p/AF1QipOV82YlG1Bv3CDQjJcx-j8Qyz3kdmPmhdqZ7XMb, https://lh3.googleusercontent.com/p/AF1QipPFRAaqJvAE3PN1njGpscDQKgl5Ch6LHrqPITUp, "
Chùa Cái Bầu,4.6,Chùa phật giáo,Không có giá,"4GC4+M2P, Thôn 1, Vân Đồn, Quảng Ninh 200000",Quảng Ninh,2.055,"https://lh3.googleusercontent.com/p/AF1QipOnycItCGsFT9zgycG68Kpk8JrhIzSfRYsymsGw, https://lh3.googleusercontent.com/p/AF1QipMWYKVpKgs4PwRkUn6LauGAQz03M_ygUuk72rto, "
Thành phố Cẩm Phả,Chưa xét,Tổ dân phố,Không có giá,"Cẩm Phả, Quảng Ninh",Quảng Ninh,không có đánh giá,"https://lh3.googleusercontent.com/p/AF1QipP375xN8Cg8WLRVmMo5fcwDxjoWylaZs52dAGu3, https://lh3.googleusercontent.com/p/AF1QipNjYZ8yEZ1iHT0IPOzRkebK9eXEP1ZJKfQOLFpR, "
Dao Vinh Thuc,4.7,Đảo,Không có giá,"Vĩnh Trung, Tp. Móng Cái, Quảng Ninh",Quảng Ninh,18,"https://lh3.googleusercontent.com/p/AF1QipMPJWkSyScWSzvBdcM2B8mdj6G84W6QHuHGjmtI, https://lh3.googleusercontent.com/p/AF1QipP63Z-Lu41Whx80ACxXtjP4NY-0QPGfJ059fg-Z, "
tt. Bình Liêu,Chưa xét,Khu dân cư,Không có giá,"Bình Liêu, Quảng Ninh",Quảng Ninh,không có đánh giá,"https://lh3.googleusercontent.com/p/AF1QipNK8DLwlLadoxp1vLQDFqVGcnwdTiXDAWWe16D4, https://lh3.googleusercontent.com/p/AF1QipOQnZxo2aknchTRa4XRKC1uaQgwtOlUTFsG4Nm1, "
Đền An Sinh,4.4,Nơi thờ cúng,Không có giá,"4G8P+XRR, An Sinh, Đông Triều, Quảng Ninh 200000",Quảng Ninh,234,"https://lh3.googleusercontent.com/p/AF1QipPOyx_QYQw0AkGeI4LjyO9N_bgjcMLq08aXNNk2, https://lh3.googleusercontent.com/p/AF1QipOlRBH_uJyv8MAhbxJkV7JS4okxeV0YUEsRL7r9, "
Vân Đồn,Chưa xét,Administrative Area2,Không có giá,Quảng Ninh,Quảng Ninh,không có đánh giá,"https://lh3.googleusercontent.com/p/AF1QipPOyx_QYQw0AkGeI4LjyO9N_bgjcMLq08aXNNk2, https://lh3.googleusercontent.com/p/AF1QipOlRBH_uJyv8MAhbxJkV7JS4okxeV0YUEsRL7r9, "
Đảo Ngọc Vừng,4.2,Đảo,Không có giá,"Ngọc Vừng, Quảng Ninh",Quảng Ninh,112,"https://lh3.googleusercontent.com/p/AF1QipM7vFENnJu2urM4vxZIbMRYbYZ7W3P76lcZaw2J, https://lh3.googleusercontent.com/p/AF1QipPUQBaB8grlcinfCbqfbf_7q3PFWyBCLmapKtGQ, "
Khu Du lịch Quảng Ninh Gate,4.1,Điểm thu hút khách du lịch,Không có giá,"ĐCT Nội Bài - Hạ Long, Bình Dương, Đông Triều, Quảng Ninh 208600",Quảng Ninh,không có đánh giá,"https://lh3.googleusercontent.com/p/AF1QipMFpsF7e5-OC_QFUj7ScT1BDwFchSI0CKsBbv0x, https://lh3.googleusercontent.com/p/AF1QipONnE5lutpMtYZIFCc6gkqME8L6MENADRNK1r7h, "
Thành phố Móng Cái,Chưa xét,Tổ dân phố,Không có giá,Quảng Ninh,Quảng Ninh,không có đánh giá,"https://lh3.googleusercontent.com/p/AF1QipN7QYZ1EmeSToo82YXSEyDqgkn02x3gm62Gwjsk, https://lh3.googleusercontent.com/p/AF1QipPsrsHCYLurVY7ihTwRVHKyjns37VUF5Yo3Ioaa, "
Trà Cổ,Chưa xét,Khu dân cư,Không có giá,Không có địa chỉ cụ thể,Quảng Ninh,không có đánh giá,"https://lh3.googleusercontent.com/p/AF1QipPRsN93RHPkxafj2bKFq4N9dQBCpPftYUwnIm02, https://lh3.googleusercontent.com/p/AF1QipPmgp15Ondqh0H41XEavxKl5sbxtQgF2HbZ3iFo, "
Bãi tắm Minh Châu,4.5,Bãi biển,Không có giá,"Minh Châu, Quảng Ninh",Quảng Ninh,103,"https://lh3.googleusercontent.com/p/AF1QipP_IBfPwsqicEuxN7XCc8LPls4cUhPyI-vKlPzN, https://lh3.googleusercontent.com/p/AF1QipNVu95KH37zvOSd6uOZtjkAGAKt8W2F-HXb5c9U, "
Cửa khẩu Quốc tế Móng Cái,4.4,Cửa khẩu,Không có giá,"GXP9+8WC, Đ. Đại lộ Hoà Bình, P. Trần Phú, Móng Cái, Quảng Ninh",Quảng Ninh,384,"https://lh3.googleusercontent.com/p/AF1QipON-8nOzV_2Dpj5V1idMO7ybQe0tSIOQo1OOCAe, https://lh3.googleusercontent.com/p/AF1QipMajzEJhnSIsSPdZdv4eQckhWwscamL2q7Kbyo, "
Bãi tắm Quan Lạn,4.4,Bãi biển,Không có giá,"Quan Lạn, Vân Đồn, Quảng Ninh",Quảng Ninh,66,"https://lh3.googleusercontent.com/p/AF1QipO8fGdMHrsoVk_3JWNJigDju5xRXO4YhepJ8nfV, https://lh3.googleusercontent.com/p/AF1QipPwUCwjf2-ZFCzZ-I6yobB4Rq5ExkhdLcLrJEJW, "
Bãi tắm Bãi Cháy,4.2,Bãi biển công cộng,Không có giá,Không có địa chỉ cụ thể,Quảng Ninh,không có đánh giá,"https://lh3.googleusercontent.com/p/AF1QipNNEJTKA8uhlBrThve2KDV0w97FWSfFBQYis2Y6, https://lh3.googleusercontent.com/p/AF1QipOV_KLyT-32Ctn4rdE-22ffc4dD_Zd3AGyJch-B, "
Hang Đầu Gỗ,4.5,Điểm thu hút khách du lịch,Không có giá,"Cát Hải, Hải Phòng",Quảng Ninh,1.113,"https://lh3.googleusercontent.com/p/AF1QipM7Vo5xm8WEAKGF9jdpPS6YpxP4Z0jLQNolyNp2, https://lh3.googleusercontent.com/p/AF1QipP8F6iweHFEgLLr35VdEGo_zqDcYrWYzKyF8KKq, "
Vòng quay Mặt Trời Hạ Long,4.5,Công viên giải trí,Không có giá,"X34C+JR2, Đặng Bá Hát, Yết Kiêu, Hạ Long, Quảng Ninh",Quảng Ninh,271,"https://lh3.googleusercontent.com/p/AF1QipMtaoRXYLrO9j2sH9mDDR799rwgjXCi727hrST5, https://lh3.googleusercontent.com/p/AF1QipNQctrjBEzA_-FkRu2t6AhtPbIYdQ-2FQxyqJuz, "
Chùa Đống Phúc,4.5,Chùa phật giáo,Không có giá,"148 Trần Hưng Đạo, TT. Quảng Yên, Quảng Yên, Quảng Ninh",Quảng Ninh,67,"https://lh3.googleusercontent.com/p/AF1QipO5anZgY0euMeWb8VLFaFbagHljTHuIXEVRjNrk, https://lh3.googleusercontent.com/p/AF1QipMJ5JJqXd7EaKQlUzJisa2nO60zjw8fgAFEGJLF, "
Cái Chiên,Chưa xét,Administrative Area3,Không có giá,"Hải Hà, Quảng Ninh",Quảng Ninh,không có đánh giá,"https://lh3.googleusercontent.com/p/AF1QipNv1ElTQ-tedn2XxCiK5_P4JjfYjAuAHROOFt0J, https://lh3.googleusercontent.com/p/AF1QipNxyiOUBj2kmgWRcMeIfp6qLvs5fyKlF-8krXwr, "
Thác Lang Cang,4.2,Điểm thu hút khách du lịch,Không có giá,"762Q+4R5, Đồn Đạc, Ba Chẽ, Quảng Ninh",Quảng Ninh,27,"https://lh3.googleusercontent.com/p/AF1QipOdMoNvmqNhTtC9kXypqx7N3h0sahWJgz_CCP8K, https://lh3.googleusercontent.com/p/AF1QipP6mV_OKJPCQZo8dDg-RQgt0CfHE75R3T7Cghd-, "
Bình Liêu,Chưa xét,Administrative Area2,Không có giá,Quảng Ninh,Quảng Ninh,không có đánh giá,"https://lh3.googleusercontent.com/p/AF1QipMhelpRKX6WrAhphv_JSK1yuOgwgK3nZNa7M_k, https://lh3.googleusercontent.com/p/AF1QipMdO0ddfuuqEXj8yuRYwlD3BpVCmK4qzh4SHkUF, "
tt. Cô Tô,Chưa xét,Khu dân cư,Không có giá,"Cô Tô, Quảng Ninh",Quảng Ninh,không có đánh giá,"https://lh3.googleusercontent.com/p/AF1QipMMcclkqQJkGFxxL1w3aHbzJTMMNPkub0Sqri4W, https://lh3.googleusercontent.com/p/AF1QipMKLqgpVfTnZOeukzNgGrmI7zjlpl_Iz4xPHj6G, "
Tiên Yên,Chưa xét,Administrative Area2,Không có giá,Quảng Ninh,Quảng Ninh,không có đánh giá,"https://lh3.googleusercontent.com/p/AF1QipO4OBcsOxWNoYTGUviGjSaqq60QXIKZAENJmDOA, https://lh3.googleusercontent.com/p/AF1QipMqCVXrRFYDzBX5KXC7T7xxjfGbs7-rGK0H9Clm, "
Thành phố Uông Bí,Chưa xét,Tổ dân phố,Không có giá,"Uông Bí, Quảng Ninh",Quảng Ninh,không có đánh giá,"https://lh3.googleusercontent.com/p/AF1QipNp_w9mai3AJjVPWGVQxPXogCUo8hDdv5ORQhw, https://lh3.googleusercontent.com/p/AF1QipNKRCBq7FupN4SVNylrtw_3uiGFgKp3B8xwV_H6, "
Chùa Hồ Thiên,4.7,Chùa phật giáo,Không có giá,"5J9C+72R, Bình Khê, Đông Triều, Quảng Ninh",Quảng Ninh,71,"https://lh3.googleusercontent.com/p/AF1QipPE314f5J3JFSVniY6_Jgg187UJiO2qSDdjd5jw, https://lh3.googleusercontent.com/p/AF1QipPwLd0Eg4nDqnuDv-o0aA9TgHYnH7Wb7itqlkZd, "
Bãi Dài Vân Đồn,4.2,Bãi biển,Không có giá,"Hạ Long, Quảng Ninh",Quảng Ninh,81,"https://lh3.googleusercontent.com/p/AF1QipNxDgf7HycRDrQb5lEi7xHHTfJJRMtAb08Ehfb1, https://lh3.googleusercontent.com/p/AF1QipNw321J3ZDy4GYF_p3D4DzFTaBmFL9RZfZk368a, "
Hồ Bến Châu,4.4,Hồ chứa nước,Không có giá,"Đông Triều, Quảng Ninh",Quảng Ninh,45,"https://lh3.googleusercontent.com/p/AF1QipNxDgf7HycRDrQb5lEi7xHHTfJJRMtAb08Ehfb1, https://lh3.googleusercontent.com/p/AF1QipNw321J3ZDy4GYF_p3D4DzFTaBmFL9RZfZk368a, "
Thác Mơ Quảng Yên,4.4,Thác nước,Không có giá,"Đông Mai, Tx. Quảng Yên, Quảng Ninh",Quảng Ninh,15,"https://lh3.googleusercontent.com/p/AF1QipOMsKVJl5_VR85Mz7tHhgkP_uTatLRwpryXXhqL, https://lh3.googleusercontent.com/p/AF1QipO7a1NpMc1QHUzyaIqnWKyFzJWFUYrK02AXxhG9, "
Cầu Bài Thơ 2,Chưa xét,Tuyến đường,Không có giá,Tp. Hạ Long,Quảng Ninh,không có đánh giá,"https://lh3.googleusercontent.com/p/AF1QipMcGEahoi7Bs5klSz5NkXK9F4tmm_NNj6kyCkhE, https://lh3.googleusercontent.com/p/AF1QipNP0J0_H40vUtQNBHMp20Z-jDI06l-X2LhFmh8c, "
Chùa Long Tiên,4.5,Chùa phật giáo,Không có giá,"W3XJ+X42, Lê Quý Đôn, P. Bạch Đằng, Hạ Long, Quảng Ninh",Quảng Ninh,730,"https://lh3.googleusercontent.com/p/AF1QipMksELRwEEaKeUi6nM4SzY4urKYBGXWq_o0-68v, https://lh3.googleusercontent.com/p/AF1QipNACNdqciJ-XIqe6ERvmr-8aMskZhSo6-5ts8Gq, "
Hồ Khe Chè,4.2,Hồ,Không có giá,"Đông Triều, Quảng Ninh",Quảng Ninh,85,"https://lh3.googleusercontent.com/p/AF1QipP5v1J23Z9eO99JtSlVKqaR2CdZAwWGXrtvFXRu, https://lh3.googleusercontent.com/p/AF1QipMwaMSf3j6SNHRgUvgymL7jxPk1ytsKnWJepxJ2, "
Khu Di tích lịch sử Quốc gia đặc biệt Bạch Đằng Giang,4.7,Bảo tàng lịch sử,Không có giá,"Yên Giang, Quảng Yên, Quảng Ninh",Quảng Ninh,320,"https://lh3.googleusercontent.com/p/AF1QipMrZLGlMaOlST2uj5mUAnVVLqeuIeoCVZntcv0H, https://lh3.googleusercontent.com/p/AF1QipNG1buDCMVbPsysiztdEmZrYG5Jx8gwrk-Sx7JS, "
Công Viên Nước Hạ Long,4.3,Công viên nước,400.000 ₫,"Hạ Long, Bãi Cháy, Hạ Long, Quảng Ninh",Quảng Ninh,480,"https://lh3.googleusercontent.com/p/AF1QipO8CFD07Ya6EGWBbgsm_NyimgbPUeyX9UnruXW1, https://lh3.googleusercontent.com/p/AF1QipPnxLwnK9g4OiHG_wTudy0oF0XvGmaxQD297Kiz, "
Đông Triều,Chưa xét,Administrative Area2,Không có giá,Quảng Ninh,Quảng Ninh,không có đánh giá,"https://lh3.googleusercontent.com/p/AF1QipNLOlwHahy_f4at4ygzRPi3G5fuZLVcY7ovhSRR, https://lh3.googleusercontent.com/p/AF1QipOOp-YC0nG9TgWXf_JYifzRpAfOfLlBh2OU2sJy, "
Bãi tắm Hòn Gai,4.5,Điểm thu hút khách du lịch,Không có giá,"88 Trần Quốc Nghiễn, Hồng Hà, Hạ Long, Quảng Ninh",Quảng Ninh,899,"https://lh3.googleusercontent.com/p/AF1QipNI67KAFSnpAdkTEDHzq3MyHpooPpZQbqK6AiBl, https://lh3.googleusercontent.com/p/AF1QipOdfU6n94EMi7OEqOHgzABT1srpIJNUSQH03NRh, "
Làng chài Vung Viêng,4.4,Điểm mốc văn hóa,Miễn phí,"Tuần Châu, Hạ Long, Quảng Ninh",Quảng Ninh,108,"https://lh3.googleusercontent.com/p/AF1QipPHJ0hFbNqSUyaWH2J0GmnFS7KNnYjkF0B-zSsK, https://lh3.googleusercontent.com/p/AF1QipPkD56oEilUDV4_Q8_mZGwgSaX_OpefHQRsdGa0, "
Minh Châu,Chưa xét,Khu dân cư,Không có giá,"Vân Đồn, Quảng Ninh",Quảng Ninh,không có đánh giá,"https://lh3.googleusercontent.com/p/AF1QipOfFZMKifGq3N07rNAuTtt3qgPp6JkUqcX04EO3, https://lh3.googleusercontent.com/p/AF1QipOdRv8PvOX2-sfUz8DzJl5hgeryANxQqgfDcKeI, "
Am Ngọa Vân,4.5,Chùa phật giáo,Không có giá,"5HGH+QVJ, Bình Khê, Đông Triều, Quảng Ninh 200000",Quảng Ninh,250,"https://lh3.googleusercontent.com/p/AF1QipP4Sq2Prfwbp8_4SbO42qkysqV8pogwNBIl6M9F, https://lh3.googleusercontent.com/p/AF1QipMhrGhpgufbwvFShf-ZHre9ahTVizitin2lo7rn, "
Hà Nội,Chưa xét,Tổ dân phố,Không có giá,Hà Nội,Quảng Ninh,không có đánh giá,"https://lh3.googleusercontent.com/p/AF1QipOrqueyIxI-iDNN3K0jzXNgpNphyvwiRw48kUAd, https://lh3.googleusercontent.com/p/AF1QipPkWokVxguJz3YcMlGrAEtV69KwGcduvDwdRsFT, "
Hải Đăng Cô Tô,4.1,Điểm thu hút khách du lịch,Không có giá,"XQX4+MXX, Hải Đăng, Cô Tô, Quảng Ninh",Quảng Ninh,612,"https://lh3.googleusercontent.com/p/AF1QipNpZ1E5gXZUSuLwYSDLx9NxuZcR5R-LDRXTPQlE, https://lh3.googleusercontent.com/p/AF1QipNXRzG1MqRHbroBKLhc4a_MwGBdoxw9lLcVFbxD, "
Đình Quan Lạn,4.3,Nơi thờ cúng,Không có giá,Không có địa chỉ cụ thể,Quảng Ninh,không có đánh giá,"https://lh3.googleusercontent.com/p/AF1QipOQD8r2LdTziDTm2Ki30S-WV8ljF8_f9NWJaSxz, https://lh3.googleusercontent.com/p/AF1QipOtkMp8GOxkAgO814bToJy7BaVi7AmtcUkxfVMV, "
Công viên Sun World Halong,4.6,Công viên,Không có giá,"9 Hạ Long, Bãi Cháy, Hạ Long, Quảng Ninh",Quảng Ninh,77,"https://lh3.googleusercontent.com/p/AF1QipMxFI_HRLdDdPZ5EU0YG5nwGm9lO0LWjp-JCsKf, https://lh3.googleusercontent.com/p/AF1QipMGzKYsyzLW8uIMoecjHzq10tb2HmCs75ilF8yX, "
Bãi Biển Sun World Hạ Long,4.2,Điểm thu hút khách du lịch,Không có giá,"Tuần Châu, Hạ Long, Quảng Ninh",Quảng Ninh,3.424,"https://lh3.googleusercontent.com/p/AF1QipOa1_010yb6ZI8iGOL5w5DuAMPkpP9eNMHZ7pao, https://lh3.googleusercontent.com/p/AF1QipOQUQirIZZ5bGhmvEZn7DeYC2DXxzCLUMpxlN9S, "
Du lịch Hạ long,4.9,Điểm thu hút khách du lịch,Không có giá,"Hồng Hải, Hạ Long, Quảng Ninh 200000",Quảng Ninh,7,"https://lh3.googleusercontent.com/p/AF1QipOaAE5hfA6Vl1ZGnx_HU5DKqbGB-Quq_HJWrq8, https://lh3.googleusercontent.com/p/AF1QipNcOxeYll3nMQyuhLPzMwl3eopmWNRDcF4jyzzM, "
Hang Ba Hang,5.0,Điểm thu hút khách du lịch,Không có giá,"X2CV+FWF, Bãi Cháy, Hạ Long, Quảng Ninh",Quảng Ninh,1,"https://lh3.googleusercontent.com/p/AF1QipNiPJChVYw2olNbvKJR2WWuxfFSTlRAjwv0JOWi, https://lh3.googleusercontent.com/p/AF1QipPR0PLS9f49CeDwBoj8Pp3o-3PsV7imNrw9RSFi, "
Di tích Lịch sử Thành cổ Quảng Trị,4.6,Điểm mốc lịch sử,Không có giá,Không có địa chỉ cụ thể,Quảng Trị,không có đánh giá,"https://lh3.googleusercontent.com/p/AF1QipOgrAbnOF3Gj32mSKUti38woa39Aj7mBfN_LdSe, https://lh3.googleusercontent.com/p/AF1QipPq2RAmPLr9TImC4rBgSQ9xHPVRNEEu-COI421w, "
Địa đạo Vịnh Mốc,4.6,Điểm mốc lịch sử,Không có giá,"Vĩnh Thạch, Vĩnh Linh, Quảng Trị",Quảng Trị,2.139,"https://lh3.googleusercontent.com/p/AF1QipOgrAbnOF3Gj32mSKUti38woa39Aj7mBfN_LdSe, https://lh3.googleusercontent.com/p/AF1QipPq2RAmPLr9TImC4rBgSQ9xHPVRNEEu-COI421w, "
Thánh Địa Đức Mẹ La Vang,4.7,Vương cung thánh đường,Không có giá,"Lê Lợi, Hải Phú, Hải Lăng, Quảng Trị 520000",Quảng Trị,3.516,"https://lh3.googleusercontent.com/p/AF1QipMB-9U226XWY4_N_jNgAzBGqjja-vvMWc-7IM3d, https://lh3.googleusercontent.com/p/AF1QipOS6Q0B9BKnkEUHVB9s2MbhGubEaE4S0iWV7c4w, "
Bãi biển Cửa Tùng,4.2,Bãi biển,Không có giá,Không có địa chỉ cụ thể,Quảng Trị,không có đánh giá,"https://lh3.googleusercontent.com/p/AF1QipOjYm2Y_nROnO7sr6aKPGQYbtTSHnL9OGcwnQUm, https://lh3.googleusercontent.com/p/AF1QipN_nq68_KR3W3YfSK_09aiXfGGcUyXoODgcnVPi, "
Nghĩa trang Liệt sĩ Trường Sơn,4.8,Nghĩa trang quân đội,Miễn phí,"XX53+6QX, Vĩnh Trường, Gio Linh, Quảng Trị",Quảng Trị,286,"https://lh3.googleusercontent.com/p/AF1QipPk8VZ1yGPCFdktztG3KNiEYAXLdrUBgbsm0sFV, https://lh3.googleusercontent.com/p/AF1QipP9n-LXZ9J_JdtOJWu5yK4gy-th8Oe-0bTClkQ3, "
Biển Mũi Trèo,4.6,Điểm thu hút khách du lịch,Không có giá,"33XW+JG8, Vĩnh Linh, Quảng Trị",Quảng Trị,360,"https://lh3.googleusercontent.com/p/AF1QipOQa0XpqB0pcTZ3HgN53rABPTOC7lbtNm-zgnzP, https://lh3.googleusercontent.com/p/AF1QipMaRCN6pR4Ew3hMc1mEHv3HXl5S_XcBNQON8jtc, "
Cồn Cỏ,4.4,Đảo,Không có giá,Quảng Trị,Quảng Trị,85,"https://lh3.googleusercontent.com/p/AF1QipO5NW9xMNCkorJQh683SI2DwBgU-2zN_s6H0O7c, https://lh3.googleusercontent.com/p/AF1QipO-n_eyYyawKJKasaxagqWZtXoKhv2i9sbZR-DC, "
tt. Khe Sanh,Chưa xét,Khu dân cư,Không có giá,"Hướng Hóa, Quảng Trị",Quảng Trị,không có đánh giá,"https://lh3.googleusercontent.com/p/AF1QipOj7BOvHx7ndhs0iZnO8lBvDCxoTwWl2hs7HajJ, https://lh3.googleusercontent.com/p/AF1QipODc6j2RVAxZfPYJ72AiwmlHlFY2Mc54jYqgX1I, "
Chợ Phiên Cam Lộ,4.1,Chợ nông sản,Không có giá,"R286+944, Đ. Hồ Chí Minh, TT. Cam Lộ, Cam Lộ, Quảng Trị",Quảng Trị,215,"https://lh3.googleusercontent.com/p/AF1QipMRaRdoT-kA_Tk_Y6VGiST1lNmN22gwHa8QZsHu, https://lh3.googleusercontent.com/p/AF1QipOkABAxNpAyaEQBe4WwbFxffACjwQpmB82Pu1MI, "
Bãi tắm Cửa Việt,4.2,Bãi biển,Không có giá,"Quốc Phòng, TT. Cua Viet, Gio Linh, Quảng Trị",Quảng Trị,1.160,"https://lh3.googleusercontent.com/p/AF1QipP9PeHpPddeF54UCQz1Y3vtQbzOd7zp9VQYtO7o, https://lh3.googleusercontent.com/p/AF1QipMpM5y_zRj1gGfQc81E7WG97VxgvkOgL-XNdsPo, "
Thác Chênh Vênh,4.5,Điểm thu hút khách du lịch,Không có giá,"QHGH+VQG, Hướng Phùng, Hướng Hóa, Quảng Trị",Quảng Trị,71,"https://lh3.googleusercontent.com/p/AF1QipP1kmwTCPuvZvB3RSzThohp8EJuv03RMLFtg12T, https://lh3.googleusercontent.com/p/AF1QipOqiyuHq_pXU2-YwhmNpizkz3KwHD7s6a-qDQpq, "
Trằm Trà Lộc,4.3,Thắng cảnh,Không có giá,Không có địa chỉ cụ thể,Quảng Trị,không có đánh giá,"https://lh3.googleusercontent.com/p/AF1QipNDkoETZekwjEjBIew6L_o4hg5wFnnuosUCxbI-, https://lh3.googleusercontent.com/p/AF1QipMZJmxpjvLT66HvR-Qyx-raz5VRgBfVo8Epr-3P, "
Thác Tà Puồng,4.5,Thác nước,Không có giá,Không có địa chỉ cụ thể,Quảng Trị,không có đánh giá,"https://lh3.googleusercontent.com/p/AF1QipO8wzW0KyVgKlPTnQhmuR4ukgpruLbjitE4DlOB, https://lh3.googleusercontent.com/p/AF1QipOoqr1PtDFUCkDpn6B2NSyQvX1r5P40qCo88Uob, "
Cồn Cỏ,Chưa xét,Administrative Area2,Không có giá,Quảng Trị,Quảng Trị,không có đánh giá,"https://lh3.googleusercontent.com/p/AF1QipMzKC8cJxuTRlIkADBJYW8rCB1dGPzH_74mW2ts, https://lh3.googleusercontent.com/p/AF1QipMqSXeTBIYLI9TePXIWQ5JBfPOeQkukCpIlZBv9, "
Nghĩa trang Liệt sỹ Quốc gia Đường 9,4.9,Nghĩa trang,Không có giá,"R355+9P, Phường 4, Đông Hà, Quảng Trị",Quảng Trị,38,"https://lh3.googleusercontent.com/p/AF1QipMHcNfyjC8PjNNaah1w8bsdPk0CmHj6s508bGFK, https://lh3.googleusercontent.com/p/AF1QipOWZc5wCacLhaCe-5jEePxUTi8l6-ZFSg_vUyRW, "
Chợ Đông Hà,4.2,Chợ,Không có giá,"R3FX+JWF, Trần Hưng Đạo, Phường 1, Đông Hà, Quảng Trị",Quảng Trị,2.342,"https://lh3.googleusercontent.com/p/AF1QipOgtyDY-vJs2CazPFBK1VzYDY2dYoxO4m-ZSfEg, https://lh3.googleusercontent.com/p/AF1QipMg51fV_zXXNpLOo3YlSP2B8Rb_qE1ZUjMVlxTZ, "
Đa Krông,Chưa xét,Administrative Area2,Không có giá,Quảng Trị,Quảng Trị,không có đánh giá,"https://lh3.googleusercontent.com/p/AF1QipMwDSiZM7uLlrvykcqFfrcXahvEw_0fGynRgaGo, https://lh3.googleusercontent.com/p/AF1QipNXxpZBci-TGwbJgCEqfzGR4r8BH19R1bfx0S70, "
Đỉnh Cu Vơ- Hướng Hóa,4.6,Điểm thu hút khách du lịch,Không có giá,"PM25+JQ2, Unnamed, Road, Hướng Hóa, Quảng Trị",Quảng Trị,33,"https://lh3.googleusercontent.com/p/AF1QipOumiCAkYB5OZp_764Pgl2L0igSLf16Zm4ELp32, https://lh3.googleusercontent.com/p/AF1QipPJ9euqFdt1mAKZckcJ0dGwvV5j2G_fz8eHlVbh, "
Vĩnh Linh,Chưa xét,Administrative Area2,Không có giá,Quảng Trị,Quảng Trị,không có đánh giá,"https://lh3.googleusercontent.com/p/AF1QipOu9feZIoN0EX-LFfaimfONThSzx8ha2rinlW5W, https://lh3.googleusercontent.com/p/AF1QipPoti0nUGpsd1D6_Pis5PATBfp05lkzmZTJj0vU, "
Mui Lay,Chưa xét,Khu dân cư,Không có giá,"Vịnh Mốc, Vĩnh Thạch, Vĩnh Linh, Quảng Trị",Quảng Trị,không có đánh giá,"https://lh3.googleusercontent.com/p/AF1QipOu9feZIoN0EX-LFfaimfONThSzx8ha2rinlW5W, https://lh3.googleusercontent.com/p/AF1QipPoti0nUGpsd1D6_Pis5PATBfp05lkzmZTJj0vU, "
tt. Lăng Cô,Chưa xét,Khu dân cư,Không có giá,"Phú Lộc, Thừa Thiên Huế",Quảng Trị,không có đánh giá,"https://lh3.googleusercontent.com/p/AF1QipOjJMWQC7Jk1E_WznPjULvs4JOa68-_FA7jO5Uf, https://lh3.googleusercontent.com/p/AF1QipPh-HEnwBvx9k2mUgye-Xlqf2bIoLEEKbrZXJlH, "
Gio Linh,Chưa xét,Administrative Area2,Không có giá,Quảng Trị,Quảng Trị,không có đánh giá,"https://lh3.googleusercontent.com/p/AF1QipNV2GpFcxr2Gywb-CqO5u9ScpF89bh8YUrN5uY, https://lh3.googleusercontent.com/p/AF1QipNzS1ojNdib96e_JXtFtcthmRmjIMpPD9qXoohI, "
Sân bay Tà Cơn,Chưa xét,Khu đất khép kín,Không có giá,"Tân Hợp, Hướng Hóa, Quảng Trị",Quảng Trị,không có đánh giá,"https://lh3.googleusercontent.com/p/AF1QipNyZ1mLdCAEMbUJKaQT6yJoSRIDBycC-i0Bhtxw, https://lh3.googleusercontent.com/p/AF1QipONawvSxKfIY2z3FzKme8QY92l2QC3lc-eK5B5H, "
Chùa Sắc Tứ Tịnh Quang,4.6,Chùa phật giáo,Không có giá,"235 Lê Duẩn, TT. ái Tử, Triệu Phong, Quảng Trị",Quảng Trị,96,"https://lh3.googleusercontent.com/p/AF1QipPUAiSRA7dwyHc4zhlkLa5dCFZ6qq1NzqRqcbc3, https://lh3.googleusercontent.com/p/AF1QipPzPtPXSUAY79XKBiyu6OFRk5riea3435RGlYSw, "
Bảo Tàng Tỉnh Quảng Trị,4.3,Bảo tàng,Không có giá,"08 Nguyễn Huệ, Phường 1, Đông Hà, Quảng Trị",Quảng Trị,89,"https://lh3.googleusercontent.com/p/AF1QipO4VCtKiZtg5L3ovKaIBpP-ZyLhOLdOVjaHqnK6, https://lh3.googleusercontent.com/p/AF1QipO5bXQOZxChUGmwNDhV7KzVoy0OCyAwtty991MS, "
tt. Lao Bảo,Chưa xét,Khu dân cư,Không có giá,"Hướng Hóa, Quảng Trị",Quảng Trị,không có đánh giá,"https://lh3.googleusercontent.com/p/AF1QipOyVd_x1X2MfG0fTbMhbHp7ZxuN8-zlnejR0GlI, https://lh3.googleusercontent.com/p/AF1QipM19llzVzUg-Rpg52Lv2bFApnmh7g3GwvnmvI81, "
Bún Hến Mai Xá,4.3,Nhà hàng,Không có giá,"Xóm Soi, Gio Linh, Quảng Trị",Quảng Trị,129,"https://lh3.googleusercontent.com/p/AF1QipOaIVdL1KB87kZuGvzyW2Rwl8_sm92aICJ5O6Wa, https://lh3.googleusercontent.com/p/AF1QipPEblPW_F54V6mIJlz3PSVIOBRpCWhXuyqV4hvs, "
Thành phố Đông Hà,Chưa xét,Tổ dân phố,Không có giá,"Đông Hà, Quảng Trị",Quảng Trị,không có đánh giá,"https://lh3.googleusercontent.com/p/AF1QipO7R0igSto3BMg6j4a0SUspDmoJLOIQFke1jFUU, https://lh3.googleusercontent.com/p/AF1QipPt4JRvmmgV18JENWIeFlCwdDG9Ze29FNtyDxQZ, "
Bãi tắm Mũi Trèo,4.8,Điểm thu hút khách du lịch,Không có giá,"33XV+XH2, Unnamed Road, Vĩnh Kim, Vĩnh Linh, Quảng Trị",Quảng Trị,19,"https://lh3.googleusercontent.com/p/AF1QipNDyyrb6wwUjV09XqXQn7QkLdtgnsu1Jt7wYK3R, https://lh3.googleusercontent.com/p/AF1QipM1nh1oOnyFllUFcXlg9fjDse-RC2KW3JIs_k2v, "
Hướng Hóa,Chưa xét,Administrative Area2,Không có giá,Quảng Trị,Quảng Trị,không có đánh giá,"https://lh3.googleusercontent.com/p/AF1QipNZaxCvSMCSebNTI62IIXzC-GAHhpK86i-Tv1d4, https://lh3.googleusercontent.com/p/AF1QipMt-eOnPYHeUl4WHGI4SiexfJY0KApMQFic8zc, "
Cầu Hiền Lương,Chưa xét,Tuyến đường,Không có giá,Quảng Trị,Quảng Trị,không có đánh giá,"https://lh3.googleusercontent.com/p/AF1QipOc_cnMUL7lHZG6fSX2LFOaV0Jev0pZQYcZRcsG, https://lh3.googleusercontent.com/p/AF1QipMFF9je-gEf7ZFk6H8K9MJksT-3dHwsw5Lm7Ur7, "
Triệu Phong,Chưa xét,Administrative Area2,Không có giá,Quảng Trị,Quảng Trị,không có đánh giá,"https://lh3.googleusercontent.com/p/AF1QipMQwMHhuXSuPMCBcY1dp3ue8h6L3KnWru5E3bVa, https://lh3.googleusercontent.com/p/AF1QipP6siftoxYtCjVSO03aw8RtM7X6dha2L9LXIvM0, "
Truông Nhà Hồ,Chưa xét,Điểm thu hút khách du lịch,Không có giá,"3XMR+8WQ, Vĩnh Tú, Vĩnh Linh, Quảng Trị",Quảng Trị,không có đánh giá,"https://lh3.googleusercontent.com/p/AF1QipNJfiT3ht2PbtKLF8ioMAXtqAuTkZmiux5BRToo, https://lh3.googleusercontent.com/p/AF1QipMWFUEzR5kG5FCtbtlvV_RrvhxxwXJKZNbFXRT-, "
La Vang,Chưa xét,Khu dân cư,Không có giá,"Phú Hưng, Hải Phú, Hải Lăng, Quảng Trị",Quảng Trị,không có đánh giá,"https://lh3.googleusercontent.com/p/AF1QipMlcq8ONE3gRmbsBXskZEey4HlE8qkvwnuxtIyz, https://lh3.googleusercontent.com/p/AF1QipOWpyBT9dFZxrPvqa7NggiPaqsqvI6dlBTHzF6h, "
Khu Danh thắng Dak Rông,4.0,Điểm thu hút khách du lịch,Không có giá,"MR59+P7C, Đa Krông, Quảng Trị",Quảng Trị,75,"https://lh3.googleusercontent.com/p/AF1QipNkFFD4JYLPQEbyVPCs0pIZHyz34iBe8HfpSpQE, https://lh3.googleusercontent.com/p/AF1QipNcnOymw4Yqqb3aAB6Yzj_8bXPtPDpnjIGlE4mK, "
Hải Lăng,Chưa xét,Khu dân cư,Không có giá,"Hải Lăng, Quảng Trị",Quảng Trị,không có đánh giá,"https://lh3.googleusercontent.com/p/AF1QipNcnOymw4Yqqb3aAB6Yzj_8bXPtPDpnjIGlE4mK, https://lh3.googleusercontent.com/p/AF1QipPhYm-CLpF7VIzuKJtXtgZwgZIFs_zj8KaW5DOT, "
Đèo Sa Mù,Chưa xét,Tuyến đường,Không có giá,"Hướng Hóa, Quảng Trị",Quảng Trị,không có đánh giá,"https://lh3.googleusercontent.com/p/AF1QipN5g5sa9YzoqJJhPsZirAWu5Rc5GxFhnFi6IO7k, https://lh3.googleusercontent.com/p/AF1QipNK0gnMTuLJXdXUGou-AikCErzkvDFBHen3m0yE, "
Vương Cung Thánh Đường Đức Mẹ La Vang,4.8,Vương cung thánh đường,Không có giá,"P54W+58Q, Hải Phú, Hải Lăng, Quảng Trị",Quảng Trị,362,"https://lh3.googleusercontent.com/p/AF1QipN5g5sa9YzoqJJhPsZirAWu5Rc5GxFhnFi6IO7k, https://lh3.googleusercontent.com/p/AF1QipNK0gnMTuLJXdXUGou-AikCErzkvDFBHen3m0yE, "
Suối nước nóng Klu,3.8,Điểm thu hút khách du lịch,Không có giá,"MR69+35F, Đa Krông, Quảng Trị",Quảng Trị,63,"https://lh3.googleusercontent.com/p/AF1QipMOJlnhq2JohlUrtu2u8p2pALHyJ1NHnj30C7jA, https://lh3.googleusercontent.com/p/AF1QipPw0gR0NzJVA9gluOzTbhGuj3xpDwLY7wMgoglD, "
Thác Ồ Ồ,4.2,Điểm thu hút khách du lịch,Không có giá,Không có địa chỉ cụ thể,Quảng Trị,không có đánh giá,"https://lh3.googleusercontent.com/p/AF1QipMYwuZOeK1jEo_mznKJuLTevofXGe6-GBfOniEv, https://lh3.googleusercontent.com/p/AF1QipOD82s3BE7GJhsgHBtE6z3WcFW-Uim6vVS5aSRN, "
Chùa Dơi,4.2,Chùa,Không có giá,"418 Văn Ngọc Chính, khóm 9, Sóc Trăng",Sóc Trăng,3.430,"https://lh3.googleusercontent.com/p/AF1QipMhM9zIp76bxOl3NHrKvdKyaeLbjbdFKyfTVwU3, https://lh3.googleusercontent.com/p/AF1QipOihF857d76A1vE6Gu0PQWv8NsQmfKH_ObeYgJ5, "
Chùa Quan Âm Linh Ứng (Phật Học 2),4.6,Chùa phật giáo,Không có giá,"J2GC+MJ4, khóm 1, Sóc Trăng",Sóc Trăng,1.823,"https://lh3.googleusercontent.com/p/AF1QipMhM9zIp76bxOl3NHrKvdKyaeLbjbdFKyfTVwU3, https://lh3.googleusercontent.com/p/AF1QipOihF857d76A1vE6Gu0PQWv8NsQmfKH_ObeYgJ5, "
Chùa Khleang,4.6,Chùa,Không có giá,"53 Tôn Đức Thắng, Phường 6, Long Phú, Sóc Trăng",Sóc Trăng,42,"https://lh3.googleusercontent.com/p/AF1QipPyqN_DpbINifGpBLg4PXI8F0I5A5wtCOMiSNub, https://lh3.googleusercontent.com/p/AF1QipM0EkCGpQ2isSDnnh9ccTEvLMa6hy238fZSTvfy, "
Chùa Som Rong,4.7,Chùa phật giáo,Không có giá,"367 Tôn Đức Thắng, Phường 5, Tp. Sóc Trăng, Sóc Trăng",Sóc Trăng,375,"https://lh3.googleusercontent.com/p/AF1QipPyQcHKwiPAQm9KD85d4AiD216iTgm5heCzYuVw, https://lh3.googleusercontent.com/p/AF1QipOnwBtB0NzbiIcsrb_6jelOZhAfniUzbQwX_vFc, "
Phòng trưng bày Văn hóa Khmer,4.4,Bảo tàng dân tộc học,Không có giá,"53 Tôn Đức Thắng, Phường 6, Sóc Trăng",Sóc Trăng,205,"https://lh3.googleusercontent.com/p/AF1QipPQnpXiS_vuOZWn-s2lMFyfIcqfQWCmMEBuncY, https://lh3.googleusercontent.com/p/AF1QipNW7714LGyvvXk8rDvYsPrZI4Vvm9ULmQkFknud, "
Thiền viện Trúc Lâm Sóc Trăng,4.4,Chùa phật giáo,Không có giá,"69 Đ. Trần Nhân Tông, Phường 2, Sóc Trăng",Sóc Trăng,207,"https://lh3.googleusercontent.com/p/AF1QipMWgm7o1DLvutJ6GMJSOuAx5r1LBdcGsgH5LZ9t, https://lh3.googleusercontent.com/p/AF1QipNjl8LsUhwBS4CICt029jHjXYgKvvv11Qsg9zsC, "
Chùa Sà Lôn (Chùa Chén Kiểu),4.4,Chùa phật giáo,Không có giá,"GWQC+64G, QL1A, Đại Tâm, Mỹ Xuyên, Sóc Trăng",Sóc Trăng,2.920,"https://lh3.googleusercontent.com/p/AF1QipMze-ZJE9Dk0NYZBMaeiLKVNjl37ar6FVhtemu7, https://lh3.googleusercontent.com/p/AF1QipM9E6YYIrBE72dxrsyMZpQ0umym8wG3hvFucn-C, "
蓄臻- 和安會館- Chùa Ông Bổn-Hoà An Hội Quán,4.3,Nơi thờ cúng,Không có giá,"9A Nguyễn Văn Trỗi, Phường 1, Sóc Trăng",Sóc Trăng,94,"https://lh3.googleusercontent.com/p/AF1QipMO1fLiLLLr0Xi7Vop4RwPNhIJI3cT5nhfDeMXU, https://lh3.googleusercontent.com/p/AF1QipOebOEjrbY_9UKjaZkEQ5w6BeOIaVpQ0QHOLkAm, "
Chùa Đất Sét (Bửu Sơn Tự),4.3,Chùa,Không có giá,Không có địa chỉ cụ thể,Sóc Trăng,không có đánh giá,"https://lh3.googleusercontent.com/p/AF1QipOBqET9Ae9zOYaLi0FiL8zHbUPxlXa03L5JPy7g, https://lh3.googleusercontent.com/p/AF1QipNNOG_rEbF1tXrwvJo142DPclOWTJamiCOkWSDC, "
Chùa La Hán,4.5,Chùa phật giáo,Không có giá,"63/8 Đ. Phạm Ngọc Thạch, Phường 8, Sóc Trăng",Sóc Trăng,114,"https://lh3.googleusercontent.com/p/AF1QipPinhlFX6fo7c9uHgd1X3IA3SPS55MzdSGBJ3LA, https://lh3.googleusercontent.com/p/AF1QipMwuLNCtrFl7ZE1RHPOOieFG-1yWOXC2VpK2xDF, "
Chợ nổi Ngã Năm,4.2,Chợ nổi,Không có giá,"HH8W+XVG, TT. Ngã Năm, tx. Ngã Năm, Sóc Trăng",Sóc Trăng,41,"https://lh3.googleusercontent.com/p/AF1QipNcwKaQiv2ByIUm5S0Rb4-0Dowd5yW4WTANBtqX, https://lh3.googleusercontent.com/p/AF1QipNZDT2q4s2-YSLW5nqLHrdmMriDG9fG-3twBN6q, "
Chùa Vĩnh Hưng 永興寺,4.7,Chùa phật giáo,Không có giá,"110 Trần Hưng Đạo, Phường 2, Sóc Trăng",Sóc Trăng,79,"https://lh3.googleusercontent.com/p/AF1QipPXl3_IgnECAdHJZCYq0trWzpV44ZTts53gtdjN, https://lh3.googleusercontent.com/p/AF1QipPMkJWSUZfmLRllZArPMO44B-ENIBM413ZnGqPx, "
Cồn Mỹ Phước,4.5,Đảo,Không có giá,"Nhơn Mỹ, Kế Sách, Sóc Trăng",Sóc Trăng,46,"https://lh3.googleusercontent.com/p/AF1QipNf16pD_EQwcqpD-PMF5ra8X9KGqxBbB2vkgxyn, https://lh3.googleusercontent.com/p/AF1QipPtIAkIKRCdjYgKufost9fvcPlJ8EGx9aHZ-8PX, "
Chùa Phật học,4.5,Chùa phật giáo,Không có giá,"138 Trần Hưng Đạo, khóm 2, Sóc Trăng",Sóc Trăng,315,"https://lh3.googleusercontent.com/p/AF1QipOnqEjkzjp7oRV3JAlVL8NmdWe08v-2jUjIDoZK, https://lh3.googleusercontent.com/p/AF1QipPXVeg8M8vUEgRUaK_dMRUV4lHlxC4ylN92Zutv, "
Vườn Cò Tân Long,3.8,Điểm thu hút khách du lịch,Không có giá,"GJQV+RP9, Long Bình, tx. Ngã Năm, Sóc Trăng",Sóc Trăng,89,"https://lh3.googleusercontent.com/p/AF1QipMC5dz5M4pvzUcLHtYYjdt52eL10HFw26ooMAyw, https://lh3.googleusercontent.com/p/AF1QipPuP8feX1Whh8yhHu96IsIx0VcBPw53kHMhsew_, "
Chùa Pem Buôl,4.8,Chùa phật giáo,Không có giá,"665 Phạm Hùng, Phường 8, Sóc Trăng",Sóc Trăng,10,"https://lh3.googleusercontent.com/p/AF1QipMJLYl8ZJH458b37cF01NFnbemFWWmyy5QDHmdU, https://lh3.googleusercontent.com/p/AF1QipNAKhuGkN5VjHgf0DJowKEhi-v4RzKluBTr5p_c, "
Đường Hoa Kèn Hồng,4.5,Điểm thu hút khách du lịch,Không có giá,"đường HÙNG VƯƠNG, Thị Trấn Châu Thành, Châu Thành, Sóc Trăng",Sóc Trăng,191,"https://lh3.googleusercontent.com/p/AF1QipMly5Wc-puQIti4xIkgjJeCQMa1Ngv75YgnL2Em, https://lh3.googleusercontent.com/p/AF1QipPKlk6yGkGuAs1hFBJzGGKQpbaVTvpfAmR7j5e0, "
Chùa Bốn Mặt,4.4,Chùa phật giáo,Không có giá,"MW8W+394 h, Phú Tân, Châu Thành, Sóc Trăng",Sóc Trăng,214,"https://lh3.googleusercontent.com/p/AF1QipN7KL4U33euDXdbWKNV90IxTHo2cgzVe9_t8-cU, https://lh3.googleusercontent.com/p/AF1QipP6scXNrczZR3jZPEA6jRQlXauUaRZ_CrC_D2fv, "
Bãi biển Mỏ Ó,4.0,Bãi biển,Không có giá,"Trung Bình, Sóc Trăng",Sóc Trăng,88,"https://lh3.googleusercontent.com/p/AF1QipODC0j4xI8mzkt38MzuKLs4E_OwpsKLC1-RHLGG, https://lh3.googleusercontent.com/p/AF1QipM707lAhklVaUEcx1ilGNyC2oLjyMhSgyDmXfQ, "
Khu du lịch sinh thái Hồ Bể,3.8,Điểm thu hút khách du lịch,Không có giá,"9536+985, Vĩnh Hải, Vĩnh Châu, Sóc Trăng",Sóc Trăng,861,"https://lh3.googleusercontent.com/p/AF1QipM61lZqXlTXfdYHE4AbovPQ4zNRR9lhSETwNf62, https://lh3.googleusercontent.com/p/AF1QipN35FkNzkGzv3R_uyLHx45CmPXOlhl0vdqrPmVO, "
Cù Lao Dung,Chưa xét,Administrative Area2,Không có giá,Sóc Trăng,Sóc Trăng,không có đánh giá,"https://lh3.googleusercontent.com/p/AF1QipP-0fiRv5cUmo65Ds18qLTX1ugHmIs6wOovwunT, https://lh3.googleusercontent.com/p/AF1QipMM0MOI-ln51L0WPG4PCxPO9S4fOxaWGEj77447, "
Bãi biển Hồ Bể - Vĩnh Châu,3.9,Công viên,Không có giá,"Vĩnh Hải, Tx. Vĩnh Châu, Sóc Trăng",Sóc Trăng,25,"https://lh3.googleusercontent.com/p/AF1QipP-0fiRv5cUmo65Ds18qLTX1ugHmIs6wOovwunT, https://lh3.googleusercontent.com/p/AF1QipMM0MOI-ln51L0WPG4PCxPO9S4fOxaWGEj77447, "
Chùa Bà Thiên Hậu Quảng Đông 廣肇天后古廟,4.6,Điện thờ,Không có giá,Không có địa chỉ cụ thể,Sóc Trăng,không có đánh giá,"https://lh3.googleusercontent.com/p/AF1QipNQ5NSLf5nwI3i2L6iJzopi5-8zC4XLmh8PFv9i, https://lh3.googleusercontent.com/p/AF1QipMK8rG2ivkvko7U8wftI2-hgmdz9N0UI921IVFV, "
Căn cứ Tỉnh ủy Sóc Trăng (Rừng tràm Mỹ Phước),4.4,Bảo tàng lịch sử,Không có giá,"HQC2+PM, Mỹ Tú, Sóc Trăng",Sóc Trăng,33,"https://lh3.googleusercontent.com/p/AF1QipO8FDV6mc3hkrcyLxIIkskHbltlFIedHvH1VWTH, https://lh3.googleusercontent.com/p/AF1QipNBGm42YD0XHbmAkZhEMRq6IhKJNnRBzgLVLmyX, "
Di tích Nhà tù Sơn La,4.3,Điểm mốc lịch sử,Không có giá,"Khau Cả, P. Tô Hiệu, Sơn La",Sơn La,1.932,"https://lh3.googleusercontent.com/p/AF1QipMxwbzIotGQw4GaYtVVDryZRsyMtWDUuG6Y7Ww_, https://lh3.googleusercontent.com/p/AF1QipMnixf-yty6rrfcT5y9IzaMgc8Q54GX4kLARvj2, "
Thác Dải Yếm,4.2,Điểm thu hút khách du lịch,Không có giá,"RH8R+3WM, QL43, Mường Sang, Mộc Châu, Sơn La",Sơn La,1.378,"https://lh3.googleusercontent.com/p/AF1QipMxwbzIotGQw4GaYtVVDryZRsyMtWDUuG6Y7Ww_, https://lh3.googleusercontent.com/p/AF1QipMnixf-yty6rrfcT5y9IzaMgc8Q54GX4kLARvj2, "
Rừng Thông Bản Áng,Chưa xét,Tuyến đường,Không có giá,"Đông Sang, Mộc Châu, Sơn La",Sơn La,không có đánh giá,"https://lh3.googleusercontent.com/p/AF1QipN65r1Gmh4352pCmEXU9QvClP7oJiiPiRK0q6gn, https://lh3.googleusercontent.com/p/AF1QipOMonNzxH7egsskHMXp1EwpvBLVxmpEXZqOledr, "
Đỉnh Pha Luông,4.6,Điểm thu hút khách du lịch,Không có giá,"MJFJ+GG6, Chiềng Sơn, Mộc Châu, Sơn La",Sơn La,312,"https://lh3.googleusercontent.com/p/AF1QipMguDz-ELfj6TzB4vRZamZTsn_aiYOcDZ3a28c4, https://lh3.googleusercontent.com/p/AF1QipNiJvT9C0h66I8NqzRll1XWQf7XW4crgfkY3vX-, "
Thung lũng Mận Nà Ka,4.4,Điểm thu hút khách du lịch,Không có giá,"ĐT104, TT. NT Mộc Châu, Mộc Châu, Sơn La 360000",Sơn La,1.762,"https://lh3.googleusercontent.com/p/AF1QipPW529AYvcmvItzOPTaN4P55ICP560ESjdibLg, https://lh3.googleusercontent.com/p/AF1QipOc8WTv0EmmLs0LCtF0PiUM_-ZqSaDxEQWVtH6d, "
Ngũ Động Bản Ôn,4.2,Điểm thu hút khách du lịch,Không có giá,"VPF6+7M9, TT. NT Mộc Châu, Mộc Châu, Sơn La",Sơn La,178,"https://lh3.googleusercontent.com/p/AF1QipMMubfOwJ-G8B4RmvdJ2QZgZER15SORJ4eHZftb, https://lh3.googleusercontent.com/p/AF1QipMNKe1ge79NYll87gwvOx1hL2cbfL8Kh2gJc6eZ, "
Cao nguyên Mộc Châu,4.3,Cao nguyên,Không có giá,"Hua Păng, Mộc Châu, Sơn La",Sơn La,18,"https://lh3.googleusercontent.com/p/AF1QipPKOYFtfCt0o_gzNYIxdHDCbH3W_5Pyg0OpmAes, https://lh3.googleusercontent.com/p/AF1QipM7AiyOQ8Jmn_zNnTU3jec10TsPtRKCfMjD5ZfI, "
Nhà máy thủy điện Sơn La,Chưa xét,Đập,Không có giá,"FXWW+XHF, ít Ong, Mường La, Sơn La",Sơn La,không có đánh giá,"https://lh3.googleusercontent.com/p/AF1QipNfZwMaVg_h_B8w68J4oOIVmZvf9xBfKw6N6Vyj, https://lh3.googleusercontent.com/p/AF1QipMH3XCqfsUmVv5ad_fOHBXNhW1jt_K7qMHpLaZ1, "
Văn Bia Quế Lâm ngự chế,4.4,Điểm mốc lịch sử,Không có giá,"56 Lò Văn Giá, P. Chiềng Lề, Sơn La",Sơn La,48,"https://lh3.googleusercontent.com/p/AF1QipOWKbNWrcmkTJ-8fvp1YzIzwNHocfOv1-wMtsTu, https://lh3.googleusercontent.com/p/AF1QipMb0-ATTf9KOuX81utk1bFdJENNjpIW5zEeQmGC, "
Đồi Chè Mộc Châu,4.4,Điểm thu hút khách du lịch,Không có giá,"552 Thảo Nguyên, Phiêng Luông, Mộc Châu, Sơn La",Sơn La,177,"https://lh3.googleusercontent.com/p/AF1QipNrbMkG78Rme6V1irtfrxCuNFdNjXgjrPigE8Mj, https://lh3.googleusercontent.com/p/AF1QipMFhDknLo3j-9ZLYO6jUAJ_AlovT7W66y2nBzSh, "
Tà Xùa,Chưa xét,Administrative Area3,Không có giá,"Bắc Yên, Sơn La",Sơn La,không có đánh giá,"https://lh3.googleusercontent.com/p/AF1QipMtAzDkoIVJ6Iz3GLwePthfokI7BdhJHP4PLyn6, https://lh3.googleusercontent.com/p/AF1QipOs15DuW0YzYWBXS23iCnQYo755xGNzDQqYQq92, "
Chùa Trúc Lâm Hưng Quốc,4.5,Chùa phật giáo,Không có giá,"7X9V+RJQ, Chiềng Sinh, Sơn La, 360000",Sơn La,209,"https://lh3.googleusercontent.com/p/AF1QipOfpFRurFm9SQDgu3SuD0nRzB5CM-dQe1hvL_PT, https://lh3.googleusercontent.com/p/AF1QipNwFY61Gn-ZVTBDEQQOjEOcS7D3S02TUCXj2wk2, "
Hang Dơi,4.1,Điểm thu hút khách du lịch,Không có giá,"QL6, TT. Mộc Châu, Mộc Châu, Sơn La",Sơn La,1.195,"https://lh3.googleusercontent.com/p/AF1QipNLwaRdkbbgdl6KOybNtv5yhZEKgLSp39CFE_oc, https://lh3.googleusercontent.com/p/AF1QipPA9LwQOdeIgLZo1H_4QWivaudTXM6s56O6yW8V, "
Khu Du Lịch Suối Nước Nóng Bản Mong,3.8,Khách sạn,Không có giá,"7VQX+VXF, Nguyễn Văn Linh, Hua La, Sơn La",Sơn La,153,"https://lh3.googleusercontent.com/p/AF1QipMO0vLNocAmguBOzIQDktnmO7nMOMmPfTM4zOes, https://lh3.googleusercontent.com/p/AF1QipNHUIB3RiLxsiF-PFBgvAaKwQufe8itucrJnmCh, "
Đỉnh Tà Xùa,4.7,Điểm thu hút khách du lịch,Không có giá,"Bản Công, Bắc Yên, Sơn La",Sơn La,126,"https://lh3.googleusercontent.com/p/AF1QipO2g3HjrTtgIJsnoAR0i8S1UqoAT0V9jACtbJmt, https://lh3.googleusercontent.com/p/AF1QipO7_w3Y_u2jfIDYJ9b4RfkDxZln-ez8UxqCuesW, "
Thác 7 tầng chiềng khoa,4.5,Điểm thu hút khách du lịch,Không có giá,"Chiềng Khoa, Vân Hồ, Sơn La",Sơn La,443,"https://lh3.googleusercontent.com/p/AF1QipPogIR6Td_OcLSztJCl_n9qVkbzvgDz74AzMSs4, https://lh3.googleusercontent.com/p/AF1QipMjJ8gO57ZG2x4Paj4DECpwHyt_NnxREI_vZn1O, "
Thuông Cuông,Chưa xét,Khu dân cư,Không có giá,"Vân Hồ, Sơn La",Sơn La,không có đánh giá,"https://lh3.googleusercontent.com/p/AF1QipMK36NvVwaNuB8XZjCLRtGiNrwX_CUO-06zte_-, https://lh3.googleusercontent.com/p/AF1QipMxQ2JBfY26FKyFgxHaYgA2jx3K9J8m9rPKUBC5, "
Mộc Châu,Chưa xét,Administrative Area2,Không có giá,Sơn La,Sơn La,không có đánh giá,"https://lh3.googleusercontent.com/p/AF1QipNz0pnv5Z8CZBU--Ba-gxaEzymLE6F3-y9fxR3Z, https://lh3.googleusercontent.com/p/AF1QipND2CY2gEUESJSmppG_ldm2bx0s_xQN7zbN8-i-, "
Xím Vàng,Chưa xét,Khu dân cư,Không có giá,Không có địa chỉ cụ thể,Sơn La,không có đánh giá,"https://lh3.googleusercontent.com/p/AF1QipPto6ek20pL3BBh-ZujRWPzpojLI2z0y0AVi7jt, https://lh3.googleusercontent.com/p/AF1QipPeKlfspXVT46pGCEjR0WP2MLGiQ4raXGHfR6rL, "
Ngọc Chiến,Chưa xét,Khu dân cư,Không có giá,"Mường La, Sơn La",Sơn La,không có đánh giá,"https://lh3.googleusercontent.com/p/AF1QipODsu-VG5Cip_DyvxLRu3SjeUa8teZx_8Qrg1Bu, https://lh3.googleusercontent.com/p/AF1QipPIawnEb5-rrhdZF4h1mQ9Qz4W_EkNDeL_gp1YE, "
Hồ Chiềng Khoi,4.5,Hồ,Không có giá,"Chiềng Khoi, Yên Châu, Sơn La",Sơn La,24,"https://lh3.googleusercontent.com/p/AF1QipN8JTULSaOthPtEHpU23gveAmWj2HM9wDP4wOo, https://lh3.googleusercontent.com/p/AF1QipPPFmJsChhALox5VhloP_tU-FmM9GxQLZpmFks, "
Đồi chè Trái Tim,4.2,Điểm thu hút khách du lịch,Không có giá,"Unnamed, Road, Mộc Châu, Sơn La",Sơn La,1.318,"https://lh3.googleusercontent.com/p/AF1QipN8JTULSaOthPtEHpU23gveAmWj2HM9wDP4wOo, https://lh3.googleusercontent.com/p/AF1QipPPFmJsChhALox5VhloP_tU-FmM9GxQLZpmFks, "
Moc Chau Island - Mountain Park and Resort,4.3,Khách sạn nghỉ dưỡng,Không có giá,Không có địa chỉ cụ thể,Sơn La,không có đánh giá,"https://lh3.googleusercontent.com/p/AF1QipMe6BGwyYdUZo2drNSavu_ZUyXbfru7mvlvG0VB, https://lh3.googleusercontent.com/p/AF1QipOMcWvKhihCzK9vhw2LFQWuweaLZpUSKL10Ztjl, "
Nhà văn hóa cộng đồng bản lướt ngọc chiến,5.0,Hội họp,Không có giá,"J6WQ+GF9, Ngọc chiến, Mường La, Sơn La",Sơn La,4,"//lh3.googleusercontent.com/proxy/fBYlfBbz3HzM3y8sTUxqRi5oSTr3h9gHRZfSf3R9AJK_oFvyMIRPfINyldcnVh3QYtuzdtDpi7AYvgirXUc6xzS6NaVXwlvZnFIwTD8rcB7i_tNGVxdhiSO7dkhsHw89cZZdPlnxcF144YiPMx5AtyYJ0GSwfmo, //lh3.googleusercontent.com/proxy/lPJwX3fCyd_ukKMB8319-Z3GOU_dtTc-dOslriotrfC3aToGBGgjnPVbQq7n_frvySmteDTMGlJwKp-42TbPQShEt8mfKBVHJ-TXAVdF58-GkCTTkI6tboEuVnMwKFnqGvu_5yfhPbxwNxCS2u4Z-oz7wcv35A, "
Hang A Phủ,4.5,Điểm thu hút khách du lịch,Không có giá,"5CVX+XV9, Hồng Ngài, Bắc Yên, Sơn La",Sơn La,12,"https://lh3.googleusercontent.com/p/AF1QipPVWCrWpMR4VnTVnJkGZb4v3fwERge7Xdj0yJHZ, https://lh3.googleusercontent.com/p/AF1QipNvEwNSbPktoV5zmmXKmsbr-OHIgsRTuMjflqhP, "
Hang Động Chi Đảy,5.0,Điểm thu hút khách du lịch,Không có giá,"25CF+3V3, Yên Sơn, Yên Châu, Sơn La",Sơn La,1,"https://lh3.googleusercontent.com/p/AF1QipMEpyyFHz3v-vGReBB1q4zG839AtY0z9FPovn0A, https://lh3.googleusercontent.com/p/AF1QipPJQ63g2po7QNPpaVdL6BqY7jTDYBQQ3uA_fKyR, "
Hồ Tiền Phong,4.4,Hồ,Không có giá,"Mai Sơn, Sơn La",Sơn La,53,"https://lh3.googleusercontent.com/p/AF1QipPG3ggJx2_sw3gR-pv_kQbo_-F7YhwkmVsOnnxJ, https://lh3.googleusercontent.com/p/AF1QipPBF6zscoUTmT5qKpon9ut-0BXcXyX_U_HKdhLT, "
Deo Pha Din,4.5,Đường vượt núi,Không có giá,"Bá Khâm, Mường É, Thuận Châu, Sơn La",Sơn La,259,"https://lh3.googleusercontent.com/p/AF1QipNKemcUVP5CNQ9j79nb09nJQSiiEycQU9S4HDbJ, https://lh3.googleusercontent.com/p/AF1QipO0YZERnqBcrMWL_AbICI0a6UVuW-9utsdMeOE, "
Pá Phách,Chưa xét,Khu dân cư,Không có giá,"Đông Sang, Mộc Châu, Sơn La",Sơn La,không có đánh giá,"https://lh3.googleusercontent.com/p/AF1QipNZWd-IIsgKjXpaeaHbYPmdF7seHQaPHEoPXNTv, https://lh3.googleusercontent.com/p/AF1QipPqlRiyKXKoFfB_pfKb_ZGwa7r-C8MpwILG42Dh, "
Hồng Ngài,Chưa xét,Khu dân cư,Không có giá,"Bắc Yên, Sơn La",Sơn La,không có đánh giá,"https://lh3.googleusercontent.com/p/AF1QipMQtqn9DczTQjLR-2fQFs-6z5TtM43n_kuUXxyf, https://lh3.googleusercontent.com/p/AF1QipPNBlbdb1-YpnTBQw1VuYmWOyV68d09r6FV713C, "
Tòa Thánh Tây Ninh,4.7,Nơi thờ cúng,Miễn phí,"Phạm Hộ Pháp, TT. Hoà Thành, Hoà Thành, Tây Ninh 80606",Tây Ninh,3.099,"https://lh3.googleusercontent.com/p/AF1QipOaGjIeodUM1Adm8FWj8leKmvwQ2dAbTA57TN98, https://lh3.googleusercontent.com/p/AF1QipOrs_Y25M1jS7Zt0JkEM7ZhgMQXcJTitsr9GQNJ, "
Khu du lịch Long Điền Sơn,4.0,Công viên xe dã ngoại,Không có giá,"08 Trần Phú, Ninh Sơn, Tây Ninh",Tây Ninh,1.128,"https://lh3.googleusercontent.com/p/AF1QipOaGjIeodUM1Adm8FWj8leKmvwQ2dAbTA57TN98, https://lh3.googleusercontent.com/p/AF1QipOrs_Y25M1jS7Zt0JkEM7ZhgMQXcJTitsr9GQNJ, "
núi Bà Đen,4.6,Đỉnh núi,Không có giá,"Thạnh Tân, Tây Ninh",Tây Ninh,5.288,"https://lh3.googleusercontent.com/p/AF1QipPdqcFljZilF5Jf_Y_awB63LlQLzNSlb_mBOHa-, https://lh3.googleusercontent.com/p/AF1QipPwNBZLkEqeHg49MDdhdeGfdmdVHdXBrNMpoyKt, "
Chùa Thiền Lâm (Gò Kén),4.6,Chùa phật giáo,Không có giá,"74F4+MHJ, Long Thành Trung, Hoà Thành, Tây Ninh",Tây Ninh,1.274,"https://lh3.googleusercontent.com/p/AF1QipMVT3tLF6yKVd7EapuR9lDsX7hCYO5lUbvz0guW, https://lh3.googleusercontent.com/p/AF1QipM8550x2ALA-R06xuoEALV1ps8300b2umZJfOWw, "
Vườn Quốc gia Lò Gò - Xa Mát,4.3,Công viên quốc gia,Không có giá,"235 QL22B, Thạnh Tây, Tân Biên, Tây Ninh",Tây Ninh,331,"https://lh3.googleusercontent.com/p/AF1QipNwEB1oLy-UedLpkzZHF4thpak2T1RTMIDbMCw0, https://lh3.googleusercontent.com/p/AF1QipOah_JkOTNljvY2Wh_xVnmerKV2voDsmeiMhq1y, "
Hồ Núi Đá,4.4,Điểm thu hút khách du lịch,Không có giá,"94PV+9FM, Vòng quanh khu du lịch Núi Bà, Thạnh Tân, Tây Ninh",Tây Ninh,1.028,"https://lh3.googleusercontent.com/p/AF1QipO9ZGFt1g7Cdxf9fAUzK7jPpGuBzAwpzvE2h59h, https://lh3.googleusercontent.com/p/AF1QipNa_hZd0Gzdn3Mp8_Lt4TChjiY387tPAEpysJiA, "
Hồ Dầu Tiếng,4.4,Hồ chứa nước,Không có giá,Không có địa chỉ cụ thể,Tây Ninh,1.058,"https://lh3.googleusercontent.com/p/AF1QipP-b-25Quv1TrCydBQ5HzunnHOmza1XfXjBBMqf, https://lh3.googleusercontent.com/p/AF1QipOmbk2sPjZyf2M5vv1di3TW_8ofi88UipDerh3j, "
Tháp Cổ Bình Thạnh,4.5,Điểm mốc lịch sử,Không có giá,"Ấp Bình Phú Xã, Trảng Bàng, Tây Ninh",Tây Ninh,256,"https://lh3.googleusercontent.com/p/AF1QipNbcWKiWbTol9KkNqS-dHFqKwD7Q43m6tzRl6D8, https://lh3.googleusercontent.com/p/AF1QipMX5cAbwmhR5ZJmundkNrUZIx7bhBJFAJklRuV7, "
Khu Di tích Căn cứ Trung ương Cục miền Nam,4.5,Bảo tàng,Không có giá,"P3MG+GMW, Tân Lập, Tân Biên, Tây Ninh",Tây Ninh,668,"https://lh3.googleusercontent.com/p/AF1QipMZGZQ1Rxl2LLfnRJabJmnkBWQ7WNmq0H5jorjg, https://lh3.googleusercontent.com/p/AF1QipMjGmYl1C8noY6nxgUt3w1oITySyur-Eo0ti-34, "
Ma Thiên Lãnh,Chưa xét,Tuyến đường,Không có giá,Không có địa chỉ cụ thể,Tây Ninh,không có đánh giá,"https://lh3.googleusercontent.com/p/AF1QipOlzmwDvTLSDp4MoQEE_viM4c2TF7NaCH3JBy5F, https://lh3.googleusercontent.com/p/AF1QipOnJ5M9QenRbVKQ5YFTKrtwTqmCAfmEWPg_6dAc, "
Meliá Vinpearl Tay Ninh,4.9,Khách sạn,Không có giá,"90 Lê Duẩn Block 5, Ward 3, Tây Ninh",Tây Ninh,không có đánh giá,"https://lh3.googleusercontent.com/p/AF1QipNS3rcZWNBtPKcLaOQvuliqIvKMvGqwEz4PxJTw, https://lh3.googleusercontent.com/p/AF1QipMAdNIWlUlcmuBRXs-6V1aqEE9Vt5OuFGYyZ53z, "
Tháp cổ Chót Mạt,4.3,Điểm mốc lịch sử,Không có giá,"F276+F3P, ấp Xóm Mới, Tân Phong, Tân Biên, Tây Ninh",Tây Ninh,129,"https://lh3.googleusercontent.com/p/AF1QipOc-nY_uD_uSQ6FphO0-Y9TbX-zmd7mRKlj_2C4, https://lh3.googleusercontent.com/p/AF1QipMhRiwna4J4AC81tI9ZUm1aoC0ozKzXDXKWz5Jr, "
Nông trại Nam Trạng,4.4,Farm bureau,Không có giá,"Thửa đất 381, tờ bản đồ số 8, xã Phan - núi Bà, Phan, Dương Minh Châu, Tây Ninh",Tây Ninh,32,"https://lh3.googleusercontent.com/p/AF1QipOXopyjp4ITfpeW7WYgYVp1UdQzBuQHdlPR0YNE, https://lh3.googleusercontent.com/p/AF1QipPUPntGJoqNw6N6Dw5e9v4mkNK7FH_QAt6QscM8, "
Khu du lịch SunWorld núi Bà Đen,4.6,Điểm thu hút khách du lịch,10.000 ₫,"Núi Bà Đen, khu phố Ninh Phú, phường, Tây Ninh",Tây Ninh,2.690,"https://lh3.googleusercontent.com/p/AF1QipPHFCpZcE_E8VymcUvOihOG1QKgidPGiZYV3EmD, https://lh3.googleusercontent.com/p/AF1QipOdgWru9Auiz-BrAgg36xTeo3uvM3lkYJLdBJim, "
Mộc Bài,Chưa xét,Khu dân cư,Không có giá,"Lợi Thuận, Bến Cầu, Tây Ninh",Tây Ninh,không có đánh giá,"https://lh3.googleusercontent.com/p/AF1QipNZ0YtadSPTPVSnXvzKxN-Ktto1Dumtp5mcRIaU, https://lh3.googleusercontent.com/p/AF1QipNZUg-IlGFSJChCcTL8OLEYrnJXuCPJDiCNVNJq, "
Vườn nho tây ninh,4.0,Vườn nho,Không có giá,"622, Ấp Phước Tân 2, xã Phan - núi Bà, Phan, Dương Minh Châu, Tây Ninh",Tây Ninh,73,"https://lh3.googleusercontent.com/p/AF1QipMazU585UnxqnLSm4frv4yXvQhn72AV0dYFzUyd, https://lh3.googleusercontent.com/p/AF1QipORaxdZMKbzD0OGxWnmLnKdLohZzV_1waB9X_hw, "
Núi Bà Đen,4.6,Điểm thu hút khách du lịch,Không có giá,"95MC+2GW, Thạnh Tân, Tây Ninh",Tây Ninh,10.441,"https://lh3.googleusercontent.com/p/AF1QipM8w6W1XsbkCpwe3RSke5Xwbc8dsEo1eUtWlE_G, https://lh3.googleusercontent.com/p/AF1QipM0llLeUJow8DH8dJAMT39xtaVAFcwL0_pGwars, "
Chùa Thái Sơn núi Cậu,4.5,Chùa phật giáo,Không có giá,"89W5+925, Định Thành, Dầu Tiếng, Bình Dương",Tây Ninh,2.127,"https://lh3.googleusercontent.com/p/AF1QipNbtdaT-hW3sNKCEDo1X_0hfLSZU9-koyDCYa2y, https://lh3.googleusercontent.com/p/AF1QipOai5Q9Lz6xyDfD04ZaJvuKiAD9ysWhs_a9CD6v, "
Di tích Chiến thắng Tua Hai,4.4,Điểm mốc lịch sử,Không có giá,"Tua Hai, Châu Thành, Tây Ninh",Tây Ninh,181,"https://lh3.googleusercontent.com/p/AF1QipOjJ9X64g02Zuh0DINUa6j_VpM-e-XeUtAwmnRu, https://lh3.googleusercontent.com/p/AF1QipNQfvWdmpRw5NYUcnXFTHWUujIvPkufE-rvmi9h, "
Vườn trái cây Gò Chùa,3.7,Quán cà phê,Không có giá,Không có địa chỉ cụ thể,Tây Ninh,không có đánh giá,"https://lh3.googleusercontent.com/p/AF1QipNcIROtWGkIv-j-ZcvK1DZyhQaeJp7T8HI9UEyN, https://lh3.googleusercontent.com/p/AF1QipPSqA0de9sIu9dfPTLGIVgaisCAh2OWWvuTecVg, "
Điện Bà Linh Sơn Thánh Mẫu,4.5,Điện thờ,Không có giá,"95GJ+57F, Thạnh Tân, Tây Ninh",Tây Ninh,2.607,"https://lh3.googleusercontent.com/p/AF1QipOqNO9hW9SCcFlDdLP_i5DydByovi_G2HOQWrIT, https://lh3.googleusercontent.com/p/AF1QipNMvUqOWsH9Y9ItUN9RdAcolY6Zk0UEkxBSl5Am, "
Tượng Phật Bà Tây Bổ Đà Sơn,4.7,Chùa phật giáo,Không có giá,"95MC+2C4, Unnamed Road, Thạnh Tân, Tây Ninh",Tây Ninh,925,"https://lh3.googleusercontent.com/p/AF1QipOqNO9hW9SCcFlDdLP_i5DydByovi_G2HOQWrIT, https://lh3.googleusercontent.com/p/AF1QipNMvUqOWsH9Y9ItUN9RdAcolY6Zk0UEkxBSl5Am, "
Chùa Linh Sơn Tiên Thạch Tự,4.7,Chùa phật giáo,Không có giá,"95GH+3MF, Unnamed Road, Thạnh Tân, Tây Ninh",Tây Ninh,35,"https://lh3.googleusercontent.com/p/AF1QipP7-ghjThdG3CfEPu0097HJW-YnddJL1LOBpFgJ, https://lh3.googleusercontent.com/p/AF1QipMcQxNOORE34HbLwVuILcJVpxM47d0yDviLd5la, "
núi Phụng,4.5,Đỉnh núi,Không có giá,"Thạnh Tân, Tp. Tây Ninh, Tây Ninh",Tây Ninh,15,"https://lh3.googleusercontent.com/p/AF1QipM3_UVDYmit-c5bFlbLesYI9OtDJq5RIsaoO9BM, https://lh3.googleusercontent.com/p/AF1QipOpTfYLL4j6Zx2bTIoe4H0BCUMNYqOli3YaPvMD, "
núi Heo,4.4,Đỉnh núi,Không có giá,"Thạnh Tân, Tp. Tây Ninh, Tây Ninh",Tây Ninh,42,"https://lh3.googleusercontent.com/p/AF1QipPxIhx0-sru_Suc0S9E1d5TFvuqRuUq3IYeqESV, https://lh3.googleusercontent.com/p/AF1QipPLpAIXj68iN_sen8FlkEL0mu1rBwonUTygiAoj, "
Suối Trúc,4.0,Điểm thu hút khách du lịch,Không có giá,"Định Thành, Dầu Tiếng, Bình Dương",Tây Ninh,1.349,"https://lh3.googleusercontent.com/p/AF1QipPa9npcai43WWOOpHrA6lNLro3KsvS1mftTyb3Y, https://lh3.googleusercontent.com/p/AF1QipPf6psWWbJl0vmCsTudvxH3TnwqDRrKnyiYq4P0, "
Chùa Keo Thái Bình,4.6,Chùa phật giáo,Không có giá,"Duy Nhất, Vũ Thư, Thái Bình",Thái Bình,2.956,"https://lh3.googleusercontent.com/p/AF1QipPuFKCqKaJxwYbGryNQhZ32z6VePp8dLTpYqEfZ, https://lh3.googleusercontent.com/p/AF1QipPQ62VVQ6xWOeXqytH02jcXBnLmWu4pjVvjU6nj, "
Khu Du Lịch Biển Đồng Châu,4.2,Điểm thu hút khách du lịch,Không có giá,"Đồng Châu, Tiền Hải, Thái Bình",Thái Bình,1.022,"https://lh3.googleusercontent.com/p/AF1QipPuFKCqKaJxwYbGryNQhZ32z6VePp8dLTpYqEfZ, https://lh3.googleusercontent.com/p/AF1QipPQ62VVQ6xWOeXqytH02jcXBnLmWu4pjVvjU6nj, "
Đền Đồng Bằng,4.5,Nơi thờ cúng,Không có giá,"An Lễ, Quỳnh Phụ, Thái Bình 410000",Thái Bình,716,"https://lh3.googleusercontent.com/p/AF1QipPXMlpkIVt9dlftTWJimKs0UbFvzWCmsoCZnQdS, https://lh3.googleusercontent.com/p/AF1QipOgDTusM_qSR2Sv2KM-6fiMcGsWmLEA9MwPHudi, "
Nhà thờ Giáo xứ Bác Trạch,4.7,Nhà thờ Công giáo,Không có giá,"9F8G+4RQ, Vân Trường, Tiền Hải, Thái Bình 410000",Thái Bình,663,"https://lh3.googleusercontent.com/p/AF1QipOKB9fGHvApDt257BlYC281DcuQQRtvOypNPWk2, https://lh3.googleusercontent.com/p/AF1QipNG-xJ2KrEAUwlnv34_B_cq527IQVETe4bj8w8h, "
Làng Nghề Chạm Bạc Đồng Xâm,4.6,Thợ chạm khắc đồ trang sức,Không có giá,"Đường làng Thượng Gia, Hồng Thái, Kiến Xương, Thái Bình",Thái Bình,48,"https://lh3.googleusercontent.com/p/AF1QipN8nuMJAjLfMvDjEZgF5FMMSBzyZv3Y85IhAAEt, https://lh3.googleusercontent.com/p/AF1QipO9OclKQfPQgYCm5bL7LHtWcEpmiNzwc5ImEqum, "
Đền Tiên La,4.6,Nơi thờ cúng,Không có giá,"Đoan Hùng, Hưng Hà, Thái Bình",Thái Bình,383,"https://lh3.googleusercontent.com/p/AF1QipP9PyYmB4FTauMyZ2Mo5_dm6z4wG3bAg41Dp_By, https://lh3.googleusercontent.com/p/AF1QipM9MQD2OMTlulhHq_Tw2lU2EZY7uiYbUbaFNVDn, "
Bãi biển cồn Đen,3.6,Bãi biển,Không có giá,"Thái Đô, Thái Bình",Thái Bình,280,"https://lh3.googleusercontent.com/p/AF1QipPpz7ktfzvBd9KXZNAPvK4HGD1lrkuIOjDiZ_6N, https://lh3.googleusercontent.com/p/AF1QipNf6HA_TmgqFxUczjKrJNCb63kb3aPJT2lUQyHP, "
Nhà Thờ Chính Toà Giáo Phận Thái Bình,4.7,Nhà thờ Công giáo,Không có giá,"F82V+WQ3, P. Lê Hồng, Thái Bình, 410000",Thái Bình,783,"https://lh3.googleusercontent.com/p/AF1QipMDzuri-yDHAw6oTXYT7ZwZliQDE98efnOb4tng, https://lh3.googleusercontent.com/p/AF1QipMpyRPJ88lH-c4Hn1CpSS4zZFhZ_h8VXykFa8Gv, "
Khu Du Lịch Biển Cồn Vành,3.9,Điểm thu hút khách du lịch,Không có giá,"Tiền Hải, Thái Bình",Thái Bình,3.507,"https://lh3.googleusercontent.com/p/AF1QipNOtB9G4eDEYyQxbh-Qkwhr3vbwRbxqIeLABWmH, https://lh3.googleusercontent.com/p/AF1QipMpJsffpP23YbxCVPFXBg-ppUCNwg0qesY0NLDF, "
Đền Thờ Thánh mẫu,Chưa xét,Nơi thờ cúng,Không có giá,"H9GC+FVF, thôn Trung, Đông Hưng, Thái Bình",Thái Bình,không có đánh giá,"https://lh3.googleusercontent.com/p/AF1QipNrbuKLuYNfCDBAhB6SVQvh3c0e0LOYql_ecML2, https://lh3.googleusercontent.com/p/AF1QipNtVAhNEDZuQcd6420bPb3FRE6gS1pBWx2bX-CU, "
Đền Trần Thái Bình,4.6,Điện thờ,Không có giá,"Tam Đường, Hưng Hà, Thái Bình",Thái Bình,537,"https://lh3.googleusercontent.com/p/AF1QipPf021fryn959jJNju_bnuARNOVd-DHXkfnARY, https://lh3.googleusercontent.com/p/AF1QipONpoNmtyosaTLF35Jl3wqc0S-LAEPeHqO32ecj, "
Đền A Sào,4.6,Điện thờ,Không có giá,"M9PW+WM4, Thôn A Sào, Quỳnh Phụ, Thái Bình",Thái Bình,133,"https://lh3.googleusercontent.com/p/AF1QipONpoNmtyosaTLF35Jl3wqc0S-LAEPeHqO32ecj, https://lh3.googleusercontent.com/p/AF1QipPXvn56MqnLoqFq7KEOfZ-fCjg-4JvGccjEH3rV, "
Bách Thuận,Chưa xét,Administrative Area3,Không có giá,"Bách Thuận, Vũ Thư, Thái Bình",Thái Bình,không có đánh giá,"https://lh3.googleusercontent.com/p/AF1QipOElGsMqcvqvYypBf1H9nEJE2LT45x3yHfRgM8a, https://lh3.googleusercontent.com/p/AF1QipMOJYGN8lAyPFlE_ayWWeI3ky5i8wWMaFM6CGju, "
Đền Cố Trạch,4.6,Nơi thờ cúng,Không có giá,"Trần Thừa, Lộc Vượng, Nam Định",Thái Bình,100,"https://lh3.googleusercontent.com/p/AF1QipNIu5ijMyhMxVzwfmavZoUEJhho0YkNmlzp9uIv, https://lh3.googleusercontent.com/p/AF1QipNbAA5_H873ATtole9mPxs7qwgODdx8tbddp0k8, "
Khu du lịch sinh thái biển Cồn Đen,3.7,Khách sạn nghỉ dưỡng,Không có giá,"FJP3+X2P, Thái Thụy, Thái Bình",Thái Bình,1.661,"https://lh3.googleusercontent.com/p/AF1QipP0b8EUn_5zvMUXUyPvgivziacKZxq_ZAqaSg5h, https://lh3.googleusercontent.com/p/AF1QipPbZOxSF57HnNTY0_W8WYME6r77iTaZGLQ7H3GS, "
Đền Quan,4.6,Nơi thờ cúng,Không có giá,"F977+HJR, Đê, Hoàn Diệu, Thái Bình",Thái Bình,62,"https://lh3.googleusercontent.com/p/AF1QipOAneVHgT5gy0-QY3-djHK7p39uNHX3C3LNFfOo, https://lh3.googleusercontent.com/p/AF1QipNZ0urIyPJaSoBRrTbgvUSkMAmbZE6GoORn0XcF, "
Đền Đồng Xâm,4.5,Nơi thờ cúng,Không có giá,"Đồng Xâm, Hồng Thái, Kiến Xương, Thái Bình",Thái Bình,110,"https://lh3.googleusercontent.com/p/AF1QipMVe1UxkBzAmWrXm48RdlPqbv-xsIjf-G4SKi1B, https://lh3.googleusercontent.com/p/AF1QipM4OBXD9RL3cxGQEJzCj1VTt_qgxEfewSRZFZ_7, "
Bách Thuận,Chưa xét,Khu dân cư,Không có giá,"Tp. Nam Định, Thái Bình",Thái Bình,không có đánh giá,"https://lh3.googleusercontent.com/p/AF1QipPMauQnx90-kFyUqX97WIwgaDXyH9BhyAiaaw, https://lh3.googleusercontent.com/p/AF1QipP4IcaX4MUPhPGJvj4wbcch6vAT4saLtyw6uw, "
Cồn Đen,Chưa xét,Tuyến đường,Không có giá,"Thái Đô, Thái Thụy, Thái Bình",Thái Bình,không có đánh giá,"https://lh3.googleusercontent.com/p/AF1QipMayyaINa4j0QSWAb6WPqk6ZV1mBYtIP6_UYgAX, https://lh3.googleusercontent.com/p/AF1QipPcaXhBhIZsKWO9-NZUIyScpGMafjbZCLtspYSq, "
Thái Thụy,Chưa xét,Administrative Area2,Không có giá,Thái Bình,Thái Bình,không có đánh giá,"https://lh3.googleusercontent.com/p/AF1QipNTyY2nWkH9-eU_m7Z0Ssiu1n-aZGWsaFKAtHl6, https://lh3.googleusercontent.com/p/AF1QipNqJY6wC8tWfnjwgh7gvdGxGT3DdYhrWnVk_Dfh, "
Bảo tàng Văn hóa các Dân tộc Việt Nam,4.4,Bảo tàng dân tộc học,20.000 ₫,Không có địa chỉ cụ thể,Thái Nguyên,không có đánh giá,"https://lh3.googleusercontent.com/p/AF1QipNH9G1qzCfHXFRRJ5u8uvc6s3FZOHKRPZP1Nvgc, https://lh3.googleusercontent.com/p/AF1QipOu7eKsPZsz48hh3YH3K6-Mskb97bRYwCZjCTIL, "
Đồi Chè Tân Cương - HTX Tiến Yên,4.3,Điểm thu hút khách du lịch,Không có giá,"GQV7+54V, Tân Cương, Thành phố Thái Nguyên, Thái Nguyên",Thái Nguyên,33,"https://lh3.googleusercontent.com/p/AF1QipNH9G1qzCfHXFRRJ5u8uvc6s3FZOHKRPZP1Nvgc, https://lh3.googleusercontent.com/p/AF1QipOu7eKsPZsz48hh3YH3K6-Mskb97bRYwCZjCTIL, "
Khu bảo tồn Làng nhà sàn Dân tộc Sinh thái Thái Hải,4.3,Bảo tồn di sản,Không có giá,Không có địa chỉ cụ thể,Thái Nguyên,không có đánh giá,"https://lh3.googleusercontent.com/p/AF1QipN8dPplumC93j1--E1TaHPk0FVJC0l81xRUCECS, https://lh3.googleusercontent.com/p/AF1QipN9bTarqIPrdzw0SR8s5PoY8QG5mJzhoRoS3Syb, "
Hồ Núi Cốc,4.2,Hồ,Không có giá,Thái Nguyên,Thái Nguyên,1.490,"https://lh3.googleusercontent.com/p/AF1QipNeDcyUemr_TZCGzfW04N1ZRMQLfuRsdeNs2oNh, https://lh3.googleusercontent.com/p/AF1QipN4f3ZD6b9GIGWgMrNd3wSsj3jkl0dZA74ynY1M, "
Chùa Phù Liễn,4.5,Chùa phật giáo,Không có giá,"Tổ 23, Thành phố Thái Nguyên, 250000",Thái Nguyên,737,"https://lh3.googleusercontent.com/p/AF1QipN2oDA1taO_GAlYu3wX1k1w-kYjqqq-ONLJPFZm, https://lh3.googleusercontent.com/p/AF1QipPY7mJWcjp4s-ym4hF3MEkaDKuFKL7HfxbLxGLl, "
Động Linh Sơn,4.5,Hang động,Không có giá,"Đồng Hỷ, Thái Nguyên",Thái Nguyên,2,"https://lh3.googleusercontent.com/p/AF1QipMUuFVmfIrY73Rx9kElIShPJCo-QzCEIv95IAJo, https://lh3.googleusercontent.com/p/AF1QipNlVb-uuiPdDmmuq_L_IkSxBLpyvosIIKA25h4Z, "
Thác Khuôn Tát,4.3,Điểm thu hút khách du lịch,Không có giá,"QGV6+CHQ, Phú Đinh, Định Hóa, Thái Nguyên",Thái Nguyên,73,"https://lh3.googleusercontent.com/p/AF1QipMf8thX7nXYzGhjaU7qRQfSHJSmiaw9_J8Xm9VW, https://lh3.googleusercontent.com/p/AF1QipNs-NGeg5iGbgir_WoncEMwLAI60Q5ENH4kYAA3, "
Chùa Hang,Chưa xét,Administrative Area3,Không có giá,"Đồng Hỷ, Thái Nguyên",Thái Nguyên,không có đánh giá,"https://lh3.googleusercontent.com/p/AF1QipOpDfvCi_m1cHhuMQqE_Opp5iPiEv9A4dLR6KRN, https://lh3.googleusercontent.com/p/AF1QipOsggFzV5M3gxOIvmYkqAq_l1hzTOIGu_ac3Mmp, "
Hồ Ghềnh Chè,4.0,Hồ,Không có giá,"Bình Sơn, Sông Công, Thái Nguyên",Thái Nguyên,114,"https://lh3.googleusercontent.com/p/AF1QipMOnLBm7zXV88VW6Mlrt9lMv_bPMfNPW6yoSjOx, https://lh3.googleusercontent.com/p/AF1QipOXaKLkHKcuZ84s48tlU9WM2k5pHk_ZkxaUCdVF, "
Thác Mưa Rơi,4.3,Thắng cảnh,Không có giá,"Thần Xa, Võ Nhai, Thái Nguyên",Thái Nguyên,152,"https://lh3.googleusercontent.com/p/AF1QipP3zkoi9qiLTNWa_-cPwcMJkujoZnjbsCAIPfy2, https://lh3.googleusercontent.com/p/AF1QipN8sQlGMrKW7KayRddbYKXDGGC0M6snoLA7SYab, "
Suối Đát Đắng,4.2,Sông,Không có giá,"Phú Xuyên, Đại Từ, Thái Nguyên",Thái Nguyên,34,"https://lh3.googleusercontent.com/p/AF1QipPXnh0Xai8Z_kR8rW4bE0m-V8AqhPzzIAEysfMS, https://lh3.googleusercontent.com/p/AF1QipPCY-9rSJEMvoKJznk5ck7lTYQzNf0oMUASu6e-, "
Suối Cửa Tử,4.4,Rapids,Không có giá,"Hoàng Nông, Đại Từ, Thái Nguyên",Thái Nguyên,211,"https://lh3.googleusercontent.com/p/AF1QipOIAVujTY-R5ijI88EoCsj1ZVG_hMFvELVrdHoe, https://lh3.googleusercontent.com/p/AF1QipPE6fMnsh1JGk5Pwv3HuSPYzvnL6UBf1mmjJoaS, "
Trại ngựa Bá Vân,4.2,Người nuôi ngựa,Không có giá,"Bình Sơn, Sông Công, Thái Nguyên",Thái Nguyên,56,"https://lh3.googleusercontent.com/p/AF1QipM-Ip1FDSCbMSCNlkDt_8x1eaTrZPCASEel7f6m, https://lh3.googleusercontent.com/p/AF1QipN6MxtHEO2mTwaMLYCgpYg1qh43LqUhgnGWmRfK, "
Đền Đuổm,4.5,Điện thờ,Không có giá,"QL3, Xóm đuổm, Phú Lương, Thái Nguyên",Thái Nguyên,45,"https://lh3.googleusercontent.com/p/AF1QipPaBDkDAMeR_TWwUjceIjJABaRr-NT4ffm6C8z-, https://lh3.googleusercontent.com/p/AF1QipO9Nhol2EruB7DW6QXWm2EJjzWQmuWtph1J3i2O, "
Hang Phượng Hoàng,4.2,Điểm thu hút khách du lịch,Miễn phí,"Q4H9+Q4X, QL1B, Phú Thượng, Võ Nhai, Thái Nguyên",Thái Nguyên,424,"https://lh3.googleusercontent.com/p/AF1QipNuRDxVM1HSkY3zEILH_R91xofJQ1FyUoOSz2ZX, https://lh3.googleusercontent.com/p/AF1QipPjyF8mXcp-7KlaP9qf7wrj9WBey-JaDoFl98FN, "
Không gian văn hóa Trà Tân Cương,4.2,Trung tâm văn hoá,Không có giá,"ĐƯỜNG TÂN CƯƠNG, Tân Cương, Thành phố Thái Nguyên, Thái Nguyên",Thái Nguyên,285,"https://lh3.googleusercontent.com/p/AF1QipPZ6no6bsWdUYzoBoPxsoKsYSnk36GZBQOjnInt, https://lh3.googleusercontent.com/p/AF1QipP5sLBxwUzwJdQDRDr3a6a9da2WJ9yOYi1yhUg0, "
Thác Nậm Rứt,Chưa xét,Thác nước,Không có giá,"Võ Nhai, Thái Nguyên",Thái Nguyên,không có đánh giá,"https://lh3.googleusercontent.com/p/AF1QipOwTtd12lEeiN-HFj4saeSkfzEkzYs7ZWckitgO, https://lh3.googleusercontent.com/p/AF1QipMDEwZTs1H8Y0ysQHnWBSfpWmaKj2DuBh8sQmoH, "
Thành phố Thái Nguyên,Chưa xét,Tổ dân phố,Không có giá,"Thành phố Thái Nguyên, Thái Nguyên",Thái Nguyên,không có đánh giá,"https://lh3.googleusercontent.com/p/AF1QipMRue2qSpaAEebnl_IRDcMzjR-og3xIzv4mtmCj, https://lh3.googleusercontent.com/p/AF1QipNdm74DG6lgclNASRMcx7AnJP5aqDZn7hW-bc8z, "
Chùa Hang,4.5,Chùa phật giáo,Không có giá,"JRFR+9MM, QL1B, Chùa Hang, Đồng Hỷ, Thái Nguyên 250000",Thái Nguyên,688,"https://lh3.googleusercontent.com/p/AF1QipNdm74DG6lgclNASRMcx7AnJP5aqDZn7hW-bc8z, https://lh3.googleusercontent.com/p/AF1QipO0UEeUvqVPZPjav2SXf_2hISkuU5V9-E0Czv6B, "
Chùa Thịnh Đán,4.3,Chùa phật giáo,Không có giá,Không có địa chỉ cụ thể,Thái Nguyên,không có đánh giá,"https://lh3.googleusercontent.com/p/AF1QipPq_iPmtgxpWcgxBwINw_qqhcxRvYw75FB3JgXy, https://lh3.googleusercontent.com/p/AF1QipPFRjFhMF4qcEe2W0cpShAdQPuqSMV9Cc7w6fHp, "
Đình Phương Độ,4.5,Nơi thờ cúng,Không có giá,"FX32+XFJ, Ngã tư chợ Đình, Xuân Phương, Phú Bình, Thái Nguyên 02803",Thái Nguyên,13,"https://lh3.googleusercontent.com/p/AF1QipPq_iPmtgxpWcgxBwINw_qqhcxRvYw75FB3JgXy, https://lh3.googleusercontent.com/p/AF1QipPFRjFhMF4qcEe2W0cpShAdQPuqSMV9Cc7w6fHp, "
BQL Khu di tích Lịch sử - Sinh thái ATK Định Hóa,4.6,Tổ chức,Không có giá,"QGQ5+GMM, Phú Đinh, Định Hóa, Thái Nguyên",Thái Nguyên,18,"https://lh3.googleusercontent.com/p/AF1QipMvR98uJkwiuf0ai1-jL6EUUmG9EjjRdEcZj9g, https://lh3.googleusercontent.com/p/AF1QipPWq6yyzaGMQRXWjnoSh6e2GgBVv2jKwyOLaTDS, "
Suối Mỏ Gà,4.1,Điểm thu hút khách du lịch,Không có giá,"Q4GC+82G, QL1B, Phú Thượng, Võ Nhai, Thái Nguyên",Thái Nguyên,1.061,"https://lh3.googleusercontent.com/p/AF1QipMRp1P2s6aCaqhMK1Ikh0e9CiTss147ncPueu3B, https://lh3.googleusercontent.com/p/AF1QipMbrec9aOUZmnyQdHARq5bsJ74_bhc8qr7QpCeG, "
An toàn khu ATK Định Hóa,4.5,Điểm mốc lịch sử,Không có giá,"Tỉn Keo, ATK, Phú Đinh, Định Hóa, Thái Nguyên",Thái Nguyên,785,"https://lh3.googleusercontent.com/p/AF1QipNpIQRgePvgzpLhwlkgRZulXnlhOQt1J3ND53Z2, https://lh3.googleusercontent.com/p/AF1QipPA-N4JK6ofo8GEyXe9LZ1bHjUgAHx5jaPzBl_9, "
Trung tâm Thương mại và Du lịch Dũng Tân,4.2,Trung tâm thương mại,Không có giá,"Đường TDP Khuynh Thạch TX Sông Công Gần Khu Công nghiệp Sông Công, 30 Tháng 4, Cải Đan, Sông Công, Thái Nguyên 250000",Thái Nguyên,510,"https://lh3.googleusercontent.com/p/AF1QipPNMG0WUa-aG2-QONp_LgqP4zO5CL_bHb5Mm7uF, https://lh3.googleusercontent.com/p/AF1QipN13NKXIFEOgvfP1RRfhCoyt0QYvjPhY_1jyxW2, "
Mái Đá Ngườm,4.2,Địa điểm khảo cổ học,Không có giá,"QVWP+39F, Thần Xa, Võ Nhai, Thái Nguyên",Thái Nguyên,17,"https://lh3.googleusercontent.com/p/AF1QipMoARvrpc6ajwLjrjUZm2SheBYIlVhAXB8Tq-r9, https://lh3.googleusercontent.com/p/AF1QipOyqB324AJLP1KDUn3qZryrxglmSyxDaCgWppgd, "
Khu di tích Khảo cổ Thần Sa,4.4,Điểm mốc lịch sử,Không có giá,"QVWP+6JF, Unnamed Road, Thần Xa, Võ Nhai, Thái Nguyên",Thái Nguyên,11,"https://lh3.googleusercontent.com/p/AF1QipMtng0EhyMydsFOg8E5I5bZeuJVaTu3s_g7-scn, https://lh3.googleusercontent.com/p/AF1QipNQJ2QxRhLr8lOpYW3SxRf2WxhTjvN8UsU9kYaA, "
Đền Giá,4.6,Chùa phật giáo,Không có giá,"9VHW+PMC, Cẩm La, Phổ Yên, Thái Nguyên",Thái Nguyên,30,"https://lh3.googleusercontent.com/p/AF1QipNZGhr1hVgFhZqsNm28o6wcBdFgHRio3uHHQxd9, https://lh3.googleusercontent.com/p/AF1QipOJ5MeK4ZmHttPswB8GfkowOY_pkp2UeMXUrK9v, "
Suối Kẹm,Chưa xét,Tuyến đường,Không có giá,"La Bằng, Đại Từ, Thái Nguyên",Thái Nguyên,không có đánh giá,"https://lh3.googleusercontent.com/p/AF1QipNXTsrEAuZuxMPafUMuQ8yd9eLW5BJUkNpS7Y_O, https://lh3.googleusercontent.com/p/AF1QipNYkodVL_RVA2gkda2KwSE2rk1OuZIInMGAA1xb, "
DU LỊCH HỒ NÚI CỐC (Khách sạn công đoàn),3.9,Điểm thu hút khách du lịch,Không có giá,"Xóm, Tân Lập, Đại Từ, Thái Nguyên",Thái Nguyên,83,"https://lh3.googleusercontent.com/p/AF1QipM57GtJ_-LbDXBcfJRgXkWvlTTH6Uxf_k9vefFs, https://lh3.googleusercontent.com/p/AF1QipOYcOSaHSjIDkotj_iAro54E1Smhg2ysE-pG41U, "
Chùa Non Nước,4.6,Chùa phật giáo,Không có giá,"7RQH+HXF, Phù Linh, Sóc Sơn, Hà Nội",Thái Nguyên,575,"https://lh3.googleusercontent.com/p/AF1QipOYcOSaHSjIDkotj_iAro54E1Smhg2ysE-pG41U, https://lh3.googleusercontent.com/p/AF1QipN60VlmE1Q7yC_dHPoevNiZn1iNxDS0rIe__CyJ, "
Công Viên Nước Hồ Núi Cốc,3.9,Công viên nước,Không có giá,"Tân Thái, Đại Từ, Thái Nguyên",Thái Nguyên,688,"https://lh3.googleusercontent.com/p/AF1QipOuief_Qqz1JKIePejhxharJRzYRiLcNoVZJDk_, https://lh3.googleusercontent.com/p/AF1QipNr8eLk6BoOeixPvyOwqiLKZJqDM_V7TYXqgIZm, "
Phố Chùa Hà,Chưa xét,Tuyến đường,Không có giá,"Dịch Vọng, Cầu Giấy, Hà Nội",Thái Nguyên,không có đánh giá,"https://lh3.googleusercontent.com/p/AF1QipPtqArgUcwBEJrOoiuLYnyZE7inXx1CN5DCYf1o, https://lh3.googleusercontent.com/p/AF1QipN-cZ0XkvuD7SBEBCrkiYOsid-uz0Thn2zeufmu, "
Khu Bảo Tồn Thiên Nhiên Pù Luông,4.6,Khu bảo tồn thiên nhiên,Không có giá,"Xă, Cổ Lũng, Bá Thước, Thanh Hoá",Thanh Hóa,212,"https://lh3.googleusercontent.com/p/AF1QipMDJZ6DUFosHhRXBOfGNSH_6bZPD53o-8Gio8dW, https://lh3.googleusercontent.com/p/AF1QipMtq67ITq28_rQcOx9aC_Y73V-RHIufHH5gco6u, "
Vườn Quốc Gia Bến En,4.5,Điểm thu hút khách du lịch,Không có giá,"Xã, Hải Vân, Như Thanh",Thanh Hóa,101,"https://lh3.googleusercontent.com/p/AF1QipMDJZ6DUFosHhRXBOfGNSH_6bZPD53o-8Gio8dW, https://lh3.googleusercontent.com/p/AF1QipMtq67ITq28_rQcOx9aC_Y73V-RHIufHH5gco6u, "
Thác Mây,4.5,Điểm thu hút khách du lịch,Không có giá,"9C7X+V3C, Thạch Lâm, Thạch Thành, Thanh Hoá",Thanh Hóa,390,"https://lh3.googleusercontent.com/p/AF1QipPj1FEA5XzIEDUagvGYwBtQHcnmI6LART9_UuDp, https://lh3.googleusercontent.com/p/AF1QipO8nZmksF2tI_HhC4CQRlMNZ3K5mBQbjNHpELeg, "
Bãi biển Hải Tiến,3.9,Bãi biển,Không có giá,"Hoằng Hoá, Thanh Hoá",Thanh Hóa,946,"https://lh3.googleusercontent.com/p/AF1QipN2STpT9jTi6fMtwmSBor1ahula_93kJQkSXppA, https://lh3.googleusercontent.com/p/AF1QipMZo0TsqFhfTfB6Inr9eyg5d62-hnwBtuJOE10G, "
Thành Nhà Hồ,4.3,Điểm mốc lịch sử,Không có giá,"Vĩnh Tiến, Vĩnh Lộc, Thanh Hoá",Thanh Hóa,2.234,"https://lh3.googleusercontent.com/p/AF1QipO2ZfodGv_z1WWXwoH4euH1z4sAuMOWQZQTYWEc, https://lh3.googleusercontent.com/p/AF1QipMajRdsUlL-omLSH4Eun6rccXXiKS4Obn_AgR2W, "
Vườn Quốc Gia Cúc Phương,4.4,Rừng quốc gia,60.000 ₫,"8J85+MFX, Nho Quan, Ninh Bình 432857",Thanh Hóa,3.657,"https://lh3.googleusercontent.com/p/AF1QipONcY-_tIlieORdaev78yMsoDG8W2EviMspwsYq, https://lh3.googleusercontent.com/p/AF1QipPSNsEhYUqeaf9LVvbBrKZ1pr4uubtLte68v9oI, "
Suối Cá thần Cẩm Lương,4.3,Ao,Không có giá,"thôn Lương Ngọc, Cẩm Lương, Cẩm Thủy, Thanh Hoá",Thanh Hóa,991,"https://lh3.googleusercontent.com/p/AF1QipNjjG68mdyKCXaBw_yJWAjthBfxGnKYz-TavcZv, https://lh3.googleusercontent.com/p/AF1QipNxb5EfTNtUy895UzXEeAU4oL3d3HhyDWErlU57, "
Bãi Đông - Đảo Nghi Sơn,4.1,Bãi biển,Không có giá,"Nghi Sơn, Thanh Hoá",Thanh Hóa,1.395,"https://lh3.googleusercontent.com/p/AF1QipM5ylCT8ee-0n69qN0XkzNNznNAP44ugnPH2vnc, https://lh3.googleusercontent.com/p/AF1QipOJ4C7-npvw-QcPaeKm4zFecdAcC870U_EQeojL, "
Thiền viện Trúc Lâm Hàm Rồng,4.6,Chùa phật giáo,Không có giá,"đường C4, P. Hàm Rồng, Thạnh Hóa, Thanh Hoá",Thanh Hóa,638,"https://lh3.googleusercontent.com/p/AF1QipM91isOZIq038LV72u4GMFzUsEzbY4Fle78NCPe, https://lh3.googleusercontent.com/p/AF1QipPSlvFcpykJvawaOPr6f-c4zIbQN3hALxpuhKcY, "
Bãi biển Hải Hòa,4.7,Bãi biển,Không có giá,"Nghi Sơn, Thanh Hoá",Thanh Hóa,1.525,"https://lh3.googleusercontent.com/p/AF1QipNCLR7PHBYgF_qWLuYGBnKy6tPqOsh94tQk8WJv, https://lh3.googleusercontent.com/p/AF1QipNuivhCy8CpkhaguYVv4g3prmzwuc_t5C6dLrx7, "
Thác Voi,3.8,Thắng cảnh,Không có giá,"Bái Đính - Kim Tân, Thành Vân, Thạch Thành, Thanh Hoá",Thanh Hóa,327,"https://lh3.googleusercontent.com/p/AF1QipP78dNt72xXwa7vcw2NVb_h_jVsYprhK0dT4XG1, https://lh3.googleusercontent.com/p/AF1QipMx5ISEKVMC8orFCExKiiIOvvcZb_IUlbdtH20I, "
Bãi biển Sầm Sơn,4.2,Bãi biển,Không có giá,"Sầm Sơn, Thanh Hoá",Thanh Hóa,6.081,"https://lh3.googleusercontent.com/p/AF1QipP54krh6e5EI8gXtv54kMYMIl1xRQlQK9evzgUV, https://lh3.googleusercontent.com/p/AF1QipO861HMoGVhf9N5ejVxZaGBc7k_IceZ3J1OkZ77, "
Động Từ Thức,4.4,Điểm thu hút khách du lịch,Không có giá,"2XXH+4W7, Nga Thiện, Nga Sơn, Thanh Hoá",Thanh Hóa,632,"https://lh3.googleusercontent.com/p/AF1QipPIndbH7ETDTi8-43yyXRP8j91TTwjahrdUqvfD, https://lh3.googleusercontent.com/p/AF1QipOs9Sf8NkmTxBL-mXYprVxykviitoeRCL3FlmOQ, "
Danh Thắng Cấp Quốc Gia Kim Sơn,4.3,Đại lý du lịch,Không có giá,"Vĩnh An, Vĩnh Lộc, Thanh Hoá 41121",Thanh Hóa,74,"https://lh3.googleusercontent.com/p/AF1QipNfoRh8sf577g0SNwbvkzvCmhvIrNgnfdwJuwAn, https://lh3.googleusercontent.com/p/AF1QipMKyei1cJmaexLRiQ7S9Rzpa_ebJirz4Zq1BZRm, "
Quần đảo Hòn Mê,Chưa xét,Khu dân cư,Không có giá,"Nghi Sơn, Thanh Hoá",Thanh Hóa,không có đánh giá,"https://lh3.googleusercontent.com/p/AF1QipPStjt-mhz59Jbicpjf0kIqlnxYM1At_fYRy88w, https://lh3.googleusercontent.com/p/AF1QipN2E00tdZv_HSGG_HX6ezjmHQZJw0Xzjn0DYKXo, "
Thác Cổng trời,3.8,Điểm thu hút khách du lịch,Không có giá,"J9HJ+CR4, Xuân Quỳ, Như Xuân, Thanh Hoá",Thanh Hóa,49,"https://lh3.googleusercontent.com/p/AF1QipNfuxbFo2rTvQDac84h_50GG0JTu8Qp1MuJYpHq, https://lh3.googleusercontent.com/p/AF1QipP3gjJWU5stEh96u2N6BH3BEpBSkF1CGumNfXEA, "
Thái miếu nhà Hậu Lê,4.5,Nơi thờ cúng,Không có giá,"QQQH+37C, Kiều Đại, P. Tân Sơn, Thanh Hoá",Thanh Hóa,30,"https://lh3.googleusercontent.com/p/AF1QipMTSN-nLtnM_-fjPY8XCi3gLuiPGlhcmWywvNRA, https://lh3.googleusercontent.com/p/AF1QipND1d2httktSFGBwuqEEW4paT0y8Vm6lw41zFzM, "
Thác Ma Hao,4.4,Thắng cảnh,Không có giá,"35XP+H34, Unnamed Rd,, Trí Năng, Lang Chánh, Thanh Hoá",Thanh Hóa,148,"https://lh3.googleusercontent.com/p/AF1QipNES0gmruCJ5tgVaLkVNcPPAoYVhaCXEpE_61sD, https://lh3.googleusercontent.com/p/AF1QipOS0BbixgexI0V4fdyKD1Bftodv4AaybkeXTOCV, "
núi Hàm Rồng,4.4,Cây cối,Không có giá,"Hàm Rồng, Thanh Hoá",Thanh Hóa,20,"https://lh3.googleusercontent.com/p/AF1QipM2ZPVbuwkSZUOj4qdCvZLtNT-4rHd9B_7XqUVA, https://lh3.googleusercontent.com/p/AF1QipOOzAjgD0PKNz2j6XODoNexbtE8r9_uDvrAkkdX, "
Thọ Xuân,Chưa xét,Administrative Area2,Không có giá,Thanh Hoá,Thanh Hóa,không có đánh giá,"https://lh3.googleusercontent.com/p/AF1QipOvOIeNfHi3IlHh_ZrD46yto46cKp99cWd9Q8G3, https://lh3.googleusercontent.com/p/AF1QipOlo0GowzPvcYDRdNgxqhoFpNvalbIH5O2UIllX, "
Sầm Sơn,Chưa xét,Tổ dân phố,Không có giá,Thanh Hoá,Thanh Hóa,không có đánh giá,"https://lh3.googleusercontent.com/p/AF1QipP_8oYdscTbTjD-HYAAj-awA_DFaDSYmuU51sfr, https://lh3.googleusercontent.com/p/AF1QipNtn-HjXDSOuBlIBqyPSZbKwZzyvBQQsxJAZIpt, "
Đền Độc Cước,4.5,Nơi thờ cúng,Không có giá,"PVHX+MWV, P. Trường Sơn, Sầm Sơn, Thanh Hoá",Thanh Hóa,322,"https://lh3.googleusercontent.com/p/AF1QipP_8oYdscTbTjD-HYAAj-awA_DFaDSYmuU51sfr, https://lh3.googleusercontent.com/p/AF1QipNtn-HjXDSOuBlIBqyPSZbKwZzyvBQQsxJAZIpt, "
Lăng mộ vua Lê Thái Tổ,4.7,Địa điểm lịch sử,Không có giá,"WCG4+WH3, Xuân Lam, Thọ Xuân, Thanh Hoá",Thanh Hóa,119,"https://lh3.googleusercontent.com/p/AF1QipODZxhlAhhQSLyVmLPukcyHY6wo7LO994wEVMyK, https://lh3.googleusercontent.com/p/AF1QipOlozMpzlBbWNfW6tFv286pfih1QUMuQfuHySqP, "
Đền thờ Lê Lợi,4.6,Nơi thờ cúng,Không có giá,"WCF6+H34, Xuân Lam, Thọ Xuân, Thanh Hoá",Thanh Hóa,54,"https://lh3.googleusercontent.com/p/AF1QipO6GXZcFZycwtsrcElFjn2H11q4lNep4fnr0ItQ, https://lh3.googleusercontent.com/p/AF1QipOQduNzt4XOidbkD9wjiRJsBHxSyBbp8W1qi0Mk, "
Quan Hóa,Chưa xét,Administrative Area2,Không có giá,Thanh Hoá,Thanh Hóa,không có đánh giá,"https://lh3.googleusercontent.com/p/AF1QipNi4Y275PX5Rgdp5ozgwkxKUoYAbkoxpwoM667T, https://lh3.googleusercontent.com/p/AF1QipPzQwowE98Tvsl7_xz_xXN_FN1EyvTnXLMiTlWA, "
Khu du lịch sinh thái thác Đồng Quan,4.0,Điểm thu hút khách du lịch,Không có giá,"M94G+VH8, Cat Tân, Như Xuân, Thanh Hoá",Thanh Hóa,55,"https://lh3.googleusercontent.com/p/AF1QipOALO49ZTpFpYntiC_tv3ZnmPYsA9UwQX5j-2h4, https://lh3.googleusercontent.com/p/AF1QipMFrdH4K83GmaxT1Yh-DkXkQja4q1GF1YRG6fbS, "
Đền Bà Triệu,4.6,Nơi thờ cúng,Không có giá,"QL1A, thôn Phú Điền, Hậu Lộc, Thanh Hoá",Thanh Hóa,273,"https://lh3.googleusercontent.com/p/AF1QipMHUyQBTtu7zRTJWMwx1ui7OcZGLshw3t9SDjA0, https://lh3.googleusercontent.com/p/AF1QipOyAGLBt_1nkDQGxvp7D_uYGvbLEOfeWYR6t9AQ, "
Hòn Trống Mái,3.8,Điểm thu hút khách du lịch,Miễn phí,"P. Trường Sơn, Quảng Xương, Thanh Hoá",Thanh Hóa,3.081,"https://lh3.googleusercontent.com/p/AF1QipOXNLnIhuxOIw_WGdrAx7g9gb5AurwJAz57D9dN, https://lh3.googleusercontent.com/p/AF1QipOOhBMkOijS7XTZOLrop2ZhMPRRUHctqn0vsDjQ, "
Hồ Cánh chim,4.1,Hồ,Không có giá,"Ba Đình, Tx. Bỉm Sơn, Thanh Hoá",Thanh Hóa,21,"https://lh3.googleusercontent.com/p/AF1QipNi01SIvEmPRPvADNt60i8-xce0OckTbb3q6iPH, https://lh3.googleusercontent.com/p/AF1QipOubKb9S54GFLSGl4_ePKSf6X-EawuC-r9VoXGg, "
Bảo tàng cổ vật Hoàng Long,4.3,Bảo tàng,Không có giá,"RQ2V+H7H, Đông Hưng, Thạnh Hóa, Thanh Hoá",Thanh Hóa,34,"https://lh3.googleusercontent.com/p/AF1QipOrIu0dLukQ8cLfh59Llbiy5-jAZmj5ixDalYs, https://lh3.googleusercontent.com/p/AF1QipPdNDYpFvyy9rtaVTbCPlvQYwiMFLT20wt2TrHX, "
Phủ Na,4.3,Nơi thờ cúng,Không có giá,"QH54+XCW, Xuân Du, Như Thanh, Thanh Hoá",Thanh Hóa,178,"https://lh3.googleusercontent.com/p/AF1QipNPVKCL3kOf9PARq0VresOlqpU3xrV6wxUeYNU-, https://lh3.googleusercontent.com/p/AF1QipM8sv8kV8dcwTaUdMqwDf7AYbLO2-5Q07g37yBp, "
Bá Thước,Chưa xét,Administrative Area2,Không có giá,Không có địa chỉ cụ thể,Thanh Hóa,không có đánh giá,"https://lh3.googleusercontent.com/p/AF1QipM3la6OUZ13y0IRkc9L2YGnD9SbCkwOxIPQiRn9, https://lh3.googleusercontent.com/p/AF1QipMO-3h2bCf5hUK-dOW0FPNvT2AKyVIAD28KKkYj, "
Nghi Sơn,Chưa xét,Administrative Area2,Không có giá,Thanh Hoá,Thanh Hóa,không có đánh giá,"https://lh3.googleusercontent.com/p/AF1QipPpBN0cuGhyrgmC5mCvYnp_eRzxOfrQhNruDlEV, https://lh3.googleusercontent.com/p/AF1QipMMy44EybqnCkn71Dgw506ZasxpCb9-HSzfXe3I, "
Hòn Mê,4.1,Đảo,Không có giá,"Quần đảo Hòn Mê, Thanh Hoá",Thanh Hóa,31,"https://lh3.googleusercontent.com/p/AF1QipMpbNfP7TgAVaWa3j4G4evydnKbuE2GIbMTXlsy, https://lh3.googleusercontent.com/p/AF1QipM2MN9LTUSJjXXLv1LNw52JC-FNNtJtW8rdzSU_, "
Cẩm Thủy,Chưa xét,Administrative Area2,Không có giá,Thanh Hoá,Thanh Hóa,không có đánh giá,"https://lh3.googleusercontent.com/p/AF1QipPeh7pTg7ozIUAYfeydAM75cFYsmdD96B0NE73K, https://lh3.googleusercontent.com/p/AF1QipNrnt9OtNxzKLkUzzU_q3OSl9SIzD4zYHOPMuAu, "
Thường Xuân,Chưa xét,Administrative Area2,Không có giá,Thanh Hoá,Thanh Hóa,không có đánh giá,"https://lh3.googleusercontent.com/p/AF1QipOQ8NXCu38cCq0xRIp5WgzVjgtzDUoQRN_Vz2E5, https://lh3.googleusercontent.com/p/AF1QipPrNMmgdUdB_PgEjHv34L_eiAuqG0SAbXVHg7c_, "
Thạch Thành,Chưa xét,Administrative Area2,Không có giá,Thanh Hoá,Thanh Hóa,không có đánh giá,"https://lh3.googleusercontent.com/p/AF1QipNu3LwpmrpfEtnY2clPNB9pWI8j-tF1-ZN6HJnM, https://lh3.googleusercontent.com/p/AF1QipP-0hFNqiHMOYS-HMcJbcT3_Q6qS6Pec5p2lCIX, "
Hoằng Hoá,Chưa xét,Administrative Area2,Không có giá,Thanh Hoá,Thanh Hóa,không có đánh giá,"https://lh3.googleusercontent.com/p/AF1QipNOJHwtlRlbwZt_5tYW8X6KMIFZom3-vJoHUq-U, https://lh3.googleusercontent.com/p/AF1QipMYiwoOxX3RJZs-czvdAFG4xiQ8cBmDH6u8FDJA, "
Như Thanh,Chưa xét,Administrative Area2,Không có giá,Thanh Hoá,Thanh Hóa,không có đánh giá,"https://lh3.googleusercontent.com/p/AF1QipO6UskRGBxmAs8IvBJZJJqAF51HG4C3cg6P6cQ1, https://lh3.googleusercontent.com/p/AF1QipNr2HqgEi__5hGhyYk6dZ-yM_0fqst1p-7CCh4R, "
Hàm Rồng,Chưa xét,Khu dân cư,Không có giá,Thanh Hoá,Thanh Hóa,không có đánh giá,"https://lh3.googleusercontent.com/p/AF1QipOvdiwIlTSDHDw_hos_JSIyT5IUgGbeh6OhoF8d, https://lh3.googleusercontent.com/p/AF1QipM2NohIWRQlBTeGHlkwlbH7iTVqMUAvSk7oJWXe, "
cầu Hàm Rồng,Chưa xét,Tuyến đường,Không có giá,Thanh Hoá,Thanh Hóa,không có đánh giá,"https://lh3.googleusercontent.com/p/AF1QipOYbNhfoSzH0hM3-dtAFwfY37oPm7dr0EHfXAZt, https://lh3.googleusercontent.com/p/AF1QipOSfgulV1ZujvUPgezTvWZAq4xzrlo-yZ_F0oxc, "
Đèo Tam Điệp,3.9,Đường vượt núi,Không có giá,"Khu phố 8, Bắc Sơn, Tx. Bỉm Sơn, Thanh Hoá",Thanh Hóa,7,"https://lh3.googleusercontent.com/p/AF1QipOYbNhfoSzH0hM3-dtAFwfY37oPm7dr0EHfXAZt, https://lh3.googleusercontent.com/p/AF1QipOSfgulV1ZujvUPgezTvWZAq4xzrlo-yZ_F0oxc, "
Quảng Trường Biển Thành Phố Sầm Sơn,4.5,Công viên,Không có giá,"Hồ Xuân Hương, Trung Sơn, Sầm Sơn, Thanh Hoá 40208",Thanh Hóa,399,"https://lh3.googleusercontent.com/p/AF1QipNU3o3l07yO7DT4BcL4U4DO-DSxkw65y9npROR4, https://lh3.googleusercontent.com/p/AF1QipMGbnN9Ag5EC6fqYXW9t8tTTxe0TUmTKYISMc17, "
Thác Hiêu,4.3,Thắng cảnh,Miễn phí,"Cổ Lũng, Bá Thước, Thanh Hoá",Thanh Hóa,834,"https://lh3.googleusercontent.com/p/AF1QipMWqmIKoAG6AtzEdm_p4Jy7fD1trNSe-fwB2MC4, https://lh3.googleusercontent.com/p/AF1QipN0gwKKVFzLFfoTPMEOagzTV7mXx3rxNlLP8GKw, "
Hang Dơi Kho Mường,4.6,Điểm thu hút khách du lịch,Không có giá,"F4MQ+H6W Điểm check in đẹp, Thành Sơn, Bá Thước, Thanh Hoá",Thanh Hóa,222,"https://lh3.googleusercontent.com/p/AF1QipNqSA-EFIPlv_EHUYA1-JQM0RrTC01Rvyya2ubV, https://lh3.googleusercontent.com/p/AF1QipNdFBX3EVOIUTpuaRdEYwe4z2JGft6CNRKHmq6V, "
Chùa Vĩnh Nghiêm,4.5,Chùa phật giáo,Không có giá,"2J8R+HRV, Vĩnh Lộc, Thanh Hoá",Thanh Hóa,25,"https://lh3.googleusercontent.com/p/AF1QipOM8BbRnJsffRwdzEQ1Zud1oJ9Oa48OIlqZwU4K, https://lh3.googleusercontent.com/p/AF1QipMSKod_3c2C1GyXax10dIDI9zc6zoWDL4eJCrmD, "
Bãi tắm FLC,4.0,Điểm thu hút khách du lịch,Không có giá,"QW8C+584, Quảng C, Sầm Sơn, Thanh Hoá",Thanh Hóa,70,"https://lh3.googleusercontent.com/p/AF1QipNdXMjlCZvBSgp0UzS1yIaiemRUEMQ9J7fJCKbb, https://lh3.googleusercontent.com/p/AF1QipMT4tzOJfU5OaATgS7g6KrXZ5Mgc36Y4eS7rxW7, "
Công Viên Sun World Sầm Sơn,3.9,Điểm thu hút khách du lịch,Không có giá,Không có địa chỉ cụ thể,Thanh Hóa,không có đánh giá,"https://lh3.googleusercontent.com/p/AF1QipMJgOQrZ7c4Q5wq3ZZzcUKJd4Id9W_UyiUrVW9k, https://lh3.googleusercontent.com/p/AF1QipNfGomDg0XJPLQdw7xu7UxnMY2QacTz4sVhZjJz, "
Tien Son Cave,4.8,Điểm thu hút khách du lịch,Không có giá,"H7HH+V9, Phong Nha, Bố Trạch, Quảng Bình",Thanh Hóa,11,"https://lh3.googleusercontent.com/p/AF1QipMCaOM3edrzk1R9QjII4QBe2dCTa7M7sxcpVqCL, https://lh3.googleusercontent.com/p/AF1QipMjXtJBbfC13-1slhw4sP622ZnesMUwz36kDUqy, "
Bãi Tắm D,3.3,Điểm thu hút khách du lịch,Không có giá,"57 Hồ Xuân Hương, P. Bắc Sơn, Sầm Sơn, Thanh Hoá",Thanh Hóa,6,"https://lh3.googleusercontent.com/p/AF1QipMJxh_E6RPOmuZqzbEFF_7h5hhS6RVVUb8phxKs, https://lh3.googleusercontent.com/p/AF1QipN4MuXj7tUZ0b0QiaFiCT7G1zFZ2NmPgLIhBlDv, "
