name,score,category,price,address,province,review count,description images
Bảo tàng Tỉnh Hải Dương,4.1,Bảo tàng,Không có giá,"Số 11 Hồng Quang, P. Nguyễn Trãi, Hải Dương",Hải Dương,140,"https://lh3.googleusercontent.com/p/AF1QipPg67Q9VF7fpeHV9C8U6Bb3Bu9loExTwL-GAyRk, https://lh3.googleusercontent.com/p/AF1QipO_RZeR_Bd9tno1zkuHTShRIhKsHgg_C1v9gU5g, "
Hồ Bạch Đằng,4.5,Hồ,Không có giá,Hải Dương,Hải Dương,169,"https://lh3.googleusercontent.com/p/AF1QipPg67Q9VF7fpeHV9C8U6Bb3Bu9loExTwL-GAyRk, https://lh3.googleusercontent.com/p/AF1QipO_RZeR_Bd9tno1zkuHTShRIhKsHgg_C1v9gU5g, "
Đền Kiếp Bạc,4.6,Đền thờ đạo Lão,Không có giá,"582J+M3M, Côn Sơn-Kiếp Bạc, Hưng Đạo, Chí Linh, Hải Dương 170000",Hải Dương,2.151,"https://lh3.googleusercontent.com/p/AF1QipO3QnQ7epBRPRasm9YcN4-85RbOEIlPlNQ99fWS, https://lh3.googleusercontent.com/p/AF1QipM3ncFeUWSKnT8aFUFU-f89bO0BfBYa1PBvIitw, "
Phường Rối Nước Xã Thanh Hải,4.6,Nhà hát nghệ thuật biểu diễn,Không có giá,"VCQ2+3JW, Thanh Hả, Thanh Hà, Hải Dương",Hải Dương,138,"https://lh3.googleusercontent.com/p/AF1QipN-XWjnmvXzd2Hs7xLUzN2Tym13khfpkJaYzKAa, https://lh3.googleusercontent.com/p/AF1QipOvHWaTJqY3Ksd8n0XBJPtidkogL3PbLfqla_nN, "
Chùa Côn Sơn,4.7,Chùa phật giáo,Không có giá,"592J+7Q4, Cộng Hoà, Chí Linh, Hải Dương 174251",Hải Dương,388,"https://lh3.googleusercontent.com/p/AF1QipONUMT_ffoI4gWJWvbD80GjG5vMzVFSMHC65Hei, https://lh3.googleusercontent.com/p/AF1QipPRKPHNkKDfVJJhQEDOMD-vFzUFJtAD3MLTFU_y, "
Văn Miếu Mao Điền,4.6,Đền thờ đạo Lão,Không có giá,"W5PP+3FX, QL5, Cẩm Điền, Cẩm Giàng, Hải Dương",Hải Dương,536,"https://lh3.googleusercontent.com/p/AF1QipNnqvnY80LhELBSsUx6SYdz3GKkTaaoNeq82WVF, https://lh3.googleusercontent.com/p/AF1QipOJ0bWKgypVbciP-bMRhUvUCEkzfWEHeUuGPKWG, "
Đền Cao An Phụ,4.6,Thắng cảnh,Không có giá,"2F7V+H32, An Sinh, Kinh Môn, Hải Dương",Hải Dương,426,"https://lh3.googleusercontent.com/p/AF1QipNySQ2jG04Zg9Ydw0CKQO9Rnul_OFyIJ9bX0OtJ, https://lh3.googleusercontent.com/p/AF1QipOxYyShkyGT0WBqym7qs6UXESfgkWZ5txI2YEz4, "
Đảo Cò Chi Lăng Nam,4.1,Điểm thu hút khách du lịch,Không có giá,"P67H+C5V, Chi Lăng, Chi Lăng Nam, Thanh Miện, Hải Dương",Hải Dương,1.096,"https://lh3.googleusercontent.com/p/AF1QipPlqvWUL14_OD4cLCsEKZNrL3HEkvPDOiBgtAfO, https://lh3.googleusercontent.com/p/AF1QipMcHB30_NjJPJp24P_ANFRIZPeiTLZZr4EXOpo0, "
Chùa Thanh Mai,4.6,Chùa phật giáo,Không có giá,"6F97+284, Hoàng Hoa Thám, Chí Linh, Hải Dương",Hải Dương,251,"https://lh3.googleusercontent.com/p/AF1QipMWZ0nNUGvoiMMV7zYwzxyXJGOW_qesrdiIv2SM, https://lh3.googleusercontent.com/p/AF1QipNd_mNBT6AgVfMTA1eMO-f_32a3UIXtfvMMfaYa, "
Động Kính Chủ,4.4,Hang động,Không có giá,"Kinh Môn, Hải Dương",Hải Dương,38,"https://lh3.googleusercontent.com/p/AF1QipNcQ_uj8IpFfHy1cT5-GJ5H4dboHPhgGvETjJN_, https://lh3.googleusercontent.com/p/AF1QipMr4qXTt_LU9xPkuAHdCRQwCccoq5pdIwVnA4Q4, "
Đền thờ Chu Văn An,4.6,Nơi thờ cúng,Không có giá,"788 Đ. Kim Giang, Thanh Liệt, Thanh Trì, Hà Nội",Hải Dương,76,"https://lh3.googleusercontent.com/p/AF1QipPbpz7AnJtfZTLgsNVKM2ypdYt2BctzAiaDk_y6, https://lh3.googleusercontent.com/p/AF1QipOdZ1CKIhezWF93Zpq-SSqdf5qKnBssUUxUn93v, "
Công Viên Bạch Đằng,Chưa xét,Khu đất khép kín,Không có giá,"Đoàn Kết, P. Quang Trung, Hải Dương",Hải Dương,không có đánh giá,"https://lh3.googleusercontent.com/p/AF1QipNj4P8LS__oi0eI9u1GxInPnWpODcLHsaIXH2lQ, https://lh3.googleusercontent.com/p/AF1QipOJ4u1HPxbGFatLAjwmDZ0NyQXMZdcfuExONyQi, "
Đảo Cò Chi Lăng,4.3,Hồ,Không có giá,"Thanh Miện, Hải Dương",Hải Dương,245,"https://lh3.googleusercontent.com/p/AF1QipN7g6unqRRKFNvV2SaB0Jz_OxkbJtMADX4SxH-C, https://lh3.googleusercontent.com/p/AF1QipNPICUC3gpr5vJ9BxqTLhwHs3uuxFLeuztBLQ_F, "
Đền Quan Lớn Tuần Tranh,4.6,Nơi thờ cúng,Không có giá,"QL37, Đồng Tâm, Ninh Giang, Hải Dương 170000",Hải Dương,919,"https://lh3.googleusercontent.com/p/AF1QipNIAsa9IgofYP9_JD_oS-NZSjcTAI6Pjx8yC6qX, https://lh3.googleusercontent.com/p/AF1QipO7pAMuqf1iheUbbW59P4NRFhGJ3-2Sek-wdiwC, "
Đông Giao,Chưa xét,Khu dân cư,Không có giá,"Cẩm Giàng, Hải Dương",Hải Dương,không có đánh giá,"https://lh3.googleusercontent.com/p/AF1QipMvU7JjxJM8qp02MagYrE3jg3YYFL4tMQdO5uEv, https://lh3.googleusercontent.com/p/AF1QipP3SIDsHFwm5c4HebUDiEQO-0GWrLIosUEQSFsz, "
Đền Đươi,4.7,Nơi thờ cúng,Không có giá,"V7X4+M6C, Cẩm Đới, Gia Lộc, Hải Dương",Hải Dương,26,"https://lh3.googleusercontent.com/p/AF1QipNiJD7TFWxYhhw11EGCKNENTK680eNoFqD3CmIR, https://lh3.googleusercontent.com/p/AF1QipMmK_rHaXqYlXptfiwqoQy_bg8SaoVPBW--oh6l, "
Cẩm Giàng,Chưa xét,Administrative Area2,Không có giá,Hải Dương,Hải Dương,không có đánh giá,"https://lh3.googleusercontent.com/p/AF1QipPPWTirelb1oDWYmmjpikSG0b8krOFf4aPvKKX5, https://lh3.googleusercontent.com/p/AF1QipMrEqsLpruyuSi3Ic9577cUF-bbVYQl-Jz3PWvM, "
Nghiêm Quang Tự - Chùa Giám,4.7,Chùa phật giáo,Không có giá,"X676+V89, Unnamed, Road, Cẩm Giàng, Hải Dương",Hải Dương,96,"https://lh3.googleusercontent.com/p/AF1QipPqNG-KooLgSR2gFZQnKjx9OVl6G-_aHoZ-_ga_, https://lh3.googleusercontent.com/p/AF1QipMKzqCKzSdCjnNP2ZEfTEzefVlABB8VFE8rXhyP, "
Thanh Hà,Chưa xét,Administrative Area2,Không có giá,Hải Dương,Hải Dương,không có đánh giá,"https://lh3.googleusercontent.com/p/AF1QipNXigken6ubQYtsUI5l9PGElsXWkcVVf3LtQGYx, https://lh3.googleusercontent.com/p/AF1QipMCHZVimB38j3RayXnTuaGJlrPx6FCCcY3L24yY, "
Nam Sách,Chưa xét,Administrative Area2,Không có giá,Hải Dương,Hải Dương,không có đánh giá,"https://lh3.googleusercontent.com/p/AF1QipMH1-BgH4qVil4cjU0V1t764V5PA_MO3JFSM-2S, https://lh3.googleusercontent.com/p/AF1QipONalaYDii2468i4Gwd2YZxsNNS-HfE23WNgQIh, "
Cây Vải Tổ - Thanh Hà,4.4,Điểm thu hút khách du lịch,Không có giá,"thôn Thúy Lâm, xã Thanh Sơn, Than Sơn, Thanh Hà District, Hai Duong",Hải Dương,300,"https://lh3.googleusercontent.com/p/AF1QipO5AALpGxsIdKDus99dkwNSU8t43Jex0_QkBBzX, https://lh3.googleusercontent.com/p/AF1QipNeTU-c_JbnfZAJLgRrLzx0YefCfayn9Q_b9Npb, "
Chùa Bạch Hào,4.5,Chùa phật giáo,Không có giá,"Thôn 2 Xã Thanh Xá, Thanh Hà, Hải Dương, ĐT390, Thanh Xá, Thanh Hà, Hải Dương",Hải Dương,57,"https://lh3.googleusercontent.com/p/AF1QipO5AALpGxsIdKDus99dkwNSU8t43Jex0_QkBBzX, https://lh3.googleusercontent.com/p/AF1QipNeTU-c_JbnfZAJLgRrLzx0YefCfayn9Q_b9Npb, "
Giếng Ngọc,4.8,Điểm mốc lịch sử,Không có giá,"3CF8+WJM, An Lạc, Chí Linh, Hải Dương",Hải Dương,12,"https://lh3.googleusercontent.com/p/AF1QipOiaQWSQCCueiJ1b_YYnhluz87mLe8jgSEZhI5O, https://lh3.googleusercontent.com/p/AF1QipO9dk8opbkNuSIYdFbycirij_c6oiF03_Ca-t9Z, "
Xuân Nẻo,Chưa xét,Khu dân cư,Không có giá,Hải Dương,Hải Dương,không có đánh giá,"https://lh3.googleusercontent.com/p/AF1QipNvYdFZ79cCjH7HPurtIMG2RyFoPfIDS1cpWOnY, https://lh3.googleusercontent.com/p/AF1QipOBJFfoSE227KJ9dx5RcgkXgPjHtY011L0Bypww, "
Bình Giang,Chưa xét,Administrative Area2,Không có giá,Hải Dương,Hải Dương,không có đánh giá,"https://lh3.googleusercontent.com/p/AF1QipM526NNvmRiathkIvOU84JKjTLr4pUjGR6Dl-Jr, https://lh3.googleusercontent.com/p/AF1QipPApoGfhvT0i2IepH8hWc97KeBBZkUY_wEWy-lL, "
Kinh Môn,Chưa xét,Administrative Area2,Không có giá,Hải Dương,Hải Dương,không có đánh giá,"https://lh3.googleusercontent.com/p/AF1QipNZvYLsjIJQwHYHU_9Tt6qeJMZMKmm97tD177BV, https://lh3.googleusercontent.com/p/AF1QipPLEvfFGr1tV4G5oBOjIIZePOoOS6-5BwyTRKqz, "
Ninh Giang,Chưa xét,Administrative Area2,Không có giá,Hải Dương,Hải Dương,không có đánh giá,"https://lh3.googleusercontent.com/p/AF1QipMSgntC7uoB5VuuQiUy7XXyg31H6on-Idv18tFM, https://lh3.googleusercontent.com/p/AF1QipMzJWhuW9HrfzHhlAd7t4rDjp7XfjSEYM21z8fV, "
Kim Thành,Chưa xét,Administrative Area2,Không có giá,Hải Dương,Hải Dương,không có đánh giá,"https://lh3.googleusercontent.com/p/AF1QipNZSo64LaZYG69baJty80k1zph40Fx0cGLwNWqR, https://lh3.googleusercontent.com/p/AF1QipNEuleMtE-sEnOhG2kVld_ORXjm01F16dIyRdgJ, "
Chùa Nhẫm Dương,4.3,Chùa phật giáo,Không có giá,"2GQQ+G5G, Duy Tân, Kinh Môn, Hải Dương",Hải Dương,13,"https://lh3.googleusercontent.com/p/AF1QipO1MyYhVmRpwbAW9DeWVjQLYRswxoTrmCd1imsH, https://lh3.googleusercontent.com/p/AF1QipPiOC-dWbytymlc-rxLAIL7JJ1rpOWfDvLwu-S0, "
Bàn cờ Tiên,Chưa xét,Khu đất khép kín,Không có giá,"Chí Linh, Hải Dương",Hải Dương,không có đánh giá,"https://lh3.googleusercontent.com/p/AF1QipM7vgRwboIcg5APRtjr1ByuFJRkwAcvRaSPGVQK, https://lh3.googleusercontent.com/p/AF1QipPL3gFHzA4m_XI27MIPznWaKZxKDF_KK_clwymK, "
Nhà hát Thành phố Hải Phòng,4.7,Nhà hát Opera,Không có giá,"28 P. Trần Hưng Đạo, Hoàng Văn Thụ, Hồng Bàng, Hải Phòng",Hải Phòng,1.511,"https://lh3.googleusercontent.com/p/AF1QipMNkp6cJ9xIb4w3prm38RepC5rJrtXmA0yFWN2m, https://lh3.googleusercontent.com/p/AF1QipMfwTr8LdinRlrQMZO0FhDRIYDxu5KFLq0mrn1G, "
Bảo tàng Hải Phòng,4.3,Bảo tàng,Không có giá,"66 P.Điện Biên Phủ, Minh Khai, Hồng Bàng, Hải Phòng",Hải Phòng,516,"https://lh3.googleusercontent.com/p/AF1QipMNkp6cJ9xIb4w3prm38RepC5rJrtXmA0yFWN2m, https://lh3.googleusercontent.com/p/AF1QipMfwTr8LdinRlrQMZO0FhDRIYDxu5KFLq0mrn1G, "
Chùa Dư Hàng,4.5,Chùa phật giáo,Không có giá,"121 P. Dư Hàng, Dư Hàng, Lê Chân, Hải Phòng 180000",Hải Phòng,664,"https://lh3.googleusercontent.com/p/AF1QipPr0DSH-b29UMyOm_tuTwXk-xOirmgWejB8EW47, https://lh3.googleusercontent.com/p/AF1QipNdVObgg5JZSohdpBE38s2cYV52juxON7GB4ZM8, "
Hồ Tam Bạc,4.6,Hồ,Không có giá,Hải Phòng,Hải Phòng,225,"https://lh3.googleusercontent.com/p/AF1QipMpAsv5ZuEFDCBzLVVy6OzwyJZbQhTtN6faOMAi, https://lh3.googleusercontent.com/p/AF1QipNfx32IfjJmxQULpyodN3wGVNj4n_cxNixG-w1b, "
Vịnh Lan Hạ,4.7,Vịnh,Không có giá,Không có địa chỉ cụ thể,Hải Phòng,539,"https://lh3.googleusercontent.com/p/AF1QipOVHJgIQLwn4Fcu1-QdnOf9k5mc2xMHEVyduzWW, https://lh3.googleusercontent.com/p/AF1QipOlT-IotF_lErhoharTiZ3B8PPWrTRZodFp_zFn, "
Nhà Thờ Chính Toà Giáo Phận Hải Phòng,4.6,Nhà thờ Công giáo,Không có giá,"46 Hoàng Văn Thụ, Quang Trung, Hồng Bàng, Hải Phòng 180000",Hải Phòng,547,"https://lh3.googleusercontent.com/p/AF1QipMatYJI1jdAenCQ61792g6IGDXFmKylwZpDyOm6, https://lh3.googleusercontent.com/p/AF1QipP5ANLOGcvPIT6dASFwjoKA_HSCVhPtXsajd6vN, "
"Núi Voi, An Lão",4.5,Đỉnh núi,Không có giá,"An Tiến, An Lão, Hải Phòng",Hải Phòng,90,"https://lh3.googleusercontent.com/p/AF1QipN8eXKmz6dWalJxaM47HAkeN2S2bM2YLp2ecnAQ, https://lh3.googleusercontent.com/p/AF1QipMPgzjdDQNBOmzLpB3VizMvVBFIG-VUqwerl7yO, "
Bãi biển Đồ Sơn,4.0,Bãi biển,Không có giá,"Khu du lịch Đồ Sơn, Vạn Hương, Đồ Sơn, Hải Phòng",Hải Phòng,677,"https://lh3.googleusercontent.com/p/AF1QipPjxXcJZbezj4wZL3i9_6W1ktKkHwG35g40s0KR, https://lh3.googleusercontent.com/p/AF1QipOrb1Ua7rSiz39gojD9hXPlTmKr2fek2y08X2PE, "
Đền Nghè,4.8,Nơi thờ cúng,Không có giá,"53 P. Lê Chân, An Biên, Lê Chân, Hải Phòng",Hải Phòng,35,"https://lh3.googleusercontent.com/p/AF1QipPc70-yhVH8FHKDjLaHrrMV26o2eNOZ1bJjooxY, https://lh3.googleusercontent.com/p/AF1QipPn3nbl7A35smWxTIa6TmuHWOvKfNUyASvSIaaQ, "
Phố Tam Bạc,Chưa xét,Tuyến đường,Không có giá,Hải Phòng,Hải Phòng,không có đánh giá,"https://lh3.googleusercontent.com/p/AF1QipOT7vrBsxmRjOENTC1PcsDWMkfSpLdLpgL8r9Js, https://lh3.googleusercontent.com/p/AF1QipMIA9bezcOACFKK9qGQwoKXYA9AeTNcnTC1Ym7X, "
Cây đa 13 gốc,4.7,Điện thờ,Không có giá,"Xóm Trại, Ngô Quyền, Hải Phòng",Hải Phòng,71,"https://lh3.googleusercontent.com/p/AF1QipP58SBNyU99KAZuGKTk1TBfyjYKQkdCebwRl5kM, https://lh3.googleusercontent.com/p/AF1QipN3L1AndyIMrJ4rcejzUpwoc-dU9oaEpqzpiz7C, "
Chợ Hàng,Chưa xét,Tuyến đường,Không có giá,"Lê Chân, Hải Phòng",Hải Phòng,không có đánh giá,"https://lh3.googleusercontent.com/p/AF1QipPsjuGblDoPECkBXxyHbvEVrNG28veXs85gzsez, https://lh3.googleusercontent.com/p/AF1QipNATtP9_h_ijveQPT33uDT5QpE8OzYHBl02vf2V, "
Ga Hải Phòng,4.3,Nhà ga,Không có giá,"75 P. Lương Khánh Thiện, Lương Khá Thien, Ngô Quyền, Hải Phòng",Hải Phòng,367,"https://lh3.googleusercontent.com/p/AF1QipP0T-vMqkwP92P_AGykam3gTqGZI5ZAsw4h33eT, https://lh3.googleusercontent.com/p/AF1QipOev7nbxeuNLvlT7nsBgIFWNxq_xZayelzeYPIJ, "
Hòn Dáu,4.3,Đảo,Không có giá,"Vạn Hương, Hải Phòng",Hải Phòng,85,"https://lh3.googleusercontent.com/p/AF1QipMFptOf-q_UlyJHRcZGI33z0tdPEN8DykmvlWP0, https://lh3.googleusercontent.com/p/AF1QipNlwQcolRjzGTI1x_pYxck61_dW6VFUzTEFM_Fu, "
Bảo tàng Hải quân,4.2,Bảo tàng quân đội,Không có giá,"RPG2+F3R chân, Mạc Quyết Cầu Rào 1, Anh Dũng, Dương Kinh, Hải Phòng",Hải Phòng,209,"https://lh3.googleusercontent.com/p/AF1QipM8SwEU5EfquA9Friuanh0TqplLrWOW2pBZamn3, https://lh3.googleusercontent.com/p/AF1QipPgX_NrEc-RzfKe_fZwNKZ6E4iZTtz4WGZONq-R, "
Đảo Bạch Long Vĩ,4.5,Đảo,Không có giá,Hải Phòng,Hải Phòng,126,"https://lh3.googleusercontent.com/p/AF1QipMBG-J4AGuJgFEegdSja0T4EuihVjIi05goiXoR, https://lh3.googleusercontent.com/p/AF1QipPgbw6LIMTgKf1Fe1VeWOS9jp7-nlYy-QArF4cl, "
Chùa Đỏ,4.5,Chùa phật giáo,Không có giá,"282 P. Lê Lai, Má Chai, Ngô Quyền, Hải Phòng 180000",Hải Phòng,584,"https://lh3.googleusercontent.com/p/AF1QipMScYeiHHzzcmslT0hBtMBEZ4QHNVsKhJSI2czr, https://lh3.googleusercontent.com/p/AF1QipP3JtFTfCU5y_lH4IzRbKsJSUgXnTVMPaC-_555, "
Vườn Quốc gia Cát Bà,4.4,Công viên quốc gia,Không có giá,"Cát Hải, Hải Phòng",Hải Phòng,3.763,"https://lh3.googleusercontent.com/p/AF1QipMlpQk1wWpUIiyf1ewD_kcgjwbcB6mBo1FQau6e, https://lh3.googleusercontent.com/p/AF1QipMM1nDytKYUt8EvwepUkmvCn8E9n1e0ypZqb-My, "
Quần đảo Cát Bà,4.6,Đảo,Không có giá,Hải Phòng,Hải Phòng,1.325,"https://lh3.googleusercontent.com/p/AF1QipNVFcKniLUDz-WTVXyHlOHRS0SeoE9CYCcKhLY2, https://lh3.googleusercontent.com/p/AF1QipM0hC7IfKgGcl01ZptW3xJvxblu1DpoKwMYvfIq, "
Quần đảo Cát Bà,4.4,Đảo,Không có giá,"Trân Châu, Cát Hải, Hải Phòng",Hải Phòng,921,"https://lh3.googleusercontent.com/p/AF1QipMj-7_89pMtNDTs4WRrcfnzT_j0Ju44xQFqvEkT, https://lh3.googleusercontent.com/p/AF1QipPBMpSIMBul9n0np3C8-SK3KdJqIsLilqRJYXoI, "
Đồi Thiên Văn,4.3,Ridge,Không có giá,"Trần Thành Ngọ, Kiến An, Hải Phòng",Hải Phòng,62,"https://lh3.googleusercontent.com/p/AF1QipPXrVXxGcBfJuBUAz7zVaxPvNT8jL76uBCxG58T, https://lh3.googleusercontent.com/p/AF1QipPw-EerDQJ_TQ9giOEaS6dRRgtWwBTbxmxyeW3Q, "
Chùa Tháp Tường Long,4.9,Chùa phật giáo,Không có giá,"PQ7C+J38, Vạn Hương, Đồ Sơn, Hải Phòng",Hải Phòng,22,"https://lh3.googleusercontent.com/p/AF1QipPXrVXxGcBfJuBUAz7zVaxPvNT8jL76uBCxG58T, https://lh3.googleusercontent.com/p/AF1QipPw-EerDQJ_TQ9giOEaS6dRRgtWwBTbxmxyeW3Q, "
Đền Tây Sơn,4.4,Đình làng,Không có giá,"114 P. Tây Sơn, Trần Thành Ngọ, Kiến An, Hải Phòng",Hải Phòng,18,"https://lh3.googleusercontent.com/p/AF1QipNmr8GcwdWsGV9PertMUuy7BDMPmjP0lGIhsJdg, https://lh3.googleusercontent.com/p/AF1QipMbtq5xS6o27vW_p9_fORs3aeMqNNHPK5iCO2q3, "
Chợ Đổ,Chưa xét,Công trình xây dựng,Không có giá,"P. Tam Bạc, Phan Bội Châu, Hồng Bàng, Hải Phòng",Hải Phòng,không có đánh giá,"https://lh3.googleusercontent.com/p/AF1QipNpc-ZJcY5Ld3J25X-imIuirmst1stOs5zO6qvy, https://lh3.googleusercontent.com/p/AF1QipPbnR7NrtHjbUR01KNZVNzWXVaxuIYBFExR-Xmx, "
Sông Đá Bạch,4.4,Sông,Không có giá,Không có địa chỉ cụ thể,Hải Phòng,394,"https://lh3.googleusercontent.com/p/AF1QipMJLk4VBPR1VSBUSDoeTirvo2-8SVCg1mn6tBY, https://lh3.googleusercontent.com/p/AF1QipMwThzBABgCCT3UFcucOlrqArNrL5XCFdw5xPc, "
"Tuyệt Tình Cốc, Hải Phòng",4.2,Điểm thu hút khách du lịch,Không có giá,"XHXC+VF5, An Sơn, Thủy Nguyên, Hải Phòng",Hải Phòng,716,"https://lh3.googleusercontent.com/p/AF1QipOgR8YdsgScnDL8NpuohXeUqVTWnoBgW07GbyIH, https://lh3.googleusercontent.com/p/AF1QipPbjwwOs9Tsgn-1CixJU1KeHKnUVNLCGhWkS6yz, "
Quần đảo Long Châu,4.7,Đảo,Không có giá,Hải Phòng,Hải Phòng,26,"https://lh3.googleusercontent.com/p/AF1QipNalFSfGUcyOtxR_IUn9EdnBvNhkWgW1L3gX28N, https://lh3.googleusercontent.com/p/AF1QipNOfukFDX-wxo56Ss-eG9szpYLM9dlhOeVxSJEm, "
Bãi tắm Cát Cò 1,4.0,Bãi biển,Không có giá,"tt. Cát Bà, Hải Phòng",Hải Phòng,560,"https://lh3.googleusercontent.com/p/AF1QipOHahwStBPCiEu3-BvlSGphsnejxJiS_mX6uAal, https://lh3.googleusercontent.com/p/AF1QipMbSJwX6jJWesGL5DZ3ZxucgMHAwIzqY78lYsTl, "
Đền Cố Trạch,4.6,Nơi thờ cúng,Không có giá,"Trần Thừa, Lộc Vượng, Nam Định",Hải Phòng,100,"https://lh3.googleusercontent.com/p/AF1QipM1qUJtdKIMov6ty4CmhbF6DST_UZKZk6X9eDuN, https://lh3.googleusercontent.com/p/AF1QipPp7rb9xnmeOHDqQlvfmZCsysKglaWIPAlAw7hM, "
Khu Du Lịch Suối nước khoáng nóng Tiên Lãng,3.8,Khách sạn nghỉ dưỡng,Không có giá,"ĐT354, Bạch Đằng, Tiên Lãng, Hải Phòng",Hải Phòng,241,"https://lh3.googleusercontent.com/p/AF1QipP0b8EUn_5zvMUXUyPvgivziacKZxq_ZAqaSg5h, https://lh3.googleusercontent.com/p/AF1QipPbZOxSF57HnNTY0_W8WYME6r77iTaZGLQ7H3GS, "
Khu du lịch Đồi Rồng Đồ Sơn,4.2,Điểm thu hút khách du lịch,Không có giá,"Vạn Hương, Đồ Sơn, Hải Phòng",Hải Phòng,588,"https://lh3.googleusercontent.com/p/AF1QipOOVAl_DLxdtDi4o15HwC7sMzuPRDzuN_j6YxEf, https://lh3.googleusercontent.com/p/AF1QipN5_4Hu_nNuSihZXrlVyREt4Arep4FcO4sJ4ajT, "
Đền thờ Trạng Trình Nguyễn Bỉnh Khiêm,4.6,Nơi thờ cúng,Không có giá,"MG6J+9GG, Trung Am, Vĩnh Bảo, Hải Phòng",Hải Phòng,147,"https://lh3.googleusercontent.com/p/AF1QipODcJYIYA7kTcLPrmnw0LSsProMU3t-9LYwqN1t, https://lh3.googleusercontent.com/p/AF1QipMtWZkD_NKF13dVSIrXItw-DfZmSYEX5O1pCN1j, "
Công viên Sunworld Hạ Long,4.4,Trung tâm vui chơi giải trí,Không có giá,"X23X+84G, Số 9 Hạ Long, Bãi Cháy, Hạ Long, Quảng Ninh",Hải Phòng,2.173,"https://lh3.googleusercontent.com/p/AF1QipNLsTMaXy_4B4HggpFq209C4TGKvPdE-7gIK8Mx, https://lh3.googleusercontent.com/p/AF1QipPbB9dWNX1vVNg7qSizgDllMXh0_R6C6S9yB-VH, "
đảo Vũ Yên,4.6,Đảo,Không có giá,Hải Phòng,Hải Phòng,168,"https://lh3.googleusercontent.com/p/AF1QipOnycItCGsFT9zgycG68Kpk8JrhIzSfRYsymsGw, https://lh3.googleusercontent.com/p/AF1QipMWYKVpKgs4PwRkUn6LauGAQz03M_ygUuk72rto, "
Đình Ngọc Xuyên,4.4,Cơ sở tôn giáo,Không có giá,"PQ7G+6GH, Suối Rồng, Ngọc Xuyên, Đồ Sơn, Hải Phòng",Hải Phòng,8,"https://lh3.googleusercontent.com/p/AF1QipNkULbLcapU-MHTC_cfmh2cW_cowfRErdQQ7VeU, https://lh3.googleusercontent.com/p/AF1QipOLyJ3Rbb6CZpKPGejyFAH6MvVppJY2KF3Wvnx0, "
Tràng Kênh,Chưa xét,Khu dân cư,Không có giá,"tt. Minh Đức, Thủy Nguyên, Hải Phòng",Hải Phòng,không có đánh giá,"https://lh3.googleusercontent.com/p/AF1QipM04V6XYBwYAA2npHa0-xFEQpY14bd_gsx8SP2Y, https://lh3.googleusercontent.com/p/AF1QipNFIb2gBjGsd5aMyTJM-IXIKV7uKcAY0xHMFjL9, "
Hòn Dáu,Chưa xét,Ngọn hải đăng,Không có giá,"Vạn Hương, Đồ Sơn, Hải Phòng",Hải Phòng,không có đánh giá,"https://lh3.googleusercontent.com/p/AF1QipOU51TxgUPfZNeLuYyaBAssnOUE2brkcPDWlfMt, https://lh3.googleusercontent.com/p/AF1QipMGmlX164iaoBgNOG6drvRttM5CCeuB90B9I2KF, "
Khu Di tích lịch sử Quốc gia đặc biệt Bạch Đằng Giang,4.7,Bảo tàng lịch sử,Không có giá,"Yên Giang, Quảng Yên, Quảng Ninh",Hải Phòng,320,"https://lh3.googleusercontent.com/p/AF1QipMSYpBS6jdtgxAP4lNpmug5I1nkFfrdhEs103kC, https://lh3.googleusercontent.com/p/AF1QipPZXKgXgK5b3netYjFHLe37KaUas42SXiAnPSNJ, "
Bến Nghiêng,3.6,Trạm xe buýt,Không có giá,"Khu du lịch Đồ Sơn, Vạn Hương, Đồ Sơn, Hải Phòng",Hải Phòng,9,"https://lh3.googleusercontent.com/p/AF1QipO8CFD07Ya6EGWBbgsm_NyimgbPUeyX9UnruXW1, https://lh3.googleusercontent.com/p/AF1QipPnxLwnK9g4OiHG_wTudy0oF0XvGmaxQD297Kiz, "
Khu 2 Bãi Biển Đồ Sơn,3.9,Bãi biển công cộng,Không có giá,"MQQW+3HP, Khu du lịch Đồ Sơn, Đồ Sơn, Hải Phòng",Hải Phòng,520,"https://lh3.googleusercontent.com/p/AF1QipM9jyCEHWbOhvUL_jjpGVvFWKesQ9PxNRspj4YL, https://lh3.googleusercontent.com/p/AF1QipOwOykjPosKK35pbFhKvbIrdV9rEfc51s_BTatO, "
Chợ Nổi Ngã Bảy,4.4,Chợ nổi,Không có giá,"RRHM+8PR, Đại Thành, Ngã Bảy, Hậu Giang",Hậu Giang,90,"https://lh3.googleusercontent.com/p/AF1QipM4CJ9xc_s3mS6s7ZzgDuO3sXYGDR2j5WXJEXyv, https://lh3.googleusercontent.com/p/AF1QipNdC0AjbFFQr9U3QAk-nIDqGolvOyR7tg9GhpGN, "
Thiền viện Trúc Lâm Hậu Giang,4.6,Chùa phật giáo,Không có giá,"KV Bình Tân, Long Mỹ, Hậu Giang",Hậu Giang,308,"https://lh3.googleusercontent.com/p/AF1QipM4CJ9xc_s3mS6s7ZzgDuO3sXYGDR2j5WXJEXyv, https://lh3.googleusercontent.com/p/AF1QipNdC0AjbFFQr9U3QAk-nIDqGolvOyR7tg9GhpGN, "
Khu Bảo Tồn Thiên Nhiên Lung Ngọc Hoàng,Chưa xét,Khu dân cư,Không có giá,"Phụng Hiệp, Hậu Giang",Hậu Giang,không có đánh giá,"https://lh3.googleusercontent.com/p/AF1QipMbX5zytcq2l3GARPe7m_m8jqPDWNYxx09EceiI, https://lh3.googleusercontent.com/p/AF1QipMuxAyqcVr9aKjsBZ7IWAPrxYPfshyFLAQPACDr, "
Trường Đại Học Võ Trường Toản,4.6,Trường cao đẳng/đại học tư thục,Không có giá,"QL1A, Tân Phú Thạnh, Châu Thành A, Hậu Giang",Hậu Giang,941,"https://lh3.googleusercontent.com/p/AF1QipMcL2jwVQr-3W2SsfXb_3f40cKGGk9Xrqicc1oC, https://lh3.googleusercontent.com/p/AF1QipMHwFezpBqzTbPOhB7mvQaRIP6k1BJ2fHxejfmB, "
Khu Nghĩ Dưỡng Sinh Thái Tây Đô,5.0,Văn phòng công ty,Không có giá,"XP8R+QCR, Tân Phú Thạnh, Châu Thành A, Hậu Giang",Hậu Giang,2,"https://lh3.googleusercontent.com/p/AF1QipPulCjkaFl464CmGjbDpUA2Y4bWAP2qRQcuaU-m, https://lh3.googleusercontent.com/p/AF1QipPGvnKd7R4nSnztGbnC2looJZj5yvelR6ekqx4y, "
Khu Di Tích Căn Cứ Tỉnh Ủy Cần Thơ,4.6,Bảo tàng di sản,Không có giá,"PJPG+6C7, Phương Bình, Phụng Hiệp, Hậu Giang",Hậu Giang,68,"https://lh3.googleusercontent.com/p/AF1QipM6m5nLiiIo1zsIQaY-iHCAI1Cg1W99nYoIG1o8, https://lh3.googleusercontent.com/p/AF1QipNxd3lITJ8tL7rrCwlkvm_T4VxZ_N_J02F_MkEC, "
Công viên ánh sáng kỳ quan thế giới,4.3,Công viên,Không có giá,"QFVQ+QRJ, Phường 5, Vị Thanh, Hậu Giang",Hậu Giang,70,"https://lh3.googleusercontent.com/p/AF1QipOT9JhreJrj4rg18Svc25ycr4G5qla-1z-Q8IWN, https://lh3.googleusercontent.com/p/AF1QipOTxtVPJVeL1mhrJEgEmKYUM7O88iPknfAvo30t, "
Chợ đêm Vị Thanh,4.4,Chợ đêm,Không có giá,"70 Trưng Nhị, Phường 1, Vị Thanh, Hậu Giang 95100",Hậu Giang,24,"https://lh3.googleusercontent.com/p/AF1QipNSiMXndmrKRTqTLT9f8wQ8JaLPRyr5ZNn-rNwN, https://lh3.googleusercontent.com/p/AF1QipPSLcNTmVwuXh3Md_9q679nwX1jNeDE5Bp-micC, "
Khu di tích Chiến thắng Tầm Vu,4.5,Bảo tàng,Không có giá,"WM7X+6QM, QL61, Thạnh Hoà, Châu Thành A, Hậu Giang",Hậu Giang,127,"https://lh3.googleusercontent.com/p/AF1QipPReM6cYE2oyXi2ssh076KzIoQl-KJ9hdE5GCyp, https://lh3.googleusercontent.com/p/AF1QipORlHvS_nfzyTJ8aP6KsvSLkkZUZbNDvS5V3jju, "
Công viên Chiến Thắng,4.2,Công viên,Không có giá,"QFRJ+FMG, Phường 5, Vị Thanh, Hậu Giang",Hậu Giang,185,"https://lh3.googleusercontent.com/p/AF1QipMznxC3vYQIIdCpI2mOTV2_h0vKGtnmR7gF238T, https://lh3.googleusercontent.com/p/AF1QipPzfT_5zRLheCkyZmASKYhWLgH-a3ejafqAJDRF, "
Con đường tre đẹp nhất Hậu Giang,4.4,Công viên,Không có giá,"226, ĐT928, Thạnh Hoà, Phụng Hiệp District, Hau Giang",Hậu Giang,50,"https://lh3.googleusercontent.com/p/AF1QipO44nRKao6JwdzSml7wA7aamfleLp-TwZToeoSD, https://lh3.googleusercontent.com/p/AF1QipPxfWGYBPpOTpwMwjKqU09GRskaBl7zNDRU-d8h, "
Khu Di Tích Huyện Long Mỹ,4.7,Bảo tàng di sản,Không có giá,"MF88+948, Vĩnh Viễn, Long Mỹ, Hậu Giang",Hậu Giang,9,"https://lh3.googleusercontent.com/p/AF1QipMoOjsX8AcV1BxsImbQEO_4z1KgfJ3ZRMXKPBze, https://lh3.googleusercontent.com/p/AF1QipPiqZSROittb4mDXR_e-COTJrEWE_3u3rW8IXAT, "
Chùa Khmer Aranhứt,4.8,Chùa phật giáo,Không có giá,"WPJV+522 A, Đông Thạnh, Châu Thành A, Hậu Giang",Hậu Giang,19,"https://lh3.googleusercontent.com/p/AF1QipP4G_HTO3LkGf1SBVYHQ5iFV0kfhKD9QbJXlNBQ, https://lh3.googleusercontent.com/p/AF1QipMXf4rCI-eaZHqwxooVcLPe1H2kteeVS2QrtpRg, "
Nhà Thờ Vị Hưng,4.8,Nhà thờ Công giáo,Không có giá,"QFWH+FVG, Phường 4, Vị Thanh, Hậu Giang",Hậu Giang,49,"https://lh3.googleusercontent.com/p/AF1QipP7I4Y6MDiAYQR9II2uh6mJ_dyyFQ4McRRNov7T, https://lh3.googleusercontent.com/p/AF1QipPKwISydrI6Q6JNz0rfhHoF1kexECiCyEpyDPdV, "
Nhà Thờ Họ Đạo Trà Lồng,4.5,Nhà thờ Công giáo,Không có giá,"MM2M+496, Tỉnh Lộ 928B, Trà Lồng, Long Mỹ, Hậu Giang",Hậu Giang,93,"https://lh3.googleusercontent.com/p/AF1QipP8jdcwBCPT5WQAHv0CG0V6XP-rkfjKs5l_KTrp, https://lh3.googleusercontent.com/p/AF1QipOY16lPSrYHry3WbRp-xLYhvU59NA3ji7c1g1yq, "
Vườn Sinh Thái Thạch Sanh Farm,4.2,Vườn,Không có giá,"VP6C+2M4, Long Thạnh, Phụng Hiệp, Hậu Giang",Hậu Giang,5,"https://lh3.googleusercontent.com/p/AF1QipPuB1fxKOX7c2anJlcL9gef9Wj8DkEW8xmyaCZs, https://lh3.googleusercontent.com/p/AF1QipMbzn-dgQJZc969kqbOg9lFlJnb6hcOszsbsaaO, "
Khu du lịch Khóm Cầu Đúc,3.6,Điểm quan tâm,Không có giá,"P952+FCC, Unnamed, Road, Vị Thanh, Hậu Giang",Hậu Giang,17,"https://lh3.googleusercontent.com/p/AF1QipNYTNoRLBbSwLiIzhAmh_EJ2PwTdj5tb4r1yVg, https://lh3.googleusercontent.com/p/AF1QipMaF_nBD2AhIe0_b9rx6GovLi1dPAROvh4HNXw, "
Cầu Lâm Trường - Mùa Xuân,4.1,Cầu,Không có giá,"QR84+9FF, Quản Lộ - Phụng Hiệp, Tân Phước Hưng, Phụng Hiệp, Hậu Giang",Hậu Giang,46,"https://lh3.googleusercontent.com/p/AF1QipMygS0-NTVRCW3eDI_5HOG3S5kgI6eywQ_v97ZH, https://lh3.googleusercontent.com/p/AF1QipOe1CPpgAz5cAsoTmTdhlWXsEQ0PT_ZCTVJaols, "
Long Mỹ,Chưa xét,Khu dân cư,Không có giá,"Long Mỹ, Hậu Giang",Hậu Giang,không có đánh giá,"https://lh3.googleusercontent.com/p/AF1QipMzEdN7iNoO90lNq5gG6Dvjg09TZ5hdoCsE66Hv, https://lh3.googleusercontent.com/p/AF1QipMgc0aWqAdYgwhPII7Xlub61YDkTUCzaSQsLcId, "
Chợ Cái Sơn,4.2,Chợ,Không có giá,"PJRW+6Q9, Unnamed Road, Phụng Hiệp, Hậu Giang",Hậu Giang,109,"https://lh3.googleusercontent.com/p/AF1QipN5n81sDUWdIlRXt0K-mvbG-kVBhacHoErbMe78, https://lh3.googleusercontent.com/p/AF1QipMWV6FxjRf5f-T4EWIkB8rI05_egh8bVxNsjn_H, "
Thành phố Vị Thanh,Chưa xét,Tổ dân phố,Không có giá,"Vị Thanh, Hậu Giang",Hậu Giang,không có đánh giá,"https://lh3.googleusercontent.com/p/AF1QipNEy6yFCuk7f5WCAytJDrsrEubICuJxOp4nLugD, https://lh3.googleusercontent.com/p/AF1QipO5kWlOxwsfRJ-6nDBcmFzaqIuJbFjj1nz6E0DV, "
Vườn Dâu Cao Sản Thiên Ân,3.8,Điểm thu hút khách du lịch,Không có giá,"Số 38 khu vực 7, Ngã Bảy, Hậu Giang",Hậu Giang,86,"https://lh3.googleusercontent.com/p/AF1QipNEy6yFCuk7f5WCAytJDrsrEubICuJxOp4nLugD, https://lh3.googleusercontent.com/p/AF1QipO5kWlOxwsfRJ-6nDBcmFzaqIuJbFjj1nz6E0DV, "
Di tích lịch sử Chiến thắng Chương Thiện,4.9,Bảo tàng chiến tranh,Không có giá,"QFVH+9W5, Unnamed Road, Phường 5, Vị Thanh, Hậu Giang",Hậu Giang,10,"https://lh3.googleusercontent.com/p/AF1QipPoPLI-Q26QFAwFGUpJsvV3fqKlvTxO2DjncbN6, https://lh3.googleusercontent.com/p/AF1QipNkJ8bwOLlSwbPw7AgxNav4SUNu3_2xnUYWXiGR, "
kênh Xáng Xà No,4.3,nước,Không có giá,Hậu Giang,Hậu Giang,39,"https://lh3.googleusercontent.com/p/AF1QipNqjJW6bEssQth-GUPlNMf3v_Um-ks-d2Oqw4ZB, https://lh3.googleusercontent.com/p/AF1QipNPAR8AAjNU-I-hW5Vlp-b99oJzb66LNNikMFyh, "
Đại Thành,Chưa xét,Khu dân cư,Không có giá,"Ngã Bảy, Hậu Giang",Hậu Giang,không có đánh giá,"https://lh3.googleusercontent.com/p/AF1QipMPrG-2wHi44GL8hxlkOI6WMzPrnKoVdK4p32ss, https://lh3.googleusercontent.com/p/AF1QipPtIMRXg_vTM6mKcoiQjbBkvIxsah7ZzHQKp-US, "
Hỏa Tiến,Chưa xét,Khu dân cư,Không có giá,"Tp. Vị Thanh, Hậu Giang",Hậu Giang,không có đánh giá,"https://lh3.googleusercontent.com/p/AF1QipOTlD8ISPDFcUEZRPsG-I8cW2mB_JfIsvNe8SQ7, https://lh3.googleusercontent.com/p/AF1QipORrH6kVJYbSDGAwCEcPNlO-3laBg_mWXIwkXzh, "
Vườn Tre Tư Sang - Hậu Giang,4.0,Vườn,Không có giá,"Unnamed Road, Thạnh Hoà, Phụng Hiệp, Hậu Giang",Hậu Giang,297,"https://lh3.googleusercontent.com/p/AF1QipPl5GTo9-8bejnyIY-wBM33kSU6ktYPa3x9XvfD, https://lh3.googleusercontent.com/p/AF1QipOe9iJj_D0oBSuWvi-AQTCOjf0mrIxSPR5k7Xr1, "
Động Cóc Đá Bạc,4.5,Nơi thờ cúng,Không có giá,"RJC4+X3G, Liên Sơn, Lương Sơn, Hòa Bình 35000",Hòa Bình,45,"https://lh3.googleusercontent.com/p/AF1QipOkyD3lUSDGvXR4ws28JElcmciUPWp_tGl6YLdU, https://lh3.googleusercontent.com/p/AF1QipMynnkg-ZhpPb-CdfSQbRiBVgGwRlGLb17efLsW, "
Suối khoáng Kim Bôi,3.9,Điểm thu hút khách du lịch,Không có giá,"Khu, Mớ Đá, Kim Bôi, Hòa Bình 36000",Hòa Bình,1.409,"https://lh3.googleusercontent.com/p/AF1QipOkyD3lUSDGvXR4ws28JElcmciUPWp_tGl6YLdU, https://lh3.googleusercontent.com/p/AF1QipMynnkg-ZhpPb-CdfSQbRiBVgGwRlGLb17efLsW, "
Đèo Thung Khe,4.5,Đường vượt núi,Không có giá,"Phú Cường, Tân Lạc, Hòa Bình",Hòa Bình,252,"https://lh3.googleusercontent.com/p/AF1QipNwtCTfwEUnCnlAr4ssAgt6YZfsU5mCM3rKQ4-j, https://lh3.googleusercontent.com/p/AF1QipNwhsc8KKyeBEH3xYnsNsHsxiwntV0LJksiOKqj, "
Hồ Hòa Bình,4.6,Hồ chứa nước,Không có giá,Hòa Bình,Hòa Bình,72,"https://lh3.googleusercontent.com/p/AF1QipOvP0YS5BtKAHc_iLwJuM7V1YBDc4the80rQQYX, https://lh3.googleusercontent.com/p/AF1QipMmNF93wwdmhRuxE0oTeKNTPUFADzhDIBdDuA, "
Động Thác Bờ Ngòi Hoa,4.4,Điểm thu hút khách du lịch,Không có giá,"Q54G+PH9, Ngòi Hoa, Tân Lạc, Hòa Bình",Hòa Bình,591,"https://lh3.googleusercontent.com/p/AF1QipM6R3hUNZTXVcv27FPX3iBJDl-XisVHv2nvxzoO, https://lh3.googleusercontent.com/p/AF1QipORcLMc6jCmFj4J84ApbYH8WM1UkqjGH2O--nxt, "
bản Lác,Chưa xét,Khu dân cư,Không có giá,"Mai Châu, Hòa Bình",Hòa Bình,không có đánh giá,"https://lh3.googleusercontent.com/p/AF1QipOTCEXZSCiscYJLhmWyKGVRN7jwLh-kPVaaku4U, https://lh3.googleusercontent.com/p/AF1QipNxHTY54unKryE-HUi6QkPCxZ0b_hCwLXW3GoQL, "
Thung Nai,Chưa xét,Administrative Area3,Không có giá,"Cao Phong, Hòa Bình",Hòa Bình,không có đánh giá,"https://lh3.googleusercontent.com/p/AF1QipPP1x8GZjsMWWilQQgKhjkFfyVCnFl5ApSLCyQe, https://lh3.googleusercontent.com/p/AF1QipMtkb1X4pq_TMyL3M0nD_4NUavgXl1EaG3ofVJI, "
Động Tiên Phi,5.0,Hang động,Không có giá,"Tp. Hòa Bình, Hòa Bình",Hòa Bình,1,"https://lh3.googleusercontent.com/p/AF1QipPYpBfhkNRxIsdYIa3LuIGDFW00yFBrVfLCBJhR, https://lh3.googleusercontent.com/p/AF1QipP3B7g1aZa51m4KRaiqym1zsrIjtm0xRHxGylcI, "
Lũng Vân,Chưa xét,Administrative Area3,Không có giá,"Tân Lạc, Hòa Bình",Hòa Bình,không có đánh giá,"https://lh3.googleusercontent.com/p/AF1QipNkT8d7lIroqDxXD-2XyBVJqg5thzIMOO2TcPuS, https://lh3.googleusercontent.com/p/AF1QipOpNbe4B99ojsceGrYwD6b6RcAoZH6iMCuOMSVt, "
Thác Thăng Thiên,3.7,Thắng cảnh,Không có giá,"WCPW+F4F, Dân Hòa, Kỳ Sơn, Hòa Bình",Hòa Bình,167,"https://lh3.googleusercontent.com/p/AF1QipPS_D27mk8wcN9eMN5n9pQWPjkqPcFdVJqpAPY7, https://lh3.googleusercontent.com/p/AF1QipPxBamYfZqoqD1uzJYC8glUqPGuy9Pzbiy_AwWI, "
Nhà Máy Thủy Điện Hòa Bình,4.6,Nhà máy thủy điện,Không có giá,"R87F+CRR, Tân Thịnh, Hòa Bình",Hòa Bình,411,"https://lh3.googleusercontent.com/p/AF1QipO4ZkFegAqhWoZQ1lrfpm8OjV5OL7aYyP1bIaW7, https://lh3.googleusercontent.com/p/AF1QipP5eq2JwFvNw3lyjdCrWxb-WGGmcKEhN2Ttthku, "
Bảo tàng Không gian Văn hóa Mường,4.1,Bảo tàng dân tộc học,Không có giá,"202 Tây Tiến, Phường, Hòa Bình",Hòa Bình,285,"https://lh3.googleusercontent.com/p/AF1QipMBiqSO8u4Gkx_wmFIhAOQrCqqDessb0adJnKrS, https://lh3.googleusercontent.com/p/AF1QipOqvQ_78TVpsoqRT4bHarGkvsyAABsx1B_gT4Bq, "
Đèo Đá Trắng,4.3,Điểm thu hút khách du lịch,Không có giá,"QL6, Phú Cường, Tân Lạc, Hòa Bình",Hòa Bình,2.834,"https://lh3.googleusercontent.com/p/AF1QipN8EwP_II56NdTxVRg2rtMMIgfxGrrhVMSCB4MP, https://lh3.googleusercontent.com/p/AF1QipOnzP9FaWttl5ZtFduNgynRFXo0MX5ipqZ9FkeO, "
Bản Poom Coọng,Chưa xét,Khu dân cư,Không có giá,"bản Lác, tt. Mai Châu, Mai Châu, Hòa Bình",Hòa Bình,không có đánh giá,"https://lh3.googleusercontent.com/p/AF1QipPtKznvE3a1843DSluvh6dregDyQ4-I_g7krEuW, https://lh3.googleusercontent.com/p/AF1QipO8qEAQANh3jO_12mEYHOm8_-pdf7gqSQsu8SPj, "
Mỏ Luông Lake,4.6,Hồ,Không có giá,"Mai Châu, Hòa Bình",Hòa Bình,9,"https://lh3.googleusercontent.com/p/AF1QipPTVYFHcWLhvkOLC9eoaqtw5yS5FReLU392xWFA, https://lh3.googleusercontent.com/p/AF1QipPJ9CFkEk7LR_Rtk9_oVJm-PvEazOUUXfFNOCB4, "
Động Thiên Long,4.0,Điểm mốc lịch sử,Không có giá,"Lạc Lương, Yên Thuỷ, Hòa Bình",Hòa Bình,4,"https://lh3.googleusercontent.com/p/AF1QipOY2I7vcVMg89E68eRK-589abmHBYaMBSZeC35B, https://lh3.googleusercontent.com/p/AF1QipMOjE0I1X_etyzV9BGMluTzNtkqt4WTK20p0zq0, "
Thung Nai,Chưa xét,Khu dân cư,Không có giá,"Tp. Hòa Bình, Hòa Bình",Hòa Bình,không có đánh giá,"https://lh3.googleusercontent.com/p/AF1QipMRLTHqFEWzwwHGhGGS3jjKQ4FNQvR0RUhROEcW, https://lh3.googleusercontent.com/p/AF1QipMoNC-nxb4ruxu8Kx6s-4KEYRYM6GHXiguOrNNA, "
Thác Tú Sơn,3.6,Khách sạn nghỉ dưỡng,Không có giá,"PC59+X57, Tú Sơn, Kim Bôi, Hòa Bình 36000",Hòa Bình,291,"https://lh3.googleusercontent.com/p/AF1QipOgWQ37fyBd8h0_UOSIO8yztIP-zYynwRWQYBrf, https://lh3.googleusercontent.com/p/AF1QipNiMTPfdFDGbtWrcPDz6-unf_THvULrq1IAMHyE, "
Khu du lịch sinh thái Thác Thăng Thiên,3.9,Đại lý du lịch,Không có giá,"WCHR+2JH, Unnamed Road, Dân Hòa, Kỳ Sơn, Hòa Bình",Hòa Bình,18,"https://lh3.googleusercontent.com/p/AF1QipN28idjxfmatYEM_MzzEctF_IGIkVD2lm2c2zOv, https://lh3.googleusercontent.com/p/AF1QipOjX3q1OXM9JERcmhs7Ew0Bjo7OilWPyIgBLYTX, "
tt. Mai Châu,Chưa xét,Khu dân cư,Không có giá,"Mai Châu, Hòa Bình",Hòa Bình,không có đánh giá,"https://lh3.googleusercontent.com/p/AF1QipOi_YgToIZP39YkZnrpuW3gGCiIDH41UFuO1UTR, https://lh3.googleusercontent.com/p/AF1QipMDjlHdjspyIZ7tC6491wKFNRMyCA7_jckIv0fH, "
Ba Khan,Chưa xét,Administrative Area3,Không có giá,"Mai Châu, Hòa Bình",Hòa Bình,không có đánh giá,"https://lh3.googleusercontent.com/p/AF1QipOi_YgToIZP39YkZnrpuW3gGCiIDH41UFuO1UTR, https://lh3.googleusercontent.com/p/AF1QipMDjlHdjspyIZ7tC6491wKFNRMyCA7_jckIv0fH, "
Chùa Tiên,4.4,Chùa phật giáo,Không có giá,"HP7W+6P6, Phú Lão, Lạc Thủy, Hòa Bình 350000",Hòa Bình,730,"https://lh3.googleusercontent.com/p/AF1QipOR2ko5BNrW_Bb_1J-AB2lLeQXpdmMFxYc9o_7b, https://lh3.googleusercontent.com/p/AF1QipMYGHeNqMNbaxDEaczEPuKwP_vPxZDdASmrkV5G, "
Mai Châu,Chưa xét,Administrative Area2,Không có giá,Hòa Bình,Hòa Bình,không có đánh giá,"https://lh3.googleusercontent.com/p/AF1QipN3OzQrSHE9OduYoAqStj94UBWn30AC8RlsQ7qA, https://lh3.googleusercontent.com/p/AF1QipPRWC19Z99t-JlyIaW-g4LcsWIEcyADgeFFeYsa, "
Kim Bôi,Chưa xét,Administrative Area2,Không có giá,Hòa Bình,Hòa Bình,không có đánh giá,"https://lh3.googleusercontent.com/p/AF1QipP1o4kRJeI7_OkNTeeVJj-9H3YvpwFsIyFq4O3w, https://lh3.googleusercontent.com/p/AF1QipMQwecLAYbV3wuSrYxSR6I6TFnjYmNPlPMx50YP, "
Đà Bắc,Chưa xét,Administrative Area2,Không có giá,Hòa Bình,Hòa Bình,không có đánh giá,"https://lh3.googleusercontent.com/p/AF1QipNX220Fr78ZtKe2Euw_G6RWTw1pbCIqJ0zyK9yM, https://lh3.googleusercontent.com/p/AF1QipNpkPDBenOGkN-LDfgOVRCHzoSl1NQ9e55y__mZ, "
Mỏ Luông Cave,4.5,Điểm thu hút khách du lịch,Không có giá,"227 QL15, TT. Mai Châu, Mai Châu, Hòa Bình",Hòa Bình,29,"https://lh3.googleusercontent.com/p/AF1QipNoI8clRYuasP3Op50V4agaHHRIpWXiCpkB7Vo-, https://lh3.googleusercontent.com/p/AF1QipNF30wB-lQ17qrOAMBmhFJgpMSJDIUUfuUb1SFq, "
Thác Gò Lào,4.4,Thắng cảnh,Không có giá,"P3R4+M2F, Ba Khan, Mai Châu, Hòa Bình",Hòa Bình,1.068,"https://lh3.googleusercontent.com/p/AF1QipPLw6QyummzG1oZPODermchOtlHq-la8vjcwsyZ, https://lh3.googleusercontent.com/p/AF1QipMeQ0WVBUsVLX7ymvtnQDgMynm4W8TM4N_wPJs_, "
Cột Cờ Mai Châu,4.4,Thắng cảnh,Không có giá,"M3GP+PW3, Tòng Đậu, Mai Châu, Hòa Bình",Hòa Bình,806,"https://lh3.googleusercontent.com/p/AF1QipOSaf43Cr5T_NwcdCLYGaxc-zkE71otqhww80aT, https://lh3.googleusercontent.com/p/AF1QipMiaRWaAIGhJ5SfuoY2q355gAS38mm6LX8Ym4JY, "
Ban Buoc Homestay,3.9,Nhà nghỉ dưỡng,Không có giá,"MX27+VV4, Săm Khoé, Mai Châu, Hòa Bình",Hòa Bình,53,"https://lh3.googleusercontent.com/p/AF1QipPoyVBzhMqNJgW-bXEUuQHgnuay_k-G2wxM1rs5, https://lh3.googleusercontent.com/p/AF1QipOkS_W4efIg9xa5HSzxsQwXkmpH06pTxSssDQFG, "
Công Viên Di Sản,4.4,Công viên giải trí,Không có giá,"Unnamed Road, Bắc Phong, Cao Phong, Hòa Bình",Hòa Bình,452,"https://lh3.googleusercontent.com/p/AF1QipOkjEVRfYPiI8AKZnc6-Tz69-liaHq5r28JczEy, https://lh3.googleusercontent.com/p/AF1QipPRA4rrg8HXoJxh76tcPWhQC5FnUwA-p-ds3hip, "
Săn Mây Hang Kia,4.5,Điểm thu hút khách du lịch,Không có giá,"PVCX+94V Săn mây xã, Cun Pheo, Mai Châu, Hòa Bình",Hòa Bình,358,"https://lh3.googleusercontent.com/p/AF1QipN9eEh4cTtyI-_KaVJt9ywb_YIcWEHeleEKFdT9, https://lh3.googleusercontent.com/p/AF1QipN6UKsLRW6y0_sshWyBwOACSO7LZV_M2s1dYdLI, "
Di Tích Hang Chiều,4.2,Điểm thu hút khách du lịch,Không có giá,"M33M+9R6, Hang Chiều, TT. Mai Châu, Mai Châu, Hòa Bình",Hòa Bình,306,"https://lh3.googleusercontent.com/p/AF1QipMo1njtSQTzJHvdRlPHf-MfUhEcLa_PB6r7gLlV, https://lh3.googleusercontent.com/p/AF1QipPmcrlL6qyLbCrQy9pla9YzDgf0qOoqGSa0_PaD, "
Đền Thác Bờ,4.7,Nơi thờ cúng,Không có giá,"Q56P+CM5, Thung Nai, Cao Phong, Hòa Bình",Hòa Bình,73,"https://lh3.googleusercontent.com/p/AF1QipN8oCFLe477MWbyyCq3giyr-W2QfCol9bU6p4Tw, https://lh3.googleusercontent.com/p/AF1QipMBa8n6IHWpZKGfGvBUZD08OyCZ-sPl921wIrKU, "
Bản Ngòi,4.4,Điểm thu hút khách du lịch,Không có giá,"P4QW+4R2, Ngòi Hoa, Tân Lạc, Hòa Bình",Hòa Bình,126,"https://lh3.googleusercontent.com/p/AF1QipNi3gvR7GNJScN8dPMO2zemoX3w2MOQCiHsj8EE, https://lh3.googleusercontent.com/p/AF1QipMjGYsLtioVVVGX9RYi5qKFPp3rpJPMrhjmV2t4, "
Khu du lịch hồ Hòa Bình,4.7,Điểm thu hút khách du lịch,Không có giá,"Thung Nai, Cao Phong, Hòa Bình",Hòa Bình,24,"https://lh3.googleusercontent.com/p/AF1QipNzvJ3uXpid_k7XSIIFuTA7-aqozmZdzL4P318A, https://lh3.googleusercontent.com/p/AF1QipPJdqh6wylD8g3z97XoXXFTCuHX-AtmR4AB2Uq-, "
Hồ Đồng Chanh,4.1,Hồ,Không có giá,"Lương Sơn, Hòa Bình",Hòa Bình,118,"https://lh3.googleusercontent.com/p/AF1QipNFm6Rz0mIRBECPbrQm5radmS9FwQPM_EC5KDnB, https://lh3.googleusercontent.com/p/AF1QipObk6XWKWfB_Kl3ampzbkMPoFXfupZaDz7cMSYx, "
Ho Song Da,4.2,Hồ,Không có giá,"Thung Nai, Cao Phong, Hòa Bình",Hòa Bình,5,"https://lh3.googleusercontent.com/p/AF1QipOLE9ZlIL_KGclWfHWPM-C5-E4dugc7TKAP-ueO, https://lh3.googleusercontent.com/p/AF1QipMz2igHfyogNqTRbSjFzXCpPDqmVfEuBje_e1xm, "
Tháp Chăm,3.0,Điểm thu hút khách du lịch,Không có giá,"Meddom Park, Unnamed, Road, Cao Phong District, Hoa Binh",Hòa Bình,7,"https://lh3.googleusercontent.com/p/AF1QipNK8ywqUI0eNkvz16PEYCqZzAUn3NcRSv-3Fceq, https://lh3.googleusercontent.com/p/AF1QipOU5J98X2oHdCgvd_1ulFMjbrLzW9HzgstlCCi5, "
Văn Miếu Xích Đằng,4.6,Điểm thu hút khách du lịch,Không có giá,"Lê Quý Đôn, P. Lam Sơn, Hưng Yên",Hưng Yên,165,"https://lh3.googleusercontent.com/p/AF1QipNFW7IU4GWS7K02nFIPW2xhAF-k6SA11iK_sJ19, https://lh3.googleusercontent.com/p/AF1QipMqBinI3Yl3NkQoAe4br7EkaFw34_IQF4r2f6AH, "
Chùa Chuông,4.6,Chùa phật giáo,Không có giá,"M342+73X, P. Hiền Nam, Hưng Yên, 160000",Hưng Yên,908,"https://lh3.googleusercontent.com/p/AF1QipNFW7IU4GWS7K02nFIPW2xhAF-k6SA11iK_sJ19, https://lh3.googleusercontent.com/p/AF1QipMqBinI3Yl3NkQoAe4br7EkaFw34_IQF4r2f6AH, "
Đền Mẫu Hưng Yên,4.7,Nơi thờ cúng,Không có giá,"141 Bãi Sậy, Quang Trung, Hưng Yên, 160000",Hưng Yên,634,"https://lh3.googleusercontent.com/p/AF1QipPaanHz17IzCOVN_Lf1lloYaD08Zi97exBYvngr, https://lh3.googleusercontent.com/p/AF1QipPnWH2KnEncASVUaILbCnrx65504SQ0_p1jOUrh, "
Phố Hiến,Chưa xét,Tuyến đường,Không có giá,Hưng Yên,Hưng Yên,không có đánh giá,"https://lh3.googleusercontent.com/p/AF1QipMYVa-ZvJGosySA1mrHO18og7021YkuDrj_Jy6D, https://lh3.googleusercontent.com/p/AF1QipM8fexvoO1zsuaaEdDAqvo-zFqJmg2yncsyXEVZ, "
Hồ Bán Nguyệt,Chưa xét,Tuyến đường,Không có giá,"Tp. Hưng Yên, Hưng Yên",Hưng Yên,không có đánh giá,"https://lh3.googleusercontent.com/p/AF1QipNXzVXBSraMdWvOFFsz9AF2P12lSxXesvNhwQUm, https://lh3.googleusercontent.com/p/AF1QipN9IYfgPOLrdiYE-B2JcA8KplU-0SZyq0E2G3s1, "
Chùa Hiến,4.5,Chùa phật giáo,Không có giá,"J3Q6+J4X, Phố Hiến, Hồng Châu, Hưng Yên",Hưng Yên,103,"https://lh3.googleusercontent.com/p/AF1QipNEKAMNHDoK18dO-Nms1ngcNh6BZRrXIGYXFt2D, https://lh3.googleusercontent.com/p/AF1QipM_LB5kDvq2Rw1c9YT4-SLCwtBrvYYIaiggfqkm, "
Chùa Nôm,4.6,Chùa phật giáo,Không có giá,"X3VM+MJ4, Thôn Nôm, Văn Lâm, Hưng Yên",Hưng Yên,2.371,"https://lh3.googleusercontent.com/p/AF1QipNWtPDnngxc0tWjkZm5NusI03DJaopJhaNJhrDp, https://lh3.googleusercontent.com/p/AF1QipPJm61g8-RKNS5p2JSCq4OZH-OdSKvf2dMfVPNb, "
Chùa Phúc Lâm (La Mát),4.4,Chùa phật giáo,Không có giá,"Phù ủng, Ân Thi, Hưng Yên",Hưng Yên,365,"https://lh3.googleusercontent.com/p/AF1QipP1Isc9SEh3dipXxFQoygf785F8Jbb7HV23G98O, https://lh3.googleusercontent.com/p/AF1QipN1dslmnsDJMr1TgeCaN4ITwMT72Dc-Bg4nRKH5, "
Đền Chử Đồng Tử - Tiên Dung,4.5,Điện thờ,Không có giá,"VWJH+5FP, Bình Minh, Khoái Châu, Hưng Yên",Hưng Yên,73,"https://lh3.googleusercontent.com/p/AF1QipOuMu7Ko1uTLsf2FRKKYPkh6JYHJqh-TVyVrtO2, https://lh3.googleusercontent.com/p/AF1QipNEdDadroHZa1ZtgHnu99f-6Ry-jXuFieA6vHfz, "
Đình làng Nôm,4.8,Nơi thờ cúng,Không có giá,"X3VJ+4FG, Đại Đồng, Văn Lâm, Hưng Yên",Hưng Yên,23,"https://lh3.googleusercontent.com/p/AF1QipMJWa1LB0nmOym-ZHezuv7CMIFYN_aCsLeGF-Du, https://lh3.googleusercontent.com/p/AF1QipPSUFrVlge4AZgtWsL0hRde7t0XBVMzo7rAKgUv, "
chùa thôn Cao_Chùa Hoàng Bà,4.5,Chùa phật giáo,Không có giá,"M3W5+8HF, Bảo Khê, Hưng Yên",Hưng Yên,58,"https://lh3.googleusercontent.com/p/AF1QipO1IKityaZCdV_efe-iPQbP_xBqy-yDm93-xTPl, https://lh3.googleusercontent.com/p/AF1QipN475X7V74RP34hHgdI0DWffXF5MQrqjy7JEAUu, "
Tiên Lữ,Chưa xét,Administrative Area2,Không có giá,Hưng Yên,Hưng Yên,không có đánh giá,"https://lh3.googleusercontent.com/p/AF1QipOU8Yzmcemlt9Pp4tPV2Ro0AAq3DvIpveWp2kyM, https://lh3.googleusercontent.com/p/AF1QipMtxOmOHbaoYevF4_9hbyS7ukyj8fojs0elFV9a, "
Chùa Hương Lãng,4.7,Chùa phật giáo,Không có giá,"X383+63M xã, Thôn Chùa, Văn Lâm, Hưng Yên",Hưng Yên,71,"https://lh3.googleusercontent.com/p/AF1QipMICqukf64Jx_awFlRLIA4RHFE0OU_HaBpS1s2g, https://lh3.googleusercontent.com/p/AF1QipPWYbqJiX3GBbLpLRrLER3ZGBIitQv-wAM97UCK, "
"Đền Ghênh "" Đền thờ gốc của Hoàng Thái Hậu Ỷ Lan """,4.6,Điện thờ,Không có giá,Không có địa chỉ cụ thể,Hưng Yên,không có đánh giá,"https://lh3.googleusercontent.com/p/AF1QipPyv47DgpTL_M3vAvxsGaVpLBE9ajyKA2h9C1_K, https://lh3.googleusercontent.com/p/AF1QipNScGDlukw0ySwehYcussfIUL38CtT-6yN2dfcA, "
Ân Thi,Chưa xét,Administrative Area2,Không có giá,Hưng Yên,Hưng Yên,không có đánh giá,"https://lh3.googleusercontent.com/p/AF1QipODEAN2KwLzckTtfrUVUgKsKZ4FwcPVErq-QCqY, https://lh3.googleusercontent.com/p/AF1QipMWnvSFjp-GhfuF17KcPcUulhc6xLSG9kb6VjRG, "
Chùa Pháp Vân (Chùa Thái Lạc),4.5,Chùa phật giáo,Không có giá,"X257+8VG, Lạc Hồng, Văn Lâm, Hưng Yên",Hưng Yên,43,"https://lh3.googleusercontent.com/p/AF1QipNOJWDWaJed24SSy1V76F2eOyVjv2sTPSa_0-4U, https://lh3.googleusercontent.com/p/AF1QipMwhmJr3ROkYRpI3yvOegIac6nYnVcvuJcCgwXZ, "
Văn Lâm,Chưa xét,Administrative Area2,Không có giá,Hưng Yên,Hưng Yên,không có đánh giá,"https://lh3.googleusercontent.com/p/AF1QipPVv81l8Z5nrGJ-00eYxq5m4T-oEguAZlnaELgf, https://lh3.googleusercontent.com/p/AF1QipONkruNH7RRHXTZ2wTV0ENajFDIF8RUtpqwBEAA, "
Đền Cố Trạch,4.6,Nơi thờ cúng,Không có giá,"Trần Thừa, Lộc Vượng, Nam Định",Hưng Yên,100,"https://lh3.googleusercontent.com/p/AF1QipN5RBx-NP-IifRhXEjjKrWBeM5Ljx-BCP7udQvJ, https://lh3.googleusercontent.com/p/AF1QipPcO3E5RqVG08JCAXGnZFnw1PMgq2JrmQbQvZFZ, "
Đền Hoá Dạ Trạch,4.5,Đền thờ đạo Lão,Không có giá,"VW7X+P62, Dạ Trạch, Khoái Châu, Hưng Yên",Hưng Yên,111,"https://lh3.googleusercontent.com/p/AF1QipP0b8EUn_5zvMUXUyPvgivziacKZxq_ZAqaSg5h, https://lh3.googleusercontent.com/p/AF1QipPbZOxSF57HnNTY0_W8WYME6r77iTaZGLQ7H3GS, "
Mỹ Hào,Chưa xét,Administrative Area2,Không có giá,Không có địa chỉ cụ thể,Hưng Yên,không có đánh giá,"https://lh3.googleusercontent.com/p/AF1QipOtV-jNIEduhamuFtQHMNtCVZcwMqPbK8q68xbT, https://lh3.googleusercontent.com/p/AF1QipNTpAYOPnUWYOpYm9ZroZeTGOvzxklkPxaJrf_d, "
Khoái Châu,Chưa xét,Administrative Area2,Không có giá,Hưng Yên,Hưng Yên,không có đánh giá,"https://lh3.googleusercontent.com/p/AF1QipN66S5o-B-PyWmbCkdtvntJu8u523oFxnD2OOGl, https://lh3.googleusercontent.com/p/AF1QipPBoitsh8Z_aA8I9tiKQ1KmZlugwyEoBaG773qj, "
Văn Giang,Chưa xét,Administrative Area2,Không có giá,Hưng Yên,Hưng Yên,không có đánh giá,"https://lh3.googleusercontent.com/p/AF1QipN66S5o-B-PyWmbCkdtvntJu8u523oFxnD2OOGl, https://lh3.googleusercontent.com/p/AF1QipPBoitsh8Z_aA8I9tiKQ1KmZlugwyEoBaG773qj, "
Bánh Giầy Làng Gàu Kim Phụng (chuẩn OCOP),4.0,Xưởng bánh bán buôn,Không có giá,"Chợ Gầu, thôn Vàng, Văn Giang, Hưng Yên 160000",Hưng Yên,24,"https://lh3.googleusercontent.com/p/AF1QipOd2DYNi7vXKDhugMfDyhKaJDuxyMmup9tz6b6Z, https://lh3.googleusercontent.com/p/AF1QipMl9OPeS1_zRpVcO4vWCpUNIRXiVD9U5n7xAfVH, "
Phố Nối,Chưa xét,Khu dân cư,Không có giá,"Yên Mỹ, Hưng Yên",Hưng Yên,không có đánh giá,"https://lh3.googleusercontent.com/p/AF1QipNJFCL6S4O4RMeLwCDZ5XMZl1GBNzFm150hOrw, https://lh3.googleusercontent.com/p/AF1QipP48nYT-0H9MdB75Dx4Ryb-sSS930ts6SsHNUw, "
Đền Ghềnh,Chưa xét,Khu đất khép kín,Không có giá,"Ngõ 22 P. Phú Viên, Bồ Đề, Long Biên, Hà Nội",Hưng Yên,không có đánh giá,"https://lh3.googleusercontent.com/p/AF1QipPxImlrmVeR7babIZDnes0FCynOEtsnCoHIEIOD, https://lh3.googleusercontent.com/p/AF1QipOmjsYXgtMIHAgh-2LWbk6B_amHbTJXdqdEwL5C, "
Tháp Bà Ponagar,4.4,Điểm thu hút khách du lịch,Không có giá,"61 Hai Tháng Tư, Vĩnh Phước, Nha Trang, Khánh Hòa 650000",Khánh Hòa,23.571,"https://lh3.googleusercontent.com/p/AF1QipOQZUkYS3dt0VlrCQBirQNQ4MNC36_s9lyhl0DK, //lh3.googleusercontent.com/proxy/7hGoneTMR2X8ilChx4U8rF7T81IRQxhH7OjeybVXGK2ITDK0pMb3OSJ_pw5EHj6kFxlQzPFyIFxmy1RAo3QbdTlfDhafS1A_bvVj8CoiJRpGPsVcnjm5-MlA-uSlGrM7_Dx4XGVJPDAp2TQ0Mae3ShbsoQXPiNE, "
Bảo Tàng Hải Dương Học,4.2,Bảo tàng,40.000 ₫,"1 Cầu Đá - Hòn Một, Cầu Đá, Nha Trang, Khánh Hòa 650000",Khánh Hòa,1.905,"https://lh3.googleusercontent.com/p/AF1QipOQZUkYS3dt0VlrCQBirQNQ4MNC36_s9lyhl0DK, //lh3.googleusercontent.com/proxy/7hGoneTMR2X8ilChx4U8rF7T81IRQxhH7OjeybVXGK2ITDK0pMb3OSJ_pw5EHj6kFxlQzPFyIFxmy1RAo3QbdTlfDhafS1A_bvVj8CoiJRpGPsVcnjm5-MlA-uSlGrM7_Dx4XGVJPDAp2TQ0Mae3ShbsoQXPiNE, "
Nhà thờ Núi,4.1,Nhà thờ Công giáo,Không có giá,"01 Thái Nguyên, Phước Tân, Nha Trang, Khánh Hòa 650000",Khánh Hòa,1.884,"https://lh3.googleusercontent.com/p/AF1QipPUfUt24WPafwJ2MUQyr8viqOpDIpXD-yPyZgg3, https://lh3.googleusercontent.com/p/AF1QipMSQMFwAVW-hMfk3GYLNQ1nNdhBSu1bvfPQn6gg, "
Chùa Từ Vân,4.3,Chùa phật giáo,Không có giá,"388 Ba Tháng Tư, Cam Linh, Cam Ranh, Khánh Hòa",Khánh Hòa,1.183,"https://lh3.googleusercontent.com/p/AF1QipN38Delaon2Ro7VLHsfYp7d4qfL7g4Lw3YRbKxl, https://lh3.googleusercontent.com/p/AF1QipM2SAyMX0ppNAscmiuz0eaUpZoOc87mydQnz7Fk, "
Đảo Điệp Sơn,4.1,Bãi biển,Không có giá,"Vạn Ninh, Khánh Hòa",Khánh Hòa,235,"https://lh3.googleusercontent.com/p/AF1QipPtoVuJG3FiTloTfUI0c_06VCi4Xcfim0y6sU2O, https://lh3.googleusercontent.com/p/AF1QipNItBv0E_OcX4nOw_Imh2HYV0cWGtlc1MpVZgLN, "
đảo Bình Ba,4.4,Đảo,Không có giá,"Cam Bình, Tp. Cam Ranh, Khánh Hòa",Khánh Hòa,1.046,"https://lh3.googleusercontent.com/p/AF1QipPZET7zqBFeNvwKNhn84U6Ae_CxgIxIpsfSNTZW, https://lh3.googleusercontent.com/p/AF1QipMPw1dopQ0GdYCkxWlOdRXMLCSYt2JENkqMsMxL, "
Hòn Chồng,Chưa xét,Tuyến đường,Không có giá,"Vĩnh Phước, Nha Trang, Khánh Hòa 650000",Khánh Hòa,không có đánh giá,"https://lh3.googleusercontent.com/p/AF1QipPubSPfAGIoxJgfaYW1hzTF-WW19XtlUE_GaiXb, https://lh3.googleusercontent.com/p/AF1QipNI6Apxm2Evoa3CiK6SvrN9Uo0_dKDNsx3imfE, "
Suối Ba Hồ - Ninh Hòa,4.5,Điểm thu hút khách du lịch,Không có giá,"Thôn Vạn Thuận, Ninh Hòa, Khánh Hòa 57000",Khánh Hòa,166,"https://lh3.googleusercontent.com/p/AF1QipPhw_zlbq5Fvs6awQnp3bzfuvjbpQ7pyzEeOdS5, https://lh3.googleusercontent.com/p/AF1QipNYWim6tb9TcSHtVoJ2cbSiiMR89_d1CX0buaHB, "
Hòn Mun,4.3,Đảo,Không có giá,"Vĩnh Nguyên, Nha Trang, Khánh Hòa",Khánh Hòa,143,"https://lh3.googleusercontent.com/p/AF1QipMsusE1vdrtL_Q8F3BO-kdOJoRUk_VIdE2HYPbR, https://lh3.googleusercontent.com/p/AF1QipNgYWoGA2t0F9iBZwkz-e-ZlBUGwuOgav_wwSSD, "
Robinson Beach Nha Trang,4.3,Điểm thu hút khách du lịch,Không có giá,"Đảo Hòn Tre, Vĩnh Nguyên, Nha Trang, Khánh Hòa 650000",Khánh Hòa,569,"https://lh3.googleusercontent.com/p/AF1QipPhQDZi9qOOgAY0Lv3LR4QNr1vCoJiXeDmtfcEQ, https://lh3.googleusercontent.com/p/AF1QipNnUUYrNtoW_8l7tpHyHM_zaKleIu1pkLFjtn9z, "
Chùa Suối Đổ,4.6,Chùa phật giáo,Không có giá,"Suối Hiệp, Diên Khánh, Khánh Hòa",Khánh Hòa,743,"https://lh3.googleusercontent.com/p/AF1QipOkFZQN1S7XOAZwuJicApluDZAFJbmdxUw83US9, https://lh3.googleusercontent.com/p/AF1QipOwaMpGsHJ6US1_eqrRqdIa6a9-d2Zp76MXrPdS, "
Bải biển Dốc Lết,4.3,Bãi biển,Không có giá,"Tx. Ninh Hòa, Khánh Hòa",Khánh Hòa,1.421,"https://lh3.googleusercontent.com/p/AF1QipO9fG7Qd6byEftUWduqtDfAZTHNY6t67_v69Ccl, https://lh3.googleusercontent.com/p/AF1QipPxA-QuCcqW2RGw5qebQZYiz9rtXFZRZOwfZrWF, "
Trung Tâm Suối khoáng nóng THÁP BÀ NHA TRANG,4.4,Spa,Không có giá,"438 Ngô Đến, Ngọc Hiệp, Nha Trang, Khánh Hòa",Khánh Hòa,4.103,"https://lh3.googleusercontent.com/p/AF1QipPAk3bpZQSWJKDC4H3wbMmE7Wx6-eW1Y6QkHJt_, https://lh3.googleusercontent.com/p/AF1QipNHkH4qy07aIPwWREiYtLCJ0RYZj6sWh0rOGRzm, "
Bình Lập,Chưa xét,Khu dân cư,Không có giá,"Cam Lập, Tp. Cam Ranh, Khánh Hòa",Khánh Hòa,không có đánh giá,"https://lh3.googleusercontent.com/p/AF1QipNDM4d_ARdXlOXaXSWWSf0ZJdkGcHZYkOcYgd70, https://lh3.googleusercontent.com/p/AF1QipMTa0Jp09mmOX48PrSyrTJQhELeYxOUPokyrxCk, "
Bãi biển Đại Lãnh,4.6,Bãi biển,Không có giá,"Đại Lãnh, Khánh Hòa",Khánh Hòa,49,"https://lh3.googleusercontent.com/p/AF1QipOqpZcgmLeVb6cN-4PMVMHriUnHHyK_qihuagL-, https://lh3.googleusercontent.com/p/AF1QipNIsaRx9tcJpPkQ-X3O6t997Gw7I0mGSRwVoQfy, "
Chùa Long Sơn,4.3,Chùa phật giáo,Miễn phí,"22 Đ. 23 Tháng 10, Phương sơn, Nha Trang, Khánh Hòa 650000",Khánh Hòa,11.599,"https://lh3.googleusercontent.com/p/AF1QipOgpS44RJNyx6lmO2stBY2-6FFu0YKMnnAWuke1, https://lh3.googleusercontent.com/p/AF1QipMUKcNn9bOPrnjy8E9eSlHjYg1q6feKEWunISVa, "
hòn Nội,4.6,Đảo,Không có giá,"Cam Hải Đông, Khánh Hòa",Khánh Hòa,50,"https://lh3.googleusercontent.com/p/AF1QipN8F3KKHODOceu_HTH8ATkjBdDiuZQiTnqfclMf, https://lh3.googleusercontent.com/p/AF1QipMdamjr9qhSGrfDdTXhCUJ48oAeF6x3RgDfdyN2, "
đảo Bình Hưng,4.4,Đảo,Không có giá,"Cam Bình, Tp. Cam Ranh, Khánh Hòa",Khánh Hòa,898,"https://lh3.googleusercontent.com/p/AF1QipOG_hs2gDfNpnSBDhe3C9g2TCjCkf8Yl7xKgd-c, https://lh3.googleusercontent.com/p/AF1QipOOUKGjbexKRAXtktPXnvCaw-HV53v9RRA5vNis, "
Thác Tà Gụ,4.6,Thác nước,Không có giá,"Sơn Hiệp, Khánh Sơn, Khánh Hòa",Khánh Hòa,89,"https://lh3.googleusercontent.com/p/AF1QipPEhcvlL-zLgskx292n0RYdQZ1Wz2_wcSzeQ1LK, https://lh3.googleusercontent.com/p/AF1QipMu_ElMTfmtKqC6oDv2BhbNN_g6wZuWcdZUlwEm, "
Thác Yang Bay,4.1,Thắng cảnh,Không có giá,"Khánh Phú, Khánh Vĩnh, Khánh Hòa",Khánh Hòa,1.165,"https://lh3.googleusercontent.com/p/AF1QipMscrzDwMLEl8isD_D2Ht0cPLPCSxCIqNRYKbuP, https://lh3.googleusercontent.com/p/AF1QipPBpJIe41v3N-eW-WL-oOGUdnfVVqWA05rXLyVE, "
Đảo Hòn Tằm,4.1,Điểm thu hút khách du lịch,Không có giá,"Đảo Hòn Tằm, Vĩnh Nguyên, Nha Trang, Khánh Hòa 650000",Khánh Hòa,343,"https://lh3.googleusercontent.com/p/AF1QipPV78CTq__Hrx3TmpwKJh1gP5kZ3itTDyIrtWzI, https://lh3.googleusercontent.com/p/AF1QipM_ymbXlMH0sTIXBerUdd868bsKrZqQhDaNfOX9, "
Khu du lịch Đảo Hoa Lan,4.2,Điểm thu hút khách du lịch,Không có giá,"Ninh Phú, Ninh Hòa, Khánh Hòa",Khánh Hòa,2.294,"https://lh3.googleusercontent.com/p/AF1QipPV78CTq__Hrx3TmpwKJh1gP5kZ3itTDyIrtWzI, https://lh3.googleusercontent.com/p/AF1QipM_ymbXlMH0sTIXBerUdd868bsKrZqQhDaNfOX9, "
VinWonders Nha Trang,4.3,Công viên giải trí,950.000 ₫,"Đảo Hòn Tre, Vĩnh Nguyên, Nha Trang, Khánh Hòa 650000",Khánh Hòa,2.090,"https://lh3.googleusercontent.com/p/AF1QipNPOJjgjGzOYTVx9uyKrfNQ_EjLGTXukdwHUgJ6, https://lh3.googleusercontent.com/p/AF1QipPRsF6b-MDB2i5bx2U7xxSPyls1I6A23zhavE-j, "
Đầm Môn,4.4,Bán đảo,Không có giá,"Vạn Thạnh, Vạn Ninh, Khánh Hòa",Khánh Hòa,71,"https://lh3.googleusercontent.com/p/AF1QipM9ydA5qtGJ-e3I-ILfD21Y2KDE_A-KevWKsNur, https://lh3.googleusercontent.com/p/AF1QipOnI9woFzFW0SU35VRcnl8phQF5DCg7z6zl-7tH, "
hòn Lao,4.2,Đảo,Không có giá,"Nha Trang, Khánh Hòa",Khánh Hòa,187,"https://lh3.googleusercontent.com/p/AF1QipMBY7neKoJC_FdK2lvt5NVjgD742H7Ye5G2nHG4, https://lh3.googleusercontent.com/p/AF1QipPg5GsbtM9pYTS9SGLj2NL3uyttjZMcgo72qr3Z, "
Vịnh Vân Phong,4.5,Vịnh,Không có giá,Không có địa chỉ cụ thể,Khánh Hòa,83,"https://lh3.googleusercontent.com/p/AF1QipP7MQTpwTHmpDBY0ejRpVA7wAGMYdn6KmEs9xqy, https://lh3.googleusercontent.com/p/AF1QipPdaboaiQI-_0DKlA87iyMuj_t-H13m6zsT1QUu, "
Mũi Đôi - Cực đông trên đất liền Việt Nam,4.9,Điểm thu hút khách du lịch,Không có giá,"JFX6+8JV Bán đảo Hòn Gốm, Vịnh, Vân Phong, Vạn Ninh, Khánh Hòa 57000",Khánh Hòa,2.302,"https://lh3.googleusercontent.com/p/AF1QipMH-WpAX3J78xnmyKz9-n_NgZh-BGNR9EYZ4_2q, https://lh3.googleusercontent.com/p/AF1QipPoXPcN3LPIhIDC81Qcm1rAJ9m4qWyUgkwtjawO, "
Vịnh Ninh Vân,4.7,Vịnh,Không có giá,Tx. Ninh Hòa,Khánh Hòa,93,"https://lh3.googleusercontent.com/p/AF1QipPaE9pzRoZyXOH5cIPqSmGckVktHVOB9Oykyj8Y, https://lh3.googleusercontent.com/p/AF1QipMm_xnSkMI4Y7_4ESWuWJBCa7qrIWq3DLz_zC4h, "
Nha Trang,Chưa xét,Tổ dân phố,Không có giá,Khánh Hòa,Khánh Hòa,không có đánh giá,"https://lh3.googleusercontent.com/p/AF1QipPL0v-JNeHhvYldtG-gCOZJOkVSehyN8Bukwtfk, https://lh3.googleusercontent.com/p/AF1QipNw6BxE7fgDBivyysB57En7Imx6M2z0RagJiGi3, "
Hòn Tre,4.7,Đảo,Không có giá,"Vĩnh Nguyên, Nha Trang, Khánh Hòa",Khánh Hòa,173,"https://lh3.googleusercontent.com/p/AF1QipNnFtKnwFPWiWn3FRVY85aQ4Wgeg5cmjdSWxqBd, https://lh3.googleusercontent.com/p/AF1QipNNT_lwzQFeARlAgf0M24AJ_8AJG9zxF1kvMX7u, "
Bãi Dài Nha Trang,4.5,Bãi biển,Không có giá,Khánh Hòa,Khánh Hòa,683,"https://lh3.googleusercontent.com/p/AF1QipM8X_zsKTkG2q6UGzdQhvqfng7uTguDZ0C7b8WI, https://lh3.googleusercontent.com/p/AF1QipORfWvF3QjawbnQhpMGXfhautErXe_s-8zbHGyU, "
Bãi Tranh Nha Trang,4.1,Bãi biển công cộng,Không có giá,"Vĩnh Nguyên, Nha Trang, Khánh Hòa",Khánh Hòa,2.468,"https://lh3.googleusercontent.com/p/AF1QipP-KzVeZ10FI7jbsnNwC6Kn3vAJhDrO_jAofhPr, https://lh3.googleusercontent.com/p/AF1QipPWbU_qug3uExLii0DRZ34qc0YR7SU_8WRpuI2n, "
Tháp Trầm Hương,4.4,Điểm thu hút khách du lịch,Không có giá,"Trần Phú Quảng trường, Hai tháng Tư, Lộc Thọ, Nha Trang, Khánh Hòa 650000",Khánh Hòa,10.344,"https://lh3.googleusercontent.com/p/AF1QipOYpzTdsDl0E6kr7PTvpdC7oaTiGQSlFAy53Xhk, https://lh3.googleusercontent.com/p/AF1QipPh9fjZE8fNVpzKB5AHxcM3nEX3_v_vtPkVD4dC, "
Suối Tiên,Chưa xét,Khu dân cư,Không có giá,"Diên Khánh, Khánh Hòa",Khánh Hòa,không có đánh giá,"//lh3.googleusercontent.com/proxy/7LzSq-81uyaYD4aq762EkfnRv69NN6rIONRywoR7Pd8WjZ1Lb8HhylNcP63SZBGuzYM0Tx06iByezioMmRn-2VdKQ3D7SIt7tmemK2JUOsDEzlVYeajJ8AX16mOrQg9yyoNxy53S-3ps9LY_npWFFDLq_CBcmIg, https://lh3.googleusercontent.com/p/AF1QipOnrAiOpiAGt4n6gPt9W_XwZ6OOmzv0RZFA2GJN, "
Khu du lịch Ba Hồ,4.5,Điểm thu hút khách du lịch,Không có giá,"Thôn Vạn Thuận, Ninh Hòa, Khánh Hòa 57000",Khánh Hòa,không có đánh giá,"https://lh3.googleusercontent.com/p/AF1QipOpOQTLNyJme6a_oAyaTfZ03YgTJZjdjIb1xA3v, https://lh3.googleusercontent.com/p/AF1QipOAOWloTWjFoQj47JsZ3MsnHOTrn0qXuOk-OLOS, "
Bình Tiên,Chưa xét,Khu dân cư,Không có giá,"Công Hải, Tp. Cam Ranh, Ninh Thuận",Khánh Hòa,không có đánh giá,"//lh3.googleusercontent.com/proxy/qqgTKceXyStUyhL_wLZYkPMb_EwVhNXqBZWNf_YF-rXabwCmbvb5U52T6LUl4rEkcd-4sMDIM89tSNYzFIuwDZSFDFGaZx_G8PCqtfjm6k9LXZEHMTFNKoke77vJ6uqbTjR1mjJHhyUX-J8hCSb-f_EpbCsStg, https://lh3.googleusercontent.com/p/AF1QipNNeW2yY6yP9BXurqYkEvE-LCkeWiewc_gPUhcL, "
Thác Bầu - Suối Mấu,4.5,Điểm thu hút khách du lịch,Không có giá,"7QQ9+GH7, Khánh Thượng, Khánh Vĩnh, Khánh Hòa",Khánh Hòa,39,"https://lh3.googleusercontent.com/p/AF1QipNomuNEdNfNRBBIAEO0C4_71GnEGoJDwvlB5kgf, https://lh3.googleusercontent.com/p/AF1QipOwxRiDAhNx-qm2_hhGVerIi767feZzQQuJBkBD, "
Hòn Chồng,4.3,Điểm thu hút khách du lịch,Không có giá,"Vĩnh Phước, Nha Trang, Khánh Hòa 650000",Khánh Hòa,5.519,"https://lh3.googleusercontent.com/p/AF1QipMBWYui-hcyqWI0olqEqp6V6iDKP-0gcxZoTWxT, https://lh3.googleusercontent.com/p/AF1QipMmsgCrZ-rUozOFYGNrPfwakbvWBMk-EBlF8cFG, "
Hòn Ong,4.4,Đảo,Không có giá,"Vạn Thạnh, Khánh Hòa",Khánh Hòa,34,"https://lh3.googleusercontent.com/p/AF1QipOca_2fiiwJHPVt2b6QU_pJUo339Q1f1JLEYxrE, https://lh3.googleusercontent.com/p/AF1QipM5ZJHcwLWsEsxGStMfrKj8e9egZM1UDX0U8z6L, "
Ninh Vân,Chưa xét,Khu dân cư,Không có giá,"Tx. Ninh Hòa, Khánh Hòa",Khánh Hòa,không có đánh giá,"https://lh3.googleusercontent.com/p/AF1QipPz967Zmt4nxmrGrnju-9hIGPgmRDIr05tBFpkl, https://lh3.googleusercontent.com/p/AF1QipNeF5uyHp3Z1E7Hv4NbMgHUbe_Mt2xIWDMWu5UO, "
Đèo Khánh Lê,Chưa xét,Tuyến đường,Không có giá,Không có địa chỉ cụ thể,Khánh Hòa,không có đánh giá,"https://lh3.googleusercontent.com/p/AF1QipP6yQZ_U_Jnv1GUyXQtl0n62ae_egq8k_I0nXAp, https://lh3.googleusercontent.com/p/AF1QipP76-kE1-UxerVNkjoJcoA8hH-XRrl3JY1z6xkU, "
Thị xã Ninh Hòa,Chưa xét,Tổ dân phố,Không có giá,Khánh Hòa,Khánh Hòa,không có đánh giá,"https://lh3.googleusercontent.com/p/AF1QipP6yQZ_U_Jnv1GUyXQtl0n62ae_egq8k_I0nXAp, https://lh3.googleusercontent.com/p/AF1QipP76-kE1-UxerVNkjoJcoA8hH-XRrl3JY1z6xkU, "
Chợ Đầm,3.8,Chợ,Không có giá,"Đường Phan Bội Châu, Xương Huân, Nha Trang, Khánh Hòa 650000",Khánh Hòa,15.714,"https://lh3.googleusercontent.com/p/AF1QipOD3yGsRu7TRi04J-Ejqb_cmOn13eVlLlGVs1Ck, https://lh3.googleusercontent.com/p/AF1QipMGAskkQovFjWOvE2RfsGUpGY6WWsBdYAHqIOSA, "
Đầm Thủy Triều,4.4,Vịnh,Không có giá,"Cam Lâm, Khánh Hòa",Khánh Hòa,121,"https://lh3.googleusercontent.com/p/AF1QipMPE682uV-9BA04y8rhhWzZmteORvNDUXej_gs-, https://lh3.googleusercontent.com/p/AF1QipNu_ObrWJVESEIA6faIFhIo79AKu1bAWnEH_Dj1, "
Vinpearl Golf Nha Trang,4.5,Sân gôn,Không có giá,"Hon Tre Island, Vĩnh Nguyên, Nha Trang, Khánh Hòa 650000",Khánh Hòa,447,"https://lh3.googleusercontent.com/p/AF1QipMiLiiqI42A99uW50LoP6BsD1yblEj1UB8tj_TS, https://lh3.googleusercontent.com/p/AF1QipOPOly4Xs3vwhlrDzxHznAQmnGTMfdz-EpnZbWA, "
Quảng trường 2-4,4.7,Công viên,Không có giá,"46 Trần Phú, Lộc Thọ, Nha Trang, Khánh Hòa 650000",Khánh Hòa,775,"https://lh3.googleusercontent.com/p/AF1QipOjjuXMF8o3bCCcAvnKe28-w2RvW9y0s2_ri5e8, https://lh3.googleusercontent.com/p/AF1QipPSV8l6IXnst9LnYFGmz-PW7Eb7iv7E-ZLDema-, "
Vinpearl nha trang,4.5,Điểm thu hút khách du lịch,Không có giá,"668V+R5W, Vĩnh Nguyên, Nha Trang, Khánh Hòa",Khánh Hòa,476,"https://lh3.googleusercontent.com/p/AF1QipODol0zY6Ww2jyrBPoP52XJMfsaVBSurILolgfc, https://lh3.googleusercontent.com/p/AF1QipMbn5UWSxQJVxiV500ivEsAqytYpdN_bbm-63w, "
Bãi Tắm Hòn Chồng,4.4,Bãi biển,Không có giá,"Phạm Văn Đồng, Nha Trang, Khánh Hòa 650000",Khánh Hòa,589,"https://lh3.googleusercontent.com/p/AF1QipM9zYUG4v53y44Ks-zWlFrKA1MQyMxekSZllHs_, https://lh3.googleusercontent.com/p/AF1QipM1ekVDvRfNxA8wrUrqjs0rO8v7KEtrOVEFiroO, "
Bãi Chướng,4.2,Bãi biển,Không có giá,"Cam Binh, Cam Ranh, Khánh Hòa",Khánh Hòa,774,"https://lh3.googleusercontent.com/p/AF1QipNd-aYp0eKHT0k_rxNkYMmbfoIjNmWxKBWECNmi, https://lh3.googleusercontent.com/p/AF1QipPqrzZf4_Z8E6wrq992YMlfpAjizqHYS5vSMm6h, "
Kong Forest Adventure Park Official - Công viên thám hiểm Kong Forest,4.7,Công viên thể thao,Không có giá,"Km 19 Hòn Bà, Suối Cát, Cam Lâm, Khánh Hòa",Khánh Hòa,301,"https://lh3.googleusercontent.com/p/AF1QipM7RZ5BUCLctq-d4eKDp9ym-jTjlr7LSwhIaxZn, https://lh3.googleusercontent.com/p/AF1QipN-EquCtazSoiD9n-r8kHNsInU_j-51r1VFU82F, "
Bảo tàng Alexandre Yersin,4.3,Bảo tàng,Không có giá,"10 Trần Phú, Xương Huân, Nha Trang, Khánh Hòa 650000",Khánh Hòa,216,"https://lh3.googleusercontent.com/p/AF1QipPTIWaoyBakmNyQuaRU7w2tpGbG97m1behSasBj, https://lh3.googleusercontent.com/p/AF1QipPeWRAa2Ei8vPyUvvTeRw7sKdanuTTfaqbOnIGY, "
Làng du lịch Con Sẻ Tre,4.1,Điểm thu hút khách du lịch,Không có giá,"Vĩnh Nguyên, Nha Trang, Khánh Hòa",Khánh Hòa,816,"https://lh3.googleusercontent.com/p/AF1QipMKoOAkULgFRTKlEXrGQ0P0VmGKYduyhRbUL90g, https://lh3.googleusercontent.com/p/AF1QipOGSKfPlkvjgraOF4jm2WeQwtn5Ztgv72EJWvhf, "
Khu Du Lịch Trăm Trứng-100 Egg Theme Park,4.3,Điểm thu hút khách du lịch,Không có giá,"Đại lộ, Nguyễn Tất Thành, Phước Trung, Nha Trang, Khánh Hòa 650000",Khánh Hòa,190,"https://lh3.googleusercontent.com/p/AF1QipOoAkQegBqCko-pYC4_m8qUiUUWknI3_nlXY9UY, https://lh3.googleusercontent.com/p/AF1QipPauLI7y1-rm7gmQSfvEBoi3q0tySGl47rSY_dP, "
Điệp Sơn - Đảo Phật Nằm,4.4,Điểm thu hút khách du lịch,Không có giá,"Thôn Điệp Sơn, Vạn Giã, Vạn Ninh, Khánh Hòa 650000",Khánh Hòa,87,"https://lh3.googleusercontent.com/p/AF1QipO47Cav-_JE7AI3FLd2pZAk5jVExfFRBqtVrsR1, https://lh3.googleusercontent.com/p/AF1QipMSBHkvY0HdLXWHKGHyMDP40b0ixYT4rZ1hdDfo, "
Beach Nha Trang,4.8,Điểm thu hút khách du lịch,Không có giá,"76Q4+88H, Phạm Văn Đồng, Ba Làng, Nha Trang, Khánh Hòa 650000",Khánh Hòa,29,"https://lh3.googleusercontent.com/p/AF1QipN53JNGVtoz8des-yfzsEv08gZeDWUFJSgfyyAq, https://lh3.googleusercontent.com/p/AF1QipMSolAAVnDpyKMeUC9Hyk48irlUCf6YYHwjuhQk, "
Вьетнам. Нячанг,5.0,Khu vực đi bộ,Không có giá,"102E Trần Phú, Lộc Thọ, Nha Trang, Khánh Hòa",Khánh Hòa,3,"https://lh3.googleusercontent.com/p/AF1QipORzJ3yi4B_8Jmc_OGNOAkQy1t3oXccaF2gzs52, https://lh3.googleusercontent.com/p/AF1QipPOzECaSGSMGdUUAJq9ToF92C9WCuqCPR-Uacfg, "
Khu Du Lịch Bãi Dài,4.0,Bãi biển,Không có giá,"Khu du lịch Bãi Dài, Nguyễn Tất Thành, Cam Lâm, Khánh Hòa 650000",Khánh Hòa,2.210,"https://lh3.googleusercontent.com/p/AF1QipOZycNjGVYRtRYq5nwNAu775Vv8qtIdNTJ0CSmx, https://lh3.googleusercontent.com/p/AF1QipPfXwLiAAsbQ6blfIjgcZGftcIy7f79G2U3W4jA, "
"Bãi Tiên, Đèo Lương Sơn",4.3,Bãi biển công cộng,Không có giá,"868F+JWF, Nha Trang, Khánh Hòa",Khánh Hòa,72,"https://lh3.googleusercontent.com/p/AF1QipNhPjrqpeWsu-BeL2i8MDYQq9rFUlEy30_HLO8d, https://lh3.googleusercontent.com/p/AF1QipNnxEn1c3QLvwv-0oELl6usj8QwvPcVwzzf0BJY, "
Hòn Tằm,4.4,Đảo,Không có giá,"Vĩnh Nguyên, Nha Trang, Khánh Hòa",Khánh Hòa,435,"https://lh3.googleusercontent.com/p/AF1QipPo6Dcjc-y5HS1yebQPVEB9sc57jW1wggMJ08jQ, https://lh3.googleusercontent.com/p/AF1QipOo3tDzj8SoUMeTwMjjs4yth4kZbvi2ugR772BF, "
Phú Quốc,4.4,Đảo,Không có giá,"Tp. Phú Quốc, Kiên Giang",Kiên Giang,5.059,"https://lh3.googleusercontent.com/p/AF1QipPWvKPJvPw9hlhvH0mjQ1JhySyuwLNOlhg9F7Hu, https://lh3.googleusercontent.com/p/AF1QipNODuIVW9GIyYGww5iDezwF9qgm6R5cauG1Xisc, "
đảo Nam Du,4.3,Đảo,Không có giá,"An Sơn, Kiên Giang",Kiên Giang,973,"https://lh3.googleusercontent.com/p/AF1QipPWvKPJvPw9hlhvH0mjQ1JhySyuwLNOlhg9F7Hu, https://lh3.googleusercontent.com/p/AF1QipNODuIVW9GIyYGww5iDezwF9qgm6R5cauG1Xisc, "
Vinpearl Safari Phú Quốc,4.5,Vườn bách thú,650.000 ₫,"Bãi Dài, Gành Dầu, Phú Quốc, Kiên Giang 922200",Kiên Giang,13.666,"https://lh3.googleusercontent.com/p/AF1QipMu12e7tzZNI9Puwjf9Oa8oZDF1R2NlRiUTVYwh, https://lh3.googleusercontent.com/p/AF1QipNeMeBUFlruuWdktY4rczS6jwXeFdMgldw9_uUU, "
Hà Tiên,Chưa xét,Tổ dân phố,Không có giá,Kiên Giang,Kiên Giang,không có đánh giá,"https://lh3.googleusercontent.com/p/AF1QipN3qGKGGk8VVZm1z7QfYmJ3F0ESGhaE9WlCyesu, https://lh3.googleusercontent.com/p/AF1QipOFKYupPZ2s2UaqUo_yyq6cqCowseJxcHlhH898, "
Thành phố Rạch Giá,Chưa xét,Tổ dân phố,Không có giá,Kiên Giang,Kiên Giang,không có đánh giá,"https://lh3.googleusercontent.com/p/AF1QipMvNcDlXmjb653_kBfwasrKHvgsi3EsPR0aFMj4, https://lh3.googleusercontent.com/p/AF1QipNFOrD4F0DOHoSXgRp3B8MqdHoSUu9ZXwkBftNk, "
hòn Sơn,4.5,Đảo,Không có giá,"Lại Sơn, Kiên Hải, Kiên Giang",Kiên Giang,724,"https://lh3.googleusercontent.com/p/AF1QipMBYlZMnyTnT12eehj7uEoaGlEmnAlxnZd3qcbo, https://lh3.googleusercontent.com/p/AF1QipNEEl__gusbTIUgy4-zonpbR-yInIyi5oUtP2Yp, "
Núi Đá Dựng,4.2,Điểm thu hút khách du lịch,Không có giá,"CFHG+2GW, Mỹ Dức, Hà Tiên, Kiên Giang",Kiên Giang,851,"https://lh3.googleusercontent.com/p/AF1QipOcBZa62jAbekObq_Qi5BSsC4n4T4xRl9wMI8kX, https://lh3.googleusercontent.com/p/AF1QipMr6onQdeKyh1zbvucVlOsB_t72JdEmJvjfPHTJ, "
Quần đảo Bà Lụa,4.4,Đảo,Không có giá,Không có địa chỉ cụ thể,Kiên Giang,35,"https://lh3.googleusercontent.com/p/AF1QipMh4B7RhxoUIp2L5AVX1hdM_gB3EeawFmQfY7Fs, https://lh3.googleusercontent.com/p/AF1QipODJinMBWdQtvTdbbf2bsIDrv7Y70wLWVXFfJ5E, "
Grand World Phú Quốc,4.4,Điểm thu hút khách du lịch,Miễn phí,"Bãi Dài, Gành Dầu, Phú Quốc, Kiên Giang",Kiên Giang,7.311,"https://lh3.googleusercontent.com/p/AF1QipPp6BS7i29ZEybaanUmUmUM71fqFf3UnYAE1uYH, https://lh3.googleusercontent.com/p/AF1QipMulyZyTeR3CGpDjoQNyCZ5IHFhR8PoWZvdnJ0m, "
Bãi tắm Sao,3.9,Bãi biển,Miễn phí,"Tp. Phú Quốc, Kiên Giang",Kiên Giang,7.014,"https://lh3.googleusercontent.com/p/AF1QipN7MmT8KZ4dgma3pMk3mtAQIYTuwRUZ8xHGzmSc, https://lh3.googleusercontent.com/p/AF1QipPHsGkhPIlbKBF-A4AkPcKGOcdFcpDgpL2c-CuL, "
Đình Thần Nguyễn Trung Trực,4.7,Nơi thờ cúng,Không có giá,"07 Nguyễn Công Trứ, Vĩnh Thanh, Rạch Giá, Kiên Giang",Kiên Giang,460,"https://lh3.googleusercontent.com/p/AF1QipNkqmlzSyZQEDetQDypV2OY7qR-DwMwfHrYwIrZ, //lh3.googleusercontent.com/proxy/1FKAH-Vambkn7BQaYYBBqSaSfozYidBcKt7xHrXcX9J5zmX5AbiuO4S_BNBwc-UXCJRo6UAOHUajtRyGMS3NLxvPkC88Oshtx9cUCfIVnevUI3o8hWQdhkGacbsGMtrtNnzjuoz5m8cyqWW6i3mvhsYCi9YHsis, "
hòn Tre,4.3,Đảo,Không có giá,"An Sơn, Kiên Giang",Kiên Giang,39,"https://lh3.googleusercontent.com/p/AF1QipPo9rTIgrjwF8qEpRQfFID-360Qv2kNlHJhdCkG, https://lh3.googleusercontent.com/p/AF1QipPy3nr1FVmbk7ljmqSpgWXCh2hSrSwi-0JCHoZZ, "
hòn Phụ Tử,4.3,Đảo,Không có giá,"Ba Trại, Bình An, Kiên Giang",Kiên Giang,227,"https://lh3.googleusercontent.com/p/AF1QipM2DwJu_YPny2YWel5L1eDfgYx6YSyoAZwVW1Ej, https://lh3.googleusercontent.com/p/AF1QipOLkUyPzr35wJaulCTLtvaXl8TxcJs3pA6QgVUW, "
VinWonders Phú Quốc,4.5,Công viên giải trí,950.000 ₫,"Khu Bãi Dài, Gành Dầu, Phú Quốc, Kiên Giang 92512",Kiên Giang,3.173,"https://lh3.googleusercontent.com/p/AF1QipOwGK_bOQdu7-rju7_YTcCnbC7c94ao1zfz0KHW, https://lh3.googleusercontent.com/p/AF1QipOp9Yl_6VoBRRdd8_uphpHqlJEcAj7mArWjjqVM, "
Đảo Hải Tặc,4.4,Điểm thu hút khách du lịch,Không có giá,"78R8+WR, Hà Tiên, Kiên Giang",Kiên Giang,7,"https://lh3.googleusercontent.com/p/AF1QipPkodtCDVWEY3eBg9kaTShV6Q0tGfqmlh8bn7h3, https://lh3.googleusercontent.com/p/AF1QipMIGmy4SmSSRxaq3mEKzolpzTV72ukwQXBBoG6e, "
Bãi Dài,4.3,Bãi biển,Không có giá,"Tp. Phú Quốc, Kiên Giang",Kiên Giang,374,"https://lh3.googleusercontent.com/p/AF1QipNToK_UM_uFrtpVyLRHUm6CfaMrsmvcAL7jSKUY, https://lh3.googleusercontent.com/p/AF1QipMZSw1KWzITTUfYTjdxA58kGVeKNa2-Ert09ZTF, "
hòn Nghệ,4.3,Đảo,Không có giá,"Hòn Nghệ, Kiên Giang",Kiên Giang,135,"https://lh3.googleusercontent.com/p/AF1QipMqf_WbCm4PEevS1f_lQgCWkyJpP6Rokx-_raGJ, https://lh3.googleusercontent.com/p/AF1QipN8DpZ5w6lZFTP_wafJ7uEAoIe5wg-mcFBg_IUf, "
Cáp Treo Hòn Thơm,4.6,Tàu điện cáp treo,650.000 ₫,"22G5+29C Bãi Đất Đỏ, An Thới, Phú Quốc, Kiên Giang",Kiên Giang,11.715,"https://lh3.googleusercontent.com/p/AF1QipNpTfMy1XPrUlv0dMOJmmiNFLdiorjcVGCB50W6, https://lh3.googleusercontent.com/p/AF1QipPi13yna5gZ1nLNYfipSpC0VXZH2elUIiWeiYMy, "
Chùa Sắc Tứ Tam Bảo,4.5,Chùa phật giáo,Không có giá,"3 Sư Thiện Ân, Phường Vĩnh Bảo, Rạch Giá, Kiên Giang",Kiên Giang,133,"https://lh3.googleusercontent.com/p/AF1QipPjsRN4ytEyCPZP5lEf906bu9zFV961YNoKZLQv, https://lh3.googleusercontent.com/p/AF1QipOvIwBCyncZbbUwtsvr4SYfnDCyDpjAcnmVWrt6, "
Bãi tắm Khem,4.3,Bãi biển,Không có giá,"Tp. Phú Quốc, Kiên Giang",Kiên Giang,874,"https://lh3.googleusercontent.com/p/AF1QipPeGlUL7jztRg_WRnRG5RYqvkpLPHljGHy3bPWw, https://lh3.googleusercontent.com/p/AF1QipN05KEZo0HzuIM3R_UIDDVh3EO54zI8f7xCBRw, "
Dinh Cậu,4.5,Nơi thờ cúng,Không có giá,"Khu phố 2, Tp. Phú Quốc, Kiên Giang 92500",Kiên Giang,2.064,"https://lh3.googleusercontent.com/p/AF1QipM9KbV8R6Kpgv-3A3bv2ifaLOubthgZAuRkIWXt, https://lh3.googleusercontent.com/p/AF1QipOOTLvZli5Dk9NIGBZ_Fl1Lm8HSY34rUg0gnfCy, "
hòn Thơm,4.3,Đảo,Không có giá,"Hòn Thơm, Tp. Phú Quốc, Kiên Giang",Kiên Giang,436,"https://lh3.googleusercontent.com/p/AF1QipM9KbV8R6Kpgv-3A3bv2ifaLOubthgZAuRkIWXt, https://lh3.googleusercontent.com/p/AF1QipOOTLvZli5Dk9NIGBZ_Fl1Lm8HSY34rUg0gnfCy, "
Bảo tàng Kiên Giang,4.0,Bảo tàng,Không có giá,"27 Nguyễn Văn Trỗi, Thanh Vân, Rạch Giá, Kiên Giang",Kiên Giang,248,"https://lh3.googleusercontent.com/p/AF1QipNq5OckLUrOuJauABdHNzX6wJJgta4Kz5QHXiE6, https://lh3.googleusercontent.com/p/AF1QipPvBFdIcnt1eUz6spUlpRAZPzzaOMVZhlEJRek3, "
Di tích Lịch sử Nhà tù Phú Quốc,4.3,Bảo tàng lịch sử,Không có giá,"350 Đ. Nguyễn Văn Cừ, An Thới, Phú Quốc, Kiên Giang",Kiên Giang,8.196,"https://lh3.googleusercontent.com/p/AF1QipMA3pGvwjuL9yalk6-XzFTpvN8QWw3BppWSGTcm, https://lh3.googleusercontent.com/p/AF1QipOjRllFfIcIBFiBe3L2li30QnqQ54PXIwugZxpg, "
Thủy Cung Vinpearl Land Phú Quốc,4.6,Công viên thủy cung,Không có giá,"Bai Dai, Gành Dầu, Phú Quốc, Kiên Giang 920000",Kiên Giang,2.192,"https://lh3.googleusercontent.com/p/AF1QipPsbs6dK4IJ6XRc2I9ElQMwYKkJ-uWy_yeY4SbX, https://lh3.googleusercontent.com/p/AF1QipO2sQt9WRudaP-FC7s7f_ni07S2WTC50ysxGvWb, "
Thị trấn Hoàng Hôn,4.6,Điểm thu hút khách du lịch,Không có giá,"22H4+XVH, An Thới, Phú Quốc, Kiên Giang 92513",Kiên Giang,862,"https://lh3.googleusercontent.com/p/AF1QipMItwrRO_sTCf7kQ7oEc00FPLLqYHnAJ_E_dOSU, https://lh3.googleusercontent.com/p/AF1QipPZ38vtAko0LRMI8ZpDoPb5URldHL3YKE4_5FH6, "
Starfish Beach,4.0,Bãi biển,Không có giá,"Rạch Vẹm, Phú Quốc, Kiên Giang",Kiên Giang,2.837,"https://lh3.googleusercontent.com/p/AF1QipN4YXeBbDtrioZXpXrqKY6BDPcs_MoTso60KsVG, https://lh3.googleusercontent.com/p/AF1QipNWrrJQDacYnXPHV1En3pm0NSalLAGJALUEoepM, "
Quần đảo Hà Tiên,4.2,Đảo,Không có giá,Không có địa chỉ cụ thể,Kiên Giang,52,"https://lh3.googleusercontent.com/p/AF1QipMmdvWKA3Y0oq3Fv76sQ6rggI2rgNBj5-XxPuH4, https://lh3.googleusercontent.com/p/AF1QipNJ-DE1NO4S6bBdan9YUuG4Qigd4uVwrNm5x_4M, "
núi Đá Dựng,4.2,Đỉnh núi,Không có giá,"Mỹ Đức, Hà Tiên, Kiên Giang",Kiên Giang,61,"https://lh3.googleusercontent.com/p/AF1QipPDF_Ra5h-Gjf9a1HErMe4YvnpkcrVT62uldPXB, https://lh3.googleusercontent.com/p/AF1QipN34TUQDg1SrGi7A_w1wt7lx9yC-PS0gt3D_faf, "
mũi Ông Đội,4.6,Bán đảo,Không có giá,"Tp. Phú Quốc, Kiên Giang",Kiên Giang,236,"https://lh3.googleusercontent.com/p/AF1QipOrxrbMRgdIP7_8SoRmHpsIiwZMdPqxSYbU1ZTF, https://lh3.googleusercontent.com/p/AF1QipMK8JI4V1KNaKN7Nt76nW1FQ7k5zE70k7Wcycxi, "
mũi Dinh Cậu,4.4,Bán đảo,Không có giá,"tt. Dương Đông, Tp. Phú Quốc, Kiên Giang",Kiên Giang,72,"https://lh3.googleusercontent.com/p/AF1QipOK8ThaOqcf7_d_o2FdtWHO0tInJGYaJOl2p2Rk, https://lh3.googleusercontent.com/p/AF1QipMuqzD1RckOS5_DE29E2QKTevGXNKfm6M44gU-t, "
Bãi Trường,4.4,Điểm thu hút khách du lịch,Không có giá,"Đường Trần Hưng Đạo, Dương Tơ, Phú Quốc, Kiên Giang 92500",Kiên Giang,334,"https://lh3.googleusercontent.com/p/AF1QipPG-TOX1ynMd_Cm9vTzwyk-ZW_FTL2Yp3J03ZwD, https://lh3.googleusercontent.com/p/AF1QipPmbwasLwTFZIjarMgFmc79z-0OTHYlgh2gS_N4, "
Làng chài Hàm Ninh,4.1,Điểm thu hút khách du lịch,Miễn phí,"TL47, Hàm Ninh, Phú Quốc, Kiên Giang",Kiên Giang,739,"https://lh3.googleusercontent.com/p/AF1QipPacKc0JVhba2o5fXYIeN_eMag0SbH1QffbCMp7, https://lh3.googleusercontent.com/p/AF1QipOMOldUrdBH4PzynMGsFWzCNeSFjDDUc5v5exFV, "
Bảo tàng Gấu Teddy,4.3,Bảo tàng,Không có giá,"8VG6+5WP, Gành Dầu, Phú Quốc, Kiên Giang",Kiên Giang,745,"https://lh3.googleusercontent.com/p/AF1QipOKD3lKyt_IWrpSQBWiuV7y1a3CjXUgFkS0oEUL, https://lh3.googleusercontent.com/p/AF1QipPeCcB5_1oEzu22q58C5cE7cep9QvNg3teaWa8w, "
"Versailles Mud Bath, Spa & Beach Club - Tắm Bùn Phú Quốc",4.7,Spa sức khỏe,Không có giá,"Tổ 2, Ấp, Đường Trần Hưng Đạo, Cửa Lấp, Tp. Phú Quốc, Kiên Giang 720000",Kiên Giang,425,"https://lh3.googleusercontent.com/p/AF1QipMRXI-coGcAdASLKHXAT7jQ4UUjGZj4-e_jq5m5, https://lh3.googleusercontent.com/p/AF1QipN1OSjn26YvfsmkDLWzjpH6VwHeaCAIDjETs-Tf, "
Su Muon Pagoda,4.4,Chùa phật giáo,Không có giá,"5XXP+R96, Dương Tơ, Phú Quốc, Kiên Giang",Kiên Giang,400,"https://lh3.googleusercontent.com/p/AF1QipO-PrIYkymDTp8WKFfIzI-y_A5oCbr2vtyzIYgE, https://lh3.googleusercontent.com/p/AF1QipO2BboBkUCD4S4AC2Ly1I7ywFcThJ2u-_6CZiUe, "
Khu du lịch Chùa Hang - Hòn Phụ Tử,4.1,Điểm thu hút khách du lịch,Không có giá,"4JRQ+69P, Bình An, Kiên Lương, Kiên Giang",Kiên Giang,1.682,"https://lh3.googleusercontent.com/p/AF1QipOV5RCxOW-NJ2Re3-pfgzYOvi1toINxmjW6ghZi, https://lh3.googleusercontent.com/p/AF1QipNFIb7Ud6FezWnm1E-04TwVyCGlF78bs8Bk1gv7, "
đảo Thổ Chu,4.3,Đảo,Không có giá,"Thổ Châu, Tp. Phú Quốc, Kiên Giang",Kiên Giang,149,"https://lh3.googleusercontent.com/p/AF1QipNO1qr4oFMZLb1VPudYN_YV6ik7pIlP7ifmGIXm, https://lh3.googleusercontent.com/p/AF1QipPnM1UthOoH6BZMl6VuNhMaVQ5bIU88WzmbZiI5, "
Corona Resort & Casino Phú Quốc,4.1,Sòng bạc,Không có giá,"Bãi Dài, Gành Dầu, Phú Quốc, Kiên Giang 92000",Kiên Giang,636,"https://lh3.googleusercontent.com/p/AF1QipONgk4RQ1O102M89SYDZBpOLNK-bE55xM6IGOL2, https://lh3.googleusercontent.com/p/AF1QipN4tfuYBj1t1PqqmID18t7kn9EJVHQFpdDhKP4Y, "
Bãi biển Vũng Bầu,3.8,Bãi biển,Không có giá,"Cửa Cạn, Phú Quốc, Kiên Giang",Kiên Giang,135,"https://lh3.googleusercontent.com/p/AF1QipMD2NcEDXxwztNvUsmQdKNKMIDcqeqK6x1xNbg8, https://lh3.googleusercontent.com/p/AF1QipOXOfKrtP75kG7qcAdx9Um4NBH7s3-MxP7LLoUB, "
Bãi biển Rạch Vẹm,4.4,Bãi biển,Không có giá,"Tp. Phú Quốc, Kiên Giang",Kiên Giang,155,"https://lh3.googleusercontent.com/p/AF1QipMD2NcEDXxwztNvUsmQdKNKMIDcqeqK6x1xNbg8, https://lh3.googleusercontent.com/p/AF1QipOXOfKrtP75kG7qcAdx9Um4NBH7s3-MxP7LLoUB, "
Animal show,4.8,Sở thú,Không có giá,"8VPV+V33, Gành Dầu, Phú Quốc, Kiên Giang",Kiên Giang,59,"https://lh3.googleusercontent.com/p/AF1QipNXoDU7gzUjDe3G1LHJQnUc9fSOoV8kRnwKWxY, https://lh3.googleusercontent.com/p/AF1QipOY0nKwl-vIAqAA8qA-xLhn6WTdJLdUPunbeS4P, "
Đỉnh Ma Thiên Lãnh,4.6,Leo núi,Không có giá,"Hòn sơn, Lại Sơn, Kiên Hải, Kiên Giang",Kiên Giang,75,"https://lh3.googleusercontent.com/p/AF1QipOB2ml5ATT4PFvWp_HuB1az6Nyokile4qwFHBaF, https://lh3.googleusercontent.com/p/AF1QipOKo5dzap1PkVcvodU_ezodwlECSNFnmAlA8HtS, "
Quảng trường VinWonders,4.6,Điểm thu hút khách du lịch,Không có giá,"8VM4+QWH, Gành Dầu, Phú Quốc, Kiên Giang",Kiên Giang,64,"https://lh3.googleusercontent.com/p/AF1QipPiTAtjQ_ZgxcrAjH1XgluEb2D0IOvRAVc9Iq6N, https://lh3.googleusercontent.com/p/AF1QipNln4GraSjGGHpjHbJNl4aYbskUBaf77PL0hVAO, "
Suoi Tranh Waterfall,4.0,Thư viện quốc gia,Không có giá,"52H7+F8H, TL47, Dương Tơ, Phú Quốc, Kiên Giang",Kiên Giang,289,"https://lh3.googleusercontent.com/p/AF1QipOObjqy-B3hTv6kZL_nar4tM0QVD0TUcHfsakFu, https://lh3.googleusercontent.com/p/AF1QipOpJ9vKSYiavX-I_3EZndDfFTXJPDPkicvzwlcs, "
Bãi biển Ông Lang,3.9,Bãi biển,Không có giá,"Tp. Phú Quốc, Kiên Giang",Kiên Giang,276,"https://lh3.googleusercontent.com/p/AF1QipNrlF4ybf2E9J8l2y9QWjYGUMjk7Wfm74pg-Xs, https://lh3.googleusercontent.com/p/AF1QipMLlAp3gGjYrwGTzNxgQUjXVVzSsVJq-iKHc-ts, "
Bãi biển Cửa Cạn,3.9,Bãi biển,Không có giá,"Cửa Cạn, Phú Quốc, Kiên Giang",Kiên Giang,222,"https://lh3.googleusercontent.com/p/AF1QipNsfYtxZw8dFj_lGJZMEi91xPwYQQ5KfyVTJucf, https://lh3.googleusercontent.com/p/AF1QipPrTzZE1Wg--NzxXpvu6F5OaMi4RkwsksCy-TRX, "
Mango Bay Spa,4.4,Câu lạc bộ spa và sức khỏe,Không có giá,"Ông Lang, Phú Quốc, Kiên Giang",Kiên Giang,28,"https://lh3.googleusercontent.com/p/AF1QipNQFKRgNt3AEKJb9_xoFPvcewtGqDfiArxZ0qw, https://lh3.googleusercontent.com/p/AF1QipMJX0V6JxUFIYuW2zAhWG8zgO2TjvjAhQPfi5c2, "
Khu Du lịch Mũi Nai,4.0,Điểm thu hút khách du lịch,Không có giá,"9CPW+RFV, Pháo Đài, Hà Tiên, Kiên Giang",Kiên Giang,819,"https://lh3.googleusercontent.com/p/AF1QipPDaJ6JlAvJ-jJypOSPOXH0mUFuAiLzD2gVwY3J, https://lh3.googleusercontent.com/p/AF1QipPqNN4G0KdZUJ-gIAnV46gljyijn2UynlW9NSB_, "
Khu du lịch Suối Tranh,4.4,Khu vực đi bộ,Không có giá,"52G6+GQQ, Suối Mây, Phú Quốc, Kiên Giang",Kiên Giang,30,"https://lh3.googleusercontent.com/p/AF1QipMsETV6reeE21wvfJE_d6Vyop1dgeRVa_ep0jBY, https://lh3.googleusercontent.com/p/AF1QipMA5IrVx-Krui9CRpwYAhwrQRkEA4mHZNLvIdKU, "
Đại lộ châu Âu,4.5,Công viên giải trí,Không có giá,"Gành Dầu, Phú Quốc, Kiên Giang",Kiên Giang,21,"https://lh3.googleusercontent.com/p/AF1QipOCgXznNHbGtrDT3jKozQNQOKEBefC--RStD6g, https://lh3.googleusercontent.com/p/AF1QipPAnNxGt5CvhlI8vFJlrsn98VuvbuXZFgJE685U, "
hòn Mây Rút,4.4,Đảo,Không có giá,"Hòn Thơm, Tp. Phú Quốc, Kiên Giang",Kiên Giang,270,"https://lh3.googleusercontent.com/p/AF1QipPslnUljNyDo_J2seV0HLk9p88s19naPEHB1slb, https://lh3.googleusercontent.com/p/AF1QipMykzBBUjelmqyk0OsW9VpiB2-Nuh5aICLnCOB3, "
hòn Móng Tay,4.4,Đảo,Không có giá,"Hòn Thơm, Tp. Phú Quốc, Kiên Giang",Kiên Giang,138,"https://lh3.googleusercontent.com/p/AF1QipMbNoL4tiFcCn2xbRNl2FUZnLRtonxS3pfA48Js, https://lh3.googleusercontent.com/p/AF1QipNnJ6hdbMvdgtO8Pd65VoLkLU9BfDsdA7HOrbP5, "
Ong Lang Beach,4.2,Bãi biển,Không có giá,"Cửa Dương, Tp. Phú Quốc, Kiên Giang",Kiên Giang,530,"https://lh3.googleusercontent.com/p/AF1QipOhcjlQUla4-hO81Zxjsq1TyTTXm0_3YwK_JqIl, https://lh3.googleusercontent.com/p/AF1QipMUxeSa5Y1q8aI4sl3IAM_inAOvUJqZvvErrtHH, "
Phu Quoc Beach,4.0,Điểm thu hút khách du lịch,Không có giá,"22 Đường Trần Hưng Đạo, TT. Dương Đông, Phú Quốc, Kiên Giang",Kiên Giang,56,"https://lh3.googleusercontent.com/p/AF1QipMyj_xof8lV0A4j2-hV329pGTUIqGfle5OhTXVH, https://lh3.googleusercontent.com/p/AF1QipOyWkSRrbFYRAU8yntgww6gRDrrkA4cMY__2uQ9, "
hòn Gầm Ghì,4.5,Đảo,Không có giá,"Hòn Thơm, Tp. Phú Quốc, Kiên Giang",Kiên Giang,274,"https://lh3.googleusercontent.com/p/AF1QipO0JCXYiA3tAMTzHpm38FPd9fep4-uKVD4kHfDa, https://lh3.googleusercontent.com/p/AF1QipM42GSwSJQIOxkK9aBApC58jDZ9GNK3V3hSs4sC, "
Thánh thất Dương Đông,4.1,Nơi thờ cúng,Miễn phí,"40 Đường Nguyễn Trãi, Khu 1, Phú Quốc, Kiên Giang",Kiên Giang,35,"https://lh3.googleusercontent.com/p/AF1QipMGQ8Gdp3t3Eeiu4XnEpaGCRXqTbqBu_4M84SW8, https://lh3.googleusercontent.com/p/AF1QipO67J2NoYlgiwpi86_WRxbv4-3sr64HfwIf-WBl, "
Bãi biển Gành Dầu,4.1,Bãi biển,Không có giá,"Gành Dầu, Tp. Phú Quốc, Kiên Giang",Kiên Giang,181,"https://lh3.googleusercontent.com/p/AF1QipM7AHONXtlM6Nsn-T2prNU5JAG0f2mE5bBmfszl, https://lh3.googleusercontent.com/p/AF1QipMJn378VBAla_l4vH2yMoo6wMH9xK45TERspt4q, "
hòn Dừa,4.3,Đảo,Không có giá,"Hòn Thơm, Tp. Phú Quốc, Kiên Giang",Kiên Giang,57,"https://lh3.googleusercontent.com/p/AF1QipMySen3ftryuzhTstpw5txNJWScmkOhfRSifyTq, https://lh3.googleusercontent.com/p/AF1QipM0V0SEffMN640A9x1UbcxLevihpYUuQfuCFvMX, "
Cầu Treo Konklor,4.5,Điểm mốc lịch sử,Không có giá,"82WP+Q6C, Bắc Kạn, Thắng Lợi, Kon Tum",Kon Tum,231,"https://lh3.googleusercontent.com/p/AF1QipOuDUZRlH_T7bqSNsE7aswqg_fFoalGVdk_mrt-, https://lh3.googleusercontent.com/p/AF1QipODbpCrBDaYdNCqWJJFk0R2Ff_Dqfgm8UBSMBCL, "
Ngã ba Đông Dương,4.8,Cửa khẩu,Không có giá,"MHP4+CJV, Ta Veaeng Leu, Ta Veaeng, Kon Tum",Kon Tum,47,"https://lh3.googleusercontent.com/p/AF1QipOuDUZRlH_T7bqSNsE7aswqg_fFoalGVdk_mrt-, https://lh3.googleusercontent.com/p/AF1QipODbpCrBDaYdNCqWJJFk0R2Ff_Dqfgm8UBSMBCL, "
Sông Dak Bla,4.2,Sông,Không có giá,Không có địa chỉ cụ thể,Kon Tum,369,"https://lh3.googleusercontent.com/p/AF1QipPE4gRW5htAUFMhm9xBI2GyZFUz1snTum33Zok7, https://lh3.googleusercontent.com/p/AF1QipM4Vg5zcFpsJgB81wCpPIX4RQ-VBpkfegVamIk_, "
KDL Thác Pa Sỹ,4.2,Điểm thu hút khách du lịch,Không có giá,"H7W4+2MW, Măng Đen, Kon Plông, Kon Tum 60000",Kon Tum,2.390,"https://lh3.googleusercontent.com/p/AF1QipPp6VhWqT_BZdj4gfUuDSqBUlBfVzmzEe7acvh-, https://lh3.googleusercontent.com/p/AF1QipMC8mBqfDV6khgSDXLRh22DqImRuWy8oQSUvm9o, "
Chùa Bác Ái,4.5,Chùa phật giáo,Không có giá,"Phường Quyết Thắng, Kon Tum",Kon Tum,73,"https://lh3.googleusercontent.com/p/AF1QipMLnDw6s083PjwFXuS80yYFBC6SlQCdkzdO3tMk, https://lh3.googleusercontent.com/p/AF1QipMpJ4gcS0dTn_DFyqpRPwidAAVoiSKwBMy1IHuC, "
Nhà Thờ Chính Tòa Giáo Phận Kon Tum | Nhà Thờ Gỗ Kon Tum,4.6,Nhà thờ Công giáo,Không có giá,"82W7+282, Nguyễn Huệ, Thống Nhất, Kon Tum, 580000",Kon Tum,3.453,"https://lh3.googleusercontent.com/p/AF1QipMnxincVsLQMkeNAfF3ngIKKcCM3aDXNnY0LfI, https://lh3.googleusercontent.com/p/AF1QipN9cmWUufZKTuD2GMBuLKHHjnoii1IXrhnyKrU, "
Khối núi Ngọc Linh,4.5,Đỉnh núi,Không có giá,"Đắk Glei, Kon Tum",Kon Tum,71,"https://lh3.googleusercontent.com/p/AF1QipM0Q90O0znQm9JC9bh5g9YQfWXK52ou1DEdBU17, https://lh3.googleusercontent.com/p/AF1QipMcCcTPLHcd7D1mF5O4KjfQYTx3ikSNU1Py6Im0, "
Nhà Rông Konklor Kon Tum,4.3,Trung tâm cộng đồng,Không có giá,"Nhà rông KonK'lor, Trần Hưng Đạo, Thắng Lợi, Kon Tum",Kon Tum,548,"https://lh3.googleusercontent.com/p/AF1QipNJP53v-AjkYpWSK8C2Ekpx-wD-a5-6rkvimhxH, https://lh3.googleusercontent.com/p/AF1QipOctrHeZMgf-5v74p0O_-qFsR6CTOyldyvjZ_UF, "
Rừng thông Măng Đen,4.7,Điểm thu hút khách du lịch,Không có giá,"AH132, Măng Đen, Kon Plông, Kon Tum",Kon Tum,217,"https://lh3.googleusercontent.com/p/AF1QipO8f7WTDaF_2qCI2qlvrIyy3xiBuzDIZK0b6PLd, https://lh3.googleusercontent.com/p/AF1QipMZbl9X92w23o1sZurTmDcf84tnTOqF62bmkmOf, "
Trung tâm hành hương Đức Mẹ Măng Đen - Giáo phận Kon Tum,4.6,Địa điểm hành hương,Không có giá,"thôn Măng Đen, xã Đắk Long, huyện Kon Plông tỉnh Kon Tum, QL24, Măng Đen, Kon Plông, Kon Tum",Kon Tum,2.943,"https://lh3.googleusercontent.com/p/AF1QipOr_8wgW9AAKlB4aYvm9OuXkmzzbo0hlobyjULU, https://lh3.googleusercontent.com/p/AF1QipNHUudQwYXnMrNg2AWmIhCe-BIpsM-Q7W2GVXTn, "
Đắk Tô,Chưa xét,Administrative Area2,Không có giá,Kon Tum,Kon Tum,không có đánh giá,"https://lh3.googleusercontent.com/p/AF1QipPkzYcG4wf8UojcUQ_4sgomEjIVdRe6I4pCQkT2, https://lh3.googleusercontent.com/p/AF1QipOZQ_YGmLGFykPr_S7luXyW1c654VGE0_NxqbKy, "
Tòa Giám Mục Kon Tum,4.6,Nhà thờ Công giáo,Không có giá,"146 Trần Hưng Đạo, Thắng Lợi, Kon Tum",Kon Tum,553,"https://lh3.googleusercontent.com/p/AF1QipO5QqxevIAdpDnfIBnSADa_iCBlvY8phQMvn6tF, https://lh3.googleusercontent.com/p/AF1QipPbpahFJvGEsb7DiDDCst_uRF61xSfTEL8oAThY, "
Chùa Khánh Lâm,4.6,Chùa phật giáo,Không có giá,"H7P9+WCG, Măng Đen, Kon Plông, Kon Tum",Kon Tum,595,"https://lh3.googleusercontent.com/p/AF1QipNYNIx-MgySKfSzGHv-siTf1ggm-zoxzI4aPwdo, https://lh3.googleusercontent.com/p/AF1QipPpTb5xZnotm2XfIV4vwko3x9c9ghBPRkAmevEi, "
Bia tưởng niệm đồi Charlie,4.6,Địa điểm lịch sử,Không có giá,Không có địa chỉ cụ thể,Kon Tum,không có đánh giá,"https://lh3.googleusercontent.com/p/AF1QipP-o6jGN1lrIBbpXq31ryj04H4dmfYlUcEgBJu5, https://lh3.googleusercontent.com/p/AF1QipMZ50i3m5W3Zwns1n2rhBvyc2C2IxtNN3d21xk0, "
Nhà thờ gỗ,5.0,Quán cà phê,Không có giá,"416 Nguyễn Huệ, Thống Nhất, Kon Tum",Kon Tum,1,"https://lh3.googleusercontent.com/p/AF1QipM5Ilf3SdxbB8DsKsJACzXP6dbjBi0cqA6XTrzO, https://lh3.googleusercontent.com/p/AF1QipOfN9Odtl0QAx0ggTGzYmdoAB_8uNZg7wmn5IWz, "
Hồ Đak Ke,4.1,Hồ,Không có giá,"Kon Plông, Kon Tum",Kon Tum,284,"https://lh3.googleusercontent.com/p/AF1QipM7VR4lmIMwjzfMOBRDa4KaQiDn7pKofPWZ5Wdn, https://lh3.googleusercontent.com/p/AF1QipOM6z9bMJ7VxcMIag5-KLDAfwSSEotbmPpZl0yf, "
Bảo tàng tỉnh Kon Tum,4.3,Bảo tàng lịch sử,Không có giá,"8XWX+PFW, Nguyễn Huệ, Phường Quyết Thắng, Kon Tum",Kon Tum,148,"https://lh3.googleusercontent.com/p/AF1QipNZwY9FKpR0W-JPMe7t1mX0n_LKWMiQNe6DiB4-, https://lh3.googleusercontent.com/p/AF1QipO9c2CradB3ScToa3vO0bnzrsVUvggHwoBBL4tP, "
Thành phố Kon Tum,Chưa xét,Tổ dân phố,Không có giá,Kon Tum,Kon Tum,không có đánh giá,"https://lh3.googleusercontent.com/p/AF1QipNrRTuNWXA3LMWG0GrJWexEsYG4eLcvgqwzbvD8, https://lh3.googleusercontent.com/p/AF1QipNuDHzIFJJg_FLxWdlcBdCvJR2B_3Bq_CC-kVeN, "
Thác Kôi Tó,4.8,Điểm thu hút khách du lịch,Không có giá,"M4J8+85R, Đắk Kôi, Kon Rẫy, Kon Tum",Kon Tum,22,"https://lh3.googleusercontent.com/p/AF1QipNYDUwWXvlgYdfxkxdASaRv30UCUFyvNbfLR43T, https://lh3.googleusercontent.com/p/AF1QipNnVEHltZ7LL1ad_D9W-H7kGEqSO2RlVdIYyrqA, "
Làng chài sông Sê San,4.2,Nhà hàng,Không có giá,"Mô Rai, Sa Thầy, Kon Tum",Kon Tum,77,"https://lh3.googleusercontent.com/p/AF1QipOBJpbxzuwRIIMkejhIr1asecaU8t_m35w_o6F_, https://lh3.googleusercontent.com/p/AF1QipPLJkBl_JUGhSlYFRJmLUG1yQun4mEwO829mLec, "
Hồ Đam Bri,4.2,Nhà hàng,Không có giá,"Unnamed Road, Măng Đen, Kon Plông, Kon Tum",Kon Tum,217,"https://lh3.googleusercontent.com/p/AF1QipOBJpbxzuwRIIMkejhIr1asecaU8t_m35w_o6F_, https://lh3.googleusercontent.com/p/AF1QipPLJkBl_JUGhSlYFRJmLUG1yQun4mEwO829mLec, "
Đắk Glei,Chưa xét,Administrative Area2,Không có giá,Kon Tum,Kon Tum,không có đánh giá,"https://lh3.googleusercontent.com/p/AF1QipMFc_amfwoYZAVLhjj80oXLRCcKBgslXO8kDATF, https://lh3.googleusercontent.com/p/AF1QipMyDiWHCz6L7l4jWBURK3IKR9A7k_T9Wkz1OkSU, "
Ngục Dak Glei,4.3,Địa điểm lịch sử,Không có giá,"5QWR+MVR, ĐT673, Đắk Choong, Đắk Glei, Kon Tum",Kon Tum,30,"https://lh3.googleusercontent.com/p/AF1QipOZ7LifZHDGwzsovDUV38ZcvqyVI58fM0E5cMRO, https://lh3.googleusercontent.com/p/AF1QipOMBLYqR2kIlIkEbWuo-Jiy8RNIQ_x1kry5OvIv, "
Thác Lô 3 - Măng Đen,4.4,Điểm thu hút khách du lịch,Không có giá,"H6FX+6W2, Măng Đen, Kon Plông, Kon Tum",Kon Tum,69,"https://lh3.googleusercontent.com/p/AF1QipM_wDn_ER2pwkmZxWbtO0pxxaOtFEpf85yieOMZ, https://lh3.googleusercontent.com/p/AF1QipPJkOEuFQODFbXvtRCqqreVmH7m0WIK37yX2JR9, "
Tu Mơ Rông,Chưa xét,Administrative Area2,Không có giá,Kon Tum,Kon Tum,không có đánh giá,"https://lh3.googleusercontent.com/p/AF1QipMmZ05WE3NK7uzpXOkNEGedqDg-gUQIkRsWD7Gf, https://lh3.googleusercontent.com/p/AF1QipPuN8y2c0xtehL76Ot6jzxaZcSLydUz-Fpydy7s, "
Sa Thầy,Chưa xét,Administrative Area2,Không có giá,Kon Tum,Kon Tum,không có đánh giá,"https://lh3.googleusercontent.com/p/AF1QipP1_8qO0tq-8A886kIpfM0Z3ddoMFxQoEsj3D06, https://lh3.googleusercontent.com/p/AF1QipM0IEOeu01u9VtswZR-MkmeAV8q_oYH8vPYJEOp, "
Thác Siu Puông,4.7,Điểm thu hút khách du lịch,Không có giá,"Đắk Na, Tu Mơ Rông, Kon Tum",Kon Tum,24,"https://lh3.googleusercontent.com/p/AF1QipP8QlQmMQyefQ35pGnZm588KpA8NXioq8z1lXoD, https://lh3.googleusercontent.com/p/AF1QipPbBubmfprv2TcA0BjeJeTs94wHqbrhDPMPMszx, "
Kon Rẫy,Chưa xét,Administrative Area2,Không có giá,Kon Tum,Kon Tum,không có đánh giá,"https://lh3.googleusercontent.com/p/AF1QipOFZcpgMC6E5ysETaUCdLPSNcQ8r1uGyCaH1pX6, https://lh3.googleusercontent.com/p/AF1QipNAStFneaCxVMooWH7ePKQJT9FxW7PnZXWyJh9x, "
Măng Đen,Chưa xét,Administrative Area3,Không có giá,"Kon Plông, Kon Tum",Kon Tum,không có đánh giá,"https://lh3.googleusercontent.com/p/AF1QipN5tSca51jTyj_pzi32y0Kj4Gpqsvr1Q9osUEpE, https://lh3.googleusercontent.com/p/AF1QipOHEoqeiHIKteS8LPBNj4_6xuORzqobyHpKcLYk, "
TOONG DAM LAKE,Chưa xét,Công viên,Không có giá,"Nguyễn Đình Chiểu, Măng Đen, Kon Plông, Kon Tum",Kon Tum,không có đánh giá,"https://lh3.googleusercontent.com/p/AF1QipPQTrEat7UaVmrd3RSXcMY15JduUmC2yOIuWJe8, https://lh3.googleusercontent.com/p/AF1QipNZTzn53N27ppXheZGCtXH24wm6wjXIaGCzjQIs, "
Măng Đen Travel,4.4,Điểm thu hút khách du lịch,Không có giá,"Hồ Đak Ke, Măng Đen, Kon Plông, Kon Tum",Kon Tum,192,"https://lh3.googleusercontent.com/p/AF1QipNJoAiMfEEd_LH55S5-vy1X1SBiu0P_EbYDF7XG, https://lh3.googleusercontent.com/p/AF1QipNjr6ZnDuwYX0Almbqcix9cbVSj7FLofQyfDC3v, "
Thác 3 Tầng (Kon Bông),4.5,Điểm thu hút khách du lịch,Không có giá,"G94P+4GV, Dăk Rong, KBang, Gia Lai",Kon Tum,88,"https://lh3.googleusercontent.com/p/AF1QipNnXPrIiqxspYvlx9CjHBPvIhD0pIFXuESa8XgX, https://lh3.googleusercontent.com/p/AF1QipNPYV4B3QIAUDG_dparXAZ7SeHvLKbZ7csmu-Kj, "
Khu 37 Hộ,4.4,Điểm thu hút khách du lịch,Không có giá,"Măng Đen, Kon Plông, Kon Tum 60000",Kon Tum,105,"https://lh3.googleusercontent.com/p/AF1QipO3XW_Sgkr4Mkwn9-WdFCh40iW4JEmdME88KSR9, https://lh3.googleusercontent.com/p/AF1QipOiXjMIf1UUIL1Q4RGSQWBIjoU5FmT9DmUDqiag, "
Động Pu Sam Cáp,4.3,Điểm thu hút khách du lịch,Không có giá,"9CP6+83J, Bế Văn Đàn, Nậm Loỏng, Lai Châu",Lai Châu,230,"https://lh3.googleusercontent.com/p/AF1QipMT1GCTVuntwRWF6fCUFvrRqDlq-SN3HUME5BsA, https://lh3.googleusercontent.com/p/AF1QipMNTu1K0J2NGcvSF3RfT77nRRjOEl8GrlyQdRLL, "
San Thàng,Chưa xét,Khu dân cư,Không có giá,"Tp. Lai Châu, Lai Châu",Lai Châu,không có đánh giá,"https://lh3.googleusercontent.com/p/AF1QipMT1GCTVuntwRWF6fCUFvrRqDlq-SN3HUME5BsA, https://lh3.googleusercontent.com/p/AF1QipMNTu1K0J2NGcvSF3RfT77nRRjOEl8GrlyQdRLL, "
Ky Quan San,4.7,Thắng cảnh,Không có giá,"GH4P+PXM, Trung Lèng Hồ, Bát Xát, Lào Cai",Lai Châu,183,"https://lh3.googleusercontent.com/p/AF1QipOsyszlwPhuCfq6DyItmdYrX9wDpBWTrp3bGw5Z, https://lh3.googleusercontent.com/p/AF1QipOlGGnRAHI3a7h0nIWnUaL0qSWY1Ig___j2d5qf, "
Thác Tác Tình,4.6,Điểm thu hút khách du lịch,Không có giá,"TT. Tam Đường, Tam Đường, Lai Châu",Lai Châu,275,"https://lh3.googleusercontent.com/p/AF1QipM4jP7ojKLBV8X8GhDG3uwRXqIwFNJV2KqG1812, https://lh3.googleusercontent.com/p/AF1QipMEQvmgGXgysLL9JZ_4nq4isqHwOqDOc9GK61jj, "
Homestay A Đánh - Bản Sì Thâu Chải,4.5,Lưu trú nhà dân,Không có giá,"Hồ Thầu, Tam Đường, Lai Châu",Lai Châu,289,"https://lh3.googleusercontent.com/p/AF1QipOEqKYRdZ6ADXBAjT8weXsM_iC0Nau39XdI3zW4, https://lh3.googleusercontent.com/p/AF1QipNlBU3LlW1TGqUZjIAjZxp_1lGfUgEKtq6bTx97, "
Đèo Ô Quy Hồ,4.7,Đường vượt núi,Không có giá,"Sơn Bình, Tam Đường, Lai Châu",Lai Châu,656,"https://lh3.googleusercontent.com/p/AF1QipOnIo3npKAymBUZsVbjAdDB3LdXfYrv_b1-1FNI, https://lh3.googleusercontent.com/p/AF1QipOwSumZi3nL6BJfQHbbqEEAwFGZSHUOlAchwr8m, "
Đồi chè Tân Uyên,4.7,Điểm thu hút khách du lịch,Không có giá,"6P5Q+FM7, TT. Tân Uyên, Tân Uyên, Lai Châu",Lai Châu,43,"https://lh3.googleusercontent.com/p/AF1QipNCHiQk-XKGBE8vPUb0ZUNebqu3iBfRNeId1Bny, https://lh3.googleusercontent.com/p/AF1QipPq3uWNFPiOKGMM6oYZNOuxvXn8xEedJkN5pC3J, "
Phu Ta Leng,4.9,Đỉnh núi,Không có giá,"Tam Đường, Lai Châu",Lai Châu,18,"https://lh3.googleusercontent.com/p/AF1QipO6H979pTJbkiGUHs2jLQ1QvYiA6tzLEPHATQnx, https://lh3.googleusercontent.com/p/AF1QipOXIq84bS30HIk10dA1YFZWbuvjl1XOeMv4pIEv, "
Nùng Nàng,Chưa xét,Administrative Area3,Không có giá,"Tam Đường, Lai Châu",Lai Châu,không có đánh giá,"https://lh3.googleusercontent.com/p/AF1QipM2Laz3ekbhw_K7B2RjPRVleJgOXPUGmUDk2wYH, https://lh3.googleusercontent.com/p/AF1QipNrNP8e8ULRvDqm1SX23IB70r_xhTmB-t95PEcy, "
Cánh Đồng Mường Than - Than Uyên,4.7,Điểm thu hút khách du lịch,Không có giá,"XWQ7+75M, Mường Thân, Than Uyên, Lai Châu",Lai Châu,19,"https://lh3.googleusercontent.com/p/AF1QipNeo9cmnM6THcKdG1QLJD3xChDwBqE-RwHLUHWc, https://lh3.googleusercontent.com/p/AF1QipMGlqSXOAq06WHEAkDBOK0cNpXwrTIZBlUps6cw, "
Đỉnh Tả Liên Sơn,4.7,Leo núi,Không có giá,"FH74+7FM, Trung Lèng Hồ, Tam Đường, Lai Châu",Lai Châu,48,"https://lh3.googleusercontent.com/p/AF1QipO156iypin7ec2ZmZ_FLsqSJRnsZhXTfXy26VRU, https://lh3.googleusercontent.com/p/AF1QipNYTXwI3cAirqQLjl6qKC01Z1QMq-8nBTzHLog, "
tt. Sìn Hồ,Chưa xét,Khu dân cư,Không có giá,"Sìn Hồ, Lai Châu",Lai Châu,không có đánh giá,"https://lh3.googleusercontent.com/p/AF1QipPLsHQ2NjtkpAxz9eHyORsD4n4Gmh_52exE99m_, https://lh3.googleusercontent.com/p/AF1QipN2MPQLm2FKdJPjwPa2exvRoByk8RpwiPr7CUq3, "
Phu Si Lung,4.8,Đỉnh núi,Không có giá,Không có địa chỉ cụ thể,Lai Châu,58,"https://lh3.googleusercontent.com/p/AF1QipOfO3T6T46I-WitDlYWqXYlCnep1OLU8MbOKrSu, https://lh3.googleusercontent.com/p/AF1QipMDe-I_hLCT2CB93xhaMdx75-nIga_MeaaGbYyy, "
"Động Tiên Sơn, Lai Châu",3.9,Điểm thu hút khách du lịch,Không có giá,"8M83+HGV, QL4D, Sơn Bình, Tam Đường, Lai Châu",Lai Châu,240,"https://lh3.googleusercontent.com/p/AF1QipN--lPpZORIxsKjeKueJKTZEblQlcoQWZjLb73I, https://lh3.googleusercontent.com/p/AF1QipPp5bkyuQAKIL7d1oY-NKTRaft_Gs9PFRhjmwmF, "
Thác Trái Tim,4.3,Điểm thu hút khách du lịch,Không có giá,"FGHH+J7J, Sìn Suối Hồ, Phong Thổ, Lai Châu",Lai Châu,43,"https://lh3.googleusercontent.com/p/AF1QipNca2mJB4DW_y6IbWIgfDbK7GzCpVJkLAW1__fP, https://lh3.googleusercontent.com/p/AF1QipPsCKOLpgeRm80sCGMW-1BCOkxyBCI3GBVlkkVV, "
Bản du lịch văn hóa Vàng Pheo,4.1,Nhà hàng,Không có giá,"G9G4+59Q, Mường So, Phong Thổ, Lai Châu",Lai Châu,18,"https://lh3.googleusercontent.com/p/AF1QipPiYTTQuQKiw-Ph_1oOYExlVjs_4MALu-JGlEqa, https://lh3.googleusercontent.com/p/AF1QipNRKw6xTvmDnayEltE2D6EgLjGSnuYMjXLoSxlH, "
Bản Hon,Chưa xét,Administrative Area3,Không có giá,"Tam Đường, Lai Châu",Lai Châu,không có đánh giá,"https://lh3.googleusercontent.com/p/AF1QipMB1TF-YIJ6Mj6y746knJUh_l_FI_em0-AnHZMr, https://lh3.googleusercontent.com/p/AF1QipNw2HAyIdlLPG99kBDQO6tjmtstQa6YDs1wYoTe, "
Nà Luống,Chưa xét,Khu dân cư,Không có giá,"Nà Tấu, h. Điện Biên, Điện Biên",Lai Châu,không có đánh giá,"https://lh3.googleusercontent.com/p/AF1QipN9zLt3Xtu1BNWAbtRkwthZr8SORUCIyaGTUuN2, https://lh3.googleusercontent.com/p/AF1QipPc4Ad--2HKXG3UltUEh8LLybTbTxmFgKturoSA, "
Sìn Hồ,Chưa xét,Administrative Area2,Không có giá,Lai Châu,Lai Châu,không có đánh giá,"https://lh3.googleusercontent.com/p/AF1QipPT5_Xw-ve1JkVzG6cUwRqjE0ypmwwXv3xHRsDC, https://lh3.googleusercontent.com/p/AF1QipPCFEdBa4HXuLnhpNFtxFC9tIFjvVIyCZDJGpb-, "
Dào San,Chưa xét,Khu dân cư,Không có giá,"Phong Thổ, Lai Châu",Lai Châu,không có đánh giá,"https://lh3.googleusercontent.com/p/AF1QipPXbnvmaKk2MbJFeRmmx90q9XgStwlKasES_k2F, https://lh3.googleusercontent.com/p/AF1QipM07kkwKCdqqJVq9o5tEPmX0gh8wr9CtZPfACNk, "
Nhà máy thủy điện Lai Châu,Chưa xét,Công trình xây dựng,Không có giá,"Nậm Nhùn, Lai Châu",Lai Châu,không có đánh giá,"https://lh3.googleusercontent.com/p/AF1QipMPjd9UsoBc9_bA2oyrF3u_qqLjoCjVanzzDBpd, https://encrypted-tbn0.gstatic.com/images?q, "
Sìn Suối Hồ,Chưa xét,Administrative Area3,Không có giá,"Phong Thổ, Lai Châu",Lai Châu,không có đánh giá,"https://lh3.googleusercontent.com/p/AF1QipMPjd9UsoBc9_bA2oyrF3u_qqLjoCjVanzzDBpd, https://lh3.googleusercontent.com/p/AF1QipMqi7nT0EWCQL0TwWGMNzJqHTin-_BRmg9bVy4, "
Cửa khẩu Quốc tế Ma Lù Thàng,4.5,Cửa khẩu,Không có giá,"J548+X7F, ma Ly Pho, Phong Thổ, Lai Châu",Lai Châu,6,"https://lh3.googleusercontent.com/p/AF1QipMqi7nT0EWCQL0TwWGMNzJqHTin-_BRmg9bVy4, https://lh3.googleusercontent.com/p/AF1QipN3hAXE9OCg8BQz313WyL55Z52lWkziJcIoEelB, "
Pú Đao,Chưa xét,Khu dân cư,Không có giá,"Tx. Mường Lay, Lai Châu",Lai Châu,không có đánh giá,"https://lh3.googleusercontent.com/p/AF1QipPVWLgpb5FuypF9fmdxilP3gWu34uyfrnqVp_X9, https://lh3.googleusercontent.com/p/AF1QipMoOdqYAPU4rPOV1uFc0--notBU_BG1xEAV8iwE, "
Nhà Thờ Chánh Tòa Giáo Phận Đà Lạt,4.6,Nhà thờ Công giáo,Không có giá,"15 Đ. Trần Phú, Phường 3, Đà Lạt, Lâm Đồng 670000",Lâm Đồng,6.720,"https://lh3.googleusercontent.com/p/AF1QipP7o_Gc2-BOqJn7bgRoZAEEGpbYaG6QDTZQc7_Y, https://lh3.googleusercontent.com/p/AF1QipM9cf6vHlWeawYLj6ZsOVhzmHnXhW-yhXQIzKKQ, "
Làng Cù Lần,4.4,Khách sạn nghỉ dưỡng,Không có giá,Không có địa chỉ cụ thể,Lâm Đồng,không có đánh giá,"https://lh3.googleusercontent.com/p/AF1QipP7o_Gc2-BOqJn7bgRoZAEEGpbYaG6QDTZQc7_Y, https://lh3.googleusercontent.com/p/AF1QipM9cf6vHlWeawYLj6ZsOVhzmHnXhW-yhXQIzKKQ, "
Khu du lịch Thác Đamb'ri,4.3,Điểm thu hút khách du lịch,250.000 ₫,"Thôn 14 Lý Thái Tổ, Đam Bri, Bảo Lộc, Lâm Đồng",Lâm Đồng,không có đánh giá,"//lh3.googleusercontent.com/proxy/f2o7uc-wzTTdv8zTOAmEzl1n9PwL4L2Fb_tge73nVRbk0jyjjfc4whcZJpd6A3uWudbMj6GZB2DRoCcTamVrPUZCnp3kAlpCpJSjU9fN_CnAcO02Olisxu8Qjzg_UTBdJN0lQdgnzc4PRlVAegdlvKskHrgXQQ, https://lh3.googleusercontent.com/p/AF1QipPvmqqzCxVkZJtOedy16Z-PXmIsnrZrqPZ5MPLb, "
Đồi Chè Cầu Đất,4.4,Nhà sản xuất trà,Không có giá,"VHG6+VFX, Phát Chi, Đà Lạt, Lâm Đồng",Lâm Đồng,2.267,"https://lh3.googleusercontent.com/p/AF1QipMkDG8oy-gM_Lw2yoWipSPdE4vq--rpb8Kgj6MG, https://lh3.googleusercontent.com/p/AF1QipMcVFftNUqZOMpXbD5Mk5OdhvENINUedLZy1tqW, "
Thung lũng Tình Yêu,4.4,Điểm thu hút khách du lịch,Không có giá,"Đường Mai Anh Đào, Phường 8, Đà Lạt, Lâm Đồng",Lâm Đồng,14.030,"https://lh3.googleusercontent.com/p/AF1QipMudKwHvHL1u0Z7hQiQo9s4w2bo9TLEdvUKlowU, https://lh3.googleusercontent.com/p/AF1QipOI44BTh1fRiY9qL_f1K5bH9fBgLwrECOgp1ZUo, "
Tiệm Nướng & Chill Xóm Lèo,4.6,Nhà hàng món nướng,Miễn phí,"113 Huỳnh Tấn Phát, Phường 11, Đà Lạt, Lâm Đồng 66000",Lâm Đồng,14.048,"https://lh3.googleusercontent.com/p/AF1QipPX9DvGHmVYBfe9c1-h5O_PISp0HJZ4ffbIatE4, https://lh3.googleusercontent.com/p/AF1QipN_josaueT3uwVEB_E2x9E5wHO5uL3xm4vuH6oM, "
Ga Đà Lạt,4.2,Nhà ga,Không có giá,"Quang Trung, Phường 9, Đà Lạt, Lâm Đồng",Lâm Đồng,1.209,"//lh3.googleusercontent.com/proxy/OUxiZNb-P6hs1mxzuRWLThNlgGEAW1UDcm_IvgNgBAXaIBHgAQEicmLsigR3J-Ttnt7GZxq351j6JMNkdvpgJLDrEkTcUigj4I7UwJogN7vl-uu_H0YQZjDp0pvj0jFJMGv9FhjBkKz21_Y4YDxHl4rJMgg_EA, https://lh3.googleusercontent.com/p/AF1QipPM8gC-Kp3PRY66NZ5SKXI53T8itC-EVhxPuG0J, "
Vườn hoa thành phố Đà Lạt,4.2,Vườn,100.000 ₫,"02 Đ. Trần Nhân Tông, Phường 8, Đà Lạt, Lâm Đồng",Lâm Đồng,2.511,"https://lh3.googleusercontent.com/p/AF1QipNmSl528ZzQn3oeSSbdVkSKGINVh7AVyiAmj-Eu, https://lh3.googleusercontent.com/p/AF1QipMEEooIhwP2pZbu52CmpzNGvfmIP6HaicPPMQHd, "
Khu du lịch Thác Datanla,4.3,Điểm thu hút khách du lịch,50.000 ₫,"QL20 Đèo Prenn, Phường 3, Đà Lạt, Lâm Đồng 66000",Lâm Đồng,21.284,"https://lh3.googleusercontent.com/p/AF1QipNHUETsyCAZ7ewNdtQGVpCq9FZ4XL1_mDrBf-U0, https://lh3.googleusercontent.com/p/AF1QipPkMIzN6W-agcS6Q0r-o1KjRt0g7ixii5WYpeHL, "
Thác Pongour,4.4,Thác nước,Không có giá,"Đức Trọng, Lâm Đồng",Lâm Đồng,962,"https://lh3.googleusercontent.com/p/AF1QipNCXi_5nEQwa834sKjoX_j_NxCuT3si6dZQpJ6_, https://lh3.googleusercontent.com/p/AF1QipPEzmnFLybDHuj5TGoIx5-JCFo5uqumksgEoCPk, "
Quảng trường Lâm Viên,4.5,Điểm thu hút khách du lịch,Không có giá,"Đ. Trần Quốc Toản, Phường 1, Đà Lạt, Lâm Đồng",Lâm Đồng,11.689,"https://lh3.googleusercontent.com/p/AF1QipNIWXOoIs08ITHexjrlhwoNREE42TAlcHXPwW6o, https://lh3.googleusercontent.com/p/AF1QipPgccimFtOgaB3-McjJMMVs1boau1avxN_j2kHe, "
Thiền Viện Trúc lâm,4.6,Chùa phật giáo,Miễn phí,"Trúc Lâm Yên Tử, Phường 3, Đà Lạt, Lâm Đồng",Lâm Đồng,2.839,"https://lh3.googleusercontent.com/p/AF1QipOGQTj7MxaDNFHQanP-9JIERKFhnrs4CEi3Q0yN, https://lh3.googleusercontent.com/p/AF1QipOy3sEmRCUMROvjiFysaX3oJBdmGxy0guEqLaIx, "
Vườn Quốc gia Bidoup Núi Bà,4.7,Công viên quốc gia,Không có giá,"Tiểu khu 97, Lạc Dương, Lâm Đồng",Lâm Đồng,444,"https://lh3.googleusercontent.com/p/AF1QipO_0AoCeYFIKIf2rWSwEgrkBLd4cHyNuN5J7nx6, //lh3.googleusercontent.com/proxy/o0KsvrSXg21rGi_0j5ee6Db58cTwW-RytMvPCHpBpmj6TO0t0rmfZKftKIVEQyfY0W03yUwxt-PoGktBz-ndip_-J6aihDmle0pHbwUvK4XgbxnWyRyF1_RWLySiz587u0ss9Wl95n4flyTI6eCqXkyrIZCZ4A, "
Lang Bian,4.3,Đỉnh núi,Không có giá,"tt. Lạc Dương, Lạc Dương, Lâm Đồng",Lâm Đồng,60,"https://lh3.googleusercontent.com/p/AF1QipPecPmrk7A_IuhbbbfaQ9G7JYwmQex1tvvxBcmW, https://lh3.googleusercontent.com/p/AF1QipMJQSypCKbwa6dlwIjI_LX3VzHlBAPunKTBe4O8, "
Thác Bảo Đại,4.4,Điểm thu hút khách du lịch,Không có giá,"Thác Bảo Đại, 11.606083, 108.350258, Tà Hine, Đức Trọng District, Lam Dong",Lâm Đồng,528,"https://lh3.googleusercontent.com/p/AF1QipPfPFmD3dr6Yf786ce5IF5kJPWW9ZLACFzsot8e, https://lh3.googleusercontent.com/p/AF1QipOzBZuhIWjAf2ZHWw3xMfRsIceRCJz3ZCO3Y7Uj, "
Dinh Bảo Đại,4.3,Điểm thu hút khách du lịch,Không có giá,"Dinh I, Trần Quang Diệu, Phường 10, Đà Lạt, Lâm Đồng",Lâm Đồng,6.092,"https://lh3.googleusercontent.com/p/AF1QipMF9lMvzAkGhdiGbrcGPYvTO1rUH4Rknw01tHvw, https://lh3.googleusercontent.com/p/AF1QipMmIU8sCkg0MNQga0kEhajTNMahu2kGzbOScEWS, "
Đồi Mộng Mơ Đà Lạt,4.3,Điểm thu hút khách du lịch,Không có giá,Không có địa chỉ cụ thể,Lâm Đồng,không có đánh giá,"https://lh3.googleusercontent.com/p/AF1QipP2RLsWmN59AktQNYKiATiKEHQ6cJHX76GeTxxc, https://lh3.googleusercontent.com/p/AF1QipMqgV5FY2hiZiSn6k6GZ5aj0a78dK9-3skPJI7X, "
Chùa Linh Quy Pháp Ấn,4.6,Chùa phật giáo,Không có giá,"Lộc Thanh, Bảo Lâm, Lâm Đồng",Lâm Đồng,3.406,"https://lh3.googleusercontent.com/p/AF1QipNJAZdkYRIuH8kybohD0ZFum4y8Xj7RsMetKw3k, https://lh3.googleusercontent.com/p/AF1QipOwIfjLujvi4Fpim1-I0GEU9c7aIzSeGk4qNPld, "
Hồ Tuyền Lâm,4.6,Hồ,Không có giá,"Phường 4, Tp. Đà Lạt, Lâm Đồng",Lâm Đồng,1.904,"https://lh3.googleusercontent.com/p/AF1QipP4ON9BnQ51-2N4d5MGABh1hzMlk5I9Dkz2cJWu, https://lh3.googleusercontent.com/p/AF1QipPAN7rOLH91sHpRuKSd8aj5YWWv5JcXQ4N46ssd, "
Hồ Xuân Hương,4.7,Hồ,Không có giá,"Tp. Đà Lạt, Lâm Đồng",Lâm Đồng,246,"https://lh3.googleusercontent.com/p/AF1QipMrAPnDJX_bmRM5L50TmPjpILdMlnbJdY1-fb13, https://lh3.googleusercontent.com/p/AF1QipMhmiyKirmyyZbuEj5P03mebqIaCNcldCN5ST8A, "
Vườn Hoa Cẩm Tú Cầu,4.2,Điểm thu hút khách du lịch,Không có giá,"Đường Tập Đoàn 7, Trại Mát, Đà Lạt, Lâm Đồng",Lâm Đồng,1.801,"https://lh3.googleusercontent.com/p/AF1QipOhaB7l4A6zvHfZ7LtQ5llECwO306Cdd-vdVmg, https://lh3.googleusercontent.com/p/AF1QipOh6cblFxoMTn4yU42msW2Gkb7eK6tLfet9Nu33, "
Cổng Trời Chùa Linh Quy Pháp Ấn,4.8,Chùa phật giáo,Không có giá,"Đồi 45, Thôn 4, Lộc Thành, Bảo Lâm, Lâm Đồng, Lộc Thanh, Bảo Lâm, Lâm Đồng",Lâm Đồng,216,"https://lh3.googleusercontent.com/p/AF1QipOhaB7l4A6zvHfZ7LtQ5llECwO306Cdd-vdVmg, https://lh3.googleusercontent.com/p/AF1QipOh6cblFxoMTn4yU42msW2Gkb7eK6tLfet9Nu33, "
Trường Cao đẳng Đà Lạt,4.5,Trường đại học,Không có giá,Không có địa chỉ cụ thể,Lâm Đồng,không có đánh giá,"https://lh3.googleusercontent.com/p/AF1QipNRlmiaULfihWP9uDbEKseg_jWAgcsrq5hiEKzf, https://lh3.googleusercontent.com/p/AF1QipMbpL-_JhPVhJ721f5eoB8tSTvg5aCaR2tzQ3Yz, "
Xóm Lèo Đà Lạt,4.3,Điểm thu hút khách du lịch,Miễn phí,"Khu dân cư, Huỳnh Tấn Phát, Phường 11, Đà Lạt, Lâm Đồng",Lâm Đồng,18.762,"https://lh3.googleusercontent.com/p/AF1QipOu8aZstSFvRJRlYYm6hkxg0VFS9_rVaTMBbDGg, https://lh3.googleusercontent.com/p/AF1QipP6BB3sRN0ut1Beyx1GFaEp_d_fruTltIwouwEi, "
Thung Lũng Vàng,4.1,Điểm thu hút khách du lịch,Không có giá,"Lạt Đồng, Khu du lịch Thung Lũng Vàng, Lát, Lạc Dương, Lâm Đồng 672700",Lâm Đồng,4.485,"https://lh3.googleusercontent.com/p/AF1QipO50fe2Iu2Dr_Z9fzwNvJdR0B_moHxRizUM7DQO, https://lh3.googleusercontent.com/p/AF1QipOLjvGdWcQIQQMSBTwxNLtFDi3tmweeXtBmbqm3, "
Tea Bobla Waterfall,4.2,Điểm thu hút khách du lịch,Không có giá,"208 QL20, Liên Đầm, Di Linh, Lâm Đồng",Lâm Đồng,741,"https://lh3.googleusercontent.com/p/AF1QipOoQqy9eRSZH0Tj3Ko5Nlna5_UGRkojE2NjQPCA, //lh3.googleusercontent.com/proxy/-84g-gQ11rxcd0YPonCytHe-0FIpYSaPAaUwqucWLOtkafhRd6jLgrSP1pGZfYIwAp5P1pPeAV13Qu5wRw4-lGtjUE_RivvUKEZA2vVROYM16TR0xMl1D-HH-iNXbdovHLPuP3WM1VhlsR6Dj3jpTLKTYIx05w, "
Thành phố Đà Lạt,Chưa xét,Tổ dân phố,Không có giá,"Đà Lạt, Lâm Đồng",Lâm Đồng,không có đánh giá,"https://lh3.googleusercontent.com/p/AF1QipMnL3UPUmDYU4xvoKMsl-Z4T-AQoB9aFqhmBi4f, https://lh3.googleusercontent.com/p/AF1QipPhOTDVTQySSnraxKTHVI3TCcvwjSfhfDWAfXOG, "
Đồi Thiên Phúc Đức,4.3,Điểm thu hút khách du lịch,Không có giá,"Phường 7, Đà Lạt, Lâm Đồng",Lâm Đồng,1.399,"https://lh3.googleusercontent.com/p/AF1QipN3MAHpOeu3ejTpFhPchrYsq9r-zUf2SAWFj92I, https://lh3.googleusercontent.com/p/AF1QipNxYp38l_c2f7xyZFrplzJb3mDP-60Ipxh4gJKR, "
Vườn Quốc Gia Cát Tiên,4.3,Công viên quốc gia,Không có giá,"Ấp 1, Tân Phú, Đồng Nai",Lâm Đồng,5.435,"https://lh3.googleusercontent.com/p/AF1QipOuCPp_uZJasVx5fKsD5eg3dkWNEGVx77C4Zf9h, https://lh3.googleusercontent.com/p/AF1QipOwl9jSRbaT8duIc5aQUSXhhxBl-lO3eJ28Kvq_, "
Chợ Đêm Đà Lạt,4.2,Chợ đêm,Không có giá,"Đường Nguyễn Thị Minh Khai, Phường 1, Đà Lạt, Lâm Đồng",Lâm Đồng,14.197,"https://lh3.googleusercontent.com/p/AF1QipMDBWvq6bv44-A91IpNQOqatHJ7ookllGEpXu_4, https://lh3.googleusercontent.com/p/AF1QipPFiMHJezNsgkJ1p6sUbEvtQJ0hLj61GMB3Vkbe, "
Hồ Đại Ninh,4.4,Hồ chứa nước,Không có giá,"Đức Trọng, Lâm Đồng",Lâm Đồng,28,"https://lh3.googleusercontent.com/p/AF1QipPHZKqOlMVqVzkoKasgtuFBFnyeQiLChOaYnlYi, https://lh3.googleusercontent.com/p/AF1QipMECP4OeL35sIcNLQR-CVcXksj-_m3nj25_ZqL8, "
Chợ đà lạt,4.3,Chợ,Không có giá,"WCVP+6Q2, Đường Nguyễn Thị Minh Khai, Phường 1, Đà Lạt, Lâm Đồng 02633",Lâm Đồng,172,"https://lh3.googleusercontent.com/p/AF1QipMWaauf1JkufpVsSwxtvL4Y5ZWnVvM1TNHQk-bc, https://lh3.googleusercontent.com/p/AF1QipN_rFutcRae_PvvjEXiavoIQvzbmiDqVTsZognI, "
Khu Du Lịch Sinh Thái Hoa Sơn Điền Trang,3.9,Điểm thu hút khách du lịch,Không có giá,"Tiểu khu 159 Phường 5 hướng đi đèo, 159 ĐT725, P. 5, Đà Lạt, Lâm Đồng 670000",Lâm Đồng,3.725,"https://lh3.googleusercontent.com/p/AF1QipMrv_4PUyDT7fLJxCwDcN33ftQqT6Dykg3vnbms, https://lh3.googleusercontent.com/p/AF1QipO_tKk9Nmi6v8eeLJZcfYrSRPPfZiWaz-bx8GUc, "
Trại Mát,Chưa xét,Khu dân cư,Không có giá,"Phường 11, Tp. Đà Lạt, Lâm Đồng",Lâm Đồng,không có đánh giá,"https://lh3.googleusercontent.com/p/AF1QipOExTSEJ2fTRAB-0WIVNCz4ByVPK-W-jiT0JXrG, https://lh3.googleusercontent.com/p/AF1QipN4aLmK-fj8Rhe7xuKXTGOxcZ1BsLuzXqWeip0n, "
Chùa Linh Ẩn,4.7,Chùa phật giáo,Miễn phí,"Đường Ba Đình, TT. Nam Ban, Lâm Hà, Lâm Đồng",Lâm Đồng,3.516,"https://lh3.googleusercontent.com/p/AF1QipOqxYu3j7vzyqFYwkdabV8vY2i--yOjxWUgITiC, https://lh3.googleusercontent.com/p/AF1QipPtlsf-7fm_uHf8hFktu5m0nLdRKcGaCVnxAGO4, "
tt. Ma Đa Gui,Chưa xét,Khu dân cư,Không có giá,"Đạ Huoai, Lâm Đồng",Lâm Đồng,không có đánh giá,"https://lh3.googleusercontent.com/p/AF1QipMkgJD9N-IyTdUdDabE9M7tMT-RXX9LiUtHGLA2, https://lh3.googleusercontent.com/p/AF1QipPK0wP6MCbGHdVcLEmGBggoyxVkyVCTmU7yF3us, "
Samten Hills Dalat,4.3,Điểm thu hút khách du lịch,250.000 ₫,"Thôn Kambute, Đơn Dương, Lâm Đồng",Lâm Đồng,2.086,"https://lh3.googleusercontent.com/p/AF1QipOGObh2GdXDDc4FefX9p34LIQ83P2_17QvqHQBg, https://lh3.googleusercontent.com/p/AF1QipOGp1m2gOFbwWuIZ_MK6ObhSvQtzfsL7tQSda1I, "
Nông Trại Cún Puppy Farm,4.5,Điểm thu hút khách du lịch,Không có giá,"Cam Ly, Phường 7, Đà Lạt, Lâm Đồng",Lâm Đồng,12.782,"https://lh3.googleusercontent.com/p/AF1QipNBw7jZzd0cTwMKtFO6Gk3wC3ktOJQYl1-SmKT6, https://lh3.googleusercontent.com/p/AF1QipPvM2s8eQTs4EecaG47IVN3Su_etk62dbaIMYBG, "
Vườn thú ZooDoo,4.3,Vườn bách thú,150.000 ₫,"QL27C, Xã Đạ Nhim, Lạc Dương, Lâm Đồng",Lâm Đồng,6.056,"https://lh3.googleusercontent.com/p/AF1QipP0XRjieoLwGaQgsf9PyEX6LrgXjhO4gSdTYDB2, https://lh3.googleusercontent.com/p/AF1QipM2Tv8QZTHf89kxwR7XE1GgDhNl7Gqrgc-totlO, "
Hồ Đa Nhim,1.0,Hồ,Không có giá,"Đạ Chais, Lạc Dương, Lâm Đồng",Lâm Đồng,1,"https://lh3.googleusercontent.com/p/AF1QipP_5YD2O-Sa1CeMWCDOp_yieYExuQyQWM5VTEqz, https://lh3.googleusercontent.com/p/AF1QipN6R26FGjQmH-TZqLfyAlLhB7ifRl4j4cY3tQnx, "
Biệt thự Hằng Nga,4.3,Điểm thu hút khách du lịch,80.000 ₫,"03 Đ. Huỳnh Thúc Kháng, Phường 4, Đà Lạt, Lâm Đồng 66115",Lâm Đồng,không có đánh giá,"//lh3.googleusercontent.com/proxy/Uye1QiT5THggIOW9ZJRqzyCX2jtqiWNP9z8sasygmUhHuPv28mIY5NiDhRVXuZvpiosRVR1z2o0RBzPhNJKEypXAh1ayoJth0wOwx9MdtTg2kgp6Ez-YnrlhU4dL2FAC9oho-VQPME8V_HZIejNoc_PZZmLdT1E, https://lh3.googleusercontent.com/p/AF1QipODQDjdmCj9UgOefUvhNZZAl3E1jOIwjTbcwRS3, "
Làng hoa Vạn Thành - Khu du lịch ĐÀ LẠT SẮC MÀU,4.4,Điểm thu hút khách du lịch,Không có giá,"40 Vạn Thành, Phường 5, Đà Lạt, Lâm Đồng 66113",Lâm Đồng,1.175,"//lh3.googleusercontent.com/proxy/Uye1QiT5THggIOW9ZJRqzyCX2jtqiWNP9z8sasygmUhHuPv28mIY5NiDhRVXuZvpiosRVR1z2o0RBzPhNJKEypXAh1ayoJth0wOwx9MdtTg2kgp6Ez-YnrlhU4dL2FAC9oho-VQPME8V_HZIejNoc_PZZmLdT1E, https://lh3.googleusercontent.com/p/AF1QipODQDjdmCj9UgOefUvhNZZAl3E1jOIwjTbcwRS3, "
Thác Prenn,2.8,Thác nước,Không có giá,"Phường 3, Tp. Đà Lạt, Lâm Đồng",Lâm Đồng,98,"https://lh3.googleusercontent.com/p/AF1QipN_j2cExShsKgxZRH6tJHgOPdiM_2mijozQNIrB, https://lh3.googleusercontent.com/p/AF1QipN3ASwypmBW6yse4G4PFE2m6DIpADf2ax3vGY80, "
Khu du lịch Fresh Garden Dalat,4.2,Điểm thu hút khách du lịch,120.000 ₫,"90B Vạn Thành, Phường 5, Đà Lạt, Lâm Đồng 670000",Lâm Đồng,2.787,"https://lh3.googleusercontent.com/p/AF1QipOBionR99VLEaF4JsQNkwY9trLTcmYzPFeHhdR_, https://lh3.googleusercontent.com/p/AF1QipMs_kS5DhKd2Ul996RtDHYm42QTJA9ShEuESzsZ, "
Mốc rừng Tà Năng,4.7,Khu bảo tồn thiên nhiên,Không có giá,"11°32'04. 108°31'59., 9 Đường 9, Bien Hoa, Dong Nai",Lâm Đồng,73,"https://lh3.googleusercontent.com/p/AF1QipNcbDo8vNqVg8_TgthKGzLEZYokH9gGkOj_cvdy, https://lh3.googleusercontent.com/p/AF1QipOgwhHiYOBNA-z-l8fDXoJ_XfrrEPhgnhvt-Pw5, "
Mongo Land Dalat,4.4,Điểm thu hút khách du lịch,Không có giá,"Tổ 16 thôn 1, Tà Nung, Đà Lạt, Lâm Đồng 670000",Lâm Đồng,5.575,"https://lh3.googleusercontent.com/p/AF1QipOToVxKdLH1B7jBYfhMyMxHCKy_yfZFPG68D8pN, https://lh3.googleusercontent.com/p/AF1QipNS8lPnDXWCXcIg0NpW1Ud_obWwJJWuzAGuVKJv, "
Vườn dâu tây đà lạt- Khả Hân,4.7,Vườn,Không có giá,"08 Đường Trần Thánh Tông, Phường 3, Đà Lạt, Lâm Đồng",Lâm Đồng,363,"https://lh3.googleusercontent.com/p/AF1QipMa7bzaD1Kb7MDHgJEmOCBvWWzUGhxMqie96Cwa, https://lh3.googleusercontent.com/p/AF1QipPupoVyIEfLzAhz72lXt_w52EDxur75QI_9Sky5, "
Madagui Forest City,4.1,Khách sạn nghỉ dưỡng,Không có giá,Không có địa chỉ cụ thể,Lâm Đồng,không có đánh giá,"https://lh3.googleusercontent.com/p/AF1QipOB7xH_57Lcg3Z4Iw5qLCo9s7CQovTwuif55C7D, https://lh3.googleusercontent.com/p/AF1QipPt3xxM-VQxM71ACqfTszRGcnm2gyYUWKHZTTDX, "
Bảo Tàng Trà Long Đỉnh,4.8,Bảo tàng,Không có giá,"QL20, Trạm Hành, Đà Lạt, Lâm Đồng",Lâm Đồng,117,"//lh3.googleusercontent.com/proxy/RBJSg1obqxfFGvRQmzp9lWgaW16m3bfPGo4vWacDbe335ot-Syftxnos9w1rrsafc3EcoQCYmZR6wY4XNxONKzzxH-joDqVUeolmqkyMlR1PRDrFTBgxPRtZNWOd-za7cFukx5parPiguAyxUeR3UIFNfawRNHM, //lh3.googleusercontent.com/proxy/0ei3POAUhEqmWCHVDmADXmrRFPR3wbZ2sRdB3yQGG89tz-EtZC0pYUOZ0quNrMioTZvzAShs9n2SECAGRMFrMJrjWPXT6fOfeS-yA8JP8Wu3oEv50ZKcYRjPywNWOv9TbNwG1-Nj2M1zi7T6SyoL-ltiL2474_c, "
Đường Hầm Điêu Khắc,4.1,Điểm thu hút khách du lịch,60.000 ₫,"Phường 4, Tp. Đà Lạt, Lâm Đồng 66000",Lâm Đồng,14.805,"https://lh3.googleusercontent.com/p/AF1QipMzaajnAoic2WdNRUi4Ucq3fdXnzcPhyjMD2mnD, https://lh3.googleusercontent.com/p/AF1QipOheLBp0Wlza2zY8nn_SX3F9ZAs7fu8Yb7fDkyj, "
Hồ Dankia,4.4,Hồ,Không có giá,"Lát, Lạc Dương, Lâm Đồng",Lâm Đồng,104,"https://lh3.googleusercontent.com/p/AF1QipPdDBEGygRdQHKU6d72oxpGpIrS5ws9NyMiWMwJ, https://lh3.googleusercontent.com/p/AF1QipNracZmu5uc3gcoHPh2w7q9UaDr2KfCiI6GSC4G, "
Tà Năng,Chưa xét,Khu dân cư,Không có giá,"Đức Trọng, Lâm Đồng",Lâm Đồng,không có đánh giá,"https://lh3.googleusercontent.com/p/AF1QipPf5gsO6lKfOEoux-TorxkIlGjyd8jIa8hC5KrG, https://lh3.googleusercontent.com/p/AF1QipPgX7wPyctjyTwTEU29aGNFJUl5T9PpErR68mBC, "
D'Ran,Chưa xét,Khu dân cư,Không có giá,"Tp. Đà Lạt, Lâm Đồng",Lâm Đồng,không có đánh giá,"https://lh3.googleusercontent.com/p/AF1QipPdxlywnve0XWP3Qut8D6ANopGPMmSb4a9gakc9, https://lh3.googleusercontent.com/p/AF1QipNW4tOl1nr-H61s8mw3pPMAqA1LHPZxKSyCWCg2, "
The Florest Hoa Trong Rừng,4.5,Điểm thu hút khách du lịch,Không có giá,"Thôn 4, Đà Lạt, Lâm Đồng 670000",Lâm Đồng,1.428,"https://lh3.googleusercontent.com/p/AF1QipMl1AIMgZbBI6C9QL0noDRHkCsZAx4G9yruLVVS, https://lh3.googleusercontent.com/p/AF1QipO3VL__6h7Tb2fVW4XkMHN8nJOp1NKLTM8htMTo, "
Vườn Ánh Sáng Lumiere,4.4,Công viên giải trí,166.500 ₫,"222B Đường Mai Anh Đào, Phường 8, Đà Lạt, Lâm Đồng",Lâm Đồng,1.931,"https://lh3.googleusercontent.com/p/AF1QipO_ZDL3S-cNlAg51jvXR6NO_H85XaPv_K20tWgq, https://lh3.googleusercontent.com/p/AF1QipM3kFTdkApH1X9-Erx5slKXw5HyBs446FiVR_gC, "
Đập tràn Hồ Tuyền Lâm,4.2,Điểm thu hút khách du lịch,Không có giá,"Phường 4, Đà Lạt, Lâm Đồng",Lâm Đồng,9.520,"https://lh3.googleusercontent.com/p/AF1QipNn2vRBod0OSOwjOB4VP2tYDRyYsL3irox6vwi0, https://lh3.googleusercontent.com/p/AF1QipOctRUL078oXFLN5JRaXwfOcxhuaN8IxhJWpTfZ, "
Thác Voi,3.7,nước,Không có giá,"Gia Lâm, Lâm Hà, Lâm Đồng",Lâm Đồng,62,"https://lh3.googleusercontent.com/p/AF1QipO0g9VNPzFP0WU_jZWjFgLsk6KQi0Lh5LIoNAHu, https://lh3.googleusercontent.com/p/AF1QipNRSeIGFQAp9ERW38SIzdBxRzVTYLgicG4DPetR, "
Chùa Linh Sơn,4.4,Chùa phật giáo,Không có giá,"120 Nguyễn Văn Trỗi, Phường 2, Đà Lạt, Lâm Đồng",Lâm Đồng,1.531,"https://lh3.googleusercontent.com/p/AF1QipMrS0V_nCzLMXLT5FTDhHMiQ_ml8M8VCkA13HVY, https://lh3.googleusercontent.com/p/AF1QipOko8F6qGCb-E307tAGpOwtNqwu2bKVWZGmtW7_, "
Tam Trinh Coffee Experiences,4.7,Điểm thu hút khách du lịch,Không có giá,"Gia Lâm, Lâm Hà, Lâm Đồng",Lâm Đồng,1.146,"https://lh3.googleusercontent.com/p/AF1QipOhX1xiLyhuvR7L_n5Kh5yCgJHsAWqVyEl5JsL3, https://lh3.googleusercontent.com/p/AF1QipPrFsnHUUgR9hDmK7Dr8oL_WNOodreK599_f6Fk, "
Cánh đồng hoa Cẩm Tú Cầu,4.2,Vườn,Không có giá,"Xã, Tp. Đà Lạt, Lâm Đồng",Lâm Đồng,4.203,"https://lh3.googleusercontent.com/p/AF1QipNmYPucTjVE63eA-Tk-kZ1XJx44PcRAYtwOMG3L, https://lh3.googleusercontent.com/p/AF1QipMy7wdui6EeYzykImzpcqVbpjhd8lYyFHqb5SVI, "
Ga cáp treo SUN WORLD FANSIPAN LEGEND,4.5,Điểm thu hút khách du lịch,Không có giá,"89B Nguyễn Chí Thanh, TT. Sa Pa, Sa Pa, Lào Cai",Lào Cai,14.263,"https://lh3.googleusercontent.com/p/AF1QipNfosVPpA-gNgxxm8ymkon3Hodxd7EJkUy6pGZ4, https://lh3.googleusercontent.com/p/AF1QipO6E7_i8e91I2mSnnRReRmCqU5l9yPoTsvmys_b, "
Ky Quan San,4.7,Thắng cảnh,Không có giá,"GH4P+PXM, Trung Lèng Hồ, Bát Xát, Lào Cai",Lào Cai,183,"https://lh3.googleusercontent.com/p/AF1QipNfosVPpA-gNgxxm8ymkon3Hodxd7EJkUy6pGZ4, https://lh3.googleusercontent.com/p/AF1QipO6E7_i8e91I2mSnnRReRmCqU5l9yPoTsvmys_b, "
tt. Sa Pa,Chưa xét,Khu dân cư,Không có giá,"Sa Pa, Lào Cai",Lào Cai,không có đánh giá,"https://lh3.googleusercontent.com/p/AF1QipM4jP7ojKLBV8X8GhDG3uwRXqIwFNJV2KqG1812, https://lh3.googleusercontent.com/p/AF1QipMEQvmgGXgysLL9JZ_4nq4isqHwOqDOc9GK61jj, "
Nhà Thờ Đá Sapa,4.4,Nhà thờ Công giáo,Không có giá,"P. Hàm Rồng, TT. Sa Pa, Sa Pa, Lào Cai 333100",Lào Cai,6.887,"https://lh3.googleusercontent.com/p/AF1QipPR5jALCH2RrOwYw6diJ_Skx8WuNnqUr7pJTH2_, https://lh3.googleusercontent.com/p/AF1QipMBCiCt3VsKrW6dGIwEsxlFxpydWrSMHTga64Y8, "
Đèo Ô Quy Hồ,4.7,Đường vượt núi,Không có giá,"Sơn Bình, Tam Đường, Lai Châu",Lào Cai,656,"https://lh3.googleusercontent.com/p/AF1QipO2Zc0MCLcPc9k3pN-z5iLBTgDYZinVnkXxvBDC, https://lh3.googleusercontent.com/p/AF1QipM8nQzcjSeA9hX_GGvWCLhFodqcaqoXDYRGOq7R, "
Đền Bảo Hà- Đền Hoàng Bẩy,4.7,Trường kinh doanh,Không có giá,"Bảo Hà, Bảo Yên, Lào Cai",Lào Cai,569,"https://lh3.googleusercontent.com/p/AF1QipNCHiQk-XKGBE8vPUb0ZUNebqu3iBfRNeId1Bny, https://lh3.googleusercontent.com/p/AF1QipPq3uWNFPiOKGMM6oYZNOuxvXn8xEedJkN5pC3J, "
Cát Cát,Chưa xét,Khu dân cư,Không có giá,"San Sả Hồ, Sa Pa, Lào Cai",Lào Cai,không có đánh giá,"https://lh3.googleusercontent.com/p/AF1QipOToEKZCpfih4AyHboxb5GXj7FK5xF9EvC9qnqg, https://lh3.googleusercontent.com/p/AF1QipOwLIoZfnZmLe0bv_AteIY49pnPmMsL0lqce7Zp, "
Dinh thự Hoàng A Tưởng,4.1,Bảo tồn di sản,Không có giá,"257 Ngọc Uyển, TT. Bắc Hà, Bắc Hà, Lào Cai 31300",Lào Cai,1.943,"https://lh3.googleusercontent.com/p/AF1QipOQ7n6tFrAj2gepxdfT4hDUCHmu9GIitwiI0duD, https://lh3.googleusercontent.com/p/AF1QipOG1KgweIs7MZ9MQKADMskbDZ6lm4XW2fhHv59Z, "
Y Tý,Chưa xét,Administrative Area3,Không có giá,"Bát Xát, Lào Cai",Lào Cai,không có đánh giá,"https://lh3.googleusercontent.com/p/AF1QipNPnZJArOOz1Jt-PVaGhvKPLiY-s4DcpO30YVuv, https://lh3.googleusercontent.com/p/AF1QipN4pyXBaoL1WHEV6EXvySiELR9gL_fa0HRRlKMw, "
Thung Lũng Mường Hoa,4.6,Điểm thu hút khách du lịch,Không có giá,"Tả Van, Sa Pa, Lào Cai",Lào Cai,42,"https://lh3.googleusercontent.com/p/AF1QipMyA8PNvVZkYWT_pTIKI0kLHy_hCA6zKUgZKwNY, https://lh3.googleusercontent.com/p/AF1QipOzde7VyiwW5GYD4ECNerK4gSLDeP2U_7pvI4KC, "
Trung Tâm Chợ Mường Hum,4.0,Chợ,Không có giá,"GPH6+GCF, Mường Hum, Bát Xát, Lào Cai",Lào Cai,362,"https://lh3.googleusercontent.com/p/AF1QipPWEK9_MQElLLpA5rGNUnfLe8djz5dnIe7TeUY9, https://lh3.googleusercontent.com/p/AF1QipNLq8iBdIS0adjdALvwXnk531uJO6JC1FhNSpDR, "
Hầu Thào,Chưa xét,Khu dân cư,Không có giá,"Tp. Lào Cai, Lào Cai",Lào Cai,không có đánh giá,"https://lh3.googleusercontent.com/p/AF1QipPApwCiZk5fdR1uhkHYIBCDBFpGNjJGdbScQ9aL, https://lh3.googleusercontent.com/p/AF1QipM05SfjmZgcusY11vtxqxvm3pRdoZywykNHWcEG, "
Cửa khẩu Quốc tế Lào Cai,4.3,Cửa khẩu,Không có giá,"Phố Mới, Lào Cai",Lào Cai,483,"https://lh3.googleusercontent.com/p/AF1QipM6bVLGvSI5c81IWtHkOgDhNLJ8-FcmBkX0qD4D, https://lh3.googleusercontent.com/p/AF1QipNlE-nNTnJBdCbcw2OxGsbwqTdRkVhDBdakVv8e, "
Chợ phiên Cán Cấu,4.5,Chợ,Không có giá,"Cán Cấu, Si Ma Cai, Lào Cai",Lào Cai,65,"https://lh3.googleusercontent.com/p/AF1QipPEdSLK8dhZ4v1dhccCbgMweCYw1v7IyXU22hUz, https://lh3.googleusercontent.com/p/AF1QipPKebt7xNbqczKJJVV1x_9m4Phzo33_k3yoRCZ_, "
Chợ cốc lếu,4.5,Chợ truyền thống,Không có giá,"83 Cốc Lếu, Lào Cai",Lào Cai,33,"https://lh3.googleusercontent.com/p/AF1QipM9Z-jzSXPjQVM1B3PQaYbHIBvP5mrZvG4u3nrs, https://lh3.googleusercontent.com/p/AF1QipOT1MQlE5oWagwEU2mSbOYmLCrat7hSE_3liPSG, "
Đền Thượng - Lào Cai,4.6,Nơi thờ cúng,Không có giá,Lào Cai,Lào Cai,508,"https://lh3.googleusercontent.com/p/AF1QipNIogR_RFNLzILUZAPyORbrepBxDhmVqZBld0fZ, https://lh3.googleusercontent.com/p/AF1QipN6X6KS3ik7Q0vT6Nrrl7jWW6AeQdNbzorAF2kV, "
Bản Tả Phìn - SaPa,4.1,Đại lý du lịch tham quan,Không có giá,"SaPa, Tả Phìn, Sa Pa, Lào Cai",Lào Cai,58,"https://lh3.googleusercontent.com/p/AF1QipP1_mTRdoXWidM2c3KjBmMERg-aZ5FfQ0WUkFrk, https://lh3.googleusercontent.com/p/AF1QipPzIgTsOyjluuEY0UJvVmx8MY8PdxV47sgAVvlY, "
Đền Mẫu,4.6,Nơi thờ cúng,Không có giá,"GX48+W57, Lào Cai",Lào Cai,262,"https://lh3.googleusercontent.com/p/AF1QipMCoeUMYt6v4pfkeAJ_INvu_uQ7eEILpmSyRF3_, https://lh3.googleusercontent.com/p/AF1QipOAYtTeQqn5XfmNU-UD5o1bsqGsrflfsFjDpyjI, "
Thung lũng hoa Bắc Hà,3.8,Trang trại phong lan,Không có giá,"Thải Giàng, Thải Giàng Phố, Bắc Hà, Lào Cai",Lào Cai,896,"https://lh3.googleusercontent.com/p/AF1QipP8JhMODGiz5ihmLo3peaBuqrp9I3-IWe4tL1Pg, https://lh3.googleusercontent.com/p/AF1QipNTguEkfWd42xrDZDDL_B7BC8R4PnM3_mtqVYke, "
Lùng Po,Chưa xét,Khu dân cư,Không có giá,"A Mú Sung, Bát Xát, Lào Cai",Lào Cai,không có đánh giá,"https://lh3.googleusercontent.com/p/AF1QipO693GZ22nfxHgQ9BV-KxigtfgglDwGvjyIsys, https://lh3.googleusercontent.com/p/AF1QipOsyqqVfi3eLNxa1QAJMcb2KRMzLAtimn2dAUsS, "
Bắc Hà,Chưa xét,Administrative Area2,Không có giá,Lào Cai,Lào Cai,không có đánh giá,"https://lh3.googleusercontent.com/p/AF1QipNKHpemJFJ9UsfKUBW9YI7vJSaYjQRTYgSw_mgU, https://lh3.googleusercontent.com/p/AF1QipMH86I3ez5yTWuayF4hUKaoP002-85pUPGnbe5m, "
Bản Khoang,Chưa xét,Khu dân cư,Không có giá,"Sa Pa, Lào Cai",Lào Cai,không có đánh giá,"https://lh3.googleusercontent.com/p/AF1QipNKHpemJFJ9UsfKUBW9YI7vJSaYjQRTYgSw_mgU, https://lh3.googleusercontent.com/p/AF1QipMH86I3ez5yTWuayF4hUKaoP002-85pUPGnbe5m, "
Phan Xi Păng,4.7,Đỉnh núi,Không có giá,"Tam Đường, Lai Châu",Lào Cai,2.986,"https://lh3.googleusercontent.com/p/AF1QipO6mLTzB3r1uc8foMXzSDfesaFJO-rvAu_6ybro, https://lh3.googleusercontent.com/p/AF1QipMocrcO_pYUEbpKgWLE2HodWjKKXhF6pKUYXEt6, "
Nhìu Cồ San,Chưa xét,Khu dân cư,Không có giá,"Y Tý, Bát Xát, Lào Cai",Lào Cai,không có đánh giá,"https://lh3.googleusercontent.com/p/AF1QipN49vUAex4xJyM7y6HELTM2r88svyZY22941eLP, https://lh3.googleusercontent.com/p/AF1QipP-LEL7RaqXoJtu2VYDiGQd0f3P6E-zdwCAclO4, "
Thác Bạc SaPa,4.1,Điểm thu hút khách du lịch,Không có giá,"San Sả Hồ, Sa Pa, Lào Cai",Lào Cai,1.492,"https://lh3.googleusercontent.com/p/AF1QipN0HzXh9wqItn5lpD5bq4OLrBNEMYIZtpZYgMJQ, https://lh3.googleusercontent.com/p/AF1QipPo3vBguZZrmPg0f7hzVoxm-K6xZUsY45TLwtKK, "
Khu Du Lịch Cát Cát - Sapa,4.1,Điểm thu hút khách du lịch,Không có giá,"Thôn, Cát Cát, Sa Pa, Lào Cai",Lào Cai,7.703,"//lh3.googleusercontent.com/proxy/WLwP9yAzGcuI8Z0vlOXMhlZEUd8LeSVUrc1ZwhwtMKE2mekIx80B16f_ksZeQuFTJhwMZpNjEdx4_bd42G83bvmw-PEZncFRbiFiNyMer03KsESp3ckK5vRNU7VAW-4qUWAVnBcub1-1x6zHzfF7mnO0NcwHFSQ, https://lh3.googleusercontent.com/p/AF1QipMBe8QrkRDEIgszhux_H9bkTg_omP9pzaGKwgpR, "
Bảo Yên,Chưa xét,Administrative Area2,Không có giá,Lào Cai,Lào Cai,không có đánh giá,"https://lh3.googleusercontent.com/p/AF1QipM3IJvk6mYQr8szxhYqaAS1FbHyYSle4d_xA4dk, https://lh3.googleusercontent.com/p/AF1QipOw36EtUaiXSsKGtrQGG1PjgLQ5Qt7YN8pFq-De, "
Ủy Ban Nhân Dân Xã Tả Van,4.0,Văn phòng chính quyền địa phương,Không có giá,"8V3Q+3GF, Tả Van, Sa Pa, Lào Cai",Lào Cai,4,"https://lh3.googleusercontent.com/p/AF1QipOorxGN96QdQcT8IZI0xFEnYgQmb3SJrPAjNWc7, https://lh3.googleusercontent.com/p/AF1QipMWP2DmzAisM2Tk51clcVYFEvZlMCBb2g1kBHZA, "
Cột cờ Lũng Pô,Chưa xét,Tượng đài,Không có giá,"Lao Cai, Bát Xát District, Jin Ping Miao Zu Yao Zu Dai Zu Zi Zhi Xian, Lùng Po, 326国道",Lào Cai,không có đánh giá,"https://lh3.googleusercontent.com/p/AF1QipPA7FQTzAfyhSd5iRN_8cCNaF8c4OII5_C3qt6S, https://lh3.googleusercontent.com/p/AF1QipPh1nGsNeqXRLOWrzvNqNb-2Vf25nPjOm1xUpuI, "
Vườn Quốc gia Hoàng Liên,Chưa xét,Công viên tiểu bang,Không có giá,"QL 4D, Lai Châu",Lào Cai,không có đánh giá,"https://lh3.googleusercontent.com/p/AF1QipOSV50G12Q-2w4ueE55DotWwHC0qYAxQR3HjGfZ, https://lh3.googleusercontent.com/p/AF1QipPu9TISE6rIdXZhjnlrxBWpaL7LDTr8IiGNEdKh, "
Tả Van,Chưa xét,Administrative Area3,Không có giá,"Sa Pa, Lào Cai",Lào Cai,không có đánh giá,"https://lh3.googleusercontent.com/p/AF1QipPPdaIzR-Fa_f-dGvjev49ZRJMC_f-w7L6u5Of2, https://lh3.googleusercontent.com/p/AF1QipOWXx0NQlb5nHURqG0xCRQW17xUM6Rah1EygR_b, "
Sa Pa,Chưa xét,Administrative Area2,Không có giá,Lào Cai,Lào Cai,không có đánh giá,"https://lh3.googleusercontent.com/p/AF1QipOW16PlvKZBh1PdCR0mx1WNo2p9IQbPoo-6AnHc, https://lh3.googleusercontent.com/p/AF1QipOcWm4ny-Cwcc1shafzxqdBLDeXiUQY0pNvvD6Q, "
Thành phố Lào Cai,Chưa xét,Tổ dân phố,Không có giá,Lào Cai,Lào Cai,không có đánh giá,"https://lh3.googleusercontent.com/p/AF1QipOQ7n6tFrAj2gepxdfT4hDUCHmu9GIitwiI0duD, https://lh3.googleusercontent.com/p/AF1QipOG1KgweIs7MZ9MQKADMskbDZ6lm4XW2fhHv59Z, "
Y Tý,Chưa xét,Khu dân cư,Không có giá,"Bát Xát, Lào Cai",Lào Cai,không có đánh giá,"https://lh3.googleusercontent.com/p/AF1QipOdV1mSjBxFk6X5b5LT9uF8lTdXRfzzEq4Ml59f, https://lh3.googleusercontent.com/p/AF1QipMVGApXz4ZZHDgFPFXv563isXYGTYxKnxJXWk8M, "
núi Hàm Rồng,4.4,Cây cối,Không có giá,"Sa Pa, Lào Cai",Lào Cai,133,"https://lh3.googleusercontent.com/p/AF1QipMz-aZN8bA3RmoaG1ViSVNyUaMf8W_1pS5YwwxT, https://lh3.googleusercontent.com/p/AF1QipPe78FxFOkC4ZNOpj8JzULbK9R1hwLe6SenoFuc, "
Thác Bay Liêm Phú,5.0,Bảo tàng,Không có giá,"X85Q+445, Unnamed Road, Liêm Phú, Văn Bàn, Lào Cai",Lào Cai,5,"https://lh3.googleusercontent.com/p/AF1QipMD1vK_fApNasV602ZrhEZRtJjSaeiYvKdc4zhI, https://lh3.googleusercontent.com/p/AF1QipNfiIwPn1LBDkFn810hMfeyZTdPnbFAZUciDxA9, "
Bát Xát,Chưa xét,Administrative Area2,Không có giá,Lào Cai,Lào Cai,không có đánh giá,"https://lh3.googleusercontent.com/p/AF1QipO2wveRlthhXrDl3jo1faOul6JzkrgCWP-iy4G7, https://lh3.googleusercontent.com/p/AF1QipN1XSlBqU_XGHR_d5ECZmi-X57iWAyL5_yES2wq, "
Chợ phiên Lùng Khấu Nhin (Khw Hmoob),4.0,Chợ,Không có giá,"P532+6Q9, Lùng Khâu Nhin, Mường Khương, Lào Cai",Lào Cai,62,"https://lh3.googleusercontent.com/p/AF1QipPRibkFv7_k3okLMmKivTuyzrR8H-7rkreFhIiX, https://lh3.googleusercontent.com/p/AF1QipPFjlXDHFuktbBqZ79-MG7iYUbebQFxJ8Y-jot2, "
Si Ma Cai,Chưa xét,Administrative Area2,Không có giá,Lào Cai,Lào Cai,không có đánh giá,"https://lh3.googleusercontent.com/p/AF1QipMvG8poPBtVyZy0_i2BvVaxl6SYk9H7Qk6UJ8T0, https://lh3.googleusercontent.com/p/AF1QipMeNKf3zlrAVLG7CUfBvE7PJ8meujK6hAgP8EVe, "
Hồ Đồng Tuyển,4.7,Đập nước,Không có giá,"FWRV+7XF, Unnamed, Road, Lào Cai",Lào Cai,3,"https://lh3.googleusercontent.com/p/AF1QipOv_H1j_a7efvZ5t-U0GNdvHjBRPJRs4NsYzkUB, https://lh3.googleusercontent.com/p/AF1QipOFLQadDa2mSGG5hYhuJH1UVwSV_M5DlAqxZd95, "
Văn Bàn,Chưa xét,Administrative Area2,Không có giá,Lào Cai,Lào Cai,không có đánh giá,"https://lh3.googleusercontent.com/p/AF1QipP56HvMSkUqWnUafMB7u35-SMqyo2cBMA2KrFK_, https://lh3.googleusercontent.com/p/AF1QipOU3ccLEpsdTz7pyKhL7u2HPb9AFYaOC0yRCnHX, "
Bảo Thắng,Chưa xét,Administrative Area2,Không có giá,Lào Cai,Lào Cai,không có đánh giá,"https://lh3.googleusercontent.com/p/AF1QipP56HvMSkUqWnUafMB7u35-SMqyo2cBMA2KrFK_, https://lh3.googleusercontent.com/p/AF1QipOU3ccLEpsdTz7pyKhL7u2HPb9AFYaOC0yRCnHX, "
Sun World Fansipan,4.6,Điểm thu hút khách du lịch,Không có giá,"8RQF+6GP, TT. Sa Pa, Sa Pa, Lào Cai",Lào Cai,1.032,"https://lh3.googleusercontent.com/p/AF1QipP2unZFRO_qKe1o2lDnwwOSFnSRkjQI-gIsJt80, https://lh3.googleusercontent.com/p/AF1QipMN61PriAa_6wN23M5NqDcI3NLj2erm6z4AsoAc, "
The roof of Indochina,4.7,Điểm thu hút khách du lịch,Không có giá,"8Q3G+93C, San Sả Hồ, Tam Đường, Lai Châu",Lào Cai,804,"https://lh3.googleusercontent.com/p/AF1QipM9t4eZfWhgMnh4HpKgiZzNjK_7XX46ThwB22ZL, https://lh3.googleusercontent.com/p/AF1QipPEwTyBwtK6PewXpwSSUzE823x1kRkMcnrT7edv, "
Chùa Tân Bảo,4.6,Chùa phật giáo,Không có giá,"GX58+WX3, Lào Cai",Lào Cai,76,"https://lh3.googleusercontent.com/p/AF1QipPKRQaTdxpQT8A1HAUUWBDsrpM0Emf3HG_nfQ2e, https://lh3.googleusercontent.com/p/AF1QipMPd15xDUTQOOyp45JWnxrgDXfd565-scqIJsI, "
Khu Du Lịch Sinh Thái Hàm Rồng SaPa,4.3,Điểm thu hút khách du lịch,Không có giá,"Đường Lên, TT. Sa Pa, Sa Pa, Lào Cai",Lào Cai,1.841,"https://lh3.googleusercontent.com/p/AF1QipOHT_UN8vPxmIl8uGr52XWCzaypjIEWIO5g4D5k, https://lh3.googleusercontent.com/p/AF1QipMK_vECdbNAwaJx_QAQ5NAH312e1u6rLrEdIzMV, "
A Lù,Chưa xét,Khu dân cư,Không có giá,"Bát Xát, Lào Cai",Lào Cai,không có đánh giá,"https://lh3.googleusercontent.com/p/AF1QipO3r7Wv0UmH42dFRIaw9LzggIpRNzuSpY-HYZ1c, https://lh3.googleusercontent.com/p/AF1QipNdesVe0ZuDynqeF7WL2hQIxeHX49yIFg33T2MW, "
Đền Trung Đô,4.6,Nơi thờ cúng,Không có giá,"F63W+2Q6, TL 153, Bảo Nhai, Bắc Hà, Lào Cai",Lào Cai,19,"https://lh3.googleusercontent.com/p/AF1QipPwHrMvSUjPKM5kSjyCF9NCtBmdWEzNFXX0pRs, https://lh3.googleusercontent.com/p/AF1QipPS7iK7-WJ-OwtSVSLsUIHuolxbOi-k7sVKIKz6, "
Fansipan Cable Car,4.5,Điểm thu hút khách du lịch,Không có giá,"Fansipan, TT. Sa Pa, Sa Pa, Lào Cai",Lào Cai,214,"https://lh3.googleusercontent.com/p/AF1QipOGz3H0YvDRkenlUJTIz0g3VRkMZlR-KIMxGK6K, https://lh3.googleusercontent.com/p/AF1QipPtdosojULinxCg7KKC4nq3d3G7sL-2n9iOjEWS, "
Đền Hàng Phố,4.5,Nơi thờ cúng,Không có giá,"32 Fansipan, TT. Sa Pa, Sa Pa, Lào Cai",Lào Cai,29,"https://lh3.googleusercontent.com/p/AF1QipMWHURAycpaKG_MnVxY5zqSbqq9YlmasFjJBiH9, https://lh3.googleusercontent.com/p/AF1QipMs1AR4z0FYrrhpmrrc93c9Kf33y_LM9JPWAj6a, "
Ville De Mont Mountain Resort,4.6,Health resort,Không có giá,"Tổ 7, Sa Pa, Lào Cai 330000",Lào Cai,không có đánh giá,"https://lh3.googleusercontent.com/p/AF1QipNummdos5Mr2D5lHOv-WcODBRtk2AS_dO4h4oNZ, https://lh3.googleusercontent.com/p/AF1QipMBctt52H3jD-cTvdHGMS7KC8Nta69Djg57HZWB, "
suối Vàng,3.8,Sông,Không có giá,"Sa Pả, Sa Pa, Lào Cai",Lào Cai,26,"https://lh3.googleusercontent.com/p/AF1QipO5f2_BySizlUEiiVkazwagPkSZWXgXzCK5tiCN, https://lh3.googleusercontent.com/p/AF1QipPL1is7FIHi948KicgInDlLgEAR9YDPsiAOMLpe, "
Núi Lảo Thẩn,4.7,Điểm thu hút khách du lịch,Không có giá,"JM6P+6HH, Trịnh Tường, Bát Xát, Lào Cai",Lào Cai,287,"https://lh3.googleusercontent.com/p/AF1QipOj2b_2khuCtcgOi5ejPfHtddq8aaYY5gLyQTYM, https://lh3.googleusercontent.com/p/AF1QipND4UgtKkYMRVd1WhVKnOHXBXZIgGnDLcts2RZ_, "
Chợ đêm Sapa,4.1,Chợ,Không có giá,"Lương Định Của, Sa Pả, Sa Pa, Lào Cai",Lào Cai,1.606,"https://lh3.googleusercontent.com/p/AF1QipNLh-vc7TYZy5UBBdeiceW5Lj2zA8G8tWXMdXO9, https://lh3.googleusercontent.com/p/AF1QipNAFFg1bmI2C-wL458chZbcV6k492DMDhHTXoTI, "
Điểm Check-in,4.6,Điểm thu hút khách du lịch,Không có giá,"8V76+G88, Unnamed Road,, Lao Chai, Sa Pa, Lao Cai",Lào Cai,391,"https://lh3.googleusercontent.com/p/AF1QipMnWC2DZQDXhU3jAMtFYimDGzDqzXUqS2d6NmDi, https://lh3.googleusercontent.com/p/AF1QipPN6VNznaZi49qN-Vi9M0dqTqMRgD8EWhUlo-CR, "
Sin Chai Village,4.3,Điểm thu hút khách du lịch,Không có giá,"8RJH+FQ6, Cát Cát, Sa Pa, Lào Cai",Lào Cai,223,"https://lh3.googleusercontent.com/p/AF1QipPBYmLsXDtkLBBMAuuOnhp4anLoMGD9Hn2udob7, https://lh3.googleusercontent.com/p/AF1QipNBmbpfBCsWM2znL4BIreFmo98UT3aHkgx398yw, "
Choản Thèn,4.5,Điểm thu hút khách du lịch,Không có giá,"MJ73+J46, Y Tý, Bát Xát, Lào Cai",Lào Cai,298,"https://lh3.googleusercontent.com/p/AF1QipNu9bchvpoCb7zXFxrcg-NBxZjDCBsXia2a5nzM, https://lh3.googleusercontent.com/p/AF1QipP1zOubIastBHrKHx7VtuW2aaBvTN4CWFX-0ccc, "
Tu Viện Cổ Tả Phìn,4.1,Địa điểm lịch sử,Không có giá,"9VG2+WJF, Sa Pả, Sa Pa, Lào Cai",Lào Cai,530,"https://lh3.googleusercontent.com/p/AF1QipP8IbpyfqXFrUxCmKzxMQJefk6pOGkDZBNEYfro, https://lh3.googleusercontent.com/p/AF1QipPfObDcoViJmv6OM5jbG7EEh-QKylHM_pUibnrD, "
Bãi Đá Cổ Sa Pa,4.0,Điểm thu hút khách du lịch,Không có giá,"Hầu Thào, Sa Pa, Lào Cai",Lào Cai,784,"https://lh3.googleusercontent.com/p/AF1QipNW7Q_ORrb9GAV2HIS_LgIDpV7QPgSwFdeDpqqA, https://lh3.googleusercontent.com/p/AF1QipNrulFwbjYc-FWkb4Qd7tpSCdqjwcmn2--27JI, "
Moana Sapa,4.0,Điểm thu hút khách du lịch,Không có giá,"số 68 Violet, Phường Cầu Mây, Sa Pa, Lào Cai 330000",Lào Cai,858,"https://lh3.googleusercontent.com/p/AF1QipO4g5Cp-GLqvOWHyOEWiJrf-eGUZ64mNQdoBvSy, https://lh3.googleusercontent.com/p/AF1QipPPHRS7reIb9Ttfd2kfvDwKsuiZMLdB4YzC_Ajp, "
Công Viên Nước Rio,4.3,Công viên xe dã ngoại,Không có giá,"699 ĐT825, Hoà Khánh Đông, Đức Hòa, Long An",Long An,1.152,"https://lh3.googleusercontent.com/p/AF1QipOVhososWc6fuKLWvgqsZTFv3mFtVB4ifLgrJWH, https://lh3.googleusercontent.com/p/AF1QipOCmHYagwVbaNzlZ3LJnmFwO10W5O9ah494vW-Y, "
Khu bảo tồn đất ngập nước Láng Sen,4.3,Điểm thu hút khách du lịch,Không có giá,"QPG6+26Q, Đê bao Tân Hưng, Vĩnh Lợi, Tân Hưng, Long An",Long An,92,"https://lh3.googleusercontent.com/p/AF1QipOVhososWc6fuKLWvgqsZTFv3mFtVB4ifLgrJWH, https://lh3.googleusercontent.com/p/AF1QipOCmHYagwVbaNzlZ3LJnmFwO10W5O9ah494vW-Y, "
Làng Nổi Tân Lập,4.0,Đại lý du lịch tham quan,Không có giá,Không có địa chỉ cụ thể,Long An,không có đánh giá,"https://lh3.googleusercontent.com/p/AF1QipO9Rt3nZEbpbLvDh9vnMvW_8XdTHhU0w5YsjlqG, https://lh3.googleusercontent.com/p/AF1QipOOkvU5TlG4FgH_dTOYyhCLqIBcVMpRSYFjTQuP, "
Làng Cổ Phước Lộc Thọ,4.0,Nhà hàng Việt Nam,Không có giá,"QCXM+QX6, ĐT824, Hựu Thạnh, Đức Hòa, Long An",Long An,333,"https://lh3.googleusercontent.com/p/AF1QipPjYt5IWk6y8hF5iZPHRxwHWlWlQFb3Qa610z-2, https://lh3.googleusercontent.com/p/AF1QipN4v4onay2nCTxh9KmtrZDSvfanpYrATZEL7g7Y, "
Chùa Tôn Thạnh,4.6,Chùa phật giáo,Không có giá,"JJ4W+5GF, Ấp Thanh Ba, Cần Giuộc, Long An",Long An,596,"https://lh3.googleusercontent.com/p/AF1QipPf6lQMnDYOm_O4M1bZN-LjEzUDUgziA-_bvoOU, https://lh3.googleusercontent.com/p/AF1QipNxUvYSu-IVri4m-0n3s2JZnzmPQWp1yUjJL7Fr, "
Cát tường phú sinh - khu du lịch sinh thái,4.4,Khách sạn nghỉ dưỡng,Không có giá,"ĐT9, Mỹ Hạnh Bắc, Đức Hòa, Long An 850000",Long An,502,"https://lh3.googleusercontent.com/p/AF1QipPM1ayrOQnbD_TJ1OLRn9dFsEUCRU7Z3_RkSrHV, https://lh3.googleusercontent.com/p/AF1QipPupcW_a1DrvoKAA3AvpCH-TLqLna4kw2lthl3u, "
Khu du lịch Cánh Đồng Bất Tận,4.3,Khách sạn nghỉ dưỡng,Không có giá,Không có địa chỉ cụ thể,Long An,không có đánh giá,"https://lh3.googleusercontent.com/p/AF1QipMRfqQ6KR12D63wwWaHHHdTeS7OkIgW2jNqRZTc, https://lh3.googleusercontent.com/p/AF1QipPEwEtpCytnW5aRACDiARGQppY9I0ROfr0U3NK4, "
Công viên 7 Kỳ Quan,4.3,Công viên,Không có giá,"VFX6+VHF, Mỹ Hạnh Bắc, Đức Hòa, Long An",Long An,2.618,"https://lh3.googleusercontent.com/p/AF1QipMNxEmIEItvbL_mUGf6SAVQlSEeR1Dd1fL8jhlp, https://lh3.googleusercontent.com/p/AF1QipOKeqmGaVgQCDA4PPXt2JAX9laAVDu2X-CIut9b, "
Khu di tích lịch sử Vàm Nhựt Tảo,4.6,Điểm mốc lịch sử,Không có giá,"HG69+82Q, Nhựt Tân, Tân Trụ, Long An",Long An,229,"https://lh3.googleusercontent.com/p/AF1QipOwxj6DZbkJPhL-9b-fZwJhaeXvpXOHNHDFs9Ct, https://lh3.googleusercontent.com/p/AF1QipNgpHkctKjl4d9W65oieGoGDhSrUqXQ_2cCo4te, "
Miếu Bà Ngũ Hành,4.8,Nơi thờ cúng,Không có giá,"ấp Kim Định, Tân Kim, Cần Giuộc, Long An",Long An,19,"https://lh3.googleusercontent.com/p/AF1QipPEEdl5yj0QX2cvFCfxySJzWRlIXbxV4bLsYElk, https://lh3.googleusercontent.com/p/AF1QipOkp1cGpjunEKTmVqYPad1q86mmzSUq7DyeqAg, "
Tượng đài Chiến thắng Long An,4.6,Điểm mốc lịch sử,Không có giá,"HC58+QXC, Công viên Tượng đài Long An, QL1A, Phường 5, Tân An, Long An",Long An,159,"https://lh3.googleusercontent.com/p/AF1QipOkrdBu9WfqSgFCBqeokZDmG6k9uS5kuhI_1sRI, https://lh3.googleusercontent.com/p/AF1QipNlMLD_KP8N3HGHH_6xu8CpOryegXMrstnHcnQ3, "
Khu di tích Núi Đất,4.0,Điểm thu hút khách du lịch,Không có giá,"QWCQ+7J2, Nguyễn Huỳnh Đức, Mộc Hóa, Kiến Tường, Long An",Long An,482,"https://lh3.googleusercontent.com/p/AF1QipMunB6pUsNPo7RSImkZOVr7li2v2cafaHx1JI2d, https://lh3.googleusercontent.com/p/AF1QipMwbkrjHaw_nBlF8Dr1UqlGc_HsnH9gE_EqZbvK, "
Cát Tường Phú Sinh - Khu Sinh Thái,4.4,Công viên giải trí,Không có giá,"VFW4+4GV, TC1, Mỹ Hạnh Bắc, Đức Hòa, Long An",Long An,341,"https://lh3.googleusercontent.com/p/AF1QipM4GKA5vQgd2G-bMVmT1osUcdSRoUHMX6LlNFDo, https://lh3.googleusercontent.com/p/AF1QipOs5319XH3qWHfvPx5fFz2Xh6jMtMiMC21aSC2Q, "
Tổ Đình Kim Cang,4.8,Chùa phật giáo,Không có giá,"Cầu Voi/109/1 QL1A, ấp Bình Cang 1, Huyện Thủ Thừa, Long An",Long An,25,"https://lh3.googleusercontent.com/p/AF1QipNsc1SUKZzkPGas2ViFJFiPwUkLl356TA5e0A3y, https://lh3.googleusercontent.com/p/AF1QipMdi43rZAhaM6fc9w_ZX6ffCrAKufL_cU1f8f3a, "
Cửa khẩu quốc tế Bình Hiệp,4.1,Cửa khẩu,Không có giá,"RWQJ+C6P, Bình Hiệp, Tân Thạnh, Long An",Long An,154,"https://lh3.googleusercontent.com/p/AF1QipOevQJq-TEGETyWZug8-j7tHxrvznyYKmRmARSV, https://lh3.googleusercontent.com/p/AF1QipOdSTfCueuJL98DiYr30hzXFgYFNldJiTZBh5vT, "
Âu tàu Rạch Chanh,4.2,Dịch vụ vận tải,Không có giá,"H947+JQ9, Rạch Chanh, Long An, Mỹ Phú, Thủ Thừa District, Long An",Long An,34,"https://lh3.googleusercontent.com/p/AF1QipOrW-D8kjfFxAgtSMVKeLmnauAbozDsPFs4uFKF, https://lh3.googleusercontent.com/p/AF1QipPG2nBRiyO-G8U35gE6EPXwvuO61cGVjxGD2uFB, "
Quảng Trường Happyland - Khu Du Lịch Happyland,4.3,Công viên,Không có giá,"Thạnh Đức, Bến Lức, Long An",Long An,123,"https://lh3.googleusercontent.com/p/AF1QipO_hw7ruTDzokYiO3i4Z6ff1p00UVaTG4rtsh1Q, https://lh3.googleusercontent.com/p/AF1QipMpyxqZNZ9bByi8m210eYIOAtM5K1xUa-1orGAU, "
Khu di tích kháng chiến Đức Huệ,4.2,Bảo tàng lịch sử địa phương,Không có giá,"R67C+74V, Đ. tỉnh 839, Bình Hoà Hưng, Đức Huệ, Long An",Long An,38,"https://lh3.googleusercontent.com/p/AF1QipPEOqZrVSkTqkRjgQTzn8R6hcQpSQx5NxsPFVem, https://lh3.googleusercontent.com/p/AF1QipOJAl5o5QwNUo9j7TgwMJ-VnIBdUX1QYsjoZfXG, "
Xứ sở Hạnh phúc - Happyland,4.2,Công viên quốc gia,Không có giá,"JFP6+XFH, ĐT816, Thạnh Đức, Bến Lức, Long An",Long An,69,"https://lh3.googleusercontent.com/p/AF1QipPGI7B-bJ6OTp4JCQzlSqaemVIzC-O1f2-3Nhk-, https://lh3.googleusercontent.com/p/AF1QipPCaGnOd0qfE4jPfV88Ef3ZMqCdDH6OYBsJY3fJ, "
Chùa Thiên Phước,4.5,Chùa phật giáo,Không có giá,"10/26 khu phố Nhơn P., Cầu, Phường Tân Khánh, Tân An, Long An",Long An,55,"https://lh3.googleusercontent.com/p/AF1QipMJ87wPFGwr0astuq87euyLCprMFRmST0-5n_49, https://lh3.googleusercontent.com/p/AF1QipMfwFi9mxS_2aPO_cBdOWZxqYWAs1mzLXPq-Q4g, "
Nhà Trăm Cột,4.2,Điểm thu hút khách du lịch,Không có giá,"FMJR+XHX, ấp Trung, Cần Đước, Long An",Long An,528,"https://lh3.googleusercontent.com/p/AF1QipPo8V7M0t32JipEShHm2GShWIuXR6_jO4756krL, https://lh3.googleusercontent.com/p/AF1QipMZJmoFpUGG7Wf8whpZtQ7Xj7sWnUMz6baa_lZL, "
Vườn thú Mỹ Quỳnh - Mỹ Quỳnh Safari,3.8,Công viên giải trí,100.000 ₫,"Unnamed Road, Tân Mỹ, Đức Hòa, Long An",Long An,1.052,"https://lh3.googleusercontent.com/p/AF1QipPo8V7M0t32JipEShHm2GShWIuXR6_jO4756krL, https://lh3.googleusercontent.com/p/AF1QipMZJmoFpUGG7Wf8whpZtQ7Xj7sWnUMz6baa_lZL, "
Cần Đước,Chưa xét,Administrative Area2,Không có giá,Long An,Long An,không có đánh giá,"https://lh3.googleusercontent.com/p/AF1QipObaJqN00GqCBk-gpBY4LB1sQNi0rqRsZJvKS6L, https://lh3.googleusercontent.com/p/AF1QipPS68BuDbQUA7meUU3rp0Ag3nnTGwDglNBixGGR, "
rừng Tràm,3.8,Woods,Không có giá,"Tân Hưng, Long An",Long An,57,"https://lh3.googleusercontent.com/p/AF1QipMI32rFIjR8l5D1doPVHNQAjOnsChd6-4GLYMo, https://lh3.googleusercontent.com/p/AF1QipO9pcet3DfM5RVzdDMjgalH-ho58B8evc42ZQVD, "
Đồn Rạch Cát,Chưa xét,Căn cứ quân sự,Không có giá,"Long Hựu Đông, Cần Đước, Long An",Long An,không có đánh giá,"https://lh3.googleusercontent.com/p/AF1QipNY2fi92BA3u0hDCWR5fGBQ1RJO5I9QGG3-xyj8, https://lh3.googleusercontent.com/p/AF1QipOJE_-TwfslrNFoUfo5T3xWoMthwxR0EETWZmVa, "
Vườn Thanh long,Chưa xét,Cửa hàng,Không có giá,"FF27+6CM, Đỗ Tường Phong, Hiệp Thành, Châu Thành, Long An",Long An,không có đánh giá,"https://lh3.googleusercontent.com/p/AF1QipMEOqusd8e-cileJE2CvkkQdrpCM9oePZ4cvXE-, https://lh3.googleusercontent.com/p/AF1QipMfZ3dRA2-GGXzEU3T5aIUvg_PIJy-hDCyvdTdA, "
Khu Du Lịch Đồng Sen Tháp Mười,4.1,Nhà hàng,Không có giá,"1 Ấp 1, Tân Kiều, Tháp Mười, Đồng Tháp",Long An,190,"https://lh3.googleusercontent.com/p/AF1QipNXF_EonVanp8hw_dN33Y8BvVu7hFq17VbUFwuL, https://lh3.googleusercontent.com/p/AF1QipPLTSdIO198rcSRHea0SZ6uZjKNj9WF00RdEpr_, "
Chùa Tháp Phổ Minh,4.6,Chùa phật giáo,Không có giá,"F537+M7Q, Trần Thừa, Lộc Vượng, Nam Định",Nam Định,375,"https://lh3.googleusercontent.com/p/AF1QipMTniHhomh0JHje0_R2-MmyYi1tOCqkl07Eik7U, https://lh3.googleusercontent.com/p/AF1QipNaptzp-EoKUMw7EtR_7TV4vFqNVUaSuMWh0zwO, "
Đền Cố Trạch,4.6,Nơi thờ cúng,Không có giá,"Trần Thừa, Lộc Vượng, Nam Định",Nam Định,100,"https://lh3.googleusercontent.com/p/AF1QipMTniHhomh0JHje0_R2-MmyYi1tOCqkl07Eik7U, https://lh3.googleusercontent.com/p/AF1QipNaptzp-EoKUMw7EtR_7TV4vFqNVUaSuMWh0zwO, "
Bảo tàng tỉnh Nam Định,4.4,Bảo tàng,Không có giá,"C5FF+8JG, Cột Cờ, Ngô Quyền, Nam Định",Nam Định,283,"https://lh3.googleusercontent.com/p/AF1QipP0b8EUn_5zvMUXUyPvgivziacKZxq_ZAqaSg5h, https://lh3.googleusercontent.com/p/AF1QipPbZOxSF57HnNTY0_W8WYME6r77iTaZGLQ7H3GS, "
Cột cờ Nam Định,4.6,Điểm mốc lịch sử,Không có giá,"C5FF+48C, Tô Hiệu, Ngô Quyền, Nam Định",Nam Định,391,"https://lh3.googleusercontent.com/p/AF1QipOqREsHzXfuimvamcQ5X6WcAmyMAcwwqSAB-woe, https://lh3.googleusercontent.com/p/AF1QipNls_vCEKiJb44BkvLUyODZzD_mxgkw22WjceZn, "
Bảo Tàng Dệt May Việt Nam,3.8,Bảo tàng,Không có giá,"C5FC+X28, Trần Đăng Ninh, Nam Định",Nam Định,13,"https://lh3.googleusercontent.com/p/AF1QipNbPXBEaCqAY6rchV_70zVKaL5HaslzxKuUauw9, https://lh3.googleusercontent.com/p/AF1QipMIRkOs-gsXWfHFRSfLq-a27jvFNbVrHfQ9bpA, "
Hồ Vị Xuyên,4.7,Hồ,Không có giá,"Vị Hoàng, Tp. Nam Định, Nam Định",Nam Định,183,"https://lh3.googleusercontent.com/p/AF1QipO4WdfE3oYJd_tlNX5DXq9zPOKnvQ8f-ZSFLEVL, https://lh3.googleusercontent.com/p/AF1QipNt21Y1GItjRfXB8Q-wqlqMRdUHf-L4KXahIjE4, "
Tượng đài Trần Hưng Đạo,Chưa xét,Tượng,Không có giá,"Vị Hoàng, Tp. Nam Định, Nam Định",Nam Định,không có đánh giá,"https://lh3.googleusercontent.com/p/AF1QipPZgKctveY7wNMLzuFde4Pvse_TNPzCaZzkD0mB, https://lh3.googleusercontent.com/p/AF1QipNrN2XfDN_YohiyuRM_1xFwrusr6lwpx-xMaxlB, "
Nhà Thờ Lớn Nam Định,4.5,Nhà thờ lớn,Không có giá,"16 Hai Bà Trưng, Trần Hưng Đạo, Nam Định",Nam Định,1.151,"https://lh3.googleusercontent.com/p/AF1QipO5807BndSrHs7p34mgt477Vq8fb16UMkbaxBpj, https://lh3.googleusercontent.com/p/AF1QipPXDdd0kxa42-8MSyWLva16gi9qKDxc3_1Bx_2B, "
Chùa Cổ Lễ,4.6,Chùa phật giáo,Không có giá,"87C7+J98, TT. Cổ Lễ, Trực Ninh, Nam Định 420000",Nam Định,1.079,"https://lh3.googleusercontent.com/p/AF1QipNwfKITuSwFgov7Pq2hFU_x6gejKPYubxyA0hJx, https://lh3.googleusercontent.com/p/AF1QipO_PRUMjVaF11gzFTtImPhRR3YAQjQSXfWijjJj, "
Vương Cung Thánh Đường Phú Nhai,4.7,Vương cung thánh đường,Không có giá,"79X7+X47, Xuân Phương, Xuân Trường, Nam Định 420000",Nam Định,1.065,"https://lh3.googleusercontent.com/p/AF1QipPtg6HpH-EpXI-pYzYYWX39qQBNWaz_aZtBKHQD, https://lh3.googleusercontent.com/p/AF1QipPJfpBaQDLO-Odwb50ZHftQ-tA1_v_alROE9DjS, "
Khu du lịch sinh thái Núi Ngăm,4.2,Điểm thu hút khách du lịch,Không có giá,"9398+MRJ, QL38B, Minh Tân, Vụ Bản, Nam Định",Nam Định,426,"https://lh3.googleusercontent.com/p/AF1QipNGW5d8pg72Hx95w9SfGELlVbkII7Cpgf3sZyiS, https://lh3.googleusercontent.com/p/AF1QipPH--0myVt-mQ0GCUj-oBZJWvrno-3v05ldNEmt, "
Bãi tắm Thịnh Long,4.2,Bãi biển,Không có giá,"tt. Thịnh Long, Hải Hậu, Nam Định",Nam Định,288,"https://lh3.googleusercontent.com/p/AF1QipPVe-Ym8Bh7QqYbBosmX_ukYx-ZcJKsU28wMdc5, https://lh3.googleusercontent.com/p/AF1QipPeARRC-SjuvnvyPDYpDuLDNu3SLeZ0nGplMwbi, "
Nhà Thờ Giáo Xứ Đền Thánh Hưng Nghĩa,4.7,Nhà thờ Công giáo,Không có giá,"6865+5M2, Hải Hưng, Hải Hậu, Nam Định",Nam Định,652,"https://lh3.googleusercontent.com/p/AF1QipPl4yFmt7A9Wg16JynBOmEpiCNQOK4po7Vz64xm, https://lh3.googleusercontent.com/p/AF1QipPvA1GOI11hqfeq9r6l91u6GK2fRxkN4vHHh_6v, "
Bảo tàng Đồng Quê,4.5,Bảo tàng,Không có giá,"Thôn Bỉnh Di, Giao Thịnh, Giao Thuỷ, Nam Định",Nam Định,469,"https://lh3.googleusercontent.com/p/AF1QipO8CfghYkswNPdUi1HFGUJWuOKqEjSmJ3vShUOG, https://lh3.googleusercontent.com/p/AF1QipM2Rb1d28Ku2aopePwJRnMfbiRdkDbfWQ0gBqcz, "
Vườn Quốc gia Xuân Thủy,4.3,Công viên quốc gia,Không có giá,"Giao Thiện, Giao Thuỷ, Nam Định",Nam Định,861,"https://lh3.googleusercontent.com/p/AF1QipMff8Q5Cvq_bvIjae9IB7PHwg7sRY8Szhm0nfoM, https://lh3.googleusercontent.com/p/AF1QipOXQj6Qpm5jyJVdU_L0cGWhFR5ZWsfGsdlV-2H7, "
Nhà thờ Xương Điền,4.5,Nhà thờ Công giáo,Không có giá,"Xóm 6, Hải Hậu, Nam Định",Nam Định,170,"https://lh3.googleusercontent.com/p/AF1QipPa2cpwUkMkBktgs3WKkgiM1SdBQu4AvYW3KH2q, https://lh3.googleusercontent.com/p/AF1QipOffPwePCjAZNoh6g6I96cfOj9uYjgdqYvl1q9L, "
Cửa Ba Lạt,4.3,Estuary,Không có giá,Không có địa chỉ cụ thể,Nam Định,27,"https://lh3.googleusercontent.com/p/AF1QipPaBWKA42m_HaJRkJ7GkvAXEgHyQT6Onz4uNjSA, https://lh3.googleusercontent.com/p/AF1QipNe8mWSCWoX1Q__SYm-vlSupLl8vBzAclK1uq-a, "
Chợ Viềng,4.5,Chợ,Không có giá,"Đ. Vàng, Nam Giang, Nam Trực, Nam Định 424618",Nam Định,961,"https://lh3.googleusercontent.com/p/AF1QipPjjxRvddz34IMRaPHAoxhUs8G1Nuv5zFP6TNuO, https://lh3.googleusercontent.com/p/AF1QipNj_z1_p2fe9yYG5YWqrP2E0zz3RcwzvSrYJEbI, "
Tòa Giám Mục Giáo Phận Bùi Chu,4.7,Nhà thờ Công giáo,Không có giá,"885J+3G8, Xuân Ngọc, Xuân Trường, Nam Định",Nam Định,16,"https://lh3.googleusercontent.com/p/AF1QipOCMomhEAzhhs5dDEXNDLVxvKQkxbl0T0UgyPeW, https://lh3.googleusercontent.com/p/AF1QipOOVMB2SDc6lRPEqDyH9eYS2wPVPNIaBDzkOYhy, "
Cánh đồng Muối Bạch Long,4.6,Địa danh,Không có giá,"6C96+3MQ, Bạch Long, Giao Thuỷ, Nam Định",Nam Định,23,"https://lh3.googleusercontent.com/p/AF1QipOslVBluZ8VWOXkGfhSHyTQ0gUT-SVhMuaf-Cdl, https://lh3.googleusercontent.com/p/AF1QipNtFNmd9WHiYpsFaVvTBhHIHOhaU9D926Iawm85, "
Bãi biển Quất Lâm,4.1,Bãi biển,Không có giá,"tt. Quất Lâm, Giao Thuỷ, Nam Định",Nam Định,458,"https://lh3.googleusercontent.com/p/AF1QipMWu9b51XtJCYhStd49NCGuQckgeI0qn7baCZUe, https://lh3.googleusercontent.com/p/AF1QipN5HMyU0FFv8UkKlXbeUcsdURD6Rfd625CAxtHh, "
Phủ Chính Phủ Dầy - Nơi Thánh Mẫu giáng sinh,4.6,Điện thờ,Không có giá,"Kim Thái, Vụ Bản, Nam Định",Nam Định,940,"https://lh3.googleusercontent.com/p/AF1QipMWu9b51XtJCYhStd49NCGuQckgeI0qn7baCZUe, https://lh3.googleusercontent.com/p/AF1QipN5HMyU0FFv8UkKlXbeUcsdURD6Rfd625CAxtHh, "
Nhà thờ Giáo xứ Trung Linh,4.7,Nhà thờ Công giáo,Không có giá,"78XM+5W2, Xuân Ngọc, Xuân Trường, Nam Định",Nam Định,140,"https://lh3.googleusercontent.com/p/AF1QipMTLhaUAbahKI9DT4pse8QqPi7G1bNl9bFY_GTs, https://lh3.googleusercontent.com/p/AF1QipOxNvqS_YPgkwSVOzmq6rDxmcY_ZhzJjnbCEqQN, "
Biển quất lâm- Nam Định,4.1,Điểm thu hút khách du lịch,Không có giá,"Giao Thủy, Nam Định",Nam Định,114,"https://lh3.googleusercontent.com/p/AF1QipMhqfFLMfstmVzEezYEoikCELB7d_82DH4r-OSD, https://lh3.googleusercontent.com/p/AF1QipPqUMKHVQcw_DKx__oXBAhAkQaDWTSFwMvUKEnm, "
Bãi tắm Hải Thịnh Hải Hậu Nam định Việt Nam,3.8,Khách sạn,Không có giá,"26HF+92, TT. Thịnh Long, Hải Hậu, Nam Định",Nam Định,36,"https://lh3.googleusercontent.com/p/AF1QipOmFbrwItkBuKwdqEPh7Yb31LBIOS-OftOaq_Id, https://lh3.googleusercontent.com/p/AF1QipOpEQ4HqOUHxB-Sy2wxKiFImMzSMAU6Ht1sdcuu, "
Vụ Bản,Chưa xét,Administrative Area2,Không có giá,Nam Định,Nam Định,không có đánh giá,"https://lh3.googleusercontent.com/p/AF1QipNiU0Lwq7o77SDZ6RqG8UIOt1SB1L2olJq47o37, https://lh3.googleusercontent.com/p/AF1QipPDjRF0hps6Kfe_gtMNgIYt5f7f0h6hme5retVc, "
Bãi tắm Đông Hà,3.9,Bãi biển,Không có giá,"Hải Đông, Hải Hậu, Nam Định",Nam Định,11,"https://lh3.googleusercontent.com/p/AF1QipNDixB4-81BAYHvSspVONqlY-htI8VcwDNtXFSb, https://lh3.googleusercontent.com/p/AF1QipPpnQuqFmMZApzWjywTEgdfrYAzyjC8vZufckHE, "
Ý Yên,Chưa xét,Administrative Area2,Không có giá,Nam Định,Nam Định,không có đánh giá,"https://lh3.googleusercontent.com/p/AF1QipN2DNiuNFPIgCQ9ry4xtN-NZMKaMv1BYTkUmguI, https://lh3.googleusercontent.com/p/AF1QipNapL-vCIbs7V4wUYHMAfdO0-YRydSQMxGWW4Jz, "
Nghĩa Hưng,Chưa xét,Administrative Area2,Không có giá,Nam Định,Nam Định,không có đánh giá,"https://lh3.googleusercontent.com/p/AF1QipM7msGWTwnlZVLbxFYSDVcoaG3Rjy-PxoYBFfRm, https://lh3.googleusercontent.com/p/AF1QipNt74fkp1P1zekAyd7c_ixhSDaCRdSycF-Tr2Qa, "
Phủ Quảng Cung (廣宫靈祠) Phủ Nấp,4.8,Nơi thờ cúng,Không có giá,"7357+4QX, Yên Đồng, Ý Yên, Nam Định",Nam Định,52,"https://lh3.googleusercontent.com/p/AF1QipN9tQIGSXByry2gxy39hk-1lBSyfdeuUonQ0e1F, https://lh3.googleusercontent.com/p/AF1QipOaUwniN5wPSkAZ4xP25BIJDdLLfiWDeTQ6yoPn, "
tt. Cổ Lễ,Chưa xét,Khu dân cư,Không có giá,"Trực Ninh, Nam Định",Nam Định,không có đánh giá,"https://lh3.googleusercontent.com/p/AF1QipPmGJb8TqhFE5LEiWTT3ut_knxUCtux9hDqg6M0, https://lh3.googleusercontent.com/p/AF1QipM_UDjgAWqNfeZeGLNMN6bgLp1PD-EYfJyKO94y, "
Nam Trực,Chưa xét,Administrative Area2,Không có giá,Nam Định,Nam Định,không có đánh giá,"https://lh3.googleusercontent.com/p/AF1QipO_hOMaXLYWQ0vbQLSN8pOot5yTroZPiHZNxP-y, https://lh3.googleusercontent.com/p/AF1QipO-mA4Ql7foStsM2-zQ10GvzefIB17gIoZo5n4K, "
TT. Thịnh Long,Chưa xét,Administrative Area3,Không có giá,"Hải Hậu, Nam Định",Nam Định,không có đánh giá,"https://lh3.googleusercontent.com/p/AF1QipPNHaIMIeBKCQ31yuSzRmyIZR1XzNqIe13PJcbI, https://lh3.googleusercontent.com/p/AF1QipNX_rWq0FV47vS9bG24Rl4lEjx4xgzdugeIOiN-, "
Trực Ninh,Chưa xét,Administrative Area2,Không có giá,Nam Định,Nam Định,không có đánh giá,"https://lh3.googleusercontent.com/p/AF1QipNiWhYEbHmBa74zD7qPlCRUOXBKZcE6Whsq-5fu, https://lh3.googleusercontent.com/p/AF1QipOhfdWnHmieqXCbnHFXJ92q88UHKNeUVgge-MXQ, "
Giao Thuỷ,Chưa xét,Administrative Area2,Không có giá,Nam Định,Nam Định,không có đánh giá,"https://lh3.googleusercontent.com/p/AF1QipNjmf3SOHbKGsEWhCsJhKYST3OLfhgx1AzJMyGZ, https://lh3.googleusercontent.com/p/AF1QipNbsWrINiHoh6nns_PO71WVaRkRekg3DNNwMNz7, "
Đền Bảo Lộc,4.7,Nơi thờ cúng,Không có giá,"Đền Bảo Lộc, Mỹ Phúc, Mỹ Lộc, Nam Định 420000",Nam Định,36,"https://lh3.googleusercontent.com/p/AF1QipN48HuOGe5hdGwwAg6e-0-hap9bqgCc8HyW1Aem, https://lh3.googleusercontent.com/p/AF1QipPZkFVaNH-mVqwNf5IsgaUxpS8POIbdjba8dG_P, "
Nhà Thờ Đổ Nam Định,4.5,Nhà thờ,Không có giá,"Xóm 3, Hải Hậu, Nam Định 420000",Nam Định,2.148,"https://lh3.googleusercontent.com/p/AF1QipPzihqGg1CMSgx4IKGU1mYCphcv_G75JKbXAvPY, https://lh3.googleusercontent.com/p/AF1QipM7NFOV2N9vxtMdUyC0MFUCkMm0qZl00Ql91hLA, "
Nhà thờ Đông Cường,Chưa xét,Khu đất khép kín,Không có giá,"TT. Yên Định, Hải Hậu, Nam Định",Nam Định,không có đánh giá,"https://lh3.googleusercontent.com/p/AF1QipMt5F2Lr6HmqfFpVnQdfvhfUZjaSoyqMDe7oaHC, https://lh3.googleusercontent.com/p/AF1QipMb-NIyt6fpUFhAh_AURtiV3IFXB6jHa9YOUT9D, "
Nhà lưu niệm cố Tổng bí thư Trường Chinh,4.6,Bảo tàng,Không có giá,"88MG+F2R, Xuân Hồng, Xuân Trường, Nam Định",Nam Định,259,"https://lh3.googleusercontent.com/p/AF1QipN4OWjFj2Bygy3ov_5mTM4cpPu3YsgpMMR7p0ld, https://lh3.googleusercontent.com/p/AF1QipNdd-y8AAJA-Ca2gyLfeuVp0WUHqKIdi8xFRSqb, "
Hải Hậu,Chưa xét,Administrative Area2,Không có giá,Nam Định,Nam Định,không có đánh giá,"https://lh3.googleusercontent.com/p/AF1QipNdd-y8AAJA-Ca2gyLfeuVp0WUHqKIdi8xFRSqb, https://lh3.googleusercontent.com/p/AF1QipOLazySweqy3TkNESM6ip8rxDwtS3ETnKdBNCr_, "
Khu Di tích Kim Liên - Quê Nội Bác Hồ,4.6,Điểm mốc lịch sử,Không có giá,"MHF3+MRH, Quốc Lộ 46, Kim Liên, Nam Đàn, Nghệ An",Nghệ An,7.119,"https://lh3.googleusercontent.com/p/AF1QipOWtBaKWqv9jnGJ5qV8GBwWlgonOCY61HSB5AAB, https://lh3.googleusercontent.com/p/AF1QipO72bS2x0fXlujidGULA7J2NhBL6bGGy3Y0b4pE, "
Vườn Quốc gia Pù Mát,4.3,Công viên quốc gia,Không có giá,"Vườn quốc gia, Pù Mát, Con Cuông, Nghệ An",Nghệ An,2.684,"https://lh3.googleusercontent.com/p/AF1QipOWtBaKWqv9jnGJ5qV8GBwWlgonOCY61HSB5AAB, https://lh3.googleusercontent.com/p/AF1QipO72bS2x0fXlujidGULA7J2NhBL6bGGy3Y0b4pE, "
Đảo Chè Thanh Chương,4.6,Điểm thu hút khách du lịch,Không có giá,"Xóm An Ngọc xã, Thanh An, Thanh Chương, Nghệ An 44727",Nghệ An,không có đánh giá,"https://lh3.googleusercontent.com/p/AF1QipNpoHUX0eli4x167gPLIPQ3yUhkHcgqEwUo7uP2, https://lh3.googleusercontent.com/p/AF1QipNzVQS8VsjNQHaMKEVTT1xHIESqAin0QGIuQBVX, "
Bãi biển Cửa Lò,4.3,Bãi biển,Không có giá,Nghệ An,Nghệ An,1.319,"https://lh3.googleusercontent.com/p/AF1QipOVPW1dYbU8PzfEpW5jQFQlsdONhA1AS1qHc3ij, https://lh3.googleusercontent.com/p/AF1QipMHVihcqeSRD13ZA62Qf4ugHl0amhSqN4kqRK83, "
Thành cổ Vinh,4.4,Điểm mốc lịch sử,Không có giá,"Đào Tấn, Cửa Nam, Vinh, Nghệ An",Nghệ An,3.402,"https://lh3.googleusercontent.com/p/AF1QipOJQFjN59hEtf0JLQGEcc1Nu-4ZFXJZScbGd_P7, https://lh3.googleusercontent.com/p/AF1QipP42GlQv023jAajOQAJJQ2k4g_bAwFUQ9wXXBAr, "
Núi Quyết | Đền Thờ Vua Quang Trung,4.4,Nơi thờ cúng,Không có giá,"178 Đ. Trần Cảnh Bình, Trung Đô, Vinh, Nghệ An 460000",Nghệ An,555,"https://lh3.googleusercontent.com/p/AF1QipPrzS-VgGwzt6tUOJUKf90hoYycjgcBzsIiYvg, https://lh3.googleusercontent.com/p/AF1QipOhJO02x9A3_uQ0Sf2Ll31Hqy95YQpkTqexHWeP, "
Đền Cuông,4.5,Nơi thờ cúng,Không có giá,"Núi Mộ Dạ, Diễn Châu, Nghệ An",Nghệ An,173,"https://lh3.googleusercontent.com/p/AF1QipOO5qZ2QySbpSa4UpamwfZf1c-4KES5lPbfT21M, https://lh3.googleusercontent.com/p/AF1QipPJDlra4bIW0EtjUlQjUXTU782Gnuq8ovcL2F__, "
Cánh đồng hoa Hướng Dương TH Milk,4.4,Điểm thu hút khách du lịch,Không có giá,"CF23+MCG, Đ. Hồ Chí Minh, Nghĩa Sơn, Nghĩa Đàn, Nghệ An",Nghệ An,97,"https://lh3.googleusercontent.com/p/AF1QipN94Le0wGjDM6DknCqGJG6W22yXrrGNy73erKXb, https://lh3.googleusercontent.com/p/AF1QipPNRUE2oBcUB_Y7tuPafiwdyevRtXCe7saqSH1D, "
MeyResort Bãi Lữ,4.0,Khách sạn nghỉ dưỡng,Không có giá,"Nghi Thiết, Nghi Lộc, Nghệ An",Nghệ An,không có đánh giá,"https://lh3.googleusercontent.com/p/AF1QipNrr-Dfh1tEC_fOQiOdakzSQm4HxN57c42gAki_, https://lh3.googleusercontent.com/p/AF1QipP_dNFN33_yxUN21PmG_-73Mw8gmaH60QpkChNK, "
Chùa Đại Tuệ,4.7,Chùa phật giáo,Không có giá,"QG5M+9W5, Nam Anh, Nam Đàn, Nghệ An",Nghệ An,1.052,"https://lh3.googleusercontent.com/p/AF1QipOj3urVdeU-YQl0vWEfE1-IwdqrNzJznkRoi7GE, https://lh3.googleusercontent.com/p/AF1QipPpOjnvg6R19faTzPOW8j6WuP_o6BxQqSpRdkFD, "
Bãi biễn Diễn Thành,4.0,Bãi biển,Không có giá,Nghệ An,Nghệ An,192,"https://lh3.googleusercontent.com/p/AF1QipP_Gwv18n2ayIEg91fqE8cy-Qir6KBwtWnFcqez, https://lh3.googleusercontent.com/p/AF1QipPLAS79S662rX1EUdyu_rMJaziyvl7hpDQNGlyF, "
Thác Khe Kèm,4.5,Điểm thu hút khách du lịch,Không có giá,"Lục Dạ, Con Cuông, Nghệ An",Nghệ An,459,"https://lh3.googleusercontent.com/p/AF1QipN-lRr5dIkABhXJ2AOkJA2XOFeFzuuFfEvjrEU, https://lh3.googleusercontent.com/p/AF1QipPhZZNKBE4LbwJ_1zJU0-OJL41h3XrZP4no0dcI, "
Đảo Lan Châu,Chưa xét,Tuyến đường,Không có giá,"Nghi Thủy, Tx. Cửa Lò, Nghệ An",Nghệ An,không có đánh giá,"https://lh3.googleusercontent.com/p/AF1QipNNrP02-luL0XnY65ewoJd1G0LIuOzgMmSuRmYI, https://lh3.googleusercontent.com/p/AF1QipNBs0O5HuQ1QrrNulw027EdDvNQwjdpSpZvSUiL, "
Đảo Hòn ngư,3.9,Đảo,Không có giá,Nghệ An,Nghệ An,53,"https://lh3.googleusercontent.com/p/AF1QipPzd8fKWcwnjgJABTUBDk2yVRKDSsMwfhNHh_Ck, https://lh3.googleusercontent.com/p/AF1QipPC9kZ2_mcytKc_OEFF5guMQ67nQSti_gwoiiW_, "
Hang Thẩm Ồm,4.9,Hang động,Không có giá,"Quỳ Châu, Nghệ An",Nghệ An,11,"https://lh3.googleusercontent.com/p/AF1QipPORp1U5drvXk-7G940JwPYB2rCZIsDTEavfVvP, https://lh3.googleusercontent.com/p/AF1QipPPzWn85zBJXIyieJo5S9zAPJU4V9PZt79O6S5r, "
Cổng Trời Mường Lống,4.5,Điểm thu hút khách du lịch,Không có giá,"Unnamed Rd,, Mường Lống, Kỳ Sơn District, Nghe An",Nghệ An,117,"https://lh3.googleusercontent.com/p/AF1QipOXH5EQJYQVC3Odg1LHRDtHBJVoSTAFBx6dL8xg, https://lh3.googleusercontent.com/p/AF1QipNdzw84Robn5wz1TCh4eBXm_cIecPPu_62tCCI, "
Thác Xao Va,4.4,Mạch nước phun,Không có giá,"Quế Phong, Nghệ An",Nghệ An,80,"https://lh3.googleusercontent.com/p/AF1QipMmMItXq2lOWGIEa2nvY3dBUqrn9Oy9Crq9x9Mo, https://lh3.googleusercontent.com/p/AF1QipP3NInHXtnzlycUyddhGX9duFKZb6k4P_AKJDot, "
Chùa Cần Linh,4.5,Chùa phật giáo,Không có giá,"Cửa Nam, Tp. Vinh, Nghệ An",Nghệ An,107,"https://lh3.googleusercontent.com/p/AF1QipNzmBghMSgq5kQGFSmloyeFNNSu3p4RRu8jVjrQ, https://lh3.googleusercontent.com/p/AF1QipNPZ1ZjT5NGmZhPUdpdSokd7A2KT4l8wp5yg7rn, "
Di tích lịch sử Truông Bồn,4.5,Địa điểm lịch sử,Không có giá,"QL15, Mỹ Sơn, Đô Lương, Nghệ An",Nghệ An,1.084,"https://lh3.googleusercontent.com/p/AF1QipM2kCdZ7fmcMzYaXhf2vV1KZXtH2xzeh_ydOrLz, https://lh3.googleusercontent.com/p/AF1QipPM1HjDAWCAiKDc3nndq7FH9Qn1AF3gqE8YXCZ-, "
Đền Cờn,4.6,Nơi thờ cúng,Không có giá,"6PJP+9WJ, Quỳnh Phương, Quỳnh Lưu, Nghệ An 460000",Nghệ An,441,"https://lh3.googleusercontent.com/p/AF1QipM0uglQ-pID8lepc52Ljf1fpXkwH3t2ph6q9vxn, https://lh3.googleusercontent.com/p/AF1QipP79jZ2z-S3zQvmqUXtkncTpNPDcUFRKag6vodG, "
Khu Du lịch Sinh thái Phà Lài,4.4,Điểm thu hút khách du lịch,Không có giá,"Môn Sơn, Con Cuông, Nghệ An",Nghệ An,382,"https://lh3.googleusercontent.com/p/AF1QipPg-oavP1s0Zoz4YGZsWR_tyjCbG_D5lxY-LvYc, https://lh3.googleusercontent.com/p/AF1QipOtJ9xWFksY0Z03RU5z1igjC-CsGxv6H2RMw_H1, "
Chợ Vinh,4.2,Chợ,Không có giá,"Phố Cao Thắng, Hồng Sơn, Vinh, Nghệ An",Nghệ An,564,"https://lh3.googleusercontent.com/p/AF1QipPg-oavP1s0Zoz4YGZsWR_tyjCbG_D5lxY-LvYc, https://lh3.googleusercontent.com/p/AF1QipOtJ9xWFksY0Z03RU5z1igjC-CsGxv6H2RMw_H1, "
Biển Quỳnh,4.2,Bãi biển công cộng,Không có giá,"4PGH+V6M, Quỳnh Nghĩa, Quỳnh Lưu, Nghệ An",Nghệ An,226,"https://lh3.googleusercontent.com/p/AF1QipN5ode0n01HnAOX2nWi27jTmaIY7Wh9gOzW8FsH, https://lh3.googleusercontent.com/p/AF1QipMwwCYGU7zJvVjWh1maGjA0UNZTLg4zHZO8c1Hg, "
Khe Nước Mọc,4.1,Nhà hàng,Không có giá,"2V7R+Q58, Yên Khê, Con Cuông, Nghệ An",Nghệ An,152,"https://lh3.googleusercontent.com/p/AF1QipPfqgyNGOENHD7gArpUnOs0eBX4iza1bMRfAOt3, https://lh3.googleusercontent.com/p/AF1QipP-FJOaqOPRkuKhMNi2u7KsmKIMxQnm5y3zs44R, "
Thác Mưa,4.2,Thắng cảnh,Không có giá,"P5G8+VM2, Thanh Hương, Thanh Chương, Nghệ An",Nghệ An,65,"https://lh3.googleusercontent.com/p/AF1QipNZmXSzaWWGAJyX548gICewfkMGvcQOv1qiqLHw, https://lh3.googleusercontent.com/p/AF1QipO-UPmpKkK_q0Odo53S8zNtyVtzW-cg2sN_2hKs, "
Ga Vinh,4.0,Nhà ga,Không có giá,"1, Lê Ninh, Tp. Vinh, Nghệ An",Nghệ An,349,"https://lh3.googleusercontent.com/p/AF1QipML51GlNkEXq23ghZ8EX-z-Gbdo5WS274KtW9GV, https://lh3.googleusercontent.com/p/AF1QipO6nTtVymxMQMkWXJIZlGSLsdn4HwSiQ4gzpRjX, "
Bãi biển Cửa Hiền,4.3,Cửa hàng giải trí bãi biển,Không có giá,"VJWQ+JFP, Quốc Phòng, Diễn Trung, Diễn Châu, Nghệ An",Nghệ An,31,"https://lh3.googleusercontent.com/p/AF1QipNs3CV72N0muBBWg36ojdwyNg4QXpVv317QA5cX, https://lh3.googleusercontent.com/p/AF1QipOkvc7LUYbL7Mpv0-9Vjs3Vrq6EDUMSRsiiD461, "
Trại cừu yên thành,4.1,Công viên xe dã ngoại,Không có giá,"WG65+QRG, Unnamed Road, Sơn Thành, Yên Thành, Nghệ An",Nghệ An,64,"https://lh3.googleusercontent.com/p/AF1QipOpeHbYyleCl14cltwkP5fRziI6VuCkTfqxFCfa, https://lh3.googleusercontent.com/p/AF1QipNc1kBwrXGG6D2AYnJJ_wl9naDkmRngjRObKKVa, "
Tương Dương,Chưa xét,Administrative Area2,Không có giá,Nghệ An,Nghệ An,không có đánh giá,"https://lh3.googleusercontent.com/p/AF1QipNboBit5trlsqAnP5-Qu4V3hA3ARMKhGs2ImIv4, https://lh3.googleusercontent.com/p/AF1QipOk25oPbUmhNG8rYJkzgXh6dwx2kpPbANJbXbz5, "
Hồ Goong,4.4,Hồ,Không có giá,"Trường Thi, Tp. Vinh, Nghệ An",Nghệ An,96,"https://lh3.googleusercontent.com/p/AF1QipNaAf5gz8gH_FXe0YGWlU2JpKwtgcGugYQ3QjKX, https://lh3.googleusercontent.com/p/AF1QipMnV_uHqRZYmOJx-HUfZ593JVoxYtWZOr2Dd1km, "
Thác Vình,4.0,Điểm thu hút khách du lịch,Không có giá,"567C+F48, Giai Xuân, Tân Kỳ, Nghệ An",Nghệ An,12,"https://lh3.googleusercontent.com/p/AF1QipPp-DYpTiHu68Eb9t1_oWvUMXj7wi7B6N961Kvf, https://lh3.googleusercontent.com/p/AF1QipMqBY-7qyPpPuRrmfazV_v5KDmbuhbKk79v6ODM, "
Hoàng Trù,Chưa xét,Khu dân cư,Không có giá,"Kim Liên, Nam Đàn, Nghệ An",Nghệ An,không có đánh giá,"https://lh3.googleusercontent.com/p/AF1QipNLRhwkQdCWFiHYNr-szDoQoP3vwCJZOSYNDKUi, https://lh3.googleusercontent.com/p/AF1QipMBTy0E0w2tNnpX8XEWHgxpTZFI2S1NriYK_1fp, "
Bãi tắm Cửa Hiền,3.9,Bãi biển,Không có giá,"Nghi Yên, Nghệ An",Nghệ An,65,"https://lh3.googleusercontent.com/p/AF1QipPyXckD4E6p5It2x-EYg5imtPHNY-kO8QyqhYhS, https://lh3.googleusercontent.com/p/AF1QipMw2iT8ryDunviNdvsZVGL_ey-Hy-rpjAeUQp9Q, "
Đền Ông Hoàng Mười,4.4,Chùa phật giáo,Miễn phí,"117 Đ. Bát Khối, Tư Đình, Long Biên, Hà Nội",Nghệ An,56,"https://lh3.googleusercontent.com/p/AF1QipPjO25zG18-uzkMsTG5fdbQmi0-nwE78jNvCZM1, https://lh3.googleusercontent.com/p/AF1QipPu4K3nToOfduCjCDT5jxQ8FKKCSfuw4uvRX4aL, "
VinWonders Cửa Hội,3.5,Công viên giải trí,Không có giá,"Bãi biển Cửa Lò, Đ, Bình Minh, Tp. Vinh, Nghệ An",Nghệ An,241,"https://lh3.googleusercontent.com/p/AF1QipNXQnm6izZaqjFtSBNnmkUK2466MZBym3DSGVRX, https://lh3.googleusercontent.com/p/AF1QipOQxl4ZTScYYT1pHyncCEBX6fpDGvPn6nbTgOQw, "
