name,score,category,price,address,province,review count,description images
Thác Bản Giốc,4.6,Điểm thu hút khách du lịch,Không có giá,"Sông Quy Xuân, Đàm Thủy, Trùng Khánh District, Cao Bang",Cao Bằng,8.652,"https://lh3.googleusercontent.com/p/AF1QipNIM0vFnIrxx0vbKx13fAnQ2B3-iWPBkYLWOOyi, https://lh3.googleusercontent.com/p/AF1QipO5dNUdlpPQnfvxhHgNtI2anvQRQI9LX6S4ffmh, "
Hồ Thang Hen,4.1,Hồ,Không có giá,"Quốc Toản, Trà Lĩnh, Cao Bằng",Cao Bằng,181,"https://lh3.googleusercontent.com/p/AF1QipNIM0vFnIrxx0vbKx13fAnQ2B3-iWPBkYLWOOyi, https://lh3.googleusercontent.com/p/AF1QipO5dNUdlpPQnfvxhHgNtI2anvQRQI9LX6S4ffmh, "
Chùa Phật Tích Trúc Lâm Bản Giốc,4.7,Chùa phật giáo,Không có giá,"VP2F+87, Đàm Thuỷ, Trùng Khánh, Cao Bằng",Cao Bằng,129,"https://lh3.googleusercontent.com/p/AF1QipPok3QkqpPlfpVXKr5eHST58P7H4vOlhPwLWt-s, https://lh3.googleusercontent.com/p/AF1QipPdOFbtrVaiDM6u5K-5_Fi6EBh6yWB5kU8tvwEO, "
Núi Mắt Thần,4.7,Điểm thu hút khách du lịch,Không có giá,"Cao Chương, Trùng Khánh, Cao Bằng",Cao Bằng,445,"https://lh3.googleusercontent.com/p/AF1QipOBQM7XYefdRB19hgsbnU5qTAmmpWNMKAK8Q5DV, https://lh3.googleusercontent.com/p/AF1QipMiIk2X2gw1Fhb3r6ZMVImG-2SU4JC_THnetCG3, "
đèo Mã Phục,4.5,Đường vượt núi,Không có giá,"Quốc Toản, Trà Lĩnh, Cao Bằng",Cao Bằng,126,"https://lh3.googleusercontent.com/p/AF1QipOfkpaNOcsb8vN5KgXZiBrboHjfETdrCkHxf5fg, https://lh3.googleusercontent.com/p/AF1QipP9bO82KAibIG3kqmvJ1uhQiihXhkPyGpyE3VI, "
bản Pác Bó,Chưa xét,Khu dân cư,Không có giá,"Trường Hà, Hà Quảng, Cao Bằng",Cao Bằng,không có đánh giá,"https://lh3.googleusercontent.com/p/AF1QipPNxGVu_u5lqumVxuAlkkDPg_45OVOUJsT_kYTF, https://lh3.googleusercontent.com/p/AF1QipOynCJLtWRYm65cUJaBTZbC1MM3QKsA6zOn84T4, "
Làng đá cổ Khuổi Ky,4.5,Khách sạn,Không có giá,"VP32+Q9G, Đường vào động Ngườm Ngao, Đàm Thuỷ, Trùng Khánh, Cao Bằng",Cao Bằng,không có đánh giá,"https://lh3.googleusercontent.com/p/AF1QipPdo5kpeMKNhdOuLJg4tf1eDcEtVcdD3Y1oLfXY, https://lh3.googleusercontent.com/p/AF1QipNRE8JKNgXDqfUyL4yOPP9i9v3faTbDRIO3qpDl, "
Thác Nặm Trá,4.5,Thắng cảnh,Miễn phí,"Q8H8+3MV, Cao Chương, Trà Lĩnh, Cao Bằng",Cao Bằng,113,"https://lh3.googleusercontent.com/p/AF1QipN8dmt_LnADaGiXlW2qT72qtoHodrKAtK9npF2_, https://lh3.googleusercontent.com/p/AF1QipN9l7-MClE5U2hvv2caDgWF0MUe1QJLV6Inheex, "
Di tích Rừng Trần Hưng Đạo,4.4,Điểm mốc lịch sử,Không có giá,"H2RR+J7X, Tam Kinh, Nguyên Bình, Cao Bằng",Cao Bằng,98,"https://lh3.googleusercontent.com/p/AF1QipOxDeSL4EGSNphGyXOifKgZAg50wPGwSXca6tfz, https://lh3.googleusercontent.com/p/AF1QipPM339UFDOjjwpgnbmT8WP0TPPd039wfQqf86PD, "
Làng nghề rèn Phúc Sen,4.2,Cửa hàng dao kéo,Không có giá,"MCM5+9FH, QL3, Phúc Sen, Quảng Uyên, Cao Bằng",Cao Bằng,108,"https://lh3.googleusercontent.com/p/AF1QipNok97hLoPtcM7gaRmAGNg2BJDreQxsvZItYEua, https://lh3.googleusercontent.com/p/AF1QipO_cShRUvPpROJ2EGC0CdFjqektjtRwsUlxiGhh, "
Núi Các Mác,4.6,Thắng cảnh,Không có giá,"X2MX+MGM, Trường Hà, Hà Quảng, Cao Bằng",Cao Bằng,1.585,"https://lh3.googleusercontent.com/p/AF1QipOuX-MYb92_Soi31Gj_aauLudhqAa4UjzFR_TaL, https://lh3.googleusercontent.com/p/AF1QipMX4XOMbwCDrq4u8UhwFlDrvBJfQPf0A4iSO5s6, "
Vườn Quốc Gia Phia Oắc - Phia Đén,4.8,Công viên quốc gia,Không có giá,"HVMM+GG9, Thành Công, Nguyên Bình, Cao Bằng",Cao Bằng,118,"https://lh3.googleusercontent.com/p/AF1QipOyB7cuV9NlvLm9YgBS-XlRaeD-W195axpj_ddK, https://lh3.googleusercontent.com/p/AF1QipPNRWUpoSKzn3n290_2AYLDs3PiFTG_s-BIpr0y, "
Động Ngườm Ngao,4.5,Điểm thu hút khách du lịch,Không có giá,"cửa ra động ngườm ngao, gần, Đàm Thuỷ, Trùng Khánh, Cao Bằng",Cao Bằng,477,"https://lh3.googleusercontent.com/p/AF1QipPZ1TdCe5hVMMdQsAZbMGCt0QyQ6-_oTDbhYwB5, https://lh3.googleusercontent.com/p/AF1QipOCfdoUPA4kapVvHkx4YRj4pLEXdXwTmY2dYQJa, "
Thiên Sơn Thịnh An Gia,4.0,Quán cà phê,Không có giá,"M7P7+5QW, Ngọc Xuân, Cao Bằng",Cao Bằng,157,"https://lh3.googleusercontent.com/p/AF1QipMOv0MoQHoeEoNIMTEbdOjEBSKAZ51YD-E1fyOk, https://lh3.googleusercontent.com/p/AF1QipNPEe6LxToOgAj8np2TaVDwtLSvhf1u7cPI4dEY, "
Khu Di Tích Lịch Sử Chiến Thắng Đông Khê,4.4,Điểm mốc lịch sử,Không có giá,"CCJM+37V, TT. Đông Khê, Thạch An, Cao Bằng",Cao Bằng,259,"https://lh3.googleusercontent.com/p/AF1QipOcjNcioKfxbZk0Cw7Pstxkl6TyAo7qdAtN83I, https://lh3.googleusercontent.com/p/AF1QipNuxDr7nzAMhVOHeE6zECLjC51aUbb8NR6MUaXQ, "
Đền Kỳ Sầm,4.6,Nơi thờ cúng,Không có giá,"M6VP+F77 Xã, Vĩnh Quang, Cao Bằng",Cao Bằng,64,"https://lh3.googleusercontent.com/p/AF1QipNLG_RB3mZR2QBkRefIiGa4ffGNIxAPgP3h8IdJ, https://lh3.googleusercontent.com/p/AF1QipMCznuz5-UcqRb5hUtCVHdIdDL-9GhpIwU11Tj8, "
Khau Coc Cha Pass ( Đèo 15 Tầng ) - Cao Bang Loop Tours,4.7,Điểm thu hút khách du lịch,Không có giá,"Xuân Trường, Bảo Lạc, Cao Bằng 270000",Cao Bằng,676,"https://lh3.googleusercontent.com/p/AF1QipNgPQwKppWyUY586cw-4XLJHsRSKJ8Dut31uAFI, https://lh3.googleusercontent.com/p/AF1QipMG1OTEX3zakTbM5DLy5GMMjhIZVE-0o_8er_11, "
Hang Cốc Bó,4.5,Địa điểm lịch sử,Không có giá,"X3P2+R5J, Trường Hà, Hà Quảng, Cao Bằng",Cao Bằng,1.018,"https://lh3.googleusercontent.com/p/AF1QipMXslLiTxbjIX-7DLB78LTEJj6p450-1Ofgo72q, https://lh3.googleusercontent.com/p/AF1QipNXkHhY0u0wSSAHKoBzW-MXkiI2Cmf1duhu16Z_, "
suối Lê Nin,4.7,Sông,Không có giá,"Trường Hà, Hà Quảng, Cao Bằng",Cao Bằng,308,"https://lh3.googleusercontent.com/p/AF1QipPzHZj-QXlp6GZtxMvR2TnFkbDqHKH_O0cZSrC0, https://lh3.googleusercontent.com/p/AF1QipOkSHv5uTNDtThDwU7mpf7kFOxl0Ypm_l-kCqE_, "
Rừng trúc Nguyên Bình,4.4,Điểm thu hút khách du lịch,Không có giá,"MRMV+3JG, QL34, Vũ Nông, Nguyên Bình, Cao Bằng",Cao Bằng,72,"https://lh3.googleusercontent.com/p/AF1QipOUCAOnrvK2GXJGxsXuqex0c14H1R079k-jNws, https://lh3.googleusercontent.com/p/AF1QipMRSOaz4Ebujcc22mmRCrgE-5VGMZMG6edQwnM0, "
Cửa khẩu Sóc Giang,Chưa xét,Khu đất khép kín,Không có giá,"Sóc Hà, Hà Quảng, Cao Bằng",Cao Bằng,không có đánh giá,"https://lh3.googleusercontent.com/p/AF1QipN5N7ElbOSiBwzyqyLobXe5YNnrNkWdHpPN91re, https://lh3.googleusercontent.com/p/AF1QipMjG7s8yQY0NuFRZmH2eVvZ7NkZWSuSzw_ubC0, "
Sông Quây Sơn,4.5,Sông,Không có giá,Không có địa chỉ cụ thể,Cao Bằng,106,"https://lh3.googleusercontent.com/p/AF1QipN5N7ElbOSiBwzyqyLobXe5YNnrNkWdHpPN91re, https://lh3.googleusercontent.com/p/AF1QipMjG7s8yQY0NuFRZmH2eVvZ7NkZWSuSzw_ubC0, "
đèo Khau Liêu,4.1,Đường vượt núi,Không có giá,"Trùng Khánh, Cao Bằng",Cao Bằng,24,"https://lh3.googleusercontent.com/p/AF1QipMkA7pFDtiXhjleQikBDdNnSui-rAh5l-RO79hu, https://lh3.googleusercontent.com/p/AF1QipOnQmlG1C0NK9iq7aQDmUPuSKdUnG2_pporIKW8, "
Hồ Bản Viết,4.5,Điểm thu hút khách du lịch,Không có giá,"RJ22+Q3F, Phong Châu, Trùng Khánh, Cao Bằng",Cao Bằng,88,"https://lh3.googleusercontent.com/p/AF1QipNI8nhbXspaebZrb2opaJI4V32ejJXUbV-4Xb99, https://lh3.googleusercontent.com/p/AF1QipNpOzqXiXTvJ-9_PxLI42ZGk_OzDnPcsjkBVvJp, "
Bến Ninh Kiều,4.4,Bến du thuyền,Không có giá,"106 Đường Hai Bà Trưng, Tân An, Ninh Kiều, Cần Thơ",Cần Thơ,14.225,"https://lh3.googleusercontent.com/p/AF1QipP1VIrWg_YJCn1g6yBUDiyJhjijMHZix8t8MR2t, https://lh3.googleusercontent.com/p/AF1QipMmB6CckzQRuX36vcz71Pgn6E1eZyM6hpf04cyZ, "
Chợ nổi Cái Răng,4.1,Chợ nổi,Không có giá,"An Bình, Ninh Kiều, Cần Thơ",Cần Thơ,5.405,"https://lh3.googleusercontent.com/p/AF1QipP1VIrWg_YJCn1g6yBUDiyJhjijMHZix8t8MR2t, https://lh3.googleusercontent.com/p/AF1QipMmB6CckzQRuX36vcz71Pgn6E1eZyM6hpf04cyZ, "
Nhà cổ Bình Thủy,4.1,Điểm thu hút khách du lịch,Không có giá,"144 Đ. Bùi Hữu Nghĩa, Bình Thuỷ, Bình Thủy, Cần Thơ",Cần Thơ,1.371,"https://lh3.googleusercontent.com/p/AF1QipOd4WPdA2z0v6boJnwRObY260s1PoKRl7fuggDX, https://lh3.googleusercontent.com/p/AF1QipMIO18WteglLI1vpy2ij18HOpZFYgBL8wgYIp0S, "
Thiền viện Trúc Lâm Phương Nam,4.5,Chùa phật giáo,Không có giá,"TL 923, Mỹ Khánh, Phong Điền, Cần Thơ",Cần Thơ,5.335,"https://lh3.googleusercontent.com/p/AF1QipP6wXq_eq2ttUlO1AB-zuPpA6FdBlUVbL6yTb73, https://lh3.googleusercontent.com/p/AF1QipMcMlyPxoqI-6zMjMZTVtWB5um9i9EiT9M9cBZf, "
Chùa Ông,4.6,Nơi thờ cúng,Miễn phí,"32 Đường Hai Bà Trưng, Tân An, Ninh Kiều, Cần Thơ",Cần Thơ,883,"https://lh3.googleusercontent.com/p/AF1QipNplVZQB-SgRg1HC4p0ZyvcaftBzdPBeeBAFXPs, https://lh3.googleusercontent.com/p/AF1QipMqjgUStfG6nro-fOEZKfHqN3MKmHt1S1biDRVp, "
Bảo Tàng thành phố Cần Thơ,4.2,Bảo tàng,Không có giá,"1 Đ. Hoà Bình, Tân An, Ninh Kiều, Cần Thơ",Cần Thơ,553,"https://lh3.googleusercontent.com/p/AF1QipNhB9CFJOhBouXzs0SxiKyL9NqNW1JjFJSIINGB, https://lh3.googleusercontent.com/p/AF1QipMuyV7ZeFCCQfxIr5E2qFijfqsCoTfINyHXXB1O, "
Đình Bình Thủy,4.5,Đình làng,Không có giá,"46/11A Lê Hồng Phong, Bình Thuỷ, Bình Thủy, Cần Thơ",Cần Thơ,710,"https://lh3.googleusercontent.com/p/AF1QipNHc_MpVY1fJ0Bk_nUSSyvjk5cDNeHe6XvXKKPX, https://lh3.googleusercontent.com/p/AF1QipOn-z4g3C5F0t7FyZvMnFjvRBPB_mfwWIKDkc0K, "
Chùa Munir Ansay,4.4,Chùa phật giáo,Miễn phí,"2QMM+CH7, 36 Đ. Hoà Bình, Tân An, Ninh Kiều, Cần Thơ",Cần Thơ,369,"https://lh3.googleusercontent.com/p/AF1QipO_rtOkO1H_t_FZj9VQBgm1MDJFnCNqTZ5kWbxH, https://lh3.googleusercontent.com/p/AF1QipP82B0iDhak0KiPX232LFJS-9-SQDKmraG_q24H, "
Chùa Nam Nhã,4.4,Chùa phật giáo,Không có giá,"612 Đ. Cách Mạng Tháng 8, Bùi Hữu Nghĩa, Bình Thủy, Cần Thơ",Cần Thơ,196,"https://lh3.googleusercontent.com/p/AF1QipMiehw2LEWoHkL_Pw96s1Em9GoNKPMdb63jtT9n, https://lh3.googleusercontent.com/p/AF1QipPJ2suz6Bu7z6d7Lk9ResDc1VEfGtV6uD6XQCtQ, "
Chùa PHẬT HỌC,4.7,Chùa phật giáo,Không có giá,"34 Đ. Hoà Bình, Tân An, Ninh Kiều, Cần Thơ",Cần Thơ,107,"https://lh3.googleusercontent.com/p/AF1QipOll8PojkhHvFunhM5ACGEvZeSejKYash7AyB7B, https://lh3.googleusercontent.com/p/AF1QipOB5BLkrarinx36liLwhtVbgCisw5WHQMrtnxNf, "
Công Viên Lưu Hữu Phước,4.4,Công viên,Không có giá,"Đ. Hoà Bình, An Lạc, Ninh Kiều, Cần Thơ",Cần Thơ,5.439,"https://lh3.googleusercontent.com/p/AF1QipPkaF8DDQgVxwblqwljocFrhpeqym9GubPLotcp, https://lh3.googleusercontent.com/p/AF1QipNSfi5JW2AfbP8frBUxPBydscaK1ZH2mYIh2_Af, "
Cầu đi bộ bến Ninh Kiều - Cần Thơ,4.6,Khu vực đi bộ,Không có giá,"2QPR+M82, Cầu đi bộ Ninh Kiều, Tân An, Ninh Kiều, Cần Thơ",Cần Thơ,14,"https://lh3.googleusercontent.com/p/AF1QipNrWQAg6gPHMbSyC3ecH9uj0HT-V45_wBSFtA2V, https://lh3.googleusercontent.com/p/AF1QipP6sXhmjuApea7AP0BQt1N6Bj8959dqTQsBnWNs, "
Làng du lịch Mỹ Khánh - Cổng 3,4.6,Điểm thu hút khách du lịch,Không có giá,"335 Đ. Nguyễn Văn Cừ, Mỹ Khánh, Phong Điền, Cần Thơ 94807",Cần Thơ,256,"https://lh3.googleusercontent.com/p/AF1QipOqBmtaY-IeVSwHMHU62AZjqOVw-39vTiXZJp0O, https://lh3.googleusercontent.com/p/AF1QipMfyJGMM4u2BIYvNQVYvCkJbxnXjWwLzvh2ZgR7, "
Chợ đêm Ninh Kiều,4.2,Chợ đêm,Không có giá,"2QJP+JWG, Đ. Phan Chu Trinh, Tân An, Ninh Kiều, Cần Thơ",Cần Thơ,948,"https://lh3.googleusercontent.com/p/AF1QipOl7ZDl6IoK8RZYbbO8F9JVMY9_l4rCy0HyHKEf, https://lh3.googleusercontent.com/p/AF1QipPM7K40XRBZvqiC2PCnN4V-xyKUU4IRfyyjiyRe, "
Lò hủ tiếu Chín Của,4.9,Nhà sản xuất,Không có giá,"XPWQ+PRH, An Bình, Ninh Kiều, Cần Thơ",Cần Thơ,14,"https://lh3.googleusercontent.com/p/AF1QipOZynsGBeSwSXWU8zfT8iXbFhuNRVAtfqsD_LcT, https://lh3.googleusercontent.com/p/AF1QipMMiync3HXAMkl5nZbHUtu76g4RGnzGGD98MmR6, "
Khám Lớn Cần Thơ,4.3,Bảo tàng,Không có giá,"8 Đ. Ngô Gia Tự, Tân An, Ninh Kiều, Cần Thơ",Cần Thơ,75,"https://lh3.googleusercontent.com/p/AF1QipMf_P8nPCEf6j_jCXqeX5g1diJ-k8zjEOFflC90, https://lh3.googleusercontent.com/p/AF1QipMrRpifsLqD3njGWcqc5MNTvTi4lJYxUOa2qleq, "
Chùa Quang Đức,4.3,Chùa phật giáo,Không có giá,"67 Đ. Mậu Thân, An Phú, Ninh Kiều, Cần Thơ",Cần Thơ,168,"https://lh3.googleusercontent.com/p/AF1QipONYDkkEhivD6jryUD6nxtAAsloXlqCCJto15Xm, https://lh3.googleusercontent.com/p/AF1QipO0OwKhQRiiRhkKCA-WHjyELiX88loChFyqjZVi, "
Vườn Cò Bằng Lăng,3.8,Nơi trú ẩn của động vật hoang dã,Không có giá,"7GJ4+J66, Thuận An, Thốt Nốt, Cần Thơ",Cần Thơ,657,"https://lh3.googleusercontent.com/p/AF1QipNeOgpSQZpTbzBRPpoyCLQMGrtdjWYPW7rpS0sK, https://lh3.googleusercontent.com/p/AF1QipP9BUZHntNGfFe77XshNrUjWPtyjYAErrX41_17, "
Vườn Ca Cao Mười Cương,4.3,Tham quan trang trại hộ gia đình,Không có giá,"Mỹ Khánh, Phong Điền, Cần Thơ",Cần Thơ,233,"https://lh3.googleusercontent.com/p/AF1QipNCIctoiIJMVe4No2yh8Hj_V3t9dB1AToyGrozo, https://lh3.googleusercontent.com/p/AF1QipPgM0JU5G9COJ-1fmLBvjqtWDbWKX8ogcKkqenV, "
Cồn Sơn,4.3,Đảo,Không có giá,"Bùi Hữu Nghĩa, Bình Thủy, Cần Thơ",Cần Thơ,416,"https://lh3.googleusercontent.com/p/AF1QipN6PQvCKPulgcqV8-sYqdEnpXau8Vl8AYVx7PtM, https://lh3.googleusercontent.com/p/AF1QipPG1bU3tJf-kCS-f_ni1jcyR_6NscNb-yo_Lk3e, "
Khu di tích Giàn Gừa,4.4,Nơi thờ cúng,Không có giá,"XPHF+C6J, Nhơn Nghĩa, Phong Điền, Cần Thơ",Cần Thơ,138,"https://lh3.googleusercontent.com/p/AF1QipOUax70LRyL_UOYJo77U4TelIOjmtzOTJ5GR0uZ, https://lh3.googleusercontent.com/p/AF1QipMERU76gt-DhOFOThn8RdIl1T2zwlsd-Cj6In-d, "
Bãi Tắm Cần Thơ,3.7,Bãi biển,Không có giá,"Sông Hậu, Cái Khế, Ninh Kiều, TP. Cần Thơ",Cần Thơ,446,"https://lh3.googleusercontent.com/p/AF1QipOUax70LRyL_UOYJo77U4TelIOjmtzOTJ5GR0uZ, https://lh3.googleusercontent.com/p/AF1QipMERU76gt-DhOFOThn8RdIl1T2zwlsd-Cj6In-d, "
Cầu Ninh Kiều,Chưa xét,Tuyến đường,Không có giá,"Ninh Kiều, Cần Thơ",Cần Thơ,không có đánh giá,"https://lh3.googleusercontent.com/p/AF1QipMaCRac6bs5I3AdEE2sXqpb0pCzV1CEE3_vvsCw, https://lh3.googleusercontent.com/p/AF1QipMQIKODrJi6uOoGKrAdJG3ZD7ZasAqeMWHXPISU, "
Công Viên Tao Đàn,4.2,Công viên,Không có giá,"3 Phan Đình Phùng, Tân An, Ninh Kiều, Cần Thơ",Cần Thơ,156,"https://lh3.googleusercontent.com/p/AF1QipOh39mzslefnKxgtlZptHMAOVMUCUcbY8M6W7rx, https://lh3.googleusercontent.com/p/AF1QipPjPQZF2henTfy_3zNrZTFz7k2stVk8Go0nJuI, "
Khu di tích Vườn Mận,4.2,Bảo tàng lịch sử địa phương,Không có giá,"2P9M+3HF, Đ. Tạ Thị Phi, An Bình, Bình Thủy, Cần Thơ",Cần Thơ,192,"https://lh3.googleusercontent.com/p/AF1QipPV5-uy5nwgeKlQ9IobYIEgnX-ZJFuZBpo8zaiK, https://lh3.googleusercontent.com/p/AF1QipNwXvXCC9q0FWqV3b-77Kw6rDftIJv6nR1FUxlO, "
Đền thờ Vua Hùng,4.5,Trung tâm tâm linh,Không có giá,"Võ Văn Kiệt, Bình Thuỷ, Bình Thủy, Cần Thơ 900000",Cần Thơ,871,"https://lh3.googleusercontent.com/p/AF1QipOO0y5Hn0tvdCbfFuqlxEoZdv0jSW-5LjFUobh8, https://lh3.googleusercontent.com/p/AF1QipNQmW5flelKrHxaY-uWfNZn5lB6qwefD3LIhG2u, "
Cồn Ấu,Chưa xét,Khu dân cư,Không có giá,"Hưng Phú, Cái Răng, Cần Thơ",Cần Thơ,không có đánh giá,"https://lh3.googleusercontent.com/p/AF1QipNlRh5G6deCeAY1CAYswA2leeaKSzpxgc-m9x21, https://lh3.googleusercontent.com/p/AF1QipMoog-B4ecGVu9y-QoVtt6vfRVQUkUs1SukkWio, "
Khu Du Lịch Sinh Thái Mỹ Khánh,3.9,Điểm thu hút khách du lịch,120.000 ₫,"335 Ấp Mỹ Nhơn, Mỹ Khánh, Phong Điền, Cần Thơ 94807",Cần Thơ,4.806,"https://lh3.googleusercontent.com/p/AF1QipNe0JmxsuqDMvPoyrU-F51XEFI4UERORLHKYt-M, https://lh3.googleusercontent.com/p/AF1QipM8gLMpeXWfU8vR9R3SJrWyH_PTNzI9F0B5vyZU, "
Chùa Thới Long Cổ Tự,Chưa xét,Khu đất khép kín,Không có giá,"120 Hùng Vương, An Cư, Ninh Kiều, Cần Thơ",Cần Thơ,không có đánh giá,"https://lh3.googleusercontent.com/p/AF1QipO5jgIBYIw69ncV5p-UISnSe8q6JPjchV2YyxjE, https://lh3.googleusercontent.com/p/AF1QipMOmD2xUHlBqa34vD9A5p8jNgnNIqisDTV02Thl, "
Đường bích họa Cần Thơ xưa và nay,4.6,Bảo tàng lịch sử,Không có giá,"đường Đ. Trần Quốc Toản, Tân An, Ninh Kiều, Cần Thơ",Cần Thơ,16,"https://lh3.googleusercontent.com/p/AF1QipMA9L3AyiW7LJbKKoBAxswoWd8zSEk5spfLED1r, https://lh3.googleusercontent.com/p/AF1QipOrwY_SugVYxjHD_5Giov2HiKbEziF-gn9cHxR3, "
Làng Du Lịch Sinh Thái Ông Đề,3.9,Điểm thu hút khách du lịch,Không có giá,"Mỹ Khánh, Phong Điền, Cần Thơ",Cần Thơ,1.434,"https://lh3.googleusercontent.com/p/AF1QipMw6g15U0Qi9mWfS2H8NJ9YlYhZqVmyMtLvmVqC, https://lh3.googleusercontent.com/p/AF1QipNq2p4YZZkh6acoanCLEZ_fn2OV20a988XcYwJo, "
Bảo tàng Quân khu 9,4.4,Bảo tàng chiến tranh,Không có giá,"6 Đ. Hoà Bình, Tân An, Ninh Kiều, Cần Thơ",Cần Thơ,684,"https://lh3.googleusercontent.com/p/AF1QipMyWBzCa8lvjwB8tx88fc11tMpm-2nczemHOROH, https://lh3.googleusercontent.com/p/AF1QipMndj5F2cMTV00NnB-4hh_A4jSzJ2DqBSbJ6Kiq, "
Khu tưởng niệm Thủ khoa Bùi Hữu Nghĩa,4.6,Nơi thờ cúng,Không có giá,"416 Huỳnh Mẫn Đạt, Bùi Hữu Nghĩa, Bình Thủy, Cần Thơ",Cần Thơ,19,"https://lh3.googleusercontent.com/p/AF1QipOkpJlbw3yOxUW21GVUSyi5vRAb9LzCL2V0oGI, https://lh3.googleusercontent.com/p/AF1QipOag3MKB7HXzvpc07bxOUjvupmXn9WPIMQWuDmA, "
Pizza hủ tiếu Sáu Hoài,4.1,Nhà hàng,Không có giá,"14 476, An Bình, Ninh Kiều, Cần Thơ",Cần Thơ,203,"https://lh3.googleusercontent.com/p/AF1QipP6bGwT0R_19hn-f_7BcSLY9jNWe-RxfUQ3jk7I, https://lh3.googleusercontent.com/p/AF1QipNm8_MSTy0TeuxiNy_7v5Q2-VQMVZypqnEGGOHL, "
Chợ Cần Thơ,4.2,Chợ,Không có giá,"2QJQ+H65 Market, Đường Hai Bà Trưng, Street, Ninh Kiều, Cần Thơ",Cần Thơ,1.177,"https://lh3.googleusercontent.com/p/AF1QipPXNoni63M6yOlqWGeVC4oUgChMYS1Hgart0Mkz, https://lh3.googleusercontent.com/p/AF1QipNGyZzQyWnv8nDw_eRgBmv3ksoaPbPekWxfKUau, "
Chùa Pothisomron,4.4,Chùa phật giáo,Không có giá,"1144 QL91, Châu Văn Liêm, Ô Môn, Cần Thơ",Cần Thơ,77,"https://lh3.googleusercontent.com/p/AF1QipPU_G-LzeNEQaQ9A5k96C6GDPk_XX42b3Yk17jt, https://lh3.googleusercontent.com/p/AF1QipP4G9SBtHo7ixymzOwTpFP8lhJyYieGkKVDApB1, "
Vườn Sinh Thái Xẻo Nhum,4.1,Nhà hàng,Không có giá,"XQXG+5R4, Khu dân cư Hồng Loan, Hưng Thành, Cái Răng, Cần Thơ",Cần Thơ,không có đánh giá,"https://lh3.googleusercontent.com/p/AF1QipObJiupd7Y6Y4R9glEkvvjovWVliVRbHOGPo3KI, https://lh3.googleusercontent.com/p/AF1QipPPQZmo-YhNcPvW3s_QVwEi1s4th3FFg2Br30iI, "
Museum of Tarot - Bảo Tàng Tarot,4.6,Bảo tàng,Không có giá,"44 Đ. Nguyễn Khuyến, Tân An, Ninh Kiều, Cần Thơ 900000",Cần Thơ,196,"https://lh3.googleusercontent.com/p/AF1QipMytnM_blDx-DrsH8rzWO7lRJ1cGfSlJaDWjoqw, https://lh3.googleusercontent.com/p/AF1QipNN-hWA9xcUlF-njkCrZkVpzFT2DtObYtmSS80c, "
Bánh Hỏi Út Dzách,4.2,Nhà hàng,Không có giá,"XM8F+78F, Lộ Nhơn Phú, Nhơn ái, Phong Điền, Cần Thơ",Cần Thơ,214,"https://lh3.googleusercontent.com/p/AF1QipO3WRXbls8Zj8wlNTc8ApcS7K0Wb0KTU7GPRUzH, https://lh3.googleusercontent.com/p/AF1QipMcV2dl_MLHDwrJMZU39kSS7My5YqbaOuHnQ8yu, "
Trung Tâm Phát Triển Du Lịch Thành Phố Cần Thơ,4.4,Hiệp hội/Tổ chức,Không có giá,"98 Phan Đình Phùng, Tân An, Ninh Kiều, Cần Thơ",Cần Thơ,24,"https://lh3.googleusercontent.com/p/AF1QipOpnYSGPFYAJzTMYPg9gkR06VXVxo7ftctuwuZY, https://lh3.googleusercontent.com/p/AF1QipMWPJlbo8ZUeXx0KpBaPCZlQQ9bNeSN1GY2CBo, "
Bảo Gia Trang Viên - The Green Resort,4.3,Khách sạn nghỉ dưỡng,Không có giá,"268 Huỳnh Thị Nở, KV, Phú Qưới, Cái Răng, Cần Thơ",Cần Thơ,không có đánh giá,"//lh3.googleusercontent.com/proxy/UX7uGUu5U-689LAvy020ocFvtRtCVxjjI_6YTJ7dRNEQ2uvhw-QZDqTOOGO6iV0SX9pgI80onQiwFqfzm5r9PD7DEYFKIN5BDCyvVD0EMMvDz80COSUg_LScp9KI0GEcb2Aee4wU6MDXYW8KK9A-zLb4dA70mA, //lh3.googleusercontent.com/proxy/lHFHhuFXds_qqEWQ4FUbmMl0JzymksIX4PEM1VrD1iAG31LPoddlrgF_n61Gb8enCwComAh2adGsLZDhVeF9q9XqHb3CmElKEn3Os45yn8qEmwHR_4-xKXwQWvlgus0xC1CJm4uskKdZyp-RAtWu-BmwvHObbw, "
Vườn sinh thái Hoa Súng,3.9,Nhà hàng,Không có giá,"XPPM+2MJ, QL61B, Ba Láng, Cái Răng, Cần Thơ",Cần Thơ,515,"//lh3.googleusercontent.com/proxy/UX7uGUu5U-689LAvy020ocFvtRtCVxjjI_6YTJ7dRNEQ2uvhw-QZDqTOOGO6iV0SX9pgI80onQiwFqfzm5r9PD7DEYFKIN5BDCyvVD0EMMvDz80COSUg_LScp9KI0GEcb2Aee4wU6MDXYW8KK9A-zLb4dA70mA, //lh3.googleusercontent.com/proxy/lHFHhuFXds_qqEWQ4FUbmMl0JzymksIX4PEM1VrD1iAG31LPoddlrgF_n61Gb8enCwComAh2adGsLZDhVeF9q9XqHb3CmElKEn3Os45yn8qEmwHR_4-xKXwQWvlgus0xC1CJm4uskKdZyp-RAtWu-BmwvHObbw, "
Căn nhà màu tím Cần Thơ,4.3,Quán cà phê,Không có giá,"XR96+J32, 3e Chí Sinh, Tân Phú, Cái Răng, Cần Thơ 900000",Cần Thơ,1.338,"https://lh3.googleusercontent.com/p/AF1QipNy9FiGXxM6utwJVWAsBP9zgcRyJWYgxeIj45gm, https://lh3.googleusercontent.com/p/AF1QipP5GG37R8GJWB_nW-Uw_OuIzxPBPV-Gwsp2mMy3, "
Hiệp Hội Du Lịch ĐBSCL,5.0,Hiệp hội/Tổ chức,Không có giá,"75D Trần Phú, Cái Khế, Ninh Kiều, Cần Thơ",Cần Thơ,2,"https://lh3.googleusercontent.com/p/AF1QipP2uOJOi_cdyYrTSHBJMfi5tLZV-6tmlLtZAG_y, https://lh3.googleusercontent.com/p/AF1QipPRtzDg-cJpGtsQ-o68JmrdzKAS2CXOfj9b93ZP, "
Cồn Khương,4.2,Đảo,Không có giá,Cần Thơ,Cần Thơ,209,"https://lh3.googleusercontent.com/p/AF1QipOd5aTWvJjLE9DnFQ7VAZx9how5mP-rpa_-hwok, https://lh3.googleusercontent.com/p/AF1QipMJXtnjOszh0Bhcs_CrAoPRnuGz1JseRg8Ha0lg, "
Vườn Trái Cây Hùng Rạch Kè,4.0,Vườn cây ăn quả,Không có giá,"Mỹ Khánh, Phong Điền, Cần Thơ",Cần Thơ,4,"https://lh3.googleusercontent.com/p/AF1QipMERaHWmztim9hD9y-9kECpvNWPBYvP2FZ176PR, https://lh3.googleusercontent.com/p/AF1QipM24_9MumeKIOB5Df_jJLMlH66JzJWa8hFOzgyX, "
Vườn Trái Cây Mỹ Khánh,3.8,Vườn cây ăn quả,Không có giá,"XPV3+9W6, Mỹ Khánh, Phong Điền, Cần Thơ",Cần Thơ,641,"https://lh3.googleusercontent.com/p/AF1QipOgGbTEh79tbEA4hDVnjIZ6-G6Loxmx2dopLHjz, https://lh3.googleusercontent.com/p/AF1QipOZeFLc1tkKHOI2re73lIF6tn8s29HJ0zhDqtP3, "
Phong Điền,Chưa xét,Administrative Area2,Không có giá,Cần Thơ,Cần Thơ,không có đánh giá,"https://lh3.googleusercontent.com/p/AF1QipO3LDIuWDxpdYmLqH7J8Hp6U77zbmATyw6UcLLo, https://lh3.googleusercontent.com/p/AF1QipOiEFlfa4xFRCz8ciSJGmHUKgWMnscR6LzyAfcV, "
Vườn Du Lịch Sinh Thái Giáo Dương Phong Điền,3.7,Công viên xe dã ngoại,Không có giá,"159 ĐT923, Ấp Nhơn Lộc 1, Phong Điền, Cần Thơ",Cần Thơ,58,"https://lh3.googleusercontent.com/p/AF1QipObEm-KoFBxOwBxJtJIBz1wDFv55Hw0useQ58Y_, https://lh3.googleusercontent.com/p/AF1QipOPH3deA4ZJl2vJ52FEo9-IoAmE_d3JpWQ0O_zm, "
Chợ Nổi Ngã Bảy,4.4,Chợ nổi,Không có giá,"RRHM+8PR, Đại Thành, Ngã Bảy, Hậu Giang",Cần Thơ,90,"https://lh3.googleusercontent.com/p/AF1QipNj9ETj2ECR3ZLjiD7Mzqh2ca_H7e3DNcBQN-q2, https://lh3.googleusercontent.com/p/AF1QipM9o0hFh0kqCmJAsSpgpokf4hn8d8USKPKGR9M1, "
Phong Dien Floating Market,4.1,Chợ,Không có giá,"Cầu cống huyện đội, 179 ĐT926, Nhơn ái, Phong Điền, Cần Thơ",Cần Thơ,33,"https://lh3.googleusercontent.com/p/AF1QipM4CJ9xc_s3mS6s7ZzgDuO3sXYGDR2j5WXJEXyv, https://lh3.googleusercontent.com/p/AF1QipNdC0AjbFFQr9U3QAk-nIDqGolvOyR7tg9GhpGN, "
Vườn Trái Cây 9 Hồng,3.0,Vườn cây ăn quả,Không có giá,"398 Tổ 31, Ấp Mỹ Nhơn, Phong Điền, Cần Thơ",Cần Thơ,454,"https://lh3.googleusercontent.com/p/AF1QipOVcHoYMGQU2mz1cyCGpM9VRpwHHjBazoOjQXmB, https://lh3.googleusercontent.com/p/AF1QipOFRHFGKy9O7UczS_JlwR_DRht82OW6oQxSDkcS, "
Ngũ Hành Sơn,4.3,Thắng cảnh,40.000 ₫,"81 Huyền Trân Công Chúa, Hoà Hải, Ngũ Hành Sơn, Đà Nẵng 550000",Đà Nẵng,29.466,"https://lh3.googleusercontent.com/p/AF1QipOSiQf3tbgceGB-5LQvlSFfdYtqKUUtxkuxTzVa, https://lh3.googleusercontent.com/p/AF1QipM1voTow-fj8nVLGAu7-jhZw1Zo80Gg_LcmgAkV, "
Bà Nà Hills,4.6,Điểm thu hút khách du lịch,950.000 ₫,"Thôn An Sơn, Hòa Vang, Đà Nẵng",Đà Nẵng,22.967,"https://lh3.googleusercontent.com/p/AF1QipOSiQf3tbgceGB-5LQvlSFfdYtqKUUtxkuxTzVa, https://lh3.googleusercontent.com/p/AF1QipM1voTow-fj8nVLGAu7-jhZw1Zo80Gg_LcmgAkV, "
Cầu Rồng,4.6,Cầu,Không có giá,"29 Cầu Rồng, An Hải Trung, Sơn Trà, Đà Nẵng 550000",Đà Nẵng,872,"https://lh3.googleusercontent.com/p/AF1QipMW717XyWoWQH5nR6KQ1ukbcSczJNGcbU-On08r, https://lh3.googleusercontent.com/p/AF1QipNxaJ_Pv4U5p5wwsQeGj_ci94fyTfsfrv83kl7A, "
Bảo tàng Điêu khắc Chăm Đà Nẵng,4.2,Bảo tàng điêu khắc,60.000 ₫,"Số 02 Đ. 2 Tháng 9, Bình Hiên, Hải Châu, Đà Nẵng 550000",Đà Nẵng,6.454,"https://lh3.googleusercontent.com/p/AF1QipMOwuRHUR22RVQrdAZ8ZgtsoPVfeR1hWpfeiyc3, //lh3.googleusercontent.com/proxy/5j7xp_vByDovTZ3ohIg8vEcgIUAiaBkPeGvRxRFTWe1lvOAD7t8bG0vlMHZNqHEdEjlwlv0vEPa-4_Ira7GUwg1P1Gr2-NkPSEO1wAFLaH7gYhRJPB7C39WcSMVpqs73F5dTvhMmt4dRDk4QhUFJjXkoW2l7DA, "
Cầu Sông Hàn,4.6,Cầu,Không có giá,"36CG+RPX, Cầu Sông Hàn, An Hải, Sơn Trà, Đà Nẵng 550000",Đà Nẵng,4.587,"https://lh3.googleusercontent.com/p/AF1QipPyojT2sFFO6SAH1vbv-KyDi6_JmlLLipT-bxBh, https://lh3.googleusercontent.com/p/AF1QipNhet8vCtJ9rkyCM4k4d0-b3JBRMKYqMx5NbUpM, "
Chùa Linh Ứng,4.7,Chùa phật giáo,Không có giá,"472H+435 Vườn Lâm Tỳ Ni, Hoàng Sa, Thọ Quang, Sơn Trà, Đà Nẵng",Đà Nẵng,4.037,"https://lh3.googleusercontent.com/p/AF1QipM-5RbutFmuEH0UGbAbTKPwItUQ0K3kMlkgXv20, https://lh3.googleusercontent.com/p/AF1QipOEsODI76z5z7oO25qkK9qVYsD9PmwczDSnocPC, "
Cầu Tình Yêu Đà Nẵng,4.5,Điểm thu hút khách du lịch,Miễn phí,"Đ. Trần Hưng Đạo, An Hải, Sơn Trà, Đà Nẵng 550000",Đà Nẵng,3.221,"https://lh3.googleusercontent.com/p/AF1QipPl8-Y2sHSgVrVkDMuwytNLL-Lhmi9f202IUjxx, https://lh3.googleusercontent.com/p/AF1QipPXFR4cNX8me0L6rWMxWwYT9JQfAEijqNAi4vw9, "
Bảo tàng 3D Art In Paradise,4.3,Bảo tàng nghệ thuật,Không có giá,"Lô 10, Trần Nhân Tông, Thọ Quang, Sơn Trà, Đà Nẵng",Đà Nẵng,2.556,"https://lh3.googleusercontent.com/p/AF1QipPnbHQwz-1XWuv7ys_pGrD9ZcvrqueahyBDxZ-X, https://lh3.googleusercontent.com/p/AF1QipOmz3SWYe5Su1QX5xiZ1cByk2tAZgddYyi-Irtt, "
Bãi biển Mỹ Khê,4.6,Bãi biển,Miễn phí,Đà Nẵng 550000,Đà Nẵng,2.711,"https://lh3.googleusercontent.com/p/AF1QipO8_qtDKu58rkcNHzU8WAinOVQ-EuNw4LYMVJdu, https://lh3.googleusercontent.com/p/AF1QipNWkHgxhEU8l-_sFX6QPqXJLtgh-HzPDNQiVa_1, "
Ghềnh Bàng,4.5,Thắng cảnh,Miễn phí,"Hoàng Sa, Thọ Quang, Sơn Trà, Vietnam, Đà Nẵng",Đà Nẵng,769,"https://lh3.googleusercontent.com/p/AF1QipOq55caMAuxOE5CCVZILh6jUDAZdlDVb5dVFWIu, https://lh3.googleusercontent.com/p/AF1QipPOh56ZdPZ1bMKHiEAj1EWXqjhvL0gwrY14zzp0, "
Sun World Bà Nà Hills,4.5,Công viên giải trí,950.000 ₫,"Hoà Ninh, Hòa Vang, Đà Nẵng",Đà Nẵng,45.472,"https://lh3.googleusercontent.com/p/AF1QipMjw0Hr8Q8IaNps_6FVlPFivjdCTKO5LQFionCZ, https://lh3.googleusercontent.com/p/AF1QipOcyLKpQBb5Pcoql4TWGfCNfDZcpLPh8xJWm9o7, "
Bán đảo Sơn Trà,4.7,Bán đảo,Không có giá,Đà Nẵng,Đà Nẵng,955,"https://lh3.googleusercontent.com/p/AF1QipMNCLKi9ZpC_kg0TFVYV824003r107G3KDzT88m, https://lh3.googleusercontent.com/p/AF1QipM_KYWryIov954dNY7Y5bPj11_bGKLq_6jRHP_P, "
Cầu Vàng,4.6,Điểm thu hút khách du lịch,900.000 ₫,"Hoà Phú, Hòa Vang, Đà Nẵng",Đà Nẵng,5.044,"https://lh3.googleusercontent.com/p/AF1QipPsT9FP846go5gQbhMllFZLJ_F0gvOlu5qd5rH7, https://lh3.googleusercontent.com/p/AF1QipMMrymV4odBrZgfFVpRuYzq-QvI_jDDC0X6G7jG, "
Chợ đêm Helio (Khu Ẩm thực đêm Helio）,4.2,Chợ đêm,Không có giá,"Đ. 2 Tháng 9, Hòa Cường, Hải Châu, Đà Nẵng",Đà Nẵng,5.316,"https://lh3.googleusercontent.com/p/AF1QipOvF2bMoS48u0pzjQQOJWh2vFX1C6CJqJzRiOLX, https://lh3.googleusercontent.com/p/AF1QipOVl_sHd8cYhVYuv41aerRR1pqE0xvonkbILGW7, "
Biển Mỹ Khê,4.5,Điểm thu hút khách du lịch,Miễn phí,"Võ Nguyên Giáp, Hoà Hải, Ngũ Hành Sơn, Đà Nẵng 550000",Đà Nẵng,10.479,"https://lh3.googleusercontent.com/p/AF1QipNpRahsiD9rnI5__O2MLEro-n2X8wCnGvXvAXRH, https://lh3.googleusercontent.com/p/AF1QipPNbWf3DmOdYnXheheSG0ioUkD8-wI4wZpvDUoQ, "
Công viên Suối khoáng nóng Núi Thần Tài,Chưa xét,Công viên,Không có giá,"QL14G, Hoà Phú, Hòa Vang, Đà Nẵng",Đà Nẵng,không có đánh giá,"https://lh3.googleusercontent.com/p/AF1QipPgpkvaWeKD9pejm2Org-oEx-SWXLyGH_qSUneu, https://lh3.googleusercontent.com/p/AF1QipNEADD9lWnWvw1wh6VbN8nNTq7S4OD9or02UA_m, "
Mỹ Sơn,4.4,Bảo tồn di sản,150.000 ₫,"Thánh địa Mỹ Sơn, Duy Xuyên, Quảng Nam",Đà Nẵng,8.948,"https://lh3.googleusercontent.com/p/AF1QipPY6S0ct4YuIV0rTW4qQylNWmZl1kRLD2Jvlt4n, https://lh3.googleusercontent.com/p/AF1QipMzErC4jV2ZaV4DU_BoER1aLjO3QvghHZ2-kvcw, "
Giáo Xứ Chính Toà Đà Nẵng,4.4,Nhà thờ Công giáo,Miễn phí,"156 Trần Phú, Hải Châu 1, Hải Châu, Đà Nẵng 550000",Đà Nẵng,1.326,"https://lh3.googleusercontent.com/p/AF1QipOJB4gopDoyd5npVWRpj150XMZT_v52EHpja9NQ, https://lh3.googleusercontent.com/p/AF1QipPRBQ9d4TFyVowXlwG2NDgJPSwXEjtTUxk__A1C, "
Chợ Hàn,3.9,Chợ,Không có giá,"119 Trần Phú, Hải Châu 1, Hải Châu, Đà Nẵng 550000",Đà Nẵng,29.145,"https://lh3.googleusercontent.com/p/AF1QipOQF3CQ2_1zhJsVmnyrD5LX93voxEbnKAQ-MTYU, https://lh3.googleusercontent.com/p/AF1QipMUe_wb_LfVjOk5om_Su0K5i6rLzX2pr1QMhkgR, "
Hải đăng Tiên Sa,4.4,Điểm thu hút khách du lịch,Không có giá,"Thọ Quang, Sơn Trà, Đà Nẵng",Đà Nẵng,322,"https://lh3.googleusercontent.com/p/AF1QipPDTcKEpDh9VKSzWtbmJ85yWinGqD9mKgSChFK5, https://lh3.googleusercontent.com/p/AF1QipOSZhHPMbFgW7i10-5-yEMohyICyAV680hPEbru, "
DA NANG DOWNTOWN,4.4,Công viên giải trí,150.000 ₫,"Đ. 2 Tháng 9, Hoà Cường Bắc, Hải Châu, Đà Nẵng 550000",Đà Nẵng,10.679,"https://lh3.googleusercontent.com/p/AF1QipPJl_jJia1ULs-ybReLaXoeMDnF9aFC6-64AK5V, https://lh3.googleusercontent.com/p/AF1QipPPdCGAWL7Jni6cD1gdtvnrW1ZvEVlAqA9PyNab, "
Chợ Đêm Sơn Trà,4.0,Chợ đêm,Không có giá,"Mai Hắc Đế, An Hải Trung, Sơn Trà, Đà Nẵng 550000",Đà Nẵng,9.348,"https://lh3.googleusercontent.com/p/AF1QipPJl_jJia1ULs-ybReLaXoeMDnF9aFC6-64AK5V, https://lh3.googleusercontent.com/p/AF1QipPPdCGAWL7Jni6cD1gdtvnrW1ZvEVlAqA9PyNab, "
Đỉnh Bàn Cờ,4.6,Điểm thu hút khách du lịch,Miễn phí,"Bàn cờ, Thọ Quang, Sơn Trà, Đà Nẵng",Đà Nẵng,3.453,"https://lh3.googleusercontent.com/p/AF1QipOtWGJTqozl1g2v0UN--GImVymyQrqg9VE0C5No, https://lh3.googleusercontent.com/p/AF1QipPszW-wO0KJr897Iq0q8ksQF3bun4idkiYGUC1H, "
Bảo tàng Đồng Đình,4.1,Bảo tàng nghệ thuật,Không có giá,"Hoàng Sa, Thọ Quang, Sơn Trà, Đà Nẵng",Đà Nẵng,544,"https://lh3.googleusercontent.com/p/AF1QipPq9NMKrRT1hsHn9i-xdwJ-tS_0wmZFZ9PE1prr, https://lh3.googleusercontent.com/p/AF1QipMO0-g5yz2jlbyZXucKkc-PdOjDxe6MJHdDsS1N, "
Công viên Biển Đông,4.6,Công viên,Không có giá,"Võ Nguyên Giáp, Phước Mỹ, Sơn Trà, Đà Nẵng 550000",Đà Nẵng,1.906,"https://lh3.googleusercontent.com/p/AF1QipPgIqrwjX8bCzbsB8hyOGJ5sVfJA0U6EXLey0E-, https://lh3.googleusercontent.com/p/AF1QipO-zuikc6NziBfFUWCQKbTvSQCr-e_1ddVxzyxH, "
Bãi biển Tiên Sa,4.3,Bãi biển,Không có giá,Đà Nẵng,Đà Nẵng,112,"https://lh3.googleusercontent.com/p/AF1QipMcsi2tiZ3WhoCi14Exh4AaJ2wxLDdpC5RRVTMn, https://lh3.googleusercontent.com/p/AF1QipMBs_1oRBx-vt9OyDocygPkdbIIW0YbGW2PPVjt, "
Chùa Quán Thế Âm,4.7,Chùa phật giáo,Không có giá,"48 Sư Vạn Hạnh, Hoà Hải, Ngũ Hành Sơn, Đà Nẵng 550000",Đà Nẵng,884,"https://lh3.googleusercontent.com/p/AF1QipNeLgtZYWpA7DTqjm-DxtJyVvb2Qv-kqH5p60RE, https://lh3.googleusercontent.com/p/AF1QipNwn6oOIZSXd13IK7kIe6SurJNVPH6yB5iUYIBq, "
Nước mắm Nam Ô - Hương Làng Cổ,5.0,Cửa hàng bán thực phẩm đặc sản,Không có giá,"Kiệt 884/74/4 Nguyễn Lương Bằng, Nam Ô 2, Liên Chiểu, Đà Nẵng 550000",Đà Nẵng,26,"https://lh3.googleusercontent.com/p/AF1QipPZLZEWO8DtpMQs6MNGsnUPT00LFG1LnwRQ_33r, https://lh3.googleusercontent.com/p/AF1QipOZVeAbnbBGsaXZsT0J2koGh7KciYpfOBrjul9F, "
Đèo Hải Vân,4.7,Đường vượt núi,Không có giá,"tt. Lăng Cô, Phú Lộc, Thừa Thiên Huế",Đà Nẵng,1.815,"https://lh3.googleusercontent.com/p/AF1QipNhtLM3qkFA1_zfTQLM0K747ng_ibA8pP_AHHTA, https://lh3.googleusercontent.com/p/AF1QipOnmw_Uejh1_2TbwldrJ7-IQfgryswemJ96hhB5, "
Bánh tráng Túy Loan,5.0,Tiệm bánh,Không có giá,"Quảng Xương, Hoà Phong, Hòa Vang, Đà Nẵng",Đà Nẵng,3,"https://lh3.googleusercontent.com/p/AF1QipO0sygce35mhH4sXw_6w9APxePHKIs9MWcjkXP_, https://lh3.googleusercontent.com/p/AF1QipM6sOzaOohDADoPy4WNtm6za4J9DvGgT0RQyRna, "
đỉnh Bàn Cờ,4.6,Đỉnh núi,Không có giá,"Thọ Quang, Sơn Trà, Đà Nẵng",Đà Nẵng,572,"https://lh3.googleusercontent.com/p/AF1QipMYqWkWhk57-RWyFXbjZFvx5qYcibe0Ktn4vZpM, https://lh3.googleusercontent.com/p/AF1QipPJ2wvlH8-Z_PXB2BMWJuhOUMOlgn-dM2XOL3EH, "
Bãi Biển An Bàng,4.3,Bãi biển công cộng,Không có giá,"W87R+C7R, Đ. Hai Bà Trưng, Hội An, Quảng Nam",Đà Nẵng,14.897,"https://lh3.googleusercontent.com/p/AF1QipNTJk8DvgrCr2RyeTfKzedNpx4o4LOO06rSXSVQ, https://lh3.googleusercontent.com/p/AF1QipNEHVre-aqpMr5L3jDixLvvsN9xETklYACGDzZL, "
Thuận Phước,Chưa xét,Khu dân cư,Không có giá,"Hải Châu, Đà Nẵng 550000",Đà Nẵng,không có đánh giá,"https://lh3.googleusercontent.com/p/AF1QipNIk-XDgYj_wxr7sOiu3yh7H-Or3jlav2hKoDpr, https://lh3.googleusercontent.com/p/AF1QipPcbvr2TWey7tAwBCH6fM82MBSxfMLyLJ9W7mc, "
Bãi Cát Vàng,3.9,Bãi biển,Không có giá,"Bãi Cát Vàng, Thọ Quang, Sơn Trà, Đà Nẵng",Đà Nẵng,136,"https://lh3.googleusercontent.com/p/AF1QipPOc4U8Ku7yLQj5Twijc-UZns3nhTOVcybt40p_, https://lh3.googleusercontent.com/p/AF1QipPfrWGQIcj_Fd7XwVoHVxSSDf5yYwjr1tLOjNUO, "
Giếng Trời,4.4,Điểm thu hút khách du lịch,Không có giá,"Hoà Ninh, Hòa Vang, Đà Nẵng",Đà Nẵng,92,"https://lh3.googleusercontent.com/p/AF1QipMBupOLoEkOHeTM2NWp7kQX_68cUziUQDHMWx0O, https://lh3.googleusercontent.com/p/AF1QipN2HS7jnAWNkteoqDHi2N4-ptVStmDtVFV49r8, "
Bãi biển Nam Ô,4.7,Thắng cảnh,Không có giá,"449J+J52, Nam Ô 1, Liên Chiểu, Đà Nẵng",Đà Nẵng,209,"https://lh3.googleusercontent.com/p/AF1QipNWHfJxCkvH9xG-oP9gbtskaJfeiGPsfuVjKFQ1, https://lh3.googleusercontent.com/p/AF1QipNGWAUNmVIJGseamnk8whMcmOd9X3kd-F6VGtQE, "
Bảo tàng Đà Nẵng,4.0,Bảo tàng lịch sử,20.000 ₫,"24 Trần Phú, Thạch Thang, Hải Châu, Đà Nẵng 550000",Đà Nẵng,1.921,"https://lh3.googleusercontent.com/p/AF1QipNhGzf8QM70-OA82DeXt1tD7u9B3pjrYaMJY7ie, https://lh3.googleusercontent.com/p/AF1QipPtyI_Rzpw33uHunBwottOCJkdcdvK8rDdR9Ikv, "
Bãi Bụt,4.7,Sân chơi,Không có giá,"Hoàng Sa, Đà Nẵng",Đà Nẵng,6,"https://lh3.googleusercontent.com/p/AF1QipOYN3XIgJ6KheNrpDdnK0ffkoZZ9fkWG2wCzkE6, https://lh3.googleusercontent.com/p/AF1QipPUyu8FNQ3WfN6JLHoFUZLRPelIytIOSjQegOx1, "
Cầu Thuận Phước,4.5,Cầu,Không có giá,"Cầu Thuận Phước, Nại Hiên Đông, Hải Châu, Đà Nẵng 550000",Đà Nẵng,643,"https://lh3.googleusercontent.com/p/AF1QipPcDADEkpiVoEW8rNcKZ-u93_oFlP3Kv5dEKQ6e, https://lh3.googleusercontent.com/p/AF1QipMizRNeuLDwPoVNy5uFNkFb1Sx_ulgLRfkJR0wL, "
Hồ Đồng Xanh - Đồng Nghệ,4.4,Hồ chứa nước,Không có giá,"Hòa Khương, Hòa Vang, Đà Nẵng",Đà Nẵng,68,"https://lh3.googleusercontent.com/p/AF1QipP4U2h2NuO5IC4xNdkPtRO0hTpg-kRLkUo1RuYY, https://lh3.googleusercontent.com/p/AF1QipNmy0PWkOrq-gyWVRIsXz99npgMZdVIfsGh2R8, "
InterContinental Danang Sun Peninsula Resort,4.9,Khách sạn nghỉ dưỡng,Không có giá,"InterContinental Danang Sun Peninsula Resort, Bãi Bắc, Thọ Quang, Sơn Trà, 550000",Đà Nẵng,không có đánh giá,"//lh3.googleusercontent.com/proxy/5eVDaH1M8G2yZ4j7rbM2Xv1kOqwnSr5QXekLNS_p2H6whJRSRLS6BgE1Jb7yH0aYn8eMvRqQVaXKO2OhoHvtMWG9SL2O4KBL2CKm6JPZDJdXUjQr-BywPgbgdcTAq8uX3-JvZDLOdQSQk4kpvhVK36tsbzRnR7c, https://lh3.googleusercontent.com/p/AF1QipPRIs_0bvsg4rulYlHuVEyITzJtXXxjaJpKsrk2, "
Bãi Tắm Non Nước,4.5,Điểm thu hút khách du lịch,Không có giá,"273C+42, Ngũ Hành Sơn, Đà Nẵng 550000",Đà Nẵng,95,"//lh3.googleusercontent.com/proxy/5eVDaH1M8G2yZ4j7rbM2Xv1kOqwnSr5QXekLNS_p2H6whJRSRLS6BgE1Jb7yH0aYn8eMvRqQVaXKO2OhoHvtMWG9SL2O4KBL2CKm6JPZDJdXUjQr-BywPgbgdcTAq8uX3-JvZDLOdQSQk4kpvhVK36tsbzRnR7c, https://lh3.googleusercontent.com/p/AF1QipPRIs_0bvsg4rulYlHuVEyITzJtXXxjaJpKsrk2, "
Ngũ Hành Sơn,Chưa xét,Administrative Area2,Không có giá,Đà Nẵng,Đà Nẵng,không có đánh giá,"https://lh3.googleusercontent.com/p/AF1QipO0h0sJAeYMV-ObWQlLKTsEn4XjIxSIFx4VJMRv, https://lh3.googleusercontent.com/p/AF1QipOT65h68OZ379lOWuuqTqqLfdd-1u3jvDKuLuEN, "
Bãi tắm Phạm Văn Đồng,4.7,Bãi biển,Không có giá,Đà Nẵng,Đà Nẵng,552,"https://lh3.googleusercontent.com/p/AF1QipOpgnRSXUGXG33qq76staKQ4oegBH8fI7OJ_y4E, https://lh3.googleusercontent.com/p/AF1QipMZgaN46ebq4lY7sr4_-OAcumdUSDjOK2I-Rrth, "
Cù lao Chàm,4.1,Quần đảo,Không có giá,"Tân Hiệp, Tp. Hội An, Quảng Nam",Đà Nẵng,8,"https://lh3.googleusercontent.com/p/AF1QipO7L2eOTkoTwmdp9JGvvUZTZyrHbS6fYiWRJsU, https://lh3.googleusercontent.com/p/AF1QipP7FLOgUXS3bRnhmtgrBz1DC4onUynTvo4mhbnW, "
Tượng Cá Chép Hóa Rồng,4.5,Điểm thu hút khách du lịch,Không có giá,"Đ. Trần Hưng Đạo, An Hải, Sơn Trà, Đà Nẵng 550000",Đà Nẵng,509,"https://lh3.googleusercontent.com/p/AF1QipMqKStkR6nJmsL2CEGlLuXB3vhJ2pNAgznp8igt, //lh3.googleusercontent.com/proxy/kXcdLQhpzIRzh5K0khCj9qeTcq3lh1Xr_WrSpdw1DaVdt2FSyURa_loMlQrPmWvlZA_5yrz2VGd6MS42untBsMXiqqkQV6aYAKseMvK8gOyGTFkUJgOMnSACyb7t5WFw2wMWTrAlafblRnynP-wra_hIZI7y38U, "
Chợ Cồn,4.2,Chợ,Không có giá,"90 Hùng Vương, Hải Châu 1, Hải Châu, Đà Nẵng 550000",Đà Nẵng,16.465,"https://lh3.googleusercontent.com/p/AF1QipOpBhkIueYPpGbnAlDw-vgsQotfykGKQWEGLlFV, https://lh3.googleusercontent.com/p/AF1QipPvhbVtKjnkxb2l7DLyUx78yf690dCgIslTdOgZ, "
VinWonders Nam Hội An,4.7,Công viên giải trí,582.000 ₫,"Võ Chí Công, Bình Minh, Thăng Bình, Quảng Nam",Đà Nẵng,3.587,"https://lh3.googleusercontent.com/p/AF1QipPLJ3gQM3gs6Gv7q2mXAtnKFmTbMl8qRRHBr_eg, https://lh3.googleusercontent.com/p/AF1QipP-eMlNHxzH_kS0BNEqBKQ_xWED7o8J92wOT-Jg, "
Điểm đầu trượt thác Hoà Phú Thành,4.5,Điểm thu hút khách du lịch,Không có giá,"QL14G, Hoà Phú, Hòa Vang, Đà Nẵng",Đà Nẵng,19,"https://lh3.googleusercontent.com/p/AF1QipNgx388Yt1FA7w_D8_1KhElVx96Fhjx1nW2jToH, https://lh3.googleusercontent.com/p/AF1QipP1L9IxmSEM6MMpzeCEufUsg084cP5lxncSSHIh, "
Mũi Nghê,4.8,Điểm thu hút khách du lịch,Không có giá,"Thọ Quang, Sơn Trà, Đà Nẵng",Đà Nẵng,42,"https://lh3.googleusercontent.com/p/AF1QipOa1lhst-dq0fGDBwruJJO0g6j5mNwi0wcEsgQ3, https://lh3.googleusercontent.com/p/AF1QipOUvnuX_yeI2xZ_aINBdBeXTHSZgrMo2nfpEqcg, "
Fantasy Park,4.4,Công viên giải trí,Không có giá,"XXWQ+VGJ, Hoà Phú, Hòa Vang, Đà Nẵng",Đà Nẵng,2.032,"https://lh3.googleusercontent.com/p/AF1QipOlmLUs9hCHzcctsBPcAmnsdh4yFLet0nsCMXjP, https://lh3.googleusercontent.com/p/AF1QipNYVSqIWdqPQ4sWkHGo0FvUtJRbZLzogPHsbuh8, "
Rừng Dừa Bảy Mẫu,4.6,Nhà điều hành du lịch,Không có giá,"Hamlet 3, ĐX18, Cẩm Thanh, Hội An, Quảng Nam 84510",Đà Nẵng,87,"https://lh3.googleusercontent.com/p/AF1QipMj646CLebQBvza8mcGrzbWJrDGuRlVQ98e_axf, https://lh3.googleusercontent.com/p/AF1QipO1o70QGvn9vGhv6K9FQ5t-D_YoeLG6RxkSmAH4, "
Bãi biển Mỹ Khê,4.5,Bãi biển,Không có giá,"Phước Mỹ, Sơn Trà, Đà Nẵng 550000",Đà Nẵng,2.739,"https://lh3.googleusercontent.com/p/AF1QipMlY-yYNY9xsNiczek50R11Z3HH0Btca-KlRV4y, https://lh3.googleusercontent.com/p/AF1QipNT9d8_XPdOHVmJ3iAvU9vBqWW1L0mT6fGY-cGY, "
Chùa Pháp Lâm,4.6,Chùa phật giáo,Miễn phí,"574 Ông Ích Khiêm, Nam Dương, Hải Châu, Đà Nẵng 550000",Đà Nẵng,482,"https://lh3.googleusercontent.com/p/AF1QipNRGwf7cU0uc7uo73YRrgkk7237_xl2xX2ZH88k, https://lh3.googleusercontent.com/p/AF1QipOr4ewyyktLC0bMbLvComz9X6ioP_y36NeXX4OI, "
Công viên APEC,4.4,Công viên,Miễn phí,"Bình Hiên, Hải Châu, Đà Nẵng 550000",Đà Nẵng,1.299,"https://lh3.googleusercontent.com/p/AF1QipObrs7GHpNzsXU7Ngqc7bJUPZOwcVyDM5qDS8ym, https://lh3.googleusercontent.com/p/AF1QipP1xm1k6FRu45d--T9Qz_Z1XyTSkRFAXDqMUnhU, "
Thành phố Hội An,Chưa xét,Tổ dân phố,Không có giá,Quảng Nam,Đà Nẵng,không có đánh giá,"https://lh3.googleusercontent.com/p/AF1QipN8P8648KYuIMtkyOmaEvzChquO5Yug2DjxwP60, https://lh3.googleusercontent.com/p/AF1QipNGLI_NYUZ-Hxj1SBVO_jfrA1CoUhc65K_TQHnY, "
Khu du lịch sinh thái Suối Hoa,3.5,Điểm thu hút khách du lịch,Không có giá,"QL14G, Hoà Phú, Hòa Vang, Đà Nẵng",Đà Nẵng,76,"https://lh3.googleusercontent.com/p/AF1QipMeiAz8ht1QV5UfMQK2a2_Ikr_MJ3JXntgj6ixY, https://lh3.googleusercontent.com/p/AF1QipN4TmC0m9XjzzY7QFLydRlr9scdPuunAjrnoTLH, "
Ban Quản Lý Làng Nghề Đá Mỹ Nghệ Non Nước,4.0,Hiệp hội/Tổ chức,Không có giá,"X7R3+VFP, Quán Khái 9, Hoà Hải, Ngũ Hành Sơn, Đà Nẵng 550000",Đà Nẵng,2,"https://lh3.googleusercontent.com/p/AF1QipNmSd5qfYOmnZZE0sOsrYoERvpRwVFbVii_KMoc, https://lh3.googleusercontent.com/p/AF1QipP7LS0zjekpUPOspg_Nl3vWKknD1er1nYF3KQcJ, "
Sông Hàn,4.6,Sông,Không có giá,Đà Nẵng,Đà Nẵng,263,"https://lh3.googleusercontent.com/p/AF1QipNr_8HusKO9nI2z3_LKZ8a1uR7g4YcAnAd9HvqE, https://lh3.googleusercontent.com/p/AF1QipMVIubOggMgd8BgJj_f0yDKXL-GGm6jZdJ59EWI, "
Khu du lịch sinh thái cộng đồng Kŏtam,4.4,Điểm thu hút khách du lịch,Không có giá,"M4V7+394, 789 Phạm Văn Đồng, P, Buôn Ma Thuột, Đắk Lắk",Đắk Lắk,4.731,"https://lh3.googleusercontent.com/p/AF1QipMu7MpQ3xJfAyCC29J0hEhaQnNTkzUu-7iLcHrN, https://lh3.googleusercontent.com/p/AF1QipODi85ytfJ51vvJPCsUqDuYsFo_t-grIaQfPeOv, "
Thác Đray Nur,4.5,Điểm thu hút khách du lịch,Không có giá,"Đường đi thác Dray Nur, Dray Sáp, Krông A Na, Đắk Lắk",Đắk Lắk,7.112,"https://lh3.googleusercontent.com/p/AF1QipMu7MpQ3xJfAyCC29J0hEhaQnNTkzUu-7iLcHrN, https://lh3.googleusercontent.com/p/AF1QipODi85ytfJ51vvJPCsUqDuYsFo_t-grIaQfPeOv, "
Làng Cà phê Trung Nguyên,4.3,Điểm thu hút khách du lịch,Không có giá,"163 Đ. Lý Thái Tổ, Tân An, Buôn Ma Thuột, Đắk Lắk",Đắk Lắk,8.598,"https://lh3.googleusercontent.com/p/AF1QipM6VJ__qSwcGz5vH0kRRljzdNQG_NzmH-leI2UD, https://lh3.googleusercontent.com/p/AF1QipMQ7eKsf9t5T4pCnq8TBFzmB8LPYxg3NxyIGgz1, "
Bảo tàng Thế giới Cà phê,4.2,Bảo tàng,150.000 ₫,"Nguyễn Đình Chiểu, Tân Lợi, Buôn Ma Thuột, Đắk Lắk 630000",Đắk Lắk,5.438,"https://lh3.googleusercontent.com/p/AF1QipOuh552Jr1wm_kZLb_rGcGdDDR1_pMKox0fG8Xd, https://lh3.googleusercontent.com/p/AF1QipNirx8-NVUBZdgfdFi_vdwM5yJBYW9_9cow7E5n, "
Vườn quốc gia Yok Đôn,4.3,Công viên quốc gia,Không có giá,"Krông Na, Buôn Đôn, Đắk Lắk",Đắk Lắk,222,"https://lh3.googleusercontent.com/p/AF1QipOoiQklCRA8HDPEJ4bcseJGzexPjp-yvIRY1qM, https://lh3.googleusercontent.com/p/AF1QipMqvKGxnHue0spbnbeZKGzMeMGT4EzKdczBdH4H, "
Chùa Sắc Tứ Khải Đoan,4.7,Chùa phật giáo,Không có giá,"117 Phan Bội Châu, Thống Nhất, Buôn Ma Thuột, Đắk Lắk 630000",Đắk Lắk,761,"https://lh3.googleusercontent.com/p/AF1QipOd7xZqB_uUv8wtH1ge2MKUos9GrviPSmrl1s-a, https://lh3.googleusercontent.com/p/AF1QipPysF3Rd8MqdsjVZkgqz7yQYpxyC2udIqM_jm3N, "
Hồ Ea Kao,4.3,Hồ,Không có giá,"Ea Kao, Tp. Buôn Ma Thuột, Đắk Lắk",Đắk Lắk,595,"https://lh3.googleusercontent.com/p/AF1QipNH-dTvoffYloB5n_v5LQOSOpfuFrQogdwMY6Zf, https://lh3.googleusercontent.com/p/AF1QipOMN3qXhUIbQGFwzQ0AxyLd_DTINqMuJd-4gm3z, "
Bảo tàng Đắk Lắk,4.5,Bảo tàng lịch sử địa phương,Không có giá,"02 Y Ngông, Tự An, Buôn Ma Thuột, Đắk Lắk",Đắk Lắk,841,"https://lh3.googleusercontent.com/p/AF1QipMvv1_lEU2zyXp328NCqsXwjbFRurFoV14x-wvF, https://lh3.googleusercontent.com/p/AF1QipOqbBxDRIXd9aS5Bv0xMf6zfTGvjTly14-_qCJO, "
Thác Đray Sáp,4.3,Điểm thu hút khách du lịch,Không có giá,"GVQR+44F, Đắk Sôr, Krông Nô, Đắk Nông",Đắk Lắk,818,"https://lh3.googleusercontent.com/p/AF1QipODI1fcAiUE3SpuSjNYS6L6PpZYPZg4uc3UjHf4, https://lh3.googleusercontent.com/p/AF1QipMr2qA8rZTNkjS3foJaYLqairWqOiyfFV2EEkCY, "
Buôn Đôn,Chưa xét,Administrative Area2,Không có giá,Đắk Lắk,Đắk Lắk,không có đánh giá,"https://lh3.googleusercontent.com/p/AF1QipPPnTSbtrRrCLDFL-O5eV1UJfHePgJrR7MszC4c, https://lh3.googleusercontent.com/p/AF1QipO3eNoH065CHTd5JKWcbhov1-bY7nsESXQ431QV, "
Thác Thủy Tiên,4.2,Điểm thu hút khách du lịch,Không có giá,"XFC7+7X8, Giang Tiến, Krông Năng, Đắk Lắk",Đắk Lắk,207,"https://lh3.googleusercontent.com/p/AF1QipO_kRcKlvtR13u778Tui_q4eJkhVzXKFjqcLBg, https://lh3.googleusercontent.com/p/AF1QipOO4SqNkY45yp_OPG-EDxAdrA65VobEhS6tXava, "
Thành phố Buôn Ma Thuột,Chưa xét,Tổ dân phố,Không có giá,"Buôn Ma Thuột, Đắk Lắk",Đắk Lắk,không có đánh giá,"https://lh3.googleusercontent.com/p/AF1QipPoxe-D-BbJ5KMniixdaLCuk583qMZXLuSQn6yC, https://lh3.googleusercontent.com/p/AF1QipMNrP8cIjZgwf_K0w85pYs-QHb6md1gDclfnV_G, "
Tháp Yang Prong,4.6,Đền thờ Hindu,Không có giá,"6R5J+VMJ, Ea Rốk, Ea Súp, Đắk Lắk",Đắk Lắk,74,"https://lh3.googleusercontent.com/p/AF1QipP7UR-JhaO0L6YkyoHbyintK5YCYpI8OkZ07oH0, https://lh3.googleusercontent.com/p/AF1QipMCEySCzdrXvLQLFKZlmoZmAH5gVoM4ov12sUlc, "
Hồ Lắk,4.2,Hồ,Không có giá,"Lắk, Đắk Lắk",Đắk Lắk,600,"https://lh3.googleusercontent.com/p/AF1QipMvStYWKd0FmY3XlI143sIqBeJm6d32nQTpPtM9, https://lh3.googleusercontent.com/p/AF1QipMzVe95v1SG1jAcibIyNMY0vXU2aS6QLF56MHXU, "
Biệt Điện Vua Bảo Đại,4.4,Điểm mốc lịch sử,Không có giá,"2 Y Ngông, Tân tiến, Buôn Ma Thuột, Đắk Lắk",Đắk Lắk,211,"https://lh3.googleusercontent.com/p/AF1QipNYGZR9rlA5gPgoV8lUt2peuGAnO5_7vO1PgxYB, https://lh3.googleusercontent.com/p/AF1QipNFUBVzaOoXeMbOt0byM360R_dbGIh9yA-Ipk7G, "
Buôn Cô Thôn,Chưa xét,Khu dân cư,Không có giá,"Tân Lợi, Tp. Buôn Ma Thuột, Đắk Lắk",Đắk Lắk,không có đánh giá,"https://lh3.googleusercontent.com/p/AF1QipN0-gPflLkIJooAyv__l-PYqEZQpoIGyhm2Dsyt, https://lh3.googleusercontent.com/p/AF1QipOQi424J90dKF7_4x2uoVS2bRcS8Yp-H8NksP6g, "
Tượng Đài Chiến thắng Buôn Ma Thuột,4.5,Điểm mốc lịch sử,Không có giá,"Nguyễn Tất Thành, Thắng Lợi, Buôn Ma Thuột, Đắk Lắk",Đắk Lắk,3.902,"https://lh3.googleusercontent.com/p/AF1QipNC6RtTnzJEQh6ysYdqzmgR9hSCrd0egiE31jZZ, https://lh3.googleusercontent.com/p/AF1QipPK-CgcRTeHC0uYuAE3fzju2nhK3TwOawnBwgbn, "
Khu du lịch Suối Ong,3.9,Điểm thu hút khách du lịch,Không có giá,"568 Võ Văn Kiệt, Khánh Xuân, Buôn Ma Thuột, Đắk Lắk",Đắk Lắk,không có đánh giá,"https://lh3.googleusercontent.com/p/AF1QipPuboqmb3sLSrYungKA3t0ePd9PRLObAjaUerCV, https://lh3.googleusercontent.com/p/AF1QipNflr3TNKhGmStpWVolRdUkUMy_0xZdC3UoettS, "
Khu Du Lịch Sinh Thái Troh Bư - Buôn Đôn,4.4,Điểm thu hút khách du lịch,Không có giá,"Ea Nuôi, Buôn Đôn, Đắk Lắk",Đắk Lắk,27,"https://lh3.googleusercontent.com/p/AF1QipOc7aeCz1NEzwI4LllwPJDV7RRzls-_wtRuPAao, https://lh3.googleusercontent.com/p/AF1QipMDWODZJ7XCvjkXcUIO8yx8cajFf7wH9kLKgekM, "
Khu Bảo tồn lan rừng vườn Troh Bư - Buôn Đôn,3.9,Điểm thu hút khách du lịch,Không có giá,"Ea Nuôi, Buôn Đôn, Đắk Lắk",Đắk Lắk,918,"https://lh3.googleusercontent.com/p/AF1QipP2UAmXTc9x07leDgFpaBGXHWr6Yy5tuuFrOIxo, https://lh3.googleusercontent.com/p/AF1QipNS5B70rfDlX8NvrATBYfjgh4J5m47BkkjAloZS, "
Nhà Đày Buôn Ma Thuột,4.4,Địa điểm lịch sử,Không có giá,"18 Đường Tán Thuật, Tự An, Buôn Ma Thuột, Đắk Lắk",Đắk Lắk,598,"https://lh3.googleusercontent.com/p/AF1QipNTcQvtdwMwNuBhipgRfZhUVaGWKwThjuedKoYO, https://lh3.googleusercontent.com/p/AF1QipNlKQODIVju8oyBTKtXU_wR-0gyJ-ovmTjQTeM2, "
Công ty TNHH Lữ Hành Trúc Lâm Anh,4.7,Đại lý cho thuê xe ô tô,Không có giá,"55/6 Nguyễn Lương Bằng, Hoà Thắng, Buôn Ma Thuột, Đắk Lắk 630000",Đắk Lắk,35,"https://lh3.googleusercontent.com/p/AF1QipNTcQvtdwMwNuBhipgRfZhUVaGWKwThjuedKoYO, https://lh3.googleusercontent.com/p/AF1QipNlKQODIVju8oyBTKtXU_wR-0gyJ-ovmTjQTeM2, "
EDE FARM Store - Đặc sản Tây Nguyên,4.8,Trung tâm mua sắm,Không có giá,"Đ sách cà phê Buôn Ma Thuột, Thắng Lợi, Buôn Ma Thuột, Đắk Lắk",Đắk Lắk,33,"https://lh3.googleusercontent.com/p/AF1QipMbqI11Obw2rDpcX4MOYNMN5BAIYYRDuxZnJq-g, https://lh3.googleusercontent.com/p/AF1QipONKlf6MeH19yE8CHxOu0K8JIhv3ZYVPrj98hGE, "
Cội Nguồn Cà Phê Việt,4.5,Trang trại cây,Không có giá,"Km26, QL26, Ea Yông, Krông Pắc, Đắk Lắk",Đắk Lắk,13,"https://lh3.googleusercontent.com/p/AF1QipPb3ZgQVeSyRumqAuRZXDXPEHbYhBrUIg5Ap6z0, https://lh3.googleusercontent.com/p/AF1QipOLXS2LpeND7w0fNTFWw-Fe3XrnsA65FfSqR_9W, "
Moon Bar & Grill,4.3,Bar & Grill,Không có giá,"25/7 Lý Tự Trọng, Tân An, Buôn Ma Thuột, Đắk Lắk 630000",Đắk Lắk,17,"https://lh3.googleusercontent.com/p/AF1QipOQv9rcf1WNDyRv1FvIm7T8kEewqKC8J29TcYyl, https://lh3.googleusercontent.com/p/AF1QipN_zJ_N73n8LVoNp8cujLyomP8YDLkhc6WPYfmC, "
Đường sách Cà phê Buôn Ma Thuột,4.3,Điểm thu hút khách du lịch,Không có giá,"Đ sách cà phê Buôn Ma Thuột, Thắng Lợi, Buôn Ma Thuột, Đắk Lắk",Đắk Lắk,108,"https://lh3.googleusercontent.com/p/AF1QipPvjzFxlO05cA_yuIJBepMduq2iOo8sA_5dJsi8, https://lh3.googleusercontent.com/p/AF1QipPh6KmrWZZUix5H3pE0f98MnSdzdqLGCGBbD-gB, "
Đường sách cà phê Buôn Ma Thuột,Chưa xét,Tuyến đường,Không có giá,"Tp. Buôn Ma Thuột, Đắk Lắk",Đắk Lắk,không có đánh giá,"https://lh3.googleusercontent.com/p/AF1QipNwN7J8jQxPMHW22ZnXK-RGgul9riIG4SA67AdA, https://lh3.googleusercontent.com/p/AF1QipNHnxhhBWB6p67yZ0XtkahUSylNrzHipr0R596d, "
Khu Du lịch Sinh thái Đầu Nguồn,3.9,Nhà hàng,Không có giá,"Buôn Ako Dhong, cuối đường, Trần Nhật Duật, Buôn Ma Thuột, Đắk Lắk",Đắk Lắk,không có đánh giá,"https://lh3.googleusercontent.com/p/AF1QipPXbeyRNCTaynYrkeaTq2HycKOczm9brgd4FrR4, https://lh3.googleusercontent.com/p/AF1QipOOX8eT99lLXuf9eGMh15CSYw__y1G4BSFcyzhE, "
Thác Krông Kmar,4.3,Thắng cảnh,Không có giá,"F85P+PRQ, Krông Bông, Đắk Lắk",Đắk Lắk,4,"https://lh3.googleusercontent.com/p/AF1QipMdWRu5_qM2wkVA9IuR5feyNBHSiWqJ3diDKvKb, https://lh3.googleusercontent.com/p/AF1QipN1Z8vauhQZyNtdGR_g8ObTIIYcMRDtpqFBsP_R, "
Mộ Vua Voi,3.7,Điểm thu hút khách du lịch,Không có giá,"VQXM+CJG, Krông Na, Buôn Đôn, Đắk Lắk",Đắk Lắk,95,"https://lh3.googleusercontent.com/p/AF1QipP4FOdKeX3QEmRjbwUQwt6RQrS68v28e9rI5sFw, https://lh3.googleusercontent.com/p/AF1QipP2XHsTgnuU-ryJKL6skWmup1GGd3wepip-yyaf, "
Khu du lịch Hồ Lắk,3.5,Điểm thu hút khách du lịch,Không có giá,"Lak resort, 30 Âu Cơ, Liên Sơn, Lắk, Đắk Lắk",Đắk Lắk,78,"https://lh3.googleusercontent.com/p/AF1QipPppdYTUzQXm5j5LqBh0AjQP2RQuECyc-NiHXPH, https://lh3.googleusercontent.com/p/AF1QipOSDq61y3nWdxgIfDmyWkKMANqzNOkzLAogh0aJ, "
Đèo Phượng Hoàng,4.5,Đường vượt núi,Không có giá,"M'Đrắk, Đắk Lắk",Đắk Lắk,122,"https://lh3.googleusercontent.com/p/AF1QipO3ylX6CeQfEUeizwr2lFUn9HGu0J8yuOnsdO7J, https://lh3.googleusercontent.com/p/AF1QipPN9BTFDBRIOtnbJmzzWa1bzPIU3-pAQrHNHNS1, "
Khu Du lịch Bản Đôn - Ánh Dương,3.8,Điểm thu hút khách du lịch,Không có giá,"Krông Na, Buôn Đôn, Đắk Lắk",Đắk Lắk,231,"https://lh3.googleusercontent.com/p/AF1QipMfpFmg7WYQHU0F0T7kOim5mpK7jWleutcnG3C0, https://lh3.googleusercontent.com/p/AF1QipM8LUBp_4Ljg74AbPp6xN5lcBlD604Le4kEM1yh, "
Vườn Quốc gia Tà Đùng,4.4,Công viên quốc gia,Không có giá,"Đắk Plao, Đắk Glong, Đắk Nông",Đắk Nông,313,"https://lh3.googleusercontent.com/p/AF1QipM-SgxtQ7jUULNwiP1MFvgcXa40q_7ThvNx82sR, https://lh3.googleusercontent.com/p/AF1QipP36hDxZJi7JN4KQsStApwvKifdBOAvu3ahY1Fl, "
Quần thể hang động - núi lửa Chư Blúk,4.7,Điểm thu hút khách du lịch,Không có giá,"FWGV+8XV, Unnamed Road, Buôn Choah, Krông Nô District, Dak Nong",Đắk Nông,95,"https://lh3.googleusercontent.com/p/AF1QipM-SgxtQ7jUULNwiP1MFvgcXa40q_7ThvNx82sR, https://lh3.googleusercontent.com/p/AF1QipP36hDxZJi7JN4KQsStApwvKifdBOAvu3ahY1Fl, "
Thác Đray Sáp,4.3,Điểm thu hút khách du lịch,Không có giá,"GVQR+44F, Đắk Sôr, Krông Nô, Đắk Nông",Đắk Nông,818,"https://lh3.googleusercontent.com/p/AF1QipPCO44BkSlVrU4KINg8rYn0KDhmWrn-QlLuR0dP, https://lh3.googleusercontent.com/p/AF1QipPRHoN3Oyuiuol_bGeD1_RkuapGE6KrUP7EZUwV, "
Thác Lưu Ly,4.2,Thác nước,Không có giá,"Nâm N'Jang, Đắk Song, Đắk Nông",Đắk Nông,31,"https://lh3.googleusercontent.com/p/AF1QipPPnTSbtrRrCLDFL-O5eV1UJfHePgJrR7MszC4c, https://lh3.googleusercontent.com/p/AF1QipO3eNoH065CHTd5JKWcbhov1-bY7nsESXQ431QV, "
Hồ Trúc,4.5,Watering hole,Không có giá,"Ea T'Ling, Cư Jút, Đắk Nông",Đắk Nông,24,"https://lh3.googleusercontent.com/p/AF1QipOVMp8rp5FnU4g38DLuCtZzsZRPyKsx_txgmL7e, https://lh3.googleusercontent.com/p/AF1QipOgPYBdq3nLBVmI3rGUajesfcfW0mmthzCUKA28, "
Thiền Viện Trúc Lâm Đạo Nguyên,4.6,Chùa phật giáo,Không có giá,"TL 686, Đắk Song, Đắk Nông",Đắk Nông,135,"https://lh3.googleusercontent.com/p/AF1QipNESEyzIxZd15dN08FoXGte-FItXhv-w1vwWMhg, https://lh3.googleusercontent.com/p/AF1QipPo1w2Mng8EoXN-3Ld-aR7boxDRHAeDbGrCbniR, "
Thác Liêng Nung,4.3,Điểm thu hút khách du lịch,Không có giá,"Buôn N'Jriêng, Gia Nghĩa, Đắk Nông",Đắk Nông,153,"https://lh3.googleusercontent.com/p/AF1QipPa4edZDOwYBiV6s3pR3sbUbaDaFPa4SSoyhUBT, https://lh3.googleusercontent.com/p/AF1QipNo9ooqPjYOxo3QgFLtz4jBTbOOU3dyciKb0JYM, "
Thác Đắk G'Lung,4.2,Thắng cảnh,Không có giá,"Quảng Tâm, Tuy Đức, Đắk Nông",Đắk Nông,519,"https://lh3.googleusercontent.com/p/AF1QipORIVidaDgtI06baP8HzYw3qnG5B2P-1Zn3FhMx, https://lh3.googleusercontent.com/p/AF1QipMeHGXG6bkPfBK8JsINs-jtuPSsLQ11Lh1SswmX, "
Khu du lịch sinh thái Phước Sơn,3.6,Nhà hàng,Không có giá,"XGHR+6HF, Xã Đắk Wer, Đắk R'Lấp, Đắk Nông",Đắk Nông,112,"https://lh3.googleusercontent.com/p/AF1QipN7BX-iu8rj-5ismzh-Y-hQbNUcvkRECwXui_PC, https://lh3.googleusercontent.com/p/AF1QipPuy0sEax_1bNTca7MLGyjICnd_rgH978WBoEzG, "
Hồ Ea Snô,4.2,Hồ,Không có giá,"Krông Nô, Đắk Nông",Đắk Nông,13,"https://lh3.googleusercontent.com/p/AF1QipNK0y4fQ-NjNFy5B6-UkSvrZB3BNFKsppEms9_7, https://lh3.googleusercontent.com/p/AF1QipN6Iyg_NVHek9jbtWcyS7j-gsEm-DgODQxGqSqv, "
Thác Đray Nur,4.5,Điểm thu hút khách du lịch,Không có giá,"Đường đi thác Dray Nur, Dray Sáp, Krông A Na, Đắk Lắk",Đắk Nông,7.112,"https://lh3.googleusercontent.com/p/AF1QipMUQlB_HevloTgiOqnsrLzfgszFevuW7lbSbzci, https://lh3.googleusercontent.com/p/AF1QipPQ-sgR0A9of0XTMrJTUG5KsJEU2PnAAFcAtuWj, "
Thác Băng Rup (Trinh Nữ),3.9,Điểm thu hút khách du lịch,Không có giá,"Ea T'Ling, Cư Jút, Đắk Nông",Đắk Nông,228,"https://lh3.googleusercontent.com/p/AF1QipM6VJ__qSwcGz5vH0kRRljzdNQG_NzmH-leI2UD, https://lh3.googleusercontent.com/p/AF1QipMQ7eKsf9t5T4pCnq8TBFzmB8LPYxg3NxyIGgz1, "
Hồ Tây Đăk Mil,4.5,Hồ,Không có giá,"Đắk Mil, Đắk Nông",Đắk Nông,290,"https://lh3.googleusercontent.com/p/AF1QipOOizQLKrBSR8eX_-4KwtMsPLNSmbKCSyqCZc-Z, https://lh3.googleusercontent.com/p/AF1QipNshQeQbXq0GF_i6izifnpRwvjePyUgtNP5zTaf, "
Chùa Pháp Hoa,4.5,Chùa phật giáo,Không có giá,"16 Chu Văn An, Phường Nghĩa Thành, Gia Nghĩa, Đắk Nông",Đắk Nông,422,"https://lh3.googleusercontent.com/p/AF1QipP5o3uftjRnxW56GcHtL-EpISfSpGlBqJBb-XaM, https://lh3.googleusercontent.com/p/AF1QipPBYB9iQE27qfM6TB1ntrOV5Z0BJ30gl02LePiU, "
Chùa Hoa Nghiêm,4.3,Chùa,Không có giá,"129 Nguyễn Tất Thành, Đắk Mil, Đắk Nông",Đắk Nông,40,"https://lh3.googleusercontent.com/p/AF1QipMOWjbS7w5Yo8zDwh8yBhGe7X8OXBHCt32hk2bq, https://lh3.googleusercontent.com/p/AF1QipMZG9dH8prhFiujTP2VZ2V4NQ0odW9OpTd4frH5, "
Hồ Tà Đùng,4.7,Hồ chứa nước,Không có giá,Không có địa chỉ cụ thể,Đắk Nông,282,"https://lh3.googleusercontent.com/p/AF1QipO-NZAU1tRRGpbdp0VtlYZwJuuTFLIj2uxIm5ZW, https://lh3.googleusercontent.com/p/AF1QipNvko-dXLDWUs-O_zVB24DG_qXpnd3LLqI-GQYt, "
Vườn quốc gia Yok Đôn,4.3,Công viên quốc gia,Không có giá,"Krông Na, Buôn Đôn, Đắk Lắk",Đắk Nông,222,"https://lh3.googleusercontent.com/p/AF1QipMrQ4lOUgFI6-cwv-71leAqPbzp13mTgfKaiTu1, https://lh3.googleusercontent.com/p/AF1QipPG2OvXA00TDJMAOaq3JLYEmRKLXvKEG24urR5b, "
Đắk Mil,Chưa xét,Administrative Area2,Không có giá,Đắk Nông,Đắk Nông,không có đánh giá,"https://lh3.googleusercontent.com/p/AF1QipOd7xZqB_uUv8wtH1ge2MKUos9GrviPSmrl1s-a, https://lh3.googleusercontent.com/p/AF1QipPysF3Rd8MqdsjVZkgqz7yQYpxyC2udIqM_jm3N, "
Cư Jút,Chưa xét,Administrative Area2,Không có giá,Đắk Nông,Đắk Nông,không có đánh giá,"https://lh3.googleusercontent.com/p/AF1QipPP-HW9-1CdR-oupPL240MzMc6NWgU2QIT6OFzL, https://lh3.googleusercontent.com/p/AF1QipM1U2rwO5OFXWp4H5q6Wnexel4OU9hJ6Vgl6Vdc, "
Krông Nô,Chưa xét,Administrative Area2,Không có giá,Đắk Nông,Đắk Nông,không có đánh giá,"https://lh3.googleusercontent.com/p/AF1QipOjDHnDHrs9dIrbg1WdJlkUgcH5KMNwkCgXSyh3, https://lh3.googleusercontent.com/p/AF1QipPnU5M3y-Lq5kyY5af5fJzFRPcFwCSRveogOcbE, "
Đắk Song,Chưa xét,Administrative Area2,Không có giá,Đắk Nông,Đắk Nông,không có đánh giá,"https://lh3.googleusercontent.com/p/AF1QipNX1AbUeSmOGIGu3VMe_tWlUIkIFCKF4sQjCRSZ, https://lh3.googleusercontent.com/p/AF1QipNSgRmtGdCNi8ZuPAr7wyAX2z-M7t_XLEPD3laG, "
Đắk Glong,Chưa xét,Administrative Area2,Không có giá,Đắk Nông,Đắk Nông,không có đánh giá,"https://lh3.googleusercontent.com/p/AF1QipNX1AbUeSmOGIGu3VMe_tWlUIkIFCKF4sQjCRSZ, https://lh3.googleusercontent.com/p/AF1QipNSgRmtGdCNi8ZuPAr7wyAX2z-M7t_XLEPD3laG, "
Tuy Đức,Chưa xét,Administrative Area2,Không có giá,Đắk Nông,Đắk Nông,không có đánh giá,"https://lh3.googleusercontent.com/p/AF1QipPhXSbfpBw-kUshcPyDdtIfHNAaJud55iXl-uxF, https://lh3.googleusercontent.com/p/AF1QipN4QFiWLM2oc-gibpMTJtfh1XOmdL0m-8Ah4qjP, "
Đắk R'Lấp,Chưa xét,Administrative Area2,Không có giá,Đắk Nông,Đắk Nông,không có đánh giá,"https://lh3.googleusercontent.com/p/AF1QipN28TMHflOCyt1UBsnv7ZOcagAZysACH3QAdzXB, https://lh3.googleusercontent.com/p/AF1QipMevKfvqPw7z6Y5Os4297S4SkUbYKdzSk0-i0Tz, "
Chợ Tình Đắk R’Măng,4.2,Chợ,Không có giá,"2WP2+357, Đắk R'Măng, Đắk Glong, Đắk Nông",Đắk Nông,87,"https://lh3.googleusercontent.com/p/AF1QipMlkBAlg10PwRvExj3YQbFxY-QPpXmnqFL_Pza1, https://lh3.googleusercontent.com/p/AF1QipOKvUbT_SOeoxp-7is1xaj7hK3oh2LXsMXiV0Ga, "
Đồi chè Gia Nghĩa,3.8,Điểm thu hút khách du lịch,Không có giá,"XM96+MQ8, Phường Nghĩa Tân, Gia Nghĩa, Đắk Nông",Đắk Nông,32,"https://lh3.googleusercontent.com/p/AF1QipOEgh4KeqLslvZ3KHRxOJGM4IDT_9TNtU5JSQC8, https://lh3.googleusercontent.com/p/AF1QipMwikd7hClhogtLbvmZBA_cCwBwfvW3viKbcnL0, "
Thác 5 Tầng,4.3,Điểm thu hút khách du lịch,Không có giá,"Hưng Bình, Đắk R'Lấp, Đắk Nông",Đắk Nông,348,"https://lh3.googleusercontent.com/p/AF1QipOJOLk3Pt-2bnsBmk-Cfle0rvCMpQBo8jKxPFo0, https://lh3.googleusercontent.com/p/AF1QipMaBOG1uGPE0PsjTBlrWYg-EQ74pedNS2cTQ25p, "
Gia Nghĩa,Chưa xét,Tổ dân phố,Không có giá,Đắk Nông,Đắk Nông,không có đánh giá,"https://lh3.googleusercontent.com/p/AF1QipPMqNofq_vVQJb8oN2xICVMZmQsfgTPM-7fodvw, https://lh3.googleusercontent.com/p/AF1QipP90rcLsn6JuLUYKIwXjOl8R9zzpMQEsXvkWJJw, "
Thác 7 tầng Len Gun,4.8,Thắng cảnh,Không có giá,"7R4P+8C2, Đức Xuyên, Krông Nô, Đắk Nông",Đắk Nông,16,"https://lh3.googleusercontent.com/p/AF1QipP0Y5ZpRpBMHyTF_VzjBVisz8wWK76OZ3DEP9q7, https://lh3.googleusercontent.com/p/AF1QipOneUAafsYjRD4yELgb-Wm7G9QUz_0QlA-Hnvnb, "
Bảo tàng Chiến thắng Điện Biên Phủ,4.7,Bảo tàng lịch sử,Không có giá,"92J8+842, 279, Mường Thanh, Điện Biên Phủ, Điện Biên 380000",Điện Biên,661,"https://lh3.googleusercontent.com/p/AF1QipNb5ysiqYzWrjHbcEne3IQqdxlQrvOPXUS4KJDU, https://lh3.googleusercontent.com/p/AF1QipOtEixiQcwsnP9Rhuq-PViAAurKxcK5B9ZkVVz4, "
Cánh đồng Mường Thanh,4.6,Điểm thu hút khách du lịch,Không có giá,"9289+G96, Unnamed Road, Thanh Xương, Điện Biên Phủ, Điện Biên",Điện Biên,54,"https://lh3.googleusercontent.com/p/AF1QipNb5ysiqYzWrjHbcEne3IQqdxlQrvOPXUS4KJDU, https://lh3.googleusercontent.com/p/AF1QipOtEixiQcwsnP9Rhuq-PViAAurKxcK5B9ZkVVz4, "
Đồi A1,Chưa xét,Khu dân cư,Không có giá,"Mường Thanh, Mường Thanh, Tp. Điện Biên Phủ, Điện Biên",Điện Biên,không có đánh giá,"https://lh3.googleusercontent.com/p/AF1QipNNkhP-rod61ZkOnNzbueezwsHpDeabvdRJIHtM, https://lh3.googleusercontent.com/p/AF1QipNk-s2o4Ywp65DUHkOOIj2xnxq2eJShaj7Lgkkd, "
Deo Pha Din,4.5,Đường vượt núi,Không có giá,"Bá Khâm, Mường É, Thuận Châu, Sơn La",Điện Biên,259,"https://lh3.googleusercontent.com/p/AF1QipODQeIyme2l2q64IwRHGKJYqEkcf3vqu7ewD8HN, https://lh3.googleusercontent.com/p/AF1QipNeHIa_n0qZsCFalJcXwBZNRuj57NJIqpHANQcj, "
Cầu Mường Thanh,4.4,Cầu,Không có giá,"Bế Văn Đàn, Thanh Trường, Điện Biên Phủ, Điện Biên",Điện Biên,685,"https://lh3.googleusercontent.com/p/AF1QipNZWd-IIsgKjXpaeaHbYPmdF7seHQaPHEoPXNTv, https://lh3.googleusercontent.com/p/AF1QipPqlRiyKXKoFfB_pfKb_ZGwa7r-C8MpwILG42Dh, "
Nhà Hàng Hầm Đờ Cát,4.3,Nhà hàng,Không có giá,"QL12, Hồng Lệnh, Điện Biên Phủ, Điện Biên",Điện Biên,3,"https://lh3.googleusercontent.com/p/AF1QipOBK214tcEMMMJyHDysvhuWgIj6wDLPM1W9i5JQ, https://lh3.googleusercontent.com/p/AF1QipPM_b59hK1_MmmC0NkJ2V-KlW7uKRBZjm_SoIIH, "
Tượng đài Chiến Thắng Điện Biên Phủ,4.5,Đài tưởng niệm chiến tranh,Không có giá,"92R9+VH2, Mường Thanh, Điện Biên Phủ, Điện Biên",Điện Biên,1.091,"https://lh3.googleusercontent.com/p/AF1QipOsNNrCdkByMtf3rE6A2h5qmlCNopHi3sEhcASr, https://lh3.googleusercontent.com/p/AF1QipObTRRPwMrbxpOgI4DT4azTn5YOG9SAOlin-o8e, "
A Pa Chải,Chưa xét,Khu dân cư,Không có giá,"Sín Thầu, Mường Nhé, Điện Biên",Điện Biên,không có đánh giá,"https://lh3.googleusercontent.com/p/AF1QipNb9Dgok8BHtNGjSBvHML51iMIA1bWlC5Mb5HPK, https://lh3.googleusercontent.com/p/AF1QipMSzMw1ogrlK5bY093Ab6lJfgPP62oVjBwlsvNF, "
Hồ Pa Khoang,4.4,Hồ,Không có giá,"Mường Phăng, h. Điện Biên, Điện Biên",Điện Biên,79,"https://lh3.googleusercontent.com/p/AF1QipM7_sIdLfvsY9PZ_uCzr3Q0hAsceCw9SdD9UF2w, https://lh3.googleusercontent.com/p/AF1QipMn6_FWbh-OotFfzJKdelimxcy7ugaS4VO8VcCZ, "
Bản Văn Hóa Du Lịch Phiềng Lơi,4.6,Điểm thu hút khách du lịch,Không có giá,"C2HW+6PC, Thanh Minh, Điện Biên Phủ, Điện Biên",Điện Biên,104,"https://lh3.googleusercontent.com/p/AF1QipPg74LsNix2_VxUPnuajzM7VkDH74_7OIHTJ11F, https://lh3.googleusercontent.com/p/AF1QipNTGWz5VnpIWtBoL5RshiGI7Hq3EcBnOwiQ4Nc1, "
bản Men,Chưa xét,Khu dân cư,Không có giá,"Hồng Lệnh, Thanh Nưa, Tp. Điện Biên Phủ, Điện Biên",Điện Biên,không có đánh giá,"https://lh3.googleusercontent.com/p/AF1QipPas8fKZR5AiV_KpXrKCQxxfl1SHA92csosvdR3, https://lh3.googleusercontent.com/p/AF1QipMyTvc1UWGOdcFhTR21BPix5rRb0mCUfCwLC5ib, "
Động Pa Thơm,Chưa xét,Hang động,Không có giá,"Pa Thơm, h. Điện Biên, Điện Biên",Điện Biên,không có đánh giá,"https://lh3.googleusercontent.com/p/AF1QipMpu8FNESiDYWXbdrhK_nwTmw_6VRE9HBjatSZt, https://lh3.googleusercontent.com/p/AF1QipNtlvDqHFhMynD4jrArkVrlOreRzOusXfrCBH9a, "
Chợ Phiên Tả Sìn Thàng,4.7,Chợ,Không có giá,"28GP+VRV, ĐT129, Tả Sìn Thàng, Tủa Chùa, Điện Biên",Điện Biên,20,"https://lh3.googleusercontent.com/p/AF1QipOKqbkjeoy2dm3L6doR4a_7dNReOrUjbnrhE-DL, https://lh3.googleusercontent.com/p/AF1QipMLkvZIj2ypLAQBinOBb3EMdFkYjf79LS_CDb82, "
Sở chỉ huy Chiến dịch Điện Biên Phủ,4.6,Điểm mốc lịch sử,Không có giá,"F535+GX9 Di tích Lịch sử, Quốc lộ 279B, bản Phăng, h. Điện Biên, Điện Biên",Điện Biên,240,"https://lh3.googleusercontent.com/p/AF1QipPBcVWBN7HD1eXg8rhIW5PBWfvMikWvRllzejrd, https://lh3.googleusercontent.com/p/AF1QipNVlvAbQtc47h4Sn9vVm2V8aSQXiARComyDb2jW, "
bản Ten,Chưa xét,Khu dân cư,Không có giá,"Mường Phăng, Tp. Điện Biên Phủ, Điện Biên",Điện Biên,không có đánh giá,"https://lh3.googleusercontent.com/p/AF1QipOvnu-5QN0QS917exHMd45k0H8D5Q4dLNKDvDgP, https://lh3.googleusercontent.com/p/AF1QipOuhvjND-wKY3iF85nfo7BwDUQFj31llsJI570n, "
Cầu Hang Tôm,4.4,Cầu,Không có giá,"QL12, Sông Đà, Nậm Nhùn, Lai Châu",Điện Biên,87,"https://lh3.googleusercontent.com/p/AF1QipP19vc9b1alNWxx1_aKU9Iy8x_DlKRciEar0tRk, https://lh3.googleusercontent.com/p/AF1QipPkKoK4YNezGOMK3O_0kTQmPUDuNhj0J8J2bpgL, "
Thành Bản Phủ,4.2,Điểm mốc lịch sử,Không có giá,"8283+MRG, Đi khu di tích Thành Bản Phủ, Thanh Yên, h. Điện Biên, Điện Biên",Điện Biên,280,"https://lh3.googleusercontent.com/p/AF1QipPkKoK4YNezGOMK3O_0kTQmPUDuNhj0J8J2bpgL, https://lh3.googleusercontent.com/p/AF1QipMocbrRhxZ-TsTwKoXh2Ktj2QHEachud56cI4uY, "
Hồ Pe Luông,4.0,Hồ,Không có giá,"Thanh Luông, h. Điện Biên, Điện Biên",Điện Biên,13,"https://lh3.googleusercontent.com/p/AF1QipNQHt-oAmIjaymIbP5arWrtEylamw9JdqIZcwlX, https://lh3.googleusercontent.com/p/AF1QipNje7ROm4Gdhc-UJxmwfhdANpp6avsj4Xeru49w, "
Thị xã Mường Lay,Chưa xét,Tổ dân phố,Không có giá,"Mường Lay, Điện Biên",Điện Biên,không có đánh giá,"https://lh3.googleusercontent.com/p/AF1QipOj_yxGFR-n-hC9O34tgJ2IuEPawQyAl28By1Jo, https://lh3.googleusercontent.com/p/AF1QipPYdu3uFp0dXn72ComWck6G40jrh2NYSszwcZUO, "
Công viên Suối Mơ,4.5,Công viên nước,120.000 ₫,"9 Trà Cổ, Tân Phú, Đồng Nai",Đồng Nai,không có đánh giá,"https://lh3.googleusercontent.com/p/AF1QipM2Lrsdggr_PL-ulhnlIbQkPzWMkkJGB88ac5wE, https://lh3.googleusercontent.com/p/AF1QipMmFQe4-cOLxNc84jCoRoRo8jGX0VIJmz8t1mhs, "
Khu du lịch sinh thái Thác Giang Điền,4.1,Công viên sinh thái,Không có giá,"104/4 Khu Công Nghiệp Giang Điền, Giang Điền, Trảng Bom, Đồng Nai",Đồng Nai,2.179,"https://lh3.googleusercontent.com/p/AF1QipM2Lrsdggr_PL-ulhnlIbQkPzWMkkJGB88ac5wE, https://lh3.googleusercontent.com/p/AF1QipMmFQe4-cOLxNc84jCoRoRo8jGX0VIJmz8t1mhs, "
Khu du lịch Sinh Thái Bò Cạp Vàng,4.2,Điểm thu hút khách du lịch,Không có giá,"số 203 Ấp 3, Phước Khánh, Nhơn Trạch, Đồng Nai 76263",Đồng Nai,3.642,"https://lh3.googleusercontent.com/p/AF1QipPyE3505zoxBtsFuPxOypz3nj8Zaj7iHAMdlKZk, https://lh3.googleusercontent.com/p/AF1QipOuhjzKbA_MQpgwBijKsHqiJ7wN-Ib5IWYo0YTU, "
Đá Ba Chồng,4.4,Điểm mốc lịch sử,Không có giá,"231 QL20, TT. Định Quán, Định Quán, Đồng Nai",Đồng Nai,1.759,"https://lh3.googleusercontent.com/p/AF1QipOcxd1ZTcVVuOKJNPWzqkYX9sS_1ulzsmXi-dis, https://lh3.googleusercontent.com/p/AF1QipMCB01jTJZxJLG125409Eh8gXlSCB6BW1lkWACm, "
Vườn Quốc Gia Cát Tiên,4.3,Công viên quốc gia,Không có giá,"Ấp 1, Tân Phú, Đồng Nai",Đồng Nai,5.435,"https://lh3.googleusercontent.com/p/AF1QipM1bAXwMDT6N63DCWkP0VyCxZpd8sHvHOdYkunc, https://lh3.googleusercontent.com/p/AF1QipM6wPbSnEavZDEhZrRlgYMEOl0uWdA_JJXlbsni, "
Khu du lịch Bửu Long,4.3,Điểm thu hút khách du lịch,Không có giá,"Huỳnh Văn Nghệ, Khu Phố 4, Tp. Biên Hòa, Đồng Nai",Đồng Nai,11.195,"https://lh3.googleusercontent.com/p/AF1QipMDBWvq6bv44-A91IpNQOqatHJ7ookllGEpXu_4, https://lh3.googleusercontent.com/p/AF1QipPFiMHJezNsgkJ1p6sUbEvtQJ0hLj61GMB3Vkbe, "
Khu du lịch sinh thái Vườn Xoài,4.2,Điểm thu hút khách du lịch,Không có giá,"537 Đinh Quang Ân, Phước Tân, Tan Cang, Đồng Nai",Đồng Nai,không có đánh giá,"https://lh3.googleusercontent.com/p/AF1QipO25JHkR2k_YjFHRgBMhJEEfD8eoK6x9tv8xJ4E, https://lh3.googleusercontent.com/p/AF1QipP5YIPEgU5mrpq2rAgM_lJhJmDYvskYoOpSGFPg, "
Văn miếu Trấn Biên,4.6,Nơi thờ cúng,Không có giá,"XR72+WJ7, Bửu Long, Biên Hòa, Đồng Nai",Đồng Nai,508,"https://lh3.googleusercontent.com/p/AF1QipMD9ID0UNsYJeWaz-jNOnaTgVFZXNSWZA1OOB2x, https://lh3.googleusercontent.com/p/AF1QipPEZKq9sZRNVIVzYHYitcOG329FpfHn4c6Ej-Ar, "
Núi Chứa Chan,4.5,Đỉnh núi,Không có giá,"Xuân Lộc, Đồng Nai",Đồng Nai,1.143,"https://lh3.googleusercontent.com/p/AF1QipMZYzumehepkiSnWG-b6L2AKdvut0BY64NNQPks, https://lh3.googleusercontent.com/p/AF1QipO3QqI-IfO5i9NMO_7DN2mRc932oF6UtO9_rl5u, "
Làng bưởi Năm Huệ Tân Triều,4.1,Nhà hàng,Không có giá,"133/17 Hương Lộ 9, Tân Bình, Vĩnh Cửu, Đồng Nai",Đồng Nai,1.601,"https://lh3.googleusercontent.com/p/AF1QipMgb6SqEsHDGfRhoq5WXCjrN62_U0-vpqPOZory, https://lh3.googleusercontent.com/p/AF1QipPVyOYDNS5Ut2_dK8_K8ADS-UrHs6Vk-OQw2gbO, "
Làng Du Lịch Sinh Thái Tre Việt - Funland,4.3,Điểm thu hút khách du lịch,120.000 ₫,"25 Phan Văn Đáng, Phú Hữu, Nhơn Trạch, Đồng Nai 76000",Đồng Nai,432,"https://lh3.googleusercontent.com/p/AF1QipNavnSPQwCeJsWhNVnDtkR5gXy3c0kZVtZIjUak, https://lh3.googleusercontent.com/p/AF1QipN9wE5pIHP6g3ZmquY7DMRUGGgENGydVncL3m8g, "
Khu du lịch Bửu Long,4.2,Sân chơi,Không có giá,"XQ6V+H43, Nguyễn Đình Chiểu, Bửu Long, Biên Hòa, Đồng Nai",Đồng Nai,87,"https://lh3.googleusercontent.com/p/AF1QipOXxSFIlz3h-HDhN0z1pPlKmkteVcxd1pAy9Rh4, https://lh3.googleusercontent.com/p/AF1QipN-ukT06o9E4zJjTmYJ4Gt0x3bh1KGoYgoerqOL, "
Thiền viện Thường Chiếu,4.7,Chùa phật giáo,Không có giá,"1C QL51, Phước Thái, Long Thành, Đồng Nai",Đồng Nai,1.655,"https://lh3.googleusercontent.com/p/AF1QipMQY0uW6kFwOteflPqLNnUlvwQRkaPT_3MUjRDN, https://lh3.googleusercontent.com/p/AF1QipOVKMWiHYDI5KT74mJ5m-fX4zOTaUM0uOGXoCBb, "
Thác Mai,4.0,Ao,Không có giá,"Gia Canh, Định Quán, Đồng Nai",Đồng Nai,177,"https://lh3.googleusercontent.com/p/AF1QipPvN1pDTOtx72dDYa53wrJvNcCQIBrEecdlTG-R, https://lh3.googleusercontent.com/p/AF1QipNVwi7QDV_OAg4HsA9efbjoEQlkJq_vKUc7AMdQ, "
Khu du lịch Đảo Ó,4.1,Đại lý du lịch bằng thuyền,Không có giá,"Bến đò Đảo Ó, 01B Tôn Đức Thắng, Tổ 3B, Khu Phố 8, Vĩnh Cửu, Đồng Nai 70000",Đồng Nai,1.118,"https://lh3.googleusercontent.com/p/AF1QipMbKYwD1_v5NGl2ow8gyFIxI0BQv3iCU8L_pnc0, https://lh3.googleusercontent.com/p/AF1QipN4N4BiEbFV53VmeNdWNnmBfSAB_6IYGnhvMHYH, "
Thác Đá Hàn,3.8,Điểm thu hút khách du lịch,Không có giá,"Tổ 15, Ấp 5, Sông Trầu, Trảng Bom District, Dong Nai",Đồng Nai,1.482,"https://lh3.googleusercontent.com/p/AF1QipPvGevs6oL82uy-CWs1nLpOHV5KFXbHwnXIBWgV, https://lh3.googleusercontent.com/p/AF1QipOYcNvLOWyBJfAW1MrPqaPxPy1I2uer8uglqPIh, "
Siêu Công Viên Nước The Amazing Bay - Vịnh Kỳ Diệu,4.4,Công viên nước,490.000 ₫,"Quốc lộ 51, Khu phố 4, Biên Hòa, Đồng Nai",Đồng Nai,2.163,"https://lh3.googleusercontent.com/p/AF1QipNtqetRzVpT_T-27s4rX1k-owHwP5gwdzCcgXcl, https://lh3.googleusercontent.com/p/AF1QipMIKWNzW7NjGHrC5YrC-YDdaJPEmkr5Sxwy9Sf-, "
Khu du lich bằng lăng tím,4.7,Điểm thu hút khách du lịch,Không có giá,"MV75+3C4, Vĩnh Thạnh, Nhơn Trạch, Đồng Nai",Đồng Nai,11,"https://lh3.googleusercontent.com/p/AF1QipO4IC9iRpN8avmzePeZTCrvzkVNBA8xl2MZFF-A, https://lh3.googleusercontent.com/p/AF1QipO2lSI3unMgQDWHmFd6zkBGiaH8QhUXLWzUsDWu, "
Khu Du Lịch Cao Minh,3.9,Điểm thu hút khách du lịch,Không có giá,"547 Tổ 2 Ấp 2 Xã, Vĩnh Tân, Vĩnh Cửu, Đồng Nai 810000",Đồng Nai,1.227,"https://lh3.googleusercontent.com/p/AF1QipO-SSL92Br8-nXokfOvhfwQWJT_luWe3ns5LbeG, https://lh3.googleusercontent.com/p/AF1QipNhGkg1ZfgY8fGFdjeVGuccYwgDS-nhhMTCImsH, "
Hồ Suối Vọng,4.4,Hồ,Không có giá,"Cẩm Mỹ, Đồng Nai",Đồng Nai,102,"https://lh3.googleusercontent.com/p/AF1QipPJBbvShB66xoXE8fYxE-8c0xvenJiXkGqEPgrs, https://lh3.googleusercontent.com/p/AF1QipPBkIPayU-u4kvxNAEwo_e4LsrqO40K17eLWUmT, "
Nhà máy Thuỷ điện Trị An,4.6,Nhà máy thủy điện,Không có giá,"4X3M+XQ4, Hiếu Liêm, Vĩnh Cửu, Đồng Nai",Đồng Nai,323,"https://lh3.googleusercontent.com/p/AF1QipO0unufMV4z5_RG_6t5OESLYHSXzxx0F9KwjXQE, https://lh3.googleusercontent.com/p/AF1QipMpfsyUuL1UKGTrR-QHvuPIJj_aE6205-qmhoWL, "
KDL Suối Mơ - Đồng Nai,4.2,Điểm thu hút khách du lịch,Không có giá,"suối mơ, Trà Cổ, Tân Phú, Đồng Nai",Đồng Nai,1.487,"https://lh3.googleusercontent.com/p/AF1QipO0unufMV4z5_RG_6t5OESLYHSXzxx0F9KwjXQE, https://lh3.googleusercontent.com/p/AF1QipMpfsyUuL1UKGTrR-QHvuPIJj_aE6205-qmhoWL, "
Khu Du lịch Thác Mai,4.1,Điểm thu hút khách du lịch,Không có giá,"Gia Canh, Định Quán, Đồng Nai",Đồng Nai,427,"https://lh3.googleusercontent.com/p/AF1QipPLI3kwophfWMI777vtPxq2COG27o2FG8pmFd02, https://lh3.googleusercontent.com/p/AF1QipPugFpWy2PXimK4lssa35keHR2eIBtNeOSvXS7V, "
Chùa Bạch Liên,5.0,Chùa phật giáo,Không có giá,"263 QL51, Long Đức, Long Thành, Đồng Nai",Đồng Nai,6,"https://lh3.googleusercontent.com/p/AF1QipPrQAOgZ5z-UKXByOadYfnwzITsaud4So80DARF, https://lh3.googleusercontent.com/p/AF1QipNvaGxlIP6AkrS0i9NLMMw_RI0Xw4-i6RO-Jl9Q, "
Hồ Trị An,4.5,Hồ,Không có giá,Đồng Nai,Đồng Nai,1.338,"https://lh3.googleusercontent.com/p/AF1QipP2OHvyknRRUEHni5sd5bBIjgr6QUYxiuKF83RH, https://lh3.googleusercontent.com/p/AF1QipPg9rietKwdi9C64Z66-RG4GChZkwGB6yB5GHm-, "
Long An,Chưa xét,Administrative Area3,Không có giá,"Long Thành, Đồng Nai",Đồng Nai,không có đánh giá,"https://lh3.googleusercontent.com/p/AF1QipOKhW2Mroo5wUJnK4AKbkCF_Kc3UXMyGcZvvU2R, https://lh3.googleusercontent.com/p/AF1QipNBzWtBlyAmXmP-PXy25WJWRt_yRJjix8hJ0CQX, "
Thiền viện Phước Sơn,4.7,Chùa phật giáo,Không có giá,"Chùa Phước Sơn, 368 Thành Thái KP. Tân Cang, Phước Tân, Biên Hòa, Đồng Nai",Đồng Nai,400,"https://lh3.googleusercontent.com/p/AF1QipMFctUmWNmn8ik44W8mv4XvNdV8Ul7sSj9eUUVB, https://lh3.googleusercontent.com/p/AF1QipNAGoFSZ0wsGEkroMe3_kF3B__NooT9iAdTfg4, "
Khu du lịch núi Chứa Chan,4.3,Điểm thu hút khách du lịch,Không có giá,"Unnamed, Road, Xuân Lộc, Đồng Nai",Đồng Nai,708,"https://lh3.googleusercontent.com/p/AF1QipPRSDHhHqP-3Ebvfz-xjEgOjWFPOC7NskqrXaon, https://lh3.googleusercontent.com/p/AF1QipPTf8ArnR9dohOhJgYYCM0QfDDqyeql-nqGRpld, "
Bàu Sấu,4.4,Đầm lầy,Không có giá,"Tân Phú, Đồng Nai",Đồng Nai,7,"https://lh3.googleusercontent.com/p/AF1QipP61V167I0sf8H1hWVXJbEUck9R0vdO_mpz5oZU, https://lh3.googleusercontent.com/p/AF1QipM_mz9JDa6PRGlaaZ9eFfr1_rUsq4XSVmhx--9s, "
Đảo Ó - Ðồng Trường,4.0,Đảo,Không có giá,"Vĩnh Cửu, Đồng Nai",Đồng Nai,318,"https://lh3.googleusercontent.com/p/AF1QipNMTkDZBOQ_XS97HMj5BVqPtwdO99oqJDuXx2bf, https://lh3.googleusercontent.com/p/AF1QipMMLZ-rH-wgr6mf4oYm2KyoNwr0slH7aM-8qjDd, "
Công Ty Du Lịch VietHoliday Tourist,4.0,Du lịch,Không có giá,"F111-D7, Đ. Võ Thị Sáu, Thống Nhất, Biên Hòa, Đồng Nai",Đồng Nai,45,"https://lh3.googleusercontent.com/p/AF1QipPyYvRuPY_eeR2U4C80FT4sv-8gaPsk6GmdEWs9, https://lh3.googleusercontent.com/p/AF1QipPnRUP2M8U5H0Ay1XHJWRUyQC8Qoo3kTtKo9GUY, "
Khu du lịch - đô thị Sơn Tiên,3.9,Công viên giải trí,Không có giá,"QL51, Khu phố 4, Biên Hòa, Đồng Nai",Đồng Nai,461,"https://lh3.googleusercontent.com/p/AF1QipP3yDeZpdjNfgr70_iM03jpAze3cSTevEkuZR-i, https://lh3.googleusercontent.com/p/AF1QipOuMbFaB2in3DXwv-xArnd6Hmk0fzKIVhWjeyIc, "
Vườn quốc gia Tràm Chim,4.1,Công viên quốc gia,Không có giá,"PG95+3JG, Khóm 4, Tam Nông, Đồng Tháp",Đồng Tháp,3.166,"https://lh3.googleusercontent.com/p/AF1QipM1sBf-W7hi3xACI4WeOIoDtUQClH1yCOQOO1df, https://lh3.googleusercontent.com/p/AF1QipOKhigvfzHQ8MF_QagX_JSgNOAJcKKxmgw-6rAi, "
Khu di tích Xẻo Quít,4.2,Khu bảo tồn thiên nhiên,Không có giá,"9RX3+4VW, Ấp 4, Cao Lãnh, Đồng Tháp",Đồng Tháp,2.609,"https://lh3.googleusercontent.com/p/AF1QipM1sBf-W7hi3xACI4WeOIoDtUQClH1yCOQOO1df, https://lh3.googleusercontent.com/p/AF1QipOKhigvfzHQ8MF_QagX_JSgNOAJcKKxmgw-6rAi, "
Nhà cổ Huỳnh Thuỷ Lê,4.3,Điểm thu hút khách du lịch,Không có giá,"255A Đường Nguyễn Huệ, Phường 2, Sa Đéc, Đồng Tháp",Đồng Tháp,414,"https://lh3.googleusercontent.com/p/AF1QipP2osEDxiAV6eNm_laNNGae40Z4U3vzAq_Q4YMh, https://lh3.googleusercontent.com/p/AF1QipPf1cnvW-RWIuy6_qsH-mE0w477cMQyFwXjf2iN, "
Phước Kiển Tự (Chùa Lá Sen),4.1,Chùa phật giáo,Không có giá,"Hoà Tân, Châu Thành, Đồng Tháp",Đồng Tháp,2.404,"https://lh3.googleusercontent.com/p/AF1QipNa9cgbC9cKj6TUDoBPRgvEpQO02OHw-fC5G3AH, https://lh3.googleusercontent.com/p/AF1QipPFDaJUmIH3c7wCao-AU7iZPd3_L5yXUjhztOBN, "
Khu di tích Gò Tháp,4.4,Bảo tàng khảo cổ học,Không có giá,"JR2G+CV6, Ấp 1, Tháp Mười, Đồng Tháp",Đồng Tháp,276,"https://lh3.googleusercontent.com/p/AF1QipMWc56vnx7ijma14GPQsYdZDeNBRzNcleKsMaKP, https://lh3.googleusercontent.com/p/AF1QipP3BO6VZKVQnehIvQD4xw7Wd97Gpbjid6Y7639S, "
Làng hoa Sa Đéc,4.4,Điểm thu hút khách du lịch,Không có giá,"Đường Hoa Sa Đéc, Tân Qúy Đông, Sa Đéc, Đồng Tháp 670000",Đồng Tháp,3.310,"https://lh3.googleusercontent.com/p/AF1QipNGUDyYby9Drlnay7Wu-zh6PqGY1wq-jB5bGntZ, https://lh3.googleusercontent.com/p/AF1QipNCscCckbS3JTeVTnFTls1GmFjz0y6OhT9d72zr, "
Kiến An Cung (Chùa Ông Quách),4.5,Chùa,Không có giá,"39 Đường Phan Bội Châu, Phường 1, Sa Đéc, Đồng Tháp",Đồng Tháp,269,"https://lh3.googleusercontent.com/p/AF1QipNBGiiV3-dBCI2rOkfVVnBp-5j9FKqacJx6nE2I, https://lh3.googleusercontent.com/p/AF1QipMP3joBCU8gJlRUHjPVa7ueOKc5YO3fU5dgruRA, "
Khu du lịch sinh thái Gáo Giồng,4.0,Điểm thu hút khách du lịch,Không có giá,"HJQ6+8MW, Unnamed Road, Phong Mỹ, Cao Lãnh, Đồng Tháp",Đồng Tháp,1.236,"https://lh3.googleusercontent.com/p/AF1QipPjZI92W1_aMingLYjD907Ry5tjqthysLDwU2Kk, https://lh3.googleusercontent.com/p/AF1QipP2PDOpAusvz4dzWKnU_xN8s9mwioF6FyMY9s21, "
KHU DU LỊCH VĂN HÓA PHƯƠNG NAM,4.2,Điểm thu hút khách du lịch,Không có giá,"Long Hưng A, Lấp Vò, Đồng Tháp",Đồng Tháp,1.374,"https://lh3.googleusercontent.com/p/AF1QipOFwWxtd3W7a53p7MvWE67dF6AW1NV5YcP-doBn, https://lh3.googleusercontent.com/p/AF1QipNJW-cJtL64hBFZ03cCUDVv8nKe5TzxxlYfCbYC, "
Khu Du Lịch Đồng Sen Tháp Mười,4.1,Nhà hàng,Không có giá,"1 Ấp 1, Tân Kiều, Tháp Mười, Đồng Tháp",Đồng Tháp,190,"https://lh3.googleusercontent.com/p/AF1QipNtbUqrUAzjHhANRdVbbqRNYgeWqSTne8JXU8IT, https://lh3.googleusercontent.com/p/AF1QipOxxd9DMsHAvMDE0ApA-PUrp1L4x47a2g1eiuyr, "
Chợ Chiếu Định Yên,4.3,Chợ,Không có giá,"Unnamed Road, Lấp Vò, Đồng Tháp",Đồng Tháp,292,"https://lh3.googleusercontent.com/p/AF1QipMX4xxhDYZkzgpC4Xpf8nyr4X6JbIReDOFmM9tU, https://lh3.googleusercontent.com/p/AF1QipMgn0RY9jvLM6fKzgQIF-E3t3y2jGVDd65S4vjx, "
Tamara-Vườn Chà Là,4.2,Tham quan trang trại hộ gia đình,Không có giá,"sa nhiên, Tân Qúy Đông, Sa Đéc, Đồng Tháp",Đồng Tháp,211,"https://lh3.googleusercontent.com/p/AF1QipNR_nFnxAFeKkwrmvjnbRVkWGxW3y7WNPNvOuWh, https://lh3.googleusercontent.com/p/AF1QipPvlDVS4dI-C3aN9BCCf7eOs054-h3-KfMOflIq, "
Quýt Hồng Lai Vung,4.3,Agricultural,Không có giá,"Lai Vung, Đồng Tháp",Đồng Tháp,95,"https://lh3.googleusercontent.com/p/AF1QipNoE-aejAeLOMs9CPfCpCNwVv3c5zgJvCrpkwKY, https://lh3.googleusercontent.com/p/AF1QipO7M0MLFtfXUZgSAMotyQycP0R4h1xKg-zafvQ_, "
Đường Hoa Sa Đéc,Chưa xét,Tuyến đường,Không có giá,"Tân Quy Đông, Thành phố Sa Đéc, Đồng Tháp",Đồng Tháp,không có đánh giá,"https://lh3.googleusercontent.com/p/AF1QipN-vNvkUYTS3l_aQxFDeICqgwgaKadhS1rANmxX, https://lh3.googleusercontent.com/p/AF1QipNiLJ5Rj9vVwuBRD09jMbtLBuLKzEsh28qcl8gt, "
Bảo Tàng Đồng Tháp,4.2,Bảo tàng lịch sử,Không có giá,"226 Nguyễn Thái Học, Phường 4, Cao Lãnh, Đồng Tháp",Đồng Tháp,354,"https://lh3.googleusercontent.com/p/AF1QipN8HDtu69jUBSo_Szi1Jl_LVWANfYjnavlMTKyf, https://lh3.googleusercontent.com/p/AF1QipPY_aaeuMyA4WahXbjDOVhTGb35EGzAkep48RcG, "
Khu Di Tích Nguyễn Sinh Sắc,4.6,Nơi thờ cúng,Không có giá,"137 Phạm Hữu Lầu, Phường 4, Cao Lãnh, Đồng Tháp",Đồng Tháp,619,"https://lh3.googleusercontent.com/p/AF1QipMzBkadSP1iGiRtsAYqPATTS4XNLjty-5Jgfhwr, https://lh3.googleusercontent.com/p/AF1QipPGYvPbJUbQuB9jSe71Sy72ilKJy-IPPcXo_v1p, "
Hoa kiểng Sa Đéc,Chưa xét,Trung tâm cây cảnh,Không có giá,"Vươn kiểng Thầy Đông, Đường Bùi Thị Xuân, Tân Qúy Đông, Sa Đéc, Đồng Tháp 02773",Đồng Tháp,không có đánh giá,"https://lh3.googleusercontent.com/p/AF1QipPbwFPsBEShUZkfqJ-d-bt2h-tQIr9Izc8cHJ0p, https://lh3.googleusercontent.com/p/AF1QipMqLWjM_uhSFOYo7znjjjcdQOfZsSqb8ORZ6dgA, "
Văn Thánh Miếu,4.6,Nơi thờ cúng,Không có giá,"FJ6P+H2Q, Phường 1, Cao Lãnh, Đồng Tháp",Đồng Tháp,297,"https://lh3.googleusercontent.com/p/AF1QipMg1iy0xcfGKdp_qXEnPUhivk3R6JywX1Si5HtV, https://lh3.googleusercontent.com/p/AF1QipPpfSfi1-ji_2booUv68Js8tHSR67rv2THr35Yu, "
Khu Du Lịch Sinh Thái Nam Hương,4.8,Vườn,Không có giá,"VFH6+CJP, TT. Sa Rài, Tân Hồng, Đồng Tháp",Đồng Tháp,58,"https://lh3.googleusercontent.com/p/AF1QipPgXr-2VLuPzAw32g_3_pBEnQ4CjVx_tXa4gvN-, https://lh3.googleusercontent.com/p/AF1QipOv39U1S4rNm8w9PfMtXtSldcL6Mg5ArJG3BQYv, "
Công viên Sa Đéc,4.5,Công viên thành phố,Không có giá,"Đ. Tôn Đức Thắng, Phường An Hoà, Sa Đéc, Đồng Tháp",Đồng Tháp,2.500,"https://lh3.googleusercontent.com/p/AF1QipPMefBkONmcVk1MztPoViNreq_Y1G-4xPw8QM8B, https://lh3.googleusercontent.com/p/AF1QipMP5GnD3nMfSFnOZR6LNiAf8P8qGKVH3dlIDEg_, "
Lăng Cụ Nguyễn Sinh Sắc,4.6,Bảo tàng lịch sử địa phương,Không có giá,"CJWJ+MC7, Phường 4, Cao Lãnh, Đồng Tháp",Đồng Tháp,645,"https://lh3.googleusercontent.com/p/AF1QipNpxRNf_sGeg0VMlLC4_SVg4scARXg3Lle3LwwA, https://lh3.googleusercontent.com/p/AF1QipP1xf5AlKt46-dKhPYbqlJ556CvB7KUMZbUL_wR, "
Khu Du Lịch Hoa Kiểng Sa Đéc (Sa Dec Ornamental Flower Tourist Area),4.2,Điểm thu hút khách du lịch,Không có giá,"Tân Khánh Đông, Sa Đéc, Đồng Tháp",Đồng Tháp,263,"https://lh3.googleusercontent.com/p/AF1QipNpxRNf_sGeg0VMlLC4_SVg4scARXg3Lle3LwwA, https://lh3.googleusercontent.com/p/AF1QipP1xf5AlKt46-dKhPYbqlJ556CvB7KUMZbUL_wR, "
Khu du lịch Cánh đồng hoa hồng Sa Đéc,4.2,Điểm thu hút khách du lịch,Không có giá,"Cao Thắng, Tân Huề, Sa Đéc, Đồng Tháp 81813",Đồng Tháp,598,"https://lh3.googleusercontent.com/p/AF1QipPMpD1NqJyylMFiXOiWF0uYxSrcpVWAmiZ1JNCh, https://lh3.googleusercontent.com/p/AF1QipNGuwrn9jo52jO85X6ugdwUVG3ZKcaGb_gF9Dqe, "
Làng Hoa Đồng Tháp,4.3,Chợ hoa,Không có giá,"8PGH+FXV, Cao Thắng, Tân Qúy Đông, Sa Đéc, Đồng Tháp",Đồng Tháp,41,"https://lh3.googleusercontent.com/p/AF1QipMnshflPnXSQ2yNlIyVuz6U7OEqyDCteZH8QBa9, https://lh3.googleusercontent.com/p/AF1QipOq3t6vYO8RvGmUDAeFzFa4XtYdhLOvJMpNuFSB, "
Cầu Cao Lãnh,Chưa xét,Cầu,Không có giá,"Cầu Cao Lãnh, Tịnh Thới, Cao Lãnh, Đồng Tháp",Đồng Tháp,không có đánh giá,"https://lh3.googleusercontent.com/p/AF1QipPM0c5Me8NqUNdAOht19QLfI4KqTfZomC3u7PEq, https://lh3.googleusercontent.com/p/AF1QipN26aQWjHRWGzmUUTyWQXaPVi3cgiJ_r7AFj2UL, "
Cầu Vàm Cống,Chưa xét,Cầu,Miễn phí,"Cầu Vàm Cống, Định An, Thốt Nốt, Cần Thơ",Đồng Tháp,không có đánh giá,"https://lh3.googleusercontent.com/p/AF1QipPiZmKptHfczjvsFimawOUTOO8Ca8i6lAUPVBbJ, https://lh3.googleusercontent.com/p/AF1QipP4yFKzi3J1vZNBEM5gauiE8LRiqCMhZAXpCbwn, "
Khu du lịch Tràm Chim Đồng Tháp,4.0,Công viên quốc gia,Không có giá,"Vườn Quốc Gia, Khóm 4, Tam Nông, Đồng Tháp",Đồng Tháp,929,"https://lh3.googleusercontent.com/p/AF1QipOfq5TxcNNznS08kjcTfwQTxwXAuA-RqQv36tC6, https://lh3.googleusercontent.com/p/AF1QipMEnsBPj-JTpxLy27OWHoqRL4d8wjK0ByWpG0mw, "
Vựa trái cây,Chưa xét,Trang trại,Không có giá,"7JC7+898, Lò Tường, Long Hậu, Lai Vung, Đồng Tháp",Đồng Tháp,không có đánh giá,"https://lh3.googleusercontent.com/p/AF1QipPgwLpucem6tNHNHR5FgWsCRQt_yNdSaAZB2Egy, https://lh3.googleusercontent.com/p/AF1QipNWuzO4mJJm41T8yIbhtZyPXr2QD6pbEmvSSUMN, "
CHÙA LONG PHƯỚC,5.0,Chùa phật giáo,Không có giá,"340 Lộ Mương Chùa, Hội An Đông, Lấp Vò, Đồng Tháp",Đồng Tháp,4,"https://lh3.googleusercontent.com/p/AF1QipP4CseVxLmTWAHYV4LTf1oWwqcdSj8NYOhWFZXG, https://lh3.googleusercontent.com/p/AF1QipPdCWQktPjpBUdcqjyMYKDxsO0KLdXWLY4Boxxy, "
Văn Thánh Miếu vĩnh long,4.3,Địa điểm lịch sử,Không có giá,"6XVM+4R5, Trần Phú, Phường 4, Vĩnh Long",Đồng Tháp,374,"https://lh3.googleusercontent.com/p/AF1QipMRf8AmU-jOv2uyWbWLwPw6s5IcIiEjXIKAktay, https://lh3.googleusercontent.com/p/AF1QipP2-jS6MjiFJkllL4eQqB1vOjHID9rQtjojOJDN, "
Happy land Hùng Thy Sa Đéc,3.8,Đại lý du lịch,Không có giá,"113 c đường hoa sa nhiên cai dao, Tân Qúy Đông, Sa Đéc, Đồng Tháp",Đồng Tháp,96,"https://lh3.googleusercontent.com/p/AF1QipO1o90RVj4qzj336c5YWfQiG6XRvD2gmZlt4HPA, https://lh3.googleusercontent.com/p/AF1QipOUf-83hdg5sDB5qhkXAPW3weMe5M5VySFKgsN5, "
Sông Vàm Nao,4.8,nước,Không có giá,An Giang,Đồng Tháp,13,"https://lh3.googleusercontent.com/p/AF1QipNf_AHrq9_jykk0Ixyby5IZ6lFbU687E9g9uHFa, https://lh3.googleusercontent.com/p/AF1QipOCSfrb_mWlfQGTtps25isOOzI1-MLgZgPhV3Q5, "
Đồng Tháp Mười,4.4,Đầm lầy,Không có giá,"Nhị Mỹ, Cao Lãnh, Đồng Tháp",Đồng Tháp,67,"https://lh3.googleusercontent.com/p/AF1QipOyU1U_o0El5IBxE75_iKLhDt_fAU4vmx45O4t3, https://lh3.googleusercontent.com/p/AF1QipOqnPyX6vF5zYLrfTIa8W4ToXA-ysO9R3aUO1oi, "
Cù lao Giêng,4.4,Đảo,Không có giá,"Tấn Mỹ, Chợ Mới, An Giang",Đồng Tháp,53,"https://lh3.googleusercontent.com/p/AF1QipMnFeBNeC770ZQhaZrOsGQfl91mF7u1iQN3QKSp, https://lh3.googleusercontent.com/p/AF1QipM6YA_6I9i3016Sexce94v4GQPsoeAdggdm8dzh, "
Chùa Minh Thành,4.6,Chùa phật giáo,Không có giá,"348 Nguyễn Viết Xuân, P. Hội Phú, Pleiku, Gia Lai 600000",Gia Lai,2.603,"https://lh3.googleusercontent.com/p/AF1QipNMHGhABuYwQW7Y74Dn0-cdb8M5HWgSfjjXIpAf, https://lh3.googleusercontent.com/p/AF1QipP1XWFfOcPSevSejZRx2OKv_Qo_Sy4y1agtfc70, "
Biển Hồ Chè,4.5,Điểm thu hút khách du lịch,Không có giá,"Hai hàng thông, Nghĩa Hưng, Chư Păh, Gia Lai 60000",Gia Lai,1.472,"https://lh3.googleusercontent.com/p/AF1QipNMHGhABuYwQW7Y74Dn0-cdb8M5HWgSfjjXIpAf, https://lh3.googleusercontent.com/p/AF1QipP1XWFfOcPSevSejZRx2OKv_Qo_Sy4y1agtfc70, "
Núi lửa Chư Đăng Ya,4.6,Điểm thu hút khách du lịch,Không có giá,"43H3+HRF, Chư Đang Ya, Chư Păh, Gia Lai",Gia Lai,400,"https://lh3.googleusercontent.com/p/AF1QipP0yryLN-nl-RSd7bcowkucmF39rZqtAJDdWDX5, https://lh3.googleusercontent.com/p/AF1QipNBucmz18eumF0I4SlmDwsrajA7JDknev4Nu9Ym, "
Vườn Quốc gia Kon Ka Kinh,4.2,Công viên quốc gia,Không có giá,"Măng Yang, Gia Lai",Gia Lai,153,"https://lh3.googleusercontent.com/p/AF1QipMmZAAS7CAFpWB6E3kl-X-X-PLoIy6BWQfdg8RG, https://lh3.googleusercontent.com/p/AF1QipP8E36TegziW8iJrF6MypJGSCrzttEPzjuq0QFz, "
Thác Phú Cường,4.2,Điểm thu hút khách du lịch,Không có giá,"M46P+MC, Dun, Chư Sê, Gia Lai",Gia Lai,193,"https://lh3.googleusercontent.com/p/AF1QipMvqxiAJ_cwimdgEsDfvnYOD7MXrUY-ES1qmuOx, https://lh3.googleusercontent.com/p/AF1QipO1BJf-6Z1Cmv_iRs_-xj3UI129pSqzD03dBHA, "
Biển Hồ,4.4,Hồ,Không có giá,Gia Lai,Gia Lai,568,"https://lh3.googleusercontent.com/p/AF1QipOSwajnZQbWupRt6hHbcHR5Plecg4KOP4aARBW8, https://lh3.googleusercontent.com/p/AF1QipMIGl91cFdgv6dua43b-qxH_44iFLB-5X5J0vTo, "
Khu bảo tồn thiên nhiên Kon Chư Răng,4.5,Khu bảo tồn thiên nhiên,Không có giá,"Sơn Lang, KBang, Gia Lai",Gia Lai,511,"https://lh3.googleusercontent.com/p/AF1QipMQNM5Y3FiAhebXTfIGcbXvEnFkffc0cM8r8wGH, https://lh3.googleusercontent.com/p/AF1QipNCx_eq8k81AMpUNQZOkEG0kuLtDodFB44fpegl, "
Đập Thủy Điện IALY,4.0,Đập nước,Không có giá,"6RCM+V7Q, Xã Yaly Huyện Chu Pah, ĐT673, Ia Ly, Chư Păh, Gia Lai",Gia Lai,123,"https://lh3.googleusercontent.com/p/AF1QipPhikCqclhbtj2k3NNBfFEO64yX3UiXwTtTGoAb, https://lh3.googleusercontent.com/p/AF1QipN2d1BWDwPz9BYNeJ8Y4uezzcoqCR-DbtAcgcUN, "
Quảng Trường Đại Đoàn Kết,4.8,Điểm thu hút khách du lịch,Không có giá,"124 Lê Lợi, P. Hoa Lư, Pleiku, Gia Lai 600000",Gia Lai,36,"https://lh3.googleusercontent.com/p/AF1QipONTyF7_TcdYdD8HVCAASZcL_mjn6N09YnSK5Z_, https://lh3.googleusercontent.com/p/AF1QipMCVNlWbVWag5rmPOvDelKsv2I6fEPtuUigsMGM, "
Núi Hàm Rồng,4.3,Đỉnh núi,Không có giá,"Pleiku, Gia Lai",Gia Lai,111,"https://lh3.googleusercontent.com/p/AF1QipOEV4lk94pc-uvRDzqlmlzw7ICOnUnlKuyQOr5Q, https://lh3.googleusercontent.com/p/AF1QipPuT9RxYNw846R3-0WatWo3EA4dA3u1Nbt6YS7w, "
Đập Tân Sơn,4.6,Điểm thu hút khách du lịch,Không có giá,"4278+8CG, Nghĩa Hưng, Chư Păh, Gia Lai",Gia Lai,304,"https://lh3.googleusercontent.com/p/AF1QipPfJgzE2sne6UfcGiF3IJHx9PHrvYgliThh52ac, https://lh3.googleusercontent.com/p/AF1QipP5ETmSi52czncL96H_sj_bubt3UcwT2bslHbeZ, "
Thác 9 tầng,4.0,Điểm thu hút khách du lịch,Không có giá,"3R9G+929, Ia Bă, Chư Păh, Gia Lai",Gia Lai,197,"https://lh3.googleusercontent.com/p/AF1QipNgo0ZW0WEydBlRRo5WX4vU0VNLOf3AXCpOxI-z, https://lh3.googleusercontent.com/p/AF1QipO5GfEuFTLvBXa-56C1kCrK-K2fKUhLFEicYlU7, "
Thác Xung Khoeng,4.0,Điểm thu hút khách du lịch,Không có giá,"PVQ2+4PM, Ia Drăng, Chư Prông, Gia Lai",Gia Lai,142,"https://lh3.googleusercontent.com/p/AF1QipOl3mzYsuaxlYW7RTllY46LHXwiRDze6pilc4i7, https://lh3.googleusercontent.com/p/AF1QipOLnsJIftHGVthYmEhbJREtCJiCspQF8C1Fr7j9, "
Khu du lịch sinh thái Đồi thông Hà Tam,3.9,Văn phòng công ty,Không có giá,"XFV4+485, Hà Tam, Đắk Pơ, Gia Lai",Gia Lai,92,"https://lh3.googleusercontent.com/p/AF1QipO4U5lw2tLvOVAnIBR6YQUpGdQKiSg8WebTsxeL, https://lh3.googleusercontent.com/p/AF1QipO3JyAbJUwNItizwS77F2y-zvCmVnXa8uNNCInb, "
Đồi cỏ hồng Đăk Đoa - Gia Lai,4.1,Điểm thu hút khách du lịch,Không có giá,"X4CM+52M, GLar, Pleiku, Gia Lai",Gia Lai,234,"https://lh3.googleusercontent.com/p/AF1QipMvHa91tzZPbIfRGnLs_xWux1jbTvWLleeKuY_R, https://lh3.googleusercontent.com/p/AF1QipPFKATyJ8TC8AxIGI2fJ-Wee6v21-6c3g_BkZDa, "
Hàng Thông Trăm Tuổi - Biển Hồ Tea,4.3,Quán cà phê,Không có giá,"Nghĩa Hưng, Chư Păh, Gia Lai",Gia Lai,83,"https://lh3.googleusercontent.com/p/AF1QipMjbSrt9NfG0OE2yteX43qEMtT8EqWkY15yfnoH, https://lh3.googleusercontent.com/p/AF1QipOgMwV11vD3cskqcwxdGgaFF0C1v_sBtNWI3tnt, "
Bảo Tàng tỉnh Gia Lai,4.2,Bảo tàng,Không có giá,"21 Trần Hưng Đạo, P.Tây Sơn, Pleiku, Gia Lai 600000",Gia Lai,254,"https://lh3.googleusercontent.com/p/AF1QipM6XK4Hk5AcS7Me5qe8QSJ_SEVw9fYEANYEHcYT, https://lh3.googleusercontent.com/p/AF1QipPZwTSBQ6i45f0oDGbxwVtucruawQGWq7ttiaUW, "
Bãi bồi tiên sơn,4.4,Điểm thu hút khách du lịch,Không có giá,"328C+PJ5, Unnamed Road, Tân Sơn, Pleiku, Gia Lai",Gia Lai,75,"https://lh3.googleusercontent.com/p/AF1QipPMDggIv6V46c2TF-bVbE6IwoKpZrykFaAxNGMc, https://lh3.googleusercontent.com/p/AF1QipOVb33AF9FjqcIpFyzKdM4xkuHdvb0etU00RXQZ, "
Dốc Vạn Long,3.7,Khu cắm trại,Không có giá,"làng kueng, gia lai, Gia Lai 61000",Gia Lai,12,"https://lh3.googleusercontent.com/p/AF1QipMrUY4nzHN78-KCKWIyeXeKiVKrfFLa0p8MJutd, https://lh3.googleusercontent.com/p/AF1QipOX6CM_rJn30DT87fpp_QMB0czQjpIjlQJdQpXh, "
Biển Hồ,Chưa xét,Khu dân cư,Không có giá,"Tp. Pleiku, Gia Lai",Gia Lai,không có đánh giá,"https://lh3.googleusercontent.com/p/AF1QipM4j__AGTJGSR-ADGrdjiX6-a1AImt85Ad_XC4o, https://lh3.googleusercontent.com/p/AF1QipN-TR4kJ4F1LOhv5m5i_DxId8hQbMhaI1xWLq7R, "
Thành phố Pleiku,Chưa xét,Tổ dân phố,Không có giá,"Pleiku, Gia Lai",Gia Lai,không có đánh giá,"https://lh3.googleusercontent.com/p/AF1QipM4j__AGTJGSR-ADGrdjiX6-a1AImt85Ad_XC4o, https://lh3.googleusercontent.com/p/AF1QipN-TR4kJ4F1LOhv5m5i_DxId8hQbMhaI1xWLq7R, "
Cổng Công Viên Diên Hồng (Dien Hong Park),5.0,Công viên,Không có giá,"154 Quyết Tiến, P. Diên Hồng, Pleiku, Gia Lai 600000",Gia Lai,7,"https://lh3.googleusercontent.com/p/AF1QipPmBZHgpqata0VQ9MRQYYBNmmTWJcocR5V9wvrn, https://lh3.googleusercontent.com/p/AF1QipO8GmytwWXE4AqM-2sJll_bSRRGdaZbSXnIBrMp, "
Bửu Minh Cổ Tự,4.5,Chùa phật giáo,Không có giá,"3287+99P, Nghĩa Hưng, Chư Păh, Gia Lai",Gia Lai,566,"https://lh3.googleusercontent.com/p/AF1QipNiWF1c9aV015USNPWUQz9-ZBAXlp9wu7Hjambj, https://lh3.googleusercontent.com/p/AF1QipNvLQL9oV_7O4-X7F0RIjXth87FLR1AdFJlOxNe, "
Làng Plei Ốp,Chưa xét,Khu dân cư,Không có giá,"Hoa Lư, Tp. Pleiku, Gia Lai 600000",Gia Lai,không có đánh giá,"https://lh3.googleusercontent.com/p/AF1QipP_RS_Z7CmJrhBGdN2scp3KQlj0dsuOj9vvm14O, https://lh3.googleusercontent.com/p/AF1QipM0frf1v367zFz6y1KjcARdjDnaUHjiWyDR7Dry, "
Nhà Thờ Giáo Xứ Pleichuet,4.3,Nhà thờ Công giáo,Không có giá,"X3C2+5VJ, Trương Định, Chư á, Pleiku, Gia Lai",Gia Lai,107,"https://lh3.googleusercontent.com/p/AF1QipOhleUyx5nBb6EGYK5wefD5fKB5eLrvRhXxXvfy, https://lh3.googleusercontent.com/p/AF1QipPqqsx9ZxheFiHzpYGoqDfG0B6g71HJS1q31nlC, "
Công viên Đồng Xanh,3.8,Công viên giải trí,Không có giá,"X3MM+47P, An Phú, Pleiku, Gia Lai",Gia Lai,971,"https://lh3.googleusercontent.com/p/AF1QipOYkmdQosFA4M5ztkMQLorxUzmJHOPcWr-DXABU, https://lh3.googleusercontent.com/p/AF1QipNTneZ66S0nucMPs9wWpShcjae093f1TMkufdat, "
Thác Công Chúa,4.3,Điểm thu hút khách du lịch,Không có giá,"4RW7+VX2, Ia Mơ Nông, Chư Păh, Gia Lai",Gia Lai,109,"https://lh3.googleusercontent.com/p/AF1QipOr3imf5D9yYlTHXWCiN0M0YtdkhtQZ8DAZJ-QP, https://lh3.googleusercontent.com/p/AF1QipMFgtac1u-_qsk1WayntcDgHHlKD1q4DJQM-Cpe, "
Đắk Pơ,Chưa xét,Administrative Area2,Không có giá,Gia Lai,Gia Lai,không có đánh giá,"https://lh3.googleusercontent.com/p/AF1QipM62kajAyOvORnqKjKHJ_6cheTlrmJM0xGD3xPT, https://lh3.googleusercontent.com/p/AF1QipPHQt25n8q3VoSk5mlXmwIL8VCYzFlaj99xuVlo, "
Thác Đội 3 (Bàu Cạn),4.0,Thắng cảnh,Không có giá,"VV76+573, Unnamed Road, Bàu Cạn, Chư Prông, Gia Lai",Gia Lai,79,"https://lh3.googleusercontent.com/p/AF1QipM9xVQQ5UUPf0_PhNz_e7-LWxS_Z2d2PjD8ybxn, https://lh3.googleusercontent.com/p/AF1QipNxEtSt6HIAlbnjG0uKc8Kt8b9lC09uCm1iUQke, "
Kon Ka Kinh,4.5,Đỉnh núi,Không có giá,"KBang, Gia Lai",Gia Lai,4,"https://lh3.googleusercontent.com/p/AF1QipPKzD2o-x0tXJrKkWZhAbguoGakeH0pF-3qUV_F, https://lh3.googleusercontent.com/p/AF1QipPFs6BHRtFHZnAmunhDhVtJ0vr4Js1YzXHL4P_n, "
Thác K50,4.7,Điểm thu hút khách du lịch,Không có giá,"Khu bảo tồn thiên nhiên Kon Chư Răng, Sơn Lang, KBang, Gia Lai",Gia Lai,191,"https://lh3.googleusercontent.com/p/AF1QipN-gSN0ul04DKmh_5WtKdpHPc87VEXCnhIq5h4f, https://lh3.googleusercontent.com/p/AF1QipOdOWnNnqTiIQ74suelnGTh16xhFhfHMIFK34EL, "
Cột Cờ Lũng Cú,4.6,Điểm thu hút khách du lịch,Không có giá,"9878+GF5, Đường lên Cột Cờ, Lũng Cú, Đồng Văn, Hà Giang 312600",Hà Giang,7.270,"https://lh3.googleusercontent.com/p/AF1QipNEdJVrqCCbZ36o0enAtaLNndDvKu0aBbjMZN_5, https://lh3.googleusercontent.com/p/AF1QipN7VgfiM5ZncHvJRSv6lCekZZX7302IzZu9aA_b, "
Dinh Vua Mèo,4.4,Điểm thu hút khách du lịch,Không có giá,"Xà Phìn, Đồng Văn, Hà Giang 310000",Hà Giang,5.915,"https://lh3.googleusercontent.com/p/AF1QipNEdJVrqCCbZ36o0enAtaLNndDvKu0aBbjMZN_5, https://lh3.googleusercontent.com/p/AF1QipN7VgfiM5ZncHvJRSv6lCekZZX7302IzZu9aA_b, "
Phố Cổ Đồng Văn,4.5,Điểm thu hút khách du lịch,Không có giá,"29 Phố Cổ, Đồng Văn, Hà Giang 02193",Hà Giang,1.724,"https://lh3.googleusercontent.com/p/AF1QipMiDG0kbz4gU5YzBXqI1clTdeWCMcK8PesE0aHq, https://lh3.googleusercontent.com/p/AF1QipP3VHfknBUrsrWS6E9v8kgUrzCNpXRhdcUCOWU, "
Đèo Mã Pí Lèng,4.8,Đường vượt núi,Không có giá,"Pải Lủng, Mèo Vạc, Hà Giang",Hà Giang,710,"https://lh3.googleusercontent.com/p/AF1QipMRw_OJA0GqJXGPEVkqkq0sjUUiB075KrOFdd10, https://lh3.googleusercontent.com/p/AF1QipORuJRyzb_nnjRsVQ68NxFBPgW3DyEq3CHiUZUz, "
Rừng Thông Yên Minh,4.4,Điểm thu hút khách du lịch,Không có giá,"QL4C, Na Khê, Yên Minh, Hà Giang",Hà Giang,603,"https://lh3.googleusercontent.com/p/AF1QipP0SQUAbIEhXlzjUxt_fAAGNRIJFGEpSbC_Uko, https://lh3.googleusercontent.com/p/AF1QipPYmFUtacLS8SR1fUcsPxvm3cQxvn9y-qfakdI, "
Dốc Thẩm Mã,4.7,Điểm thu hút khách du lịch,Không có giá,"Unnamed Road, Đồng Văn, Hà Giang",Hà Giang,1.884,"https://lh3.googleusercontent.com/p/AF1QipMd5jAk7NH-3VtJdxzN_404E5V8ZYWVoXN2K_QA, https://lh3.googleusercontent.com/p/AF1QipMowcHcWDA5F2rWrxsceFhKN3pG2jMuffiHXS1G, "
Cổng Trời Quản Bạ,4.5,Điểm thu hút khách du lịch,Không có giá,"QL4C, Quản Bạ, Hà Giang",Hà Giang,3.886,"https://lh3.googleusercontent.com/p/AF1QipO6EF1c_ZE4eoEpAfAqoO3T4x0mY9ZcSdt4t02e, https://lh3.googleusercontent.com/p/AF1QipOGDPHmO7uCjQVw135Ab5QuDgPVdsaVlWx0f_Et, "
Thung Lũng Sủng Là,4.5,Điểm thu hút khách du lịch,Không có giá,"66G2+VQ7, QL4C, Sủng Là, Đồng Văn, Hà Giang",Hà Giang,166,"https://lh3.googleusercontent.com/p/AF1QipNIhIvl6lk3855TtSSj52-SxgRokMg_ofgns9vT, https://lh3.googleusercontent.com/p/AF1QipOR7ugMNb5f2HXFwujg98UoA4TeD1q6NIoUJRb1, "
"Phim trường ""Chuyện của Pao""",4.2,Điểm thu hút khách du lịch,Không có giá,"66G2+VX8, Lũng Cẩm, Sủng Là, Đồng Văn, Hà Giang",Hà Giang,2.960,"https://lh3.googleusercontent.com/p/AF1QipNuTM7h36HjPQL3tsotSxVSjrHelLJiBwRPSk4o, https://lh3.googleusercontent.com/p/AF1QipM6AzYF3TK3Xu8Zu0TiZ1bt-orkn-zkg2rz6w33, "
Hoàng Su Phì,Chưa xét,Administrative Area2,Không có giá,Hà Giang,Hà Giang,không có đánh giá,"https://lh3.googleusercontent.com/p/AF1QipMJrQMyYMBlTlioOrsXTCJyNu--3cEgLFf_poE1, https://lh3.googleusercontent.com/p/AF1QipN1gAhihkBqK5_R26ypVwaOPMYQSwmd6AOCUKCv, "
Du lịch Hẻm Tu Sản,4.6,Bến du thuyền,Không có giá,"193A, Giàng Chú Phìn, Mèo Vạc, Hà Giang",Hà Giang,378,"https://lh3.googleusercontent.com/p/AF1QipPsabfwfD-AWfoi5ERezXvAADz_PiLU5Q15QhDW, https://lh3.googleusercontent.com/p/AF1QipNj3Vnwl-z20L1atT6jg_O2Ac-qeqicbK9qr-v9, "
Hà Giang cột mốc số 0,4.6,Điểm thu hút khách du lịch,Không có giá,"P. Nguyễn Trãi, Tp. Hà Giang, Hà Giang",Hà Giang,1.175,"https://lh3.googleusercontent.com/p/AF1QipNcvZGQwJTmVjbtc2norf0ayoIof7qAvfqNuneX, https://lh3.googleusercontent.com/p/AF1QipMqv6MDvrsigz8jG6mCMVWeMuFhRW5o5_ClzGsR, "
Núi đôi quản bạ,4.7,Thắng cảnh,Không có giá,"3282+27Q, TT. Tam Sơn, Quản Bạ, Hà Giang",Hà Giang,25,"https://lh3.googleusercontent.com/p/AF1QipNB7d_C_cbS5fjWp5W_tzfo9BK4_ZP5Hv8Qvv5B, https://lh3.googleusercontent.com/p/AF1QipMpY1yhkVGtAtHZHuWvez5glMs0mDEc0hP8pKBD, "
Ruộng Bậc Thang Hoàng Su Phì,4.7,Điểm thu hút khách du lịch,Không có giá,"MMX4+Q76, Sán Sả Hôg, Hoàng Su Phì, Hà Giang",Hà Giang,71,"https://lh3.googleusercontent.com/p/AF1QipP88XU0dehlifgwVK8iZV3cvfTvZQ6gYmBKPkkM, https://lh3.googleusercontent.com/p/AF1QipM5JfapqbLl1U3EzT1ayIFTsNMZ3K-k-B6QEd6Y, "
Phố Bảng,Chưa xét,Khu dân cư,Không có giá,"Đồng Văn, Hà Giang",Hà Giang,không có đánh giá,"https://lh3.googleusercontent.com/p/AF1QipN3mmMM1DBTPuPjMvj7sILR_AhBQksaBGOn6PC8, https://lh3.googleusercontent.com/p/AF1QipN9yKkEww6RdfyzxeDqRUgF2u81-3GAynRvKbaN, "
Cây cô đơn Hà Giang,4.6,Điểm thu hút khách du lịch,Không có giá,"32XM+RMX, QL4C, Cán Tỷ, Quản Bạ, Hà Giang",Hà Giang,630,"https://lh3.googleusercontent.com/p/AF1QipOHUN4yFWc1OvlXq3NhI8aow8oJ-xDSz5cfvFSJ, https://lh3.googleusercontent.com/p/AF1QipP713rhHim36Pxwq4lrgDbmq9TH-PFj5Fw6XKjs, "
Thác Tiên,4.4,Thắng cảnh,Không có giá,"HFJV+J9W, đèo Gió, Xín Mần, Hà Giang",Hà Giang,180,"https://lh3.googleusercontent.com/p/AF1QipP7JVy869W6XVB3I-7UqdPrzuAlSn0p_5rwSipo, https://lh3.googleusercontent.com/p/AF1QipP_HrxkEq2OC5cmKaRFXKeB_C6s6IkkVxDGAOxh, "
Hang Lùng Khúy,4.5,Hang động,Không có giá,"xã Quản Bạ, Quản Bạ, Hà Giang",Hà Giang,30,"https://lh3.googleusercontent.com/p/AF1QipM6HX3Mydtx3uaCAgi9K7LR-ZXIxtZkEER2MzO7, https://lh3.googleusercontent.com/p/AF1QipMG4Vh8E-X_848RuqJcw7_vGxHMnUTXedBktzxF, "
Vườn hoa Tam Giác Mạch,4.5,Điểm thu hút khách du lịch,Không có giá,"78V2+367, Đồng Văn, Hà Giang",Hà Giang,54,"https://lh3.googleusercontent.com/p/AF1QipPR-g2Hc70DImDYH6lT0LYk4luCJx3PUL3ISLXG, https://lh3.googleusercontent.com/p/AF1QipML3bdwhgTkC2YdtEv9PS3IKXmwsvQAjzNXuF2v, "
Làng Lô Lô Chải,4.6,Điểm thu hút khách du lịch,Không có giá,"Đồng Văn - Huyện Đồng Văn, Hà Giang, 02193",Hà Giang,89,"https://lh3.googleusercontent.com/p/AF1QipNfe5SbCHY8ndH7oWW6Mpk54iWFvlzQVt5hzeKl, https://lh3.googleusercontent.com/p/AF1QipNP1NElekO5Xv4hxC8eP2LcXWjBIgiBbSPkiykI, "
Hồ Noong,3.8,Hồ,Không có giá,"Phú Linh, Tp. Hà Giang, Hà Giang",Hà Giang,39,"https://lh3.googleusercontent.com/p/AF1QipMxtQPnLSOWQExRtfJC9TePW0yO8iMWeEC_I5_s, https://lh3.googleusercontent.com/p/AF1QipObyddkLVOu3UQyNWtjHlzfAO_aEwIF0c0uxYEx, "
Vị Xuyên,Chưa xét,Administrative Area2,Không có giá,Hà Giang,Hà Giang,không có đánh giá,"https://lh3.googleusercontent.com/p/AF1QipMxtQPnLSOWQExRtfJC9TePW0yO8iMWeEC_I5_s, https://lh3.googleusercontent.com/p/AF1QipObyddkLVOu3UQyNWtjHlzfAO_aEwIF0c0uxYEx, "
Khâu Vai,Chưa xét,Administrative Area3,Không có giá,"Mèo Vạc, Hà Giang",Hà Giang,không có đánh giá,"https://lh3.googleusercontent.com/p/AF1QipMHiTqYMmTO-1yiKk1nhTE-eQYuKT9EVZl-4wQI, https://lh3.googleusercontent.com/p/AF1QipPHzdPo2jQh8_T3xka2jrpmVT2P4IcgHOd62NxL, "
Quản Bạ,Chưa xét,Administrative Area2,Không có giá,Hà Giang,Hà Giang,không có đánh giá,"https://lh3.googleusercontent.com/p/AF1QipMQHFLKHz3DndnNprd18FV8vLe0yHy8eokURDy8, https://lh3.googleusercontent.com/p/AF1QipO0m_dHVkhnL2MqKMz06yU6AO9JV5R5UcCq2JgR, "
Đồng Văn,Chưa xét,Administrative Area3,Không có giá,"Đồng Văn, Hà Giang",Hà Giang,không có đánh giá,"https://lh3.googleusercontent.com/p/AF1QipNoxczUsBb3UawDQKrJgevM6-Z3gaLqtwOETdob, https://lh3.googleusercontent.com/p/AF1QipMTCjLgCaIgajbcdWb0HvfvOZ-qNHP0J6FgCfEm, "
Núi đôi Cô Tiên,4.5,Điểm thu hút khách du lịch,Không có giá,Không có địa chỉ cụ thể,Hà Giang,không có đánh giá,"https://lh3.googleusercontent.com/p/AF1QipNzrRklAukq8A07zLqU2WF8DAvX7h8pnbjfp3Sx, https://lh3.googleusercontent.com/p/AF1QipNx9RhoPdY28WNHagHNif0JnMZ2yD9cuK2xfiix, "
Phố Cáo,Chưa xét,Administrative Area3,Không có giá,"Phố Cáo, Đồng Văn, Hà Giang",Hà Giang,không có đánh giá,"https://lh3.googleusercontent.com/p/AF1QipO0jMO48XhX2-HgxO3BOjysCUrDIJfcaY2XVQya, https://lh3.googleusercontent.com/p/AF1QipMTOLvk83if-plWzVvA5ZHgHVUJqzeTq5Gh9lHF, "
Lũng Cú,Chưa xét,Administrative Area3,Không có giá,"Lũng Cú, Đồng Văn, Hà Giang",Hà Giang,không có đánh giá,"https://lh3.googleusercontent.com/p/AF1QipN-TY190oBb6gG2YdD78n4tptCDMpw57aTMmdXG, https://lh3.googleusercontent.com/p/AF1QipPKD6vQsvjS4CBQkPxr6jtfNz_1HjO8EVbhV4Ez, "
Ban Quản Lý Công Viên Địa Chất Toàn Cầu Cao Nguyên Đá Đồng Văn,4.4,Công viên giải trí,Không có giá,"Tổ 16, Phường Trần Phú, P. Minh Khai, Hà Giang",Hà Giang,86,"https://lh3.googleusercontent.com/p/AF1QipPjAhWTXLnctMxtUfiLrGte5OfaMM5SgIdKpR6p, https://lh3.googleusercontent.com/p/AF1QipP7W-PZ9jZed6pr5jzgiLjYwX2AkPjokocr2QZZ, "
Chiêu Lầu Thi,4.7,Điểm thu hút khách du lịch,Không có giá,"MJ63+C4H, Hồ Thầu, Xín Mần, Hà Giang",Hà Giang,637,"https://lh3.googleusercontent.com/p/AF1QipP3pfYZlspN-jGVWW9BaFrOnahDuispo7Q0JTfH, https://lh3.googleusercontent.com/p/AF1QipM0hA3nZ0Z0FFbX_cp108Waj7uHgJBTQAxg4EQ1, "
Điểm cực Bắc của Việt Nam,4.7,Điểm mốc lịch sử,Không có giá,"98MC+2VG, Lũng Cú, Đồng Văn, Hà Giang",Hà Giang,673,"https://lh3.googleusercontent.com/p/AF1QipOSzNliAHrYYmgSMcAJmVz828DpFjn_bKdg_ac9, https://lh3.googleusercontent.com/p/AF1QipMLrFzdMrqBsWT2AY-putDoztoaXjYwhe9qTQs, "
Làng H'Mông Pả Vi,4.5,Điểm thu hút khách du lịch,Không có giá,"Thôn, Hạ, Pả Vi, Mèo Vạc, Hà Giang",Hà Giang,848,"https://lh3.googleusercontent.com/p/AF1QipP8rUx39FNjK5nz7ud7ELIsyI8IZGm695bsxH4f, https://lh3.googleusercontent.com/p/AF1QipMzMoIXdkBMvpxzWBKCgev4dMDUBqbgew7CcHDZ, "
Phố Cổ,Chưa xét,Tuyến đường,Không có giá,"tt. Đồng Văn, Đồng Văn, Hà Giang",Hà Giang,không có đánh giá,"https://lh3.googleusercontent.com/p/AF1QipPjUSBIFZNHE0_eW30TWQK0juY0kLEw3aEQwj1V, https://lh3.googleusercontent.com/p/AF1QipONHGyKeH-JOLm7swXzdYZXXB43noDk1cLO9zRn, "
Dốc Chín Khoanh,4.7,Điểm thu hút khách du lịch,Miễn phí,"655W+W2M, Phố Cáo, Đồng Văn, Hà Giang",Hà Giang,509,"https://lh3.googleusercontent.com/p/AF1QipPqjfJL7lWUnT6DwLXMzKNhhaHIUP46ShWpWCl_, https://lh3.googleusercontent.com/p/AF1QipNhjVMFI3syO9XRf5lBO4J_qh5KQfm3htc_P5HM, "
Đèo Mã Pì Lèng,Chưa xét,Tuyến đường,Không có giá,"Mèo Vạc, Hà Giang",Hà Giang,không có đánh giá,"https://lh3.googleusercontent.com/p/AF1QipMOVzMUqlqeEkWKDhrCKznUQnaCW9TowFHys2UF, https://lh3.googleusercontent.com/p/AF1QipPtAHL81PoPI13hHlZoiXYdbk0Y8j8olzK3d1pe, "
Lùng Tám,Chưa xét,Administrative Area3,Không có giá,"Quản Bạ, Hà Giang",Hà Giang,không có đánh giá,"https://lh3.googleusercontent.com/p/AF1QipMvzM8MXCIaKGlKvEmSR4Y3xGNdSDjsvV-XqoFe, https://lh3.googleusercontent.com/p/AF1QipMGkCg92WP7WpKTU8RvMvVGXs2sFCN0AuGRy5RN, "
Pải Lủng,Chưa xét,Administrative Area3,Không có giá,"Mèo Vạc, Hà Giang",Hà Giang,không có đánh giá,"https://lh3.googleusercontent.com/p/AF1QipNDH7tFaI3H4Da1V2x3ImUZ5Ii7SbcGolKsEstt, https://lh3.googleusercontent.com/p/AF1QipNJCwmcfowHciDpS9m7CuPAiHjrjVupY_ijsT62, "
Thảo nguyên Suối Thầu,4.7,Điểm thu hút khách du lịch,Không có giá,"MCJQ+7R, Nàn Ma, Xín Mần, Hà Giang",Hà Giang,193,"https://lh3.googleusercontent.com/p/AF1QipOx4a9R1XybsZ3cLUhABnxexwxc507UW1AGLnSz, https://lh3.googleusercontent.com/p/AF1QipOMJDbUAz7ktszwd3EPMsbtoWIGqLyBa9YvSGr8, "
View point of Tu San canyon,4.6,Thắng cảnh,Không có giá,"4C Road, Mèo Vạc District, Hà Giang",Hà Giang,157,"https://lh3.googleusercontent.com/p/AF1QipOzv09c58DBfmq9t2qqQFJbWn46RJvZxZiNkZW7, https://lh3.googleusercontent.com/p/AF1QipNq8QnAXGsqSF-_kB_PPd2QCHr3UmJXGFN5b1tA, "
Lung Khuy Cave(Hang Lùng Khúy),4.7,Điểm thu hút khách du lịch,Không có giá,"32HC+C2R Vào động Lùng Khúy, Quản Bạ, Hà Giang",Hà Giang,164,"https://lh3.googleusercontent.com/p/AF1QipPyIOBe6TaECPc3QT763-KTEjvJfQdvhs5cEocO, https://lh3.googleusercontent.com/p/AF1QipNhdxleYH_eTpJA1BfRY8RiErjdB4mMiTgX4z3o, "
Làng văn hóa du lịch Lũng Cẩm,4.5,Điểm thu hút khách du lịch,Không có giá,"66G2+PPF, Sủng Là, Đồng Văn, Hà Giang",Hà Giang,122,"https://lh3.googleusercontent.com/p/AF1QipPyIOBe6TaECPc3QT763-KTEjvJfQdvhs5cEocO, https://lh3.googleusercontent.com/p/AF1QipNhdxleYH_eTpJA1BfRY8RiErjdB4mMiTgX4z3o, "
Nấm Dần,Chưa xét,Administrative Area3,Không có giá,"Xín Mần, Hà Giang",Hà Giang,không có đánh giá,"https://lh3.googleusercontent.com/p/AF1QipN0FAHJk1mYPv1mJqwIZc9rpY1TZEwPi1U0wrAo, https://lh3.googleusercontent.com/p/AF1QipMTNUgJdZ3o5aplW3Sv_N5Rv6ZcXU3JqPaPCGSG, "
Thạch Sơn Thần,4.1,Điểm thu hút khách du lịch,Không có giá,"Quyết Tiến, Quản Bạ, Hà Giang",Hà Giang,297,"https://lh3.googleusercontent.com/p/AF1QipMjvvoDPneU32eDggK3k2dtcnmuq09-FZh0aQ0Q, https://lh3.googleusercontent.com/p/AF1QipMrwD-bF9ggSEl3W2sGxAOMvGCI87MsdnipxOl2, "
Cánh đồng hoa tam giác mạch,4.6,Điểm thu hút khách du lịch,Không có giá,"3249+7CW, QL4C, Quản Bạ, Hà Giang",Hà Giang,29,"https://lh3.googleusercontent.com/p/AF1QipMrx2KrwkqR5ZRlXi10FMWT22njqW-Uqwoy4Pqz, https://lh3.googleusercontent.com/p/AF1QipOChiH2GqjMicxOmalrZk73tx7uD-kU51iSfOej, "
Tây Côn Lĩnh,4.5,Đỉnh núi,Không có giá,"Vị Xuyên, Hà Giang",Hà Giang,42,"https://lh3.googleusercontent.com/p/AF1QipOfxn0CZcPh5yEwBgtNx2p16h9ZNGuD8tx6QKB0, https://lh3.googleusercontent.com/p/AF1QipM4-YKyHgiOUXJ0ZtEoJFrIDIX_pEIaq8tQMh30, "
Đèo Bắc Sum,5.0,Đường vượt núi,Không có giá,"Quyết Tiến, Quản Bạ, Hà Giang",Hà Giang,5,"https://lh3.googleusercontent.com/p/AF1QipOpl97UPWv2EQU-61o59jNDQYU1wrD_VWlgzu3T, https://lh3.googleusercontent.com/p/AF1QipPwu-n0_CVFd1h6Z_nwrn8guDW53J4Edgyft0Ad, "
Sông Nho Quế,4.8,Sông,Không có giá,Không có địa chỉ cụ thể,Hà Giang,689,"https://lh3.googleusercontent.com/p/AF1QipOYIYrZCLsxTHHdnMvInd4faX4w-23CZ9QfgJHE, https://lh3.googleusercontent.com/p/AF1QipPSkk3Peg15wYIPGplhs9ry5fAMKsLGMYY-ih-J, "
Khu du lịch Thác Tiên,3.6,Phòng cho thuê,Không có giá,"8574+2GF, Unnamed Road, Song Mai, Tân Yên, Bắc Giang",Hà Giang,177,"https://lh3.googleusercontent.com/p/AF1QipOmhyBOHzymH2BrxFdhXxjiwrFv9Gut8G-7oOTc, https://lh3.googleusercontent.com/p/AF1QipPANqxh-e02W5XrAhFWYy0n9RUdHgvTbX1mZSlV, "
Chùa Địa Tạng ( Phi Lai Tự ),4.7,Chùa phật giáo,Miễn phí,"CXW2+3PQ, Liêm Sơn, Thanh Liêm, Hà Nam",Hà Nam,4.864,"https://lh3.googleusercontent.com/p/AF1QipPWJOI7JObd_lfdFu5VjZggnjwasj0fmQu9QPiW, https://lh3.googleusercontent.com/p/AF1QipPn6bMzzzuTtyOfmg1j9sNfTOl8VYAD153OA4QT, "
Đền Trúc | Ngũ Động Thi Sơn,4.5,Nơi thờ cúng,Không có giá,"HV86+CHV, Quyển Sơn, Kim Bảng, Hà Nam 400000",Hà Nam,191,"https://lh3.googleusercontent.com/p/AF1QipPWJOI7JObd_lfdFu5VjZggnjwasj0fmQu9QPiW, https://lh3.googleusercontent.com/p/AF1QipPn6bMzzzuTtyOfmg1j9sNfTOl8VYAD153OA4QT, "
Đền Trần Thương,4.5,Nơi thờ cúng,Không có giá,"Nghĩa trang nhân dân thôn Trần Thương, Nhân Đạo, Lý Nhân, Hà Nam",Hà Nam,258,"https://lh3.googleusercontent.com/p/AF1QipPrVNEQtQZ77OeeDHORQdvMphIZk2pAmXR5VPu0, https://lh3.googleusercontent.com/p/AF1QipON2oaiuULjnuADad0wGy39Iuqeb661Ht2Z5-dd, "
Ngôi Nhà Bá Kiến (trong Chí Phèo của Nam Cao),4.4,Điểm thu hút khách du lịch,Không có giá,"F5H4+XV9, Hoà Hậu, Lý Nhân, Hà Nam",Hà Nam,259,"https://lh3.googleusercontent.com/p/AF1QipPa7E0_bDyzqKhRLX6G0Dd0ptcIrrqa1jwnW3S1, https://lh3.googleusercontent.com/p/AF1QipOjFUdDqi0nHdGHbEkOFbafYa2OGn2xhUBeSnY7, "
Cá Kho Làng Vũ Đại,4.5,Cửa hàng cá,Không có giá,"Thôn 2, Lý Nhân, Hà Nam",Hà Nam,33,"https://lh3.googleusercontent.com/p/AF1QipOWe0n6o4FDb81eSzIGvk5W-Lugd5iJsnHT0pSP, https://lh3.googleusercontent.com/p/AF1QipP4Vo6gqU5UbzNQcmlNluXw3EEQQ6gXBbrl9dB5, "
Chùa Bà Đanh,4.3,Chùa phật giáo,Không có giá,"HV93+M44, thôn Đanh, Kim Bảng, Hà Nam",Hà Nam,621,"https://lh3.googleusercontent.com/p/AF1QipMkmIdY9TmMzzvjvDw7XVZoi9K_hpGMWlo-xnfS, https://lh3.googleusercontent.com/p/AF1QipPSmQUXskjLt9RofEAVZfEcTeEBZpnV2kpf86Bg, "
Khu du lịch Ao Dong - Hang Luồn,4.2,Khu vực đi bộ,Không có giá,"GVR5+43C, Thanh Sơn, Kim Bảng, Hà Nam",Hà Nam,81,"https://lh3.googleusercontent.com/p/AF1QipPEd4_bkcks0kdmmXPPwXFHSiM02Jy-i91mm7B8, https://lh3.googleusercontent.com/p/AF1QipNv8UR0orfmvVRctNzEl_WR_b3hktvvNdf2ykTI, "
Đền Lảnh Giang,4.7,Nơi thờ cúng,Không có giá,"M29G+H5M, làng Yên Lạc, Duy Tiên, Hà Nam 400000",Hà Nam,482,"https://lh3.googleusercontent.com/p/AF1QipMl9iaLMUtPLJ8Y-T8SZZ-k65muSIXj4jRKhNDZ, https://lh3.googleusercontent.com/p/AF1QipNGL8FrkDXPNExdFlcgEwCE_ozMByuv4HQyENPx, "
Chùa Long Đọi,4.6,Chùa phật giáo,Không có giá,"Đọi Sơn, Duy Tiên, Hà Nam",Hà Nam,411,"https://lh3.googleusercontent.com/p/AF1QipOFFJR_npOp1RL8ASih96Nk3gq2B8cUGYwcTpjE, https://lh3.googleusercontent.com/p/AF1QipOlYT-8rhtnaaPnB9lsw00ntG_HX3QjexDYt1AI, "
Núi Cấm - Ngũ Động,4.3,Điểm thu hút khách du lịch,Không có giá,"HV86+CHV, QL21A,, Quyển Sơn, Kim Bảng, Hà Nam 400000",Hà Nam,297,"https://lh3.googleusercontent.com/p/AF1QipN3nJpSdBssuGfvZQlonDjuekUWPS8S1b0bB5xO, https://lh3.googleusercontent.com/p/AF1QipO67NjZk25H4WBtua5_kSVLEhHPTscfoSHKDf70, "
Làng nghề Trống Đọi Tam,4.8,Nhà sản xuất,Không có giá,"JX2P+Q6, Hợp Lý, Lý Nhân, Hà Nam",Hà Nam,4,"https://lh3.googleusercontent.com/p/AF1QipP95xKd-st3cHsMSijskNAJW9X-HK1thQv990Mb, https://lh3.googleusercontent.com/p/AF1QipM-Fxcf5HAatMxlMiCR2w3v0eIhMCpAmHlPCsby, "
Tam Chúc,Chưa xét,Khu dân cư,Không có giá,"tt. Ba Sao, Kim Bảng, Hà Nam",Hà Nam,không có đánh giá,"https://lh3.googleusercontent.com/p/AF1QipMLrMQL9NL4ypgFG5Utm6rhJJeKXm-H1izon4t4, https://lh3.googleusercontent.com/p/AF1QipODV5esl3XfDDzaM0xIAIq7hZLeMqf5A9a823YB, "
Chùa Phật Quang,4.5,Chùa phật giáo,Không có giá,"Thanh Phong, Thanh Liêm, Hà Nam",Hà Nam,545,"https://lh3.googleusercontent.com/p/AF1QipOJdMjuP8ADoKFDAD-2vGmgOd6L4M0rPil-YWfG, https://lh3.googleusercontent.com/p/AF1QipPH55v6Y8ZVN9HjHcsGrMfOXticmDlDXqeEkeh1, "
Núi Chùa,4.5,Chùa phật giáo,Không có giá,"FVWR+MJ3, thôn Châu, Thanh Liêm, Hà Nam",Hà Nam,2,"https://lh3.googleusercontent.com/p/AF1QipNnptSdLHWTxI_uyQHCle_Pj_OArX8eOxyBsRWK, https://lh3.googleusercontent.com/p/AF1QipPOHftVlU2yTGw-cm-YvlwVL__auzE3sjg5o3IU, "
Thêu Ren Thanh Hà,5.0,Dịch vụ thêu,Không có giá,"Xã, An Hòa, Thanh Liêm, Hà Nam 18406",Hà Nam,1,"https://lh3.googleusercontent.com/p/AF1QipOgmLTgu3NvIzaOMsQ6qtUEczsut5SpoXsuS3U, https://lh3.googleusercontent.com/p/AF1QipNmL17ZelpS_tXmS-qsbJloYuRqIhq9BA8A6Uo, "
Chùa Tam Giáo,4.6,Chùa phật giáo,Không có giá,"JR9F+84R, Unnamed, Road, Kim Bảng, Hà Nam",Hà Nam,14,"https://lh3.googleusercontent.com/p/AF1QipOdBuikoM-zvV3b4PiMILa3LYU_jpln_aHJZkWV, https://lh3.googleusercontent.com/p/AF1QipOGcTkV6aVQrswYacAvrHUBgTTt5VYa4YQ-OCDE, "
Chùa Tam Chúc,4.1,Chùa phật giáo,Không có giá,"HR76+P7M, Chùa, Tam Chúc, Kim Bảng, Hà Nam",Hà Nam,328,"https://lh3.googleusercontent.com/p/AF1QipOGcTkV6aVQrswYacAvrHUBgTTt5VYa4YQ-OCDE, https://lh3.googleusercontent.com/p/AF1QipM0JZuc1_EngmlxFH32MHHMdw2bAfA9k_5nn0dc, "
Từ đường nhà thơ Nguyễn Khuyến,4.7,Bảo tàng di sản,Không có giá,"F2PQ+3MR, Làng Vị Hạ, Trung Lươg, Bình Lục, Hà Nam",Hà Nam,130,"https://lh3.googleusercontent.com/p/AF1QipMRvZ8ICNWDtO5bWN9Jnl2NOvFubBWZNi88yDvc, https://lh3.googleusercontent.com/p/AF1QipM_cMhIeMjY7csrdlovQDX70DMbNf_OejBlv4Cw, "
Đền Mẫu - Hồ Tam Chúc,4.5,Nơi thờ cúng,Không có giá,"HR52+XQ8, Ba Sao, Kim Bảng, Hà Nam",Hà Nam,35,"https://lh3.googleusercontent.com/p/AF1QipNH9Dp-LjD_FWXtq4jqgdCI7UA-BE99DIQy4mTy, https://lh3.googleusercontent.com/p/AF1QipNAFQoA_943gzxBH62Gg8FekHqRIqOAcf0cAV4E, "
Đền Bà Vũ,5.0,Nơi thờ cúng,Không có giá,"J33M+RQM, Chân Lý, Lý Nhân, Hà Nam",Hà Nam,11,"https://lh3.googleusercontent.com/p/AF1QipN3KharygPncBJSd-gry-cw9c15EMFT-GHTrNG1, https://lh3.googleusercontent.com/p/AF1QipMAKeeUlLXhQjkD0ULxgyCmEgClGEP5Aw8-W-hg, "
Chùa Ngọc,4.4,Chùa phật giáo,Không có giá,"Ba Sao, Kim Bảng, Hà Nam",Hà Nam,303,"https://lh3.googleusercontent.com/p/AF1QipN3KharygPncBJSd-gry-cw9c15EMFT-GHTrNG1, https://lh3.googleusercontent.com/p/AF1QipMAKeeUlLXhQjkD0ULxgyCmEgClGEP5Aw8-W-hg, "
Chùa Ba Sao,4.3,Chùa,Không có giá,"HQ5J+V35, Ba Sao, Kim Bảng, Hà Nam",Hà Nam,92,"https://lh3.googleusercontent.com/p/AF1QipPKbKIubzBUcZRWfGoUjMg2LsTxt2w1fDPGqJjx, https://lh3.googleusercontent.com/p/AF1QipMwiia5QjO_vsfdaDC0Hii-Uu-XwMpEcAym9hvN, "
Điện Tam Thế,4.3,Chùa phật giáo,Không có giá,"HQ2V+JPM, Ba Sao, Kim Bảng, Hà Nam",Hà Nam,24,"https://lh3.googleusercontent.com/p/AF1QipOZCCuoPgE1X71xUUB6KLjq4WhQT5GSWf1qIGGG, https://lh3.googleusercontent.com/p/AF1QipMeegyDevJQohmwu0Z9hJ56isHsyxNtMGU7wYig, "
Văn Miếu – Quốc Tử Giám,4.6,Nơi thờ cúng,70.000 ₫,"58 P. Quốc Tử Giám, Văn Miếu, Đống Đa, Hà Nội",Hà Nội,14.693,"https://lh3.googleusercontent.com/p/AF1QipNScqrwdnIoEdHZYKVM1hpmOpM0i3mlvRzxiI-A, https://lh3.googleusercontent.com/p/AF1QipPZ3bpiwQ7nPnEdqqd-unYLMINwVB3NrsG_THWT, "
Di tích Nhà tù Hỏa Lò,4.5,Bảo tàng lịch sử,50.000 ₫,"1 P. Hoả Lò, Trần Hưng Đạo, Hoàn Kiếm, Hà Nội",Hà Nội,14.958,"https://lh3.googleusercontent.com/p/AF1QipNScqrwdnIoEdHZYKVM1hpmOpM0i3mlvRzxiI-A, https://lh3.googleusercontent.com/p/AF1QipPZ3bpiwQ7nPnEdqqd-unYLMINwVB3NrsG_THWT, "
Hoàng Thành Thăng Long,4.4,Điểm mốc lịch sử,30.000 ₫,"19c Hoàng Diệu, Điện Biên, Ba Đình, Hà Nội 100000",Hà Nội,14.872,"//lh3.googleusercontent.com/proxy/G1EyrVu4GKsmbjndkD7EBYvyauKzZU8TJfgNZCRAxgEeHRHlk2bRP-3ktkV1-afTyO87Ozu_rcXBs9ChyqhtvPqcklr0kVJQNUp93aIskiAWpQIaMXdsDEblEsBlhneuy0YJdTqvqfWpXg4b8SYwLNmWrtCkbDM, https://lh3.googleusercontent.com/p/AF1QipPIenoAFr8QBX32fr8DML6hWkFb3EHTFzQbggsW, "
Nhà hát Lớn Hà Nội,4.6,Nhà hát Opera,Không có giá,"1 Tràng Tiền, Phan Chu Trinh, Hoàn Kiếm, Hà Nội",Hà Nội,18.449,"https://lh3.googleusercontent.com/p/AF1QipOCl26ad64r-kpHcqMJFbRAoy8rt_OdM5hGDkaf, //lh3.googleusercontent.com/proxy/Pob69H8rpdBbKoKjPPOS6Dfr9K4vW-BI-HqEKLO2DM4lZQf0qicBsT6b2Bvt_o5bQxdjoLZ_Rw_3h6DSwjJ13AIlaaGyaMvKwJbJBB77HhJXeNu-JwJJD8N4L_kqaEHv34lMCGQcLylgQGdYcL7qbIcaqd1OZfs, "
Lăng Chủ tịch Hồ Chí Minh,4.5,Điểm mốc lịch sử,Miễn phí,"1 Hùng Vương, Điện Biên, Ba Đình, Hà Nội",Hà Nội,17.779,"//lh3.googleusercontent.com/proxy/3exjYBL0wwHKhReKkKLhZxcGVeyd9S6GEUuNhAkyqEVovzTVwilIPSH7sqeBlu-TU-QdH0VGLZBIIgxPfKkQ8zgaSIU0cBWpa4zU904oj3e0IBdeErLl_6uuixHwkC8t1NECQQMTSWnzyOvDO8bkw_I6SEoa6A, https://lh3.googleusercontent.com/p/AF1QipM08a-ySViXTwBSObTga-TmwSphMUPvfg11JMKD, "
Đền Ngọc Sơn,4.4,Điểm thu hút khách du lịch,Không có giá,"2VJ2+7XC, P. Đinh Tiên Hoàng, Hàng Trống, Hoàn Kiếm, Hà Nội 100000",Hà Nội,9.170,"https://lh3.googleusercontent.com/p/AF1QipNk0hiKji1aeJiKGmyWvsQkokDlNbXQyJufTMiV, //lh3.googleusercontent.com/proxy/uk_E6lwIcQ5Kfp5GRNw4bd2_wFrXq-zwWfW7rjXiR1ctb57hEqFdist6w3fLeq-b8MV3IQ9Qe3A2ohJbDRZvcOe87RzDyRQC7XNCq1EbWp75YQzNisKgHnxnZOQDA-et6Mqdfq8gvZ5z2L45dBKXbp0wGioe9A, "
Nhà Thờ Lớn Hà Nội,4.7,Nhà thờ chính tòa Công giáo,Miễn phí,"40 P. Nhà Chung, Hàng Trống, Hoàn Kiếm, Hà Nội 100000",Hà Nội,3.950,"https://lh3.googleusercontent.com/p/AF1QipNswaa8cGaSex-rb8AWbAdOyRuAZY7oCq77Hzva, https://lh3.googleusercontent.com/p/AF1QipNh4lL-QNEAqlvA7M53aYlW-y0JAd80CXGP91Kl, "
Chùa Trấn Quốc,4.4,Chùa phật giáo,Miễn phí,"46 Đ. Thanh Niên, Yên Phụ, Tây Hồ, Hà Nội",Hà Nội,11.684,"https://lh3.googleusercontent.com/p/AF1QipNcgDsK2Rrox8MeOY_a3bAcsxdHmQkP_fmv55qR, https://lh3.googleusercontent.com/p/AF1QipN_c2DX9pUVgTSNGnqjBjCzdCQHGT_oCUXiR593, "
Khu Phố Cổ Hà Nội,4.5,Điểm thu hút khách du lịch,Miễn phí,"P. Hàng Ngang, Hàng Đào, Hoàn Kiếm, Hà Nội 100000",Hà Nội,5.772,"https://lh3.googleusercontent.com/p/AF1QipMIIBxE-PjHQbyYM2GOcXtipK3CNQLoUBOINZy5, //lh3.googleusercontent.com/proxy/lqqHuWfkhBKbHU7fkX80bkkR_Ez_hHUUPEfePLLzV8tcpWBIB3W-gd_2dljV-rQjpLiTPAQGYxdCwCuz5MIHc6zsUMtG-JAIRIVp9XiDrVyjtBNmtC8rV3lhvksACqDZAZyoAr-lHC9NVlkkTvhmteogISFNtw, "
Quảng trường Ba Đình,4.6,Điểm mốc lịch sử,Không có giá,"Hùng Vương, Điện Biên, Ba Đình, Hà Nội 11812",Hà Nội,5.403,"https://lh3.googleusercontent.com/p/AF1QipOwu2sgXOYQiK0IHVfFwIWvfzDaCqrbL4j7U2Fc, https://lh3.googleusercontent.com/p/AF1QipN_NKNkXGOLG9nMRE3pc2KG8_gv6EkeCx_hFA_x, "
Hồ Hoàn Kiếm,4.7,Hồ,Miễn phí,"Hàng Trống, Hoàn Kiếm, Hà Nội",Hà Nội,9.621,"https://lh3.googleusercontent.com/p/AF1QipPUmzGwHT28WRuDupmbTZhJpoG0EJAD2SdSAueN, https://lh3.googleusercontent.com/p/AF1QipN5UUXtmuLdPVU7ttkgKDjbWXCGKxBopd1l_Ghb, "
Cầu Long Biên,4.6,Cầu,Không có giá,"2VV6+P92, Cầu Long Biên, Ngọc Thụy, Hoàn Kiếm, Hà Nội",Hà Nội,506,"https://lh3.googleusercontent.com/p/AF1QipN3-_0wrzFsf30vYg5nR6mwLroFyNp-qYsnV6B6, //lh3.googleusercontent.com/proxy/1iP6VVikKJRRRAtrw-kwQE-j4QAe93k5cgOYiO_5AoCdeksZKxsTJSquWAK6LKEcDZrKzFJkPDE2PPv53E9HtXP43EIVwPsb2JMFBjL5yzr70H64uCqbRFMxlVrsjd5YRBN3tt76WFmEfoP4xm6vbqlm1HBB-w, "
Đền Quán Thánh,4.5,Nơi thờ cúng,Không có giá,"Đ. Thanh Niên, Quán Thánh, Ba Đình, Hà Nội 118810",Hà Nội,3.939,"https://lh3.googleusercontent.com/p/AF1QipMejXkHxPLp4jllJt3BKhPdrbWFVfq6pRMnX9pA, https://lh3.googleusercontent.com/p/AF1QipOEPM31l7T5hQQshsihGDXbQQFGiWq6dkdEDf-Y, "
Cột cờ Hà Nội,4.5,Điểm mốc lịch sử,Không có giá,"28A Điện Biên Phủ, Điện Biên, Ba Đình, Hà Nội",Hà Nội,1.533,"https://lh3.googleusercontent.com/p/AF1QipMZ9h-Qbqkkft9homy_J927g5e2u2rgXiFpLq5n, https://lh3.googleusercontent.com/p/AF1QipPHGULgfPiVLIBptUwlLEf3byQ28bbAsBF0rOLj, "
Nhà sàn Bác Hồ,4.5,Điểm mốc lịch sử,Không có giá,"1 Đ. Hoàng Hoa Thám, Đội Cấn, Ba Đình, Hà Nội",Hà Nội,1.334,"https://lh3.googleusercontent.com/p/AF1QipND51e908vWrjKLiAeH4ZDN8cQSQDpULtZjFTkT, https://lh3.googleusercontent.com/p/AF1QipN8ZgNm1AxuCgV-NQf-9I3_Q7T6UvwTt0mBMrfV, "
Hồ Tây,4.7,Hồ,Không có giá,"Tây Hồ, Hà Nội",Hà Nội,4.778,"https://lh3.googleusercontent.com/p/AF1QipOYTYoYQwoNRRRKx88t7MeMp3mwLAJqNWs66dRh, https://lh3.googleusercontent.com/p/AF1QipP86Vy9B0G3z0yoIkN7zqNfyqAZdmN-Bq68NDpc, "
Chợ Đồng Xuân,Chưa xét,Công trình xây dựng,Miễn phí,"Đồng Xuân, Hoàn Kiếm, Hà Nội 100000",Hà Nội,không có đánh giá,"https://lh3.googleusercontent.com/p/AF1QipNzvVxzEtrzHgwzQCdYAE33Hlk9Nq9ICMrA2Kmf, https://lh3.googleusercontent.com/p/AF1QipNMXIxamQP1T5Y8-MWHHivPt109t7KUeS3Fra_c, "
Nhà Hát Múa Rối Thăng Long,4.3,Nhà hát múa rối,100.000 ₫,"57B P. Đinh Tiên Hoàng, Hàng Bạc, Hoàn Kiếm, Hà Nội",Hà Nội,15.150,"https://lh3.googleusercontent.com/p/AF1QipM4tzruMhbrqdTa2l-sFpsHbBJu56AXZmEQFXoP, https://lh3.googleusercontent.com/p/AF1QipO7HBviTbmA3r1PbXesJSo_qb8AYBnXzayrj6Wy, "
Chùa Quán Sứ,4.7,Chùa phật giáo,Không có giá,"73 P. Quán Sứ, Trần Hưng Đạo, Hoàn Kiếm, Hà Nội",Hà Nội,2.717,"https://lh3.googleusercontent.com/p/AF1QipM8slChB24NcOtschJbg7uSos-1SNdmKiwMlQwk, https://lh3.googleusercontent.com/p/AF1QipMBfpxE16EQYSH9ZscxF4oD5UbnitJwAXu73Bbe, "
Bảo tàng Dân tộc học Việt Nam,4.6,Bảo tàng dân tộc học,40.000 ₫,"Đ. Nguyễn Văn Huyên, Quan Hoa, Cầu Giấy, Hà Nội 100000",Hà Nội,13.234,"//lh3.googleusercontent.com/proxy/__kvhd2s2PO7PPk0UU0elUX911uWGSO1oyCI60u4ZKc_zSD8TKomvUX35ZRdT8yoqjne8G-8y-PG_hCjFW1U3pq9gqr5k1d4kN6QywLghwsePrQqqR_yBmotasxRIcVL5E4LuZaQ15d3AMw84BydOVC_TqtXnw, https://lh3.googleusercontent.com/p/AF1QipNG8Vc8cQB_5SBnQ0nWxZWuygqi5ocYdxVIo52V, "
Chùa Một Cột,4.3,Chùa phật giáo,Miễn phí,"2RPM+8CX, P. Chùa Một Cột, Đội Cấn, Ba Đình, Hà Nội 100000",Hà Nội,7.071,"//lh3.googleusercontent.com/proxy/IP0U-ZMqlZNxzilGBSOPRH49GUxgSZ8gcrVugQSBFbNAWuTT9VNeM_ehpDVimgJiNIVga7b3MOQ7OntM9DpOz-WmtAhI5mnKtrb1QQBa0igjGoe9F9o6H4CKuDO4FMkkuCcqOShgSuaKivuhKBdRtBfvnVOMYIw, https://lh3.googleusercontent.com/p/AF1QipPLH4Dgu3yZUqL562kb4oSSrpEL22FFlp4P1uQB, "
Bảo tàng Mỹ thuật Việt Nam,4.5,Bảo tàng nghệ thuật,40.000 ₫,"66 P. Nguyễn Thái Học, Điện Biên, Ba Đình, Hà Nội",Hà Nội,3.429,"//lh3.googleusercontent.com/proxy/IP0U-ZMqlZNxzilGBSOPRH49GUxgSZ8gcrVugQSBFbNAWuTT9VNeM_ehpDVimgJiNIVga7b3MOQ7OntM9DpOz-WmtAhI5mnKtrb1QQBa0igjGoe9F9o6H4CKuDO4FMkkuCcqOShgSuaKivuhKBdRtBfvnVOMYIw, https://lh3.googleusercontent.com/p/AF1QipPLH4Dgu3yZUqL562kb4oSSrpEL22FFlp4P1uQB, "
Bảo tàng Phụ nữ Việt Nam,4.4,Bảo tàng,Không có giá,"36 P. Lý Thường Kiệt, Hàng Bài, Hoàn Kiếm, Hà Nội",Hà Nội,4.942,"//lh3.googleusercontent.com/proxy/a9YPcsk3Joq8h9XDn5yTiKmD4wR55SfKCfbiiRwYZUUYEnFdUx3H0AfxX7xJXws1JsuDlKRM_G5rDE1OAbMhXzD5Sr8rmeN9BnbcdKNq5TlNwuaZeBt-K-AiUd3lmYPeDc-W8e4yrGHbmep8Mbjy6ZcyrGCnCw, https://lh3.googleusercontent.com/p/AF1QipNHd2a7QDy1LUZnBi8VOX641jOP34YK8_9allyL, "
Bảo tàng Hồ Chí Minh,4.3,Bảo tàng,40.000 ₫,"19 P. Ngọc Hà, Đội Cấn, Ba Đình, Hà Nội 100000",Hà Nội,6.844,"//lh3.googleusercontent.com/proxy/Ht5gLTFGH2kso_sWdNNTpXGa_INBj27i1ZpLPKoN846LzJ-yCxcrbKaNzT8ov2xca37s4O2547cbo4YloAW2Vml5vgvKtuKng2zQoY_mo5ueEZlrqk4QnDqchDYX4gB-i_ix29J5xK_1xYTp2wW6K39sCARPcEA, https://lh3.googleusercontent.com/p/AF1QipNNRkzBESRat-BCW8Cs-vJpJEPBHO-Synq48o4M, "
Phủ Tây Hồ,4.7,Điện thờ,Không có giá,"52 P. Đặng Thai Mai, Quảng An, Tây Hồ, Hà Nội",Hà Nội,3.749,"https://lh3.googleusercontent.com/p/AF1QipPrx2pphMs3QOm_f5fsbctacTazvOl-X7pzxBim, https://lh3.googleusercontent.com/p/AF1QipP-zZGJ7WoOd5RUZwGqqrF1hKUZcGOxVFrgJ0q0, "
Bãi Đá Sông Hồng,4.3,Vườn cộng đồng,Không có giá,"Ngõ 264 Âu Cơ, Nhật Tân, Tây Hồ, Hà Nội 100000",Hà Nội,5.800,"https://lh3.googleusercontent.com/p/AF1QipOjoNc-6UfoPAwB5yfk6ItuluJ_Q7Hi7G_uidBb, https://lh3.googleusercontent.com/p/AF1QipOyvU3y7VoK0ba_CNLKGeCqwTV-TUyeEvSPsa4R, "
Công viên Thống Nhất,4.3,Công viên thành phố,Không có giá,"354A Đ. Lê Duẩn, Phương Liên, Đống Đa, Hà Nội",Hà Nội,14.936,"https://lh3.googleusercontent.com/p/AF1QipMmXucxtxmOpKGaQ1r_cbygeeSY3XpXsXEXnoLG, https://lh3.googleusercontent.com/p/AF1QipN0m7C7xbBZbnijetRjJDbFARxfXo3JB2hz9cVH, "
Bảo tàng Lịch sử Quốc gia,4.3,Bảo tàng lịch sử,40.000 ₫,"1 Tràng Tiền, Phan Chu Trinh, Hoàn Kiếm, Hà Nội",Hà Nội,3.159,"https://lh3.googleusercontent.com/p/AF1QipPtMvltP4_bopTWsoRaq6jgXsgznbWz5rfOWtnV, https://lh3.googleusercontent.com/p/AF1QipN71Yzov0xLo6XNodJsmDQ-n45epwuUBgzSGnfJ, "
Quảng trường Đông Kinh Nghĩa Thục,4.5,Điểm thu hút khách du lịch,Không có giá,"7 P. Đinh Tiên Hoàng, Hàng Trống, Hoàn Kiếm, Hà Nội 110213",Hà Nội,8.689,"//lh3.googleusercontent.com/proxy/IXw01lkwzK0LarvNiVQa_ziL0ILT210nLe_bo4o3jYiKjeXOZQZ5oerx94rJ-IMV9uHdDHNdSSUZzkJTHYnlEZtnRRDPRS_4g4zl335Yy3ahgfWdWmdivabmpAxIcr0sjPvSxm3IAJkM7QEFDayQTJ3Fo6G3ou8, https://lh3.googleusercontent.com/p/AF1QipNHdn8pQVFdxhts6UWvrdBcpa8dhla39h4PtEkM, "
Bảo tàng Lịch sử Quân sự Việt Nam,4.2,Bảo tàng quân đội,Không có giá,"28A Điện Biên Phủ, Điện Biên, Ba Đình, Hà Nội",Hà Nội,5.723,"https://lh3.googleusercontent.com/p/AF1QipN5i_Jw8NVczCxc9dXwtKjTbFCLKL8GR3riQp-u, https://lh3.googleusercontent.com/p/AF1QipO85EDgUjkpqDHYVM83R75EdCwtkAr-gVhag0_l, "
Phố Đường Tàu Hà Nội,4.1,Điểm thu hút khách du lịch,Miễn phí,"3 P. Trần Phú, Hàng Bông, Hoàn Kiếm, Hà Nội 100000",Hà Nội,6.902,"https://lh3.googleusercontent.com/p/AF1QipOB6XEoKCDMlS-Olfe2fSP7LInPNeLa0MZiTkhs, https://lh3.googleusercontent.com/p/AF1QipNqn-TrThvzNS2BLom4IM4z4RBASVSfAHfMSq86, "
Tượng Đài Vua Lý Thái Tổ,4.6,Điểm thu hút khách du lịch,Không có giá,"12 P. Lê Lai, Lý Thái Tổ, Hoàn Kiếm, Hà Nội 100000",Hà Nội,6.203,"https://lh3.googleusercontent.com/p/AF1QipOE1Uu55GK1b7xumK1qT1LudYeaxajlPPR_yq6g, https://lh3.googleusercontent.com/p/AF1QipPev9bmTpIEj5CyGr52chpyL2SWGUCBV1WMWPZA, "
La Belle Vie Spa,4.9,Câu lạc bộ spa và sức khỏe,Không có giá,"48 P. Lương Văn Can, Hàng Gai, Hoàn Kiếm, Hà Nội 100000",Hà Nội,5.324,"https://lh3.googleusercontent.com/p/AF1QipM8rcaZ-H9dIFmGRtWi9vMkMlfrPIB0tbCXmuJh, https://lh3.googleusercontent.com/p/AF1QipNmGGU3bqC3MQLtYklERU41xQnI7F6NQwPZti9R, "
Công viên Thủ Lệ,4.1,Vườn bách thú,50.000 ₫,"Đ. Bưởi, Thủ Lệ, Ba Đình, Hà Nội 100000",Hà Nội,16.117,"https://lh3.googleusercontent.com/p/AF1QipMAYxUu3YXdsO0dHw_7-UxUAERYv_qL5bzzTRLd, https://lh3.googleusercontent.com/p/AF1QipPFIQuPfhxkahRS2DUz4W2W939jtuJWGwZwt8gC, "
Đền Bạch Mã,4.4,Nơi thờ cúng,Miễn phí,"76 P. Hàng Buồm, Hàng Buồm, Hoàn Kiếm, Hà Nội",Hà Nội,990,"https://lh3.googleusercontent.com/p/AF1QipOtEGjJIpb34mDs3k-rWAy80rItsfspXIf2nyMl, https://lh3.googleusercontent.com/p/AF1QipMv42ALYM2LmpD0DWoZp3XJWSwCoq4aK5JBcuM, "
Cầu Thê Húc,4.6,Cầu,Không có giá,"Hàng Trống, Hoàn Kiếm, Hà Nội",Hà Nội,322,"https://lh3.googleusercontent.com/p/AF1QipPyGtyqUK55KvIvSOFiiOIMhyijSghWiGthCN5L, https://lh3.googleusercontent.com/p/AF1QipNRcr1szZyAaoWeGuuqX9X9QgBvNdv0_POzzDJP, "
Tháp Rùa,4.6,Địa điểm lịch sử,Không có giá,"2VH2+5W3, P. Lê Thái Tổ, Hàng Trống, Hoàn Kiếm, Hà Nội",Hà Nội,320,"https://lh3.googleusercontent.com/p/AF1QipO9Cc2F0xXVe-VymXs_sTfj_C_1TLoitqZHOWdW, https://lh3.googleusercontent.com/p/AF1QipNz1cSnR-BnsFPKZAUcBk5lmHW2N8oK4s-Kgz5U, "
Chùa Láng,4.6,Chùa phật giáo,Miễn phí,"116 P. Chùa Láng, Láng Thượng, Đống Đa, Hà Nội",Hà Nội,2.821,"https://lh3.googleusercontent.com/p/AF1QipMuWzA6KBCwjM5IRQJnHBBn3rl4F14yA4BZMCX8, https://lh3.googleusercontent.com/p/AF1QipPobm895kOJPbwINy8S3ahF4yGn6NYzR0RsQvpG, "
Vườn bách thảo Hà Nội,4.2,Công viên,Không có giá,"1B Đ. Hoàng Hoa Thám, Ngọc Hồ, Ba Đình, Hà Nội",Hà Nội,7.534,"https://lh3.googleusercontent.com/p/AF1QipOh9Tp_I-bskZ67QgPTun7bPPwftalvMqrLwHpn, https://lh3.googleusercontent.com/p/AF1QipPh4VFwhEnLhyFWfm1yl1f-nqLZPduwzx3XlPSr, "
Bảo tàng Phòng không - Không quân,4.5,Bảo tàng quân đội,Không có giá,"173C Đ. Trường Chinh, Khương Mai, Thanh Xuân, Hà Nội",Hà Nội,2.333,"https://lh3.googleusercontent.com/p/AF1QipMfxTSm33cnhC63GOzjgyrBG9UVmt92GB4k8Bjy, https://lh3.googleusercontent.com/p/AF1QipPrIJbhTnMI0aXw-tS5COGH2O27uFjph5ev2Jth, "
Tháp Bút,4.6,Điểm mốc lịch sử,Không có giá,"59 P. Đinh Tiên Hoàng, Hàng Trống, Hoàn Kiếm, Hà Nội",Hà Nội,1.077,"https://lh3.googleusercontent.com/p/AF1QipM0iZ9_bOiJHwx4ZyLycrf2yCgHTWfvKik95riQ, https://lh3.googleusercontent.com/p/AF1QipOUCJKd9YM9n0-unalnxME5O7BWd_DvXre11rgA, "
Nhà Thờ giáo xứ Cửa Bắc,4.6,Nhà thờ Công giáo,Không có giá,"56 P. Phan Đình Phùng, Quán Thánh, Ba Đình, Hà Nội",Hà Nội,1.997,"https://lh3.googleusercontent.com/p/AF1QipM0iZ9_bOiJHwx4ZyLycrf2yCgHTWfvKik95riQ, https://lh3.googleusercontent.com/p/AF1QipOUCJKd9YM9n0-unalnxME5O7BWd_DvXre11rgA, "
Công Viên Lênin,4.3,Công viên thành phố,Không có giá,"28A Điện Biên Phủ, Điện Biên, Ba Đình, Hà Nội 100000",Hà Nội,3.254,"https://lh3.googleusercontent.com/p/AF1QipPNM_cVG0wBbIJtZP1FY6nv9lGX7SD9PbSSQUJh, //lh3.googleusercontent.com/proxy/W_0AviZm0ffLLK-tIt_CFYzwzSMlXnWDPVZGRBIsnbAE2-T2vwGOCrM5q1TlZ41hq3GjgGV9a0jEMRQP4sCCgohHFtwMikf4GcZtWbTwXCXdhTMmlpqhe5Hkz975XtRhK6xlLhwzM0TwO_6uFwR7uVpBP51T_g, "
Bảo tàng Chiến thắng B-52,4.3,Bảo tàng quân đội,Không có giá,"157 P. Đội Cấn, Ngọc Hồ, Ba Đình, Hà Nội",Hà Nội,1.341,"https://lh3.googleusercontent.com/p/AF1QipPiYp1hN0lB7-ewHX3vKuZg2VSPBpnUF-qLPmgB, https://lh3.googleusercontent.com/p/AF1QipMIKzEOCZd0ttOyqgWBljj-xdgpfmX_YohGNZcU, "
Chợ Long Biên,4.2,Chợ,Không có giá,"Đ. Hồng Hà, Phúc xá, Hoàn Kiếm, Hà Nội",Hà Nội,1.000,"https://lh3.googleusercontent.com/p/AF1QipMrTCQPQGdrBqo2WdvXgtWdMXz7yw8CKN1yUmc, https://lh3.googleusercontent.com/p/AF1QipMPLYmou94Ncw7WIewIwUrMf-2OxtuHmL18rGKx, "
Tháp Hòa Phong,4.4,Điểm mốc lịch sử,Không có giá,"75b P. Đinh Tiên Hoàng, Tràng Tiền, Hoàn Kiếm, Hà Nội",Hà Nội,1.732,"https://lh3.googleusercontent.com/p/AF1QipMuDrVT-F1hRfPgVku8qgt46DSVa6TDEQz_6vxE, https://lh3.googleusercontent.com/p/AF1QipPw497HZYS8deiLM3jrAEdxuVGm5rLN8CAq-T3t, "
Di tích Cửa Bắc-Hà Nội,4.5,Điểm mốc lịch sử,Không có giá,"Cửa Bắc, 46 P. Phan Đình Phùng, Quán Thánh, Ba Đình, Hà Nội",Hà Nội,1.129,"https://lh3.googleusercontent.com/p/AF1QipOJZ5TY0qDP2b6HbMCU9yffBMbosqVDJCmYJ_fa, https://lh3.googleusercontent.com/p/AF1QipMELHK7x4Q2mAQS57ZdFGdQADBo_QPqEQT_V875, "
Con Đường Gốm Sứ,4.3,Điểm thu hút khách du lịch,Không có giá,"11 P. Hàng Vôi, Lý Thái Tổ, Hoàn Kiếm, Hà Nội",Hà Nội,619,"https://lh3.googleusercontent.com/p/AF1QipP12ihiSvx5s9dn0scD8RRpwfwoIOBk2jVxJDin, https://lh3.googleusercontent.com/p/AF1QipNpueAcBe4zVKXYBEjVwAumAu1SAUqDHOSDsUlt, "
Tháp nước Hàng Đậu,4.3,Điểm mốc lịch sử,Không có giá,"Bốt Hàng Đậu, Quán Thánh, Hoàn Kiếm, Hà Nội",Hà Nội,1.645,"https://lh3.googleusercontent.com/p/AF1QipM90ejfGCKdYd058gZ__gS9W0gAll0S_2fuNgCW, https://lh3.googleusercontent.com/p/AF1QipPOnwa92j3oslvpvfh2tNZ4riNR7OfYepMVgOm5, "
Street Murals,4.3,Điểm thu hút khách du lịch,Không có giá,"27 P. Phùng Hưng, Hàng Mã, Hoàn Kiếm, Hà Nội",Hà Nội,805,"https://lh3.googleusercontent.com/p/AF1QipOICL6_kXhvMrXr7ZFyo3NhP-p1ZeMTj3jShduT, https://lh3.googleusercontent.com/p/AF1QipMvPYTPBVqTmC0Pr0lwUV55MEb_cWZ3F6c8-yj0, "
Trung tâm Múa rối nước Bông Sen,4.2,Nhà hát múa rối,Không có giá,"16 P. Lê Thái Tổ, Hàng Trống, Hoàn Kiếm, Hà Nội 100000",Hà Nội,1.919,"https://lh3.googleusercontent.com/p/AF1QipNqXjd5ruAqv21sBXcueZOHsXXxozHAGa-Wq98S, https://lh3.googleusercontent.com/p/AF1QipNxyHhdVrL0S6Rj61c-7sicyToR5SvvaHYrpKpC, "
Điện Kính Thiên,4.4,Điểm mốc lịch sử,Không có giá,"Hoàng Diệu, Quán Thánh, Ba Đình, Hà Nội",Hà Nội,301,"https://lh3.googleusercontent.com/p/AF1QipMIFz71Pl4j5zP4T8OeyfWirgZTw2Iby0xd68Xi, https://lh3.googleusercontent.com/p/AF1QipNE5sbxB2YmnHHADEubYiYlelOd7zGFLM-K37kB, "
Đài Quan Sát LOTTE Hanoi Sky View,4.4,Sân ngắm cảnh,Không có giá,"54 P. Liễu Giai, Cống Vị, Ba Đình, Hà Nội 100000",Hà Nội,187,"https://lh3.googleusercontent.com/p/AF1QipNs6veUo7wTx1F8T4TeFwgaCMreNx7ybaaRvHk8, https://lh3.googleusercontent.com/p/AF1QipPOVUH1yV0lyQJ_JSjNAJ6f_l2-MQ3leHzRZtuh, "
Khuê Văn Các,4.7,Địa điểm lịch sử,Không có giá,"2RHP+C8P, P.Tôn Đức Thắng, Văn Miếu, Đống Đa, Hà Nội",Hà Nội,274,"https://lh3.googleusercontent.com/p/AF1QipOvI15Cu38cAp3l-0Xp7g6uPGe_gFbPBWwiiR3n, https://lh3.googleusercontent.com/p/AF1QipNJces8jy49UcXtvnERd5AyEx6xksu4zSGx42NI, "
Phố cổ Hà Nội,Chưa xét,Khu dân cư,Không có giá,"Hoàn Kiếm, Hà Nội",Hà Nội,không có đánh giá,"https://lh3.googleusercontent.com/p/AF1QipNwSD_KE45RlGLSXjLM0lGxo2g-BuMxQkWsN1iZ, https://lh3.googleusercontent.com/p/AF1QipP-NKDTtGJrvKOLiu3XA1GCKu72K1yKfN-5XsI7, "
Nguyen Art Gallery - Vietnam Artworks & Paintings,4.7,Phòng trưng bày nghệ thuật,Không có giá,"31A P. Văn Miếu, Văn Miếu, Đống Đa, Hà Nội 100000",Hà Nội,84,"https://lh3.googleusercontent.com/p/AF1QipOrnlO3Sb611lnP9Hu5k4kO3Kj1cRN1aq0yO-MY, https://lh3.googleusercontent.com/p/AF1QipPDUpDRUhZaUkzWhxJpvod09A-7O1qjGbhwkpOz, "
Bảo tàng Hà Nội,4.3,Bảo tàng,Không có giá,"Đ. Phạm Hùng, Mễ Trì, Nam Từ Liêm, Hà Nội 100000",Hà Nội,3.832,"https://lh3.googleusercontent.com/p/AF1QipO-2OUNg2PDS64x0g3O2po9FJo_GjxpB8j2PGiZ, https://lh3.googleusercontent.com/p/AF1QipMWGQ85LEEdsYyXRNxo_I8Aj0Sw70HDpj7Scesv, "
Bảo tàng Công An Hà Nội,4.2,Bảo tàng quân đội,Không có giá,"67 P. Lý Thường Kiệt, Trần Hưng Đạo, Hoàn Kiếm, Hà Nội",Hà Nội,339,"https://lh3.googleusercontent.com/p/AF1QipPtTwRdVviO9PVnpobYy_VccrZPsqBVB4OHvJh8, https://lh3.googleusercontent.com/p/AF1QipOOkoBOJFTZpjDn3FkTLfB0TkoOSTEQIWtD_yd_, "
bảo tàng cách mạng Việt Nam,4.7,Bảo tàng,Không có giá,"25 P. Tông Đản, Tràng Tiền, Hoàn Kiếm, Hà Nội",Hà Nội,11,"https://lh3.googleusercontent.com/p/AF1QipM6j31FURkgkyL5qlestsPbSZwmfpJJKKXS_Rb3, https://lh3.googleusercontent.com/p/AF1QipNk5lSONRiS8ecAiug5RwxyNsFUfBi9xlBlm_1h, "
French Quarter,Chưa xét,Khu dân cư,Không có giá,"Hoàn Kiếm, Hà Nội",Hà Nội,không có đánh giá,"https://lh3.googleusercontent.com/p/AF1QipO2OXNksLVWwIL0Fgucx_4sFb2FWaZy1tcllOZx, https://lh3.googleusercontent.com/p/AF1QipNkELvfNWQDWxrnPtRQGoCrlXZ9Szr6Nk_XV6R9, "
Chùa Hương Tích,4.6,Chùa phật giáo,Không có giá,"GQMQ+MM4, Thiên Lộc, Can Lộc, Hà Tĩnh 480000",Hà Tĩnh,1.028,"https://lh3.googleusercontent.com/p/AF1QipMjwUESm0-k0Um9IFnTeQu7_OuIxWm7NnbKjXnw, https://lh3.googleusercontent.com/p/AF1QipO9rOWYqcoenqYj2E1PnE9O5-z8BmCiUdJa6Dhv, "
Khu di tích quốc gia đặc biệt Đại thi hào Nguyễn Du,4.7,Điểm thu hút khách du lịch,Không có giá,"MQ78+XPV, ĐT541, Tiên Điền, Nghi Xuân, Hà Tĩnh",Hà Tĩnh,474,"https://lh3.googleusercontent.com/p/AF1QipMjwUESm0-k0Um9IFnTeQu7_OuIxWm7NnbKjXnw, https://lh3.googleusercontent.com/p/AF1QipO9rOWYqcoenqYj2E1PnE9O5-z8BmCiUdJa6Dhv, "
Vườn Quốc gia Vũ Quang,4.6,Công viên quốc gia,Không có giá,"7FPG+JRH, Vũ Quang, Hà Tĩnh",Hà Tĩnh,431,"https://lh3.googleusercontent.com/p/AF1QipMu0mBg8cXPc_gM68H-KGKlh7lBpYclMqv46715, https://lh3.googleusercontent.com/p/AF1QipPmpAOvJUi5CWfVtIpd6gw3iB2U-zr4En6u9CWM, "
Hồ Kẻ Gỗ,4.6,Hồ,Không có giá,"Cẩm Mỹ, Cẩm Xuyên, Hà Tĩnh",Hà Tĩnh,350,"https://lh3.googleusercontent.com/p/AF1QipOXfH7SghQ0tmgy5brOLHUAoyyKnpVHd4JPNik2, https://lh3.googleusercontent.com/p/AF1QipO8XELRJR0B09udDnYGtBSgtvijeZT9H0MCa4_z, "
Bãi biển Thiên Cầm,4.2,Bãi biển,Không có giá,Hà Tĩnh,Hà Tĩnh,789,"https://lh3.googleusercontent.com/p/AF1QipPPpusV-Wa-NuJoor1s_r96Ry6BIKbAO4z1rnpT, https://lh3.googleusercontent.com/p/AF1QipMoxMpUXDukVJGIgDmajfJ_xvgZUx9LtxI0lov0, "
Đồi Chè Kỳ Trung,4.8,Điểm thu hút khách du lịch,Không có giá,"45HQ+9RH, Unnamed Road, Kỳ Trung, Kỳ Anh, Hà Tĩnh",Hà Tĩnh,41,"https://lh3.googleusercontent.com/p/AF1QipPYVD9h1YIafitiRMXj1_sjDSgl67UAHzcBCQig, https://lh3.googleusercontent.com/p/AF1QipMh9ny9CEualeElBsvcTd9N8x5fnqa4L44Soyb3, "
Núi Hồng Lĩnh,4.7,Mountain range,Không có giá,"Thiên Lộc, Can Lộc, Hà Tĩnh",Hà Tĩnh,13,"https://lh3.googleusercontent.com/p/AF1QipMJ3rcCqjRud7lbUUgngs7FFt2vMsPosdV8p_MF, https://lh3.googleusercontent.com/p/AF1QipM_0VyhoG8x111iQW5sbwWkgquajjaVuzhtpywy, "
Vincom Plaza Hà Tĩnh,4.3,Trung tâm mua sắm,Không có giá,"17-5 Hàm Nghi, Hà Huy Tập, Hà Tĩnh",Hà Tĩnh,111,"https://lh3.googleusercontent.com/p/AF1QipPB86btIOBwFDyvFTvqzrhcEo75ucfqa62T7MOh, https://lh3.googleusercontent.com/p/AF1QipN1mG7KZyZlXHhiNJWStTgsPx_jkygBlK7afQ, "
Đèo Ngang,4.3,Đường vượt núi,Không có giá,"Kỳ Nam, Kỳ Anh, Hà Tĩnh",Hà Tĩnh,261,"https://lh3.googleusercontent.com/p/AF1QipMsQP82oAOT67oC1Fg_HOqB_35hh5jByN1zStJo, https://lh3.googleusercontent.com/p/AF1QipMyfUxHjvTluQtzQUD-dakXQ28TubesR83oxMRk, "
ngã ba Đồng Lộc,Chưa xét,Khu dân cư,Không có giá,"Đồng Lộc, Can Lộc, Hà Tĩnh",Hà Tĩnh,không có đánh giá,"https://lh3.googleusercontent.com/p/AF1QipN_fhl5WVLRLv6ikoYgXuZi7gHdGqXVJ5_qWFBQ, https://lh3.googleusercontent.com/p/AF1QipNfvywZHS_YsFZ2lBnW5KZjVp_HIRFlv2uIdoLN, "
Bãi tắm Xuân Thành,4.0,Bãi biển,Không có giá,"Xuân Thành, Hà Tĩnh",Hà Tĩnh,450,"https://lh3.googleusercontent.com/p/AF1QipPKy8qLVtb6zcH8uptUJvJF2hJ8yTPkMjs_Xflq, https://lh3.googleusercontent.com/p/AF1QipMgXevoM5shCadZnlSwWmw4BTE40DMO4P7O-dMa, "
Chùa Thiên Tượng,4.7,Chùa phật giáo,Không có giá,"HP53+CH9, Kinh Dương Vương, Trung Lương, Hồng Lĩnh, Hà Tĩnh",Hà Tĩnh,51,"https://lh3.googleusercontent.com/p/AF1QipPLN4ScgWnfwOamADeS2a-GrnxBIndJwmx9gvge, https://lh3.googleusercontent.com/p/AF1QipP0efhu1jrMsXK_hpHFi57k5g2Yd1lYYgWbJI5I, "
Biển Thạch Hải,4.2,Bãi biển,Không có giá,"ĐT26, Thạch Hà, Hà Tĩnh",Hà Tĩnh,419,"https://lh3.googleusercontent.com/p/AF1QipMnv8d_QM72mUHgMximkumlOM2COq0m48pFYxR5, https://lh3.googleusercontent.com/p/AF1QipOAZy3hhQeIRK9jQhcYXMRiO8dDGO-vQOVGxJQb, "
Khu di tích Hải Thượng Lãn Ông,4.2,Nơi thờ cúng,Không có giá,"GCHM+RH2, Sơn Trung, Hương Sơn, Hà Tĩnh",Hà Tĩnh,31,"https://lh3.googleusercontent.com/p/AF1QipP6LxdB189hdpmhLpS5O4kkahDjUyLQndQRv_wn, https://lh3.googleusercontent.com/p/AF1QipNNk1ENzWOiTOY2Gc4LqwVS2_mc3y14aXjAtGn5, "
Cẩm Xuyên,Chưa xét,Administrative Area2,Không có giá,Hà Tĩnh,Hà Tĩnh,không có đánh giá,"https://lh3.googleusercontent.com/p/AF1QipOXWzbstp7wsjHTqaMhQh34JjjXJqzBAYjlEhA, https://lh3.googleusercontent.com/p/AF1QipMZk4GiWN6mIIkvwARlxv8jzuptxD7Hy4CRhjw, "
Meliá Vinpearl Cua Sot Beach Resort,4.9,Khách sạn nghỉ dưỡng,Không có giá,"ThinhLoc Ward, Lộc Hà, Hà Tĩnh",Hà Tĩnh,không có đánh giá,"https://lh3.googleusercontent.com/p/AF1QipOKIGTho5BoecvVaEmtvocuvh3lIJfnys2TY4m1, https://lh3.googleusercontent.com/p/AF1QipNaigYA7pv-8INW-rTavKt1KiUEh1K_-d17dZsW, "
Bãi biển Kỳ Xuân,4.5,Cửa hàng giải trí bãi biển,Không có giá,"752P+HH8, Kỳ Xuân, Kỳ Anh, Hà Tĩnh",Hà Tĩnh,37,"https://lh3.googleusercontent.com/p/AF1QipNaigYA7pv-8INW-rTavKt1KiUEh1K_-d17dZsW, https://lh3.googleusercontent.com/p/AF1QipP-XszWmrWnkw7tTLZR7-JjZlDiRhFI_mA0GUCB, "
Khu di tích Trần Phú,4.6,Bảo tàng di sản,Không có giá,"GHF4+PF6, Unnamed Road, Đức Thọ, Hà Tĩnh",Hà Tĩnh,177,"https://lh3.googleusercontent.com/p/AF1QipN3nOHvxypTQDfN6Hg-9J-GOSqzxAnUNNK3JRgU, https://lh3.googleusercontent.com/p/AF1QipPHtuDitWJJgyDfWptLeTu7QLWReTDh_HXOnwpJ, "
Quynh Vien Resort,4.0,Khách sạn nghỉ dưỡng,Không có giá,"Bắc Hải, Thạch Hà, Hà Tĩnh 480000",Hà Tĩnh,không có đánh giá,"https://lh3.googleusercontent.com/p/AF1QipNVpWOpV77kFEvYfZqKJOWB1VYzYa2uFb_FjMFJ, https://lh3.googleusercontent.com/p/AF1QipNux24I1M8KExNPieioEad0Kxsg77Z54CVTrhFw, "
Bãi biển Hoành Sơn,4.8,Điểm thu hút khách du lịch,Không có giá,"Biển Đông Việt Nam, Kỳ Nam",Hà Tĩnh,12,"//lh3.googleusercontent.com/proxy/ajYeuQnVNzQ4xaoSuH9nG_3NTxHJGj565qm4ljIKBQ1qHYUc8EEJ7niKPkPc8QXNQFaHuqTw_6bZzyw0Y0Ab5lBqin_cRZ_PsUUTdJVlJzKHTTR15S_QH__AbkzJbSX_XR17r4ERI1AFIhzjGAS14JvoLa9zYO8, https://lh3.googleusercontent.com/p/AF1QipOelr4CI4QjSkjKDcwYbHg7b8XZ-S3s-QX3d5UR, "
Bãi biển Thạch Hải - Hà tĩnh,4.2,Điểm thu hút khách du lịch,Không có giá,"CX2H+CC7, Thạch Hải, Thạch Hà, Hà Tĩnh",Hà Tĩnh,109,"https://lh3.googleusercontent.com/p/AF1QipMvwg-QvmRlQ5Ub6avjNB1H8IIVJbGVR-E4oQNa, https://lh3.googleusercontent.com/p/AF1QipP0fMw9x6jQYfhVnwaoG_ZNDi8tpJE_k6GjrdW8, "
Đền Thờ Cố Tổng Bí thư Lê Duẩn,4.5,Nơi thờ cúng,Không có giá,"Cẩm Mỹ, Cẩm Xuyên, Hà Tĩnh",Hà Tĩnh,91,"https://lh3.googleusercontent.com/p/AF1QipMvwg-QvmRlQ5Ub6avjNB1H8IIVJbGVR-E4oQNa, https://lh3.googleusercontent.com/p/AF1QipP0fMw9x6jQYfhVnwaoG_ZNDi8tpJE_k6GjrdW8, "
Chùa Hang,4.6,Chùa phật giáo,Không có giá,"GPQ9+RHM, bắc Hồng, Hồng Lĩnh, Hà Tĩnh",Hà Tĩnh,146,"https://lh3.googleusercontent.com/p/AF1QipP87DbOXg6vmp1GWHZu9S61XGZm1yZdXK-q-842, https://lh3.googleusercontent.com/p/AF1QipM8KyISVZFdTuCPrjg4KtiotthZa-da3L0XjCry, "
chùa Trúc Lâm Thanh Lương,4.4,Chùa phật giáo,Không có giá,"FV73+7X2, Phù Lưu, Lộc Hà, Hà Tĩnh",Hà Tĩnh,46,"https://lh3.googleusercontent.com/p/AF1QipMoWwSOSPEFogaP4gqUln30k7igPvPktNJ42Xs, https://lh3.googleusercontent.com/p/AF1QipO9uURewza2qK69yowOKin6K4XgaPQTruHZeyEa, "
Bãi biển Xuân Hải,4.6,Bãi biển,Không có giá,"Xuân Hải, Hà Tĩnh",Hà Tĩnh,56,"https://lh3.googleusercontent.com/p/AF1QipNMko6mwdcmD0AdzRha3jR1bVx55alsuvmnMz7g, https://lh3.googleusercontent.com/p/AF1QipOlCYF52kFyrhTQvjzBkutqWhuz9m9wkE0FDqLc, "
Kỳ Xuân,Chưa xét,Administrative Area3,Không có giá,"Kỳ Anh, Hà Tĩnh",Hà Tĩnh,không có đánh giá,"https://lh3.googleusercontent.com/p/AF1QipM3yEFy0Yx4iY5VCBSpUV_KD9m9bcnoe-FSJhEq, https://lh3.googleusercontent.com/p/AF1QipP0X68YGk3IdKozxsEBzkT4WkkilH5Dox0ks7CH, "
Can Lộc,Chưa xét,Administrative Area2,Không có giá,Hà Tĩnh,Hà Tĩnh,không có đánh giá,"https://lh3.googleusercontent.com/p/AF1QipNN3A4KO4b-aL75vVos0NYPus87iKVRYq8_B6P3, https://lh3.googleusercontent.com/p/AF1QipN_OTC0jiFutyI2Sj4ats3vnBkPRI1DaFhhXc6X, "
Suối Tiên,4.3,Sông,Không có giá,"Bắc Hồng, Tx. Hồng Lĩnh, Hà Tĩnh",Hà Tĩnh,42,"https://lh3.googleusercontent.com/p/AF1QipMylgSi8EqyLECI6j5afGf19Tjc0VhQV1ILP76G, https://lh3.googleusercontent.com/p/AF1QipO2CO0dff9M9f1MzWitIhKwnW9eq01nTTrtxGkD, "
Hồ Thiên Tượng,4.4,Hồ,Không có giá,"Bắc Hồng, Tx. Hồng Lĩnh, Hà Tĩnh",Hà Tĩnh,9,"https://lh3.googleusercontent.com/p/AF1QipOp97f9tJkDNorC0_GwoEitEPBHgr27Ec3wVw9m, https://lh3.googleusercontent.com/p/AF1QipM7IJ20RS9zgvEA_9ozJi1MA3v60301NdchAfKL, "
