name,address,score,reviews count,province,category,price,services,description images,latitude,longitude
아리 (Ahri) Korean BBQ,"02 Võ Nguyên Giáp, Phước Mỹ, Sơn Trà, Đà Nẵng 590000, Việt Nam","4,6",17,Đà Nẵng,Nhà hàng Hàn Quốc,Không có giá,"Ăn tại chỗ, Đồ ăn mang đi, ","https://lh5.googleusercontent.com/p/AF1QipMX53u8d4J_DazQHSX40ti5-IqCTDc5cu_On9x9, https://lh5.googleusercontent.com/p/AF1QipPP9IC8sSkGj7NP9OAR32aH7atEAv-rAPA6Bccs, https://lh5.googleusercontent.com/p/AF1QipOAZrfhEOpAtIaLa1EWkUc8ksQUY5ex2ArXtryO, https://lh5.googleusercontent.com/p/AF1QipNSy2d41J0Q94u3guMTmxRmY0m81xb9wom4Lv2Z, ",16.06574,108.24619
Độc Mộc buffet,"K209/05, Nguyễn Văn Thoại, An Hải, Sơn Trà, Đà Nẵng 550000, Việt Nam","4,6",806,Đà Nẵng,Nhà hàng,200-300 N ₫,"Ăn tại chỗ, Đồ ăn mang đi, Giao hàng, ","https://lh5.googleusercontent.com/p/AF1QipNEQ4xHEuQDaqhGkjD7FpGWUXQ4SnAJTHohd9WF, https://lh5.googleusercontent.com/p/AF1QipPyIQKj5lt9NRX4_LTYZeyK5USXnvOY1N5cgotL, https://lh5.googleusercontent.com/p/AF1QipOEMVrtj9dBfMovOSHzSqbr6mWmssq202pZjOV1, https://lh5.googleusercontent.com/p/AF1QipOe3ecrJmnfBgHInAcRN5Si_cYShWyFGha_HPi4, ",16.05633,108.24342
An Nam Quán - Cơm Niêu Đà Nẵng,"B15 Lô 42, 43 Trần Bạch Đằng, P, Ngũ Hành Sơn, Đà Nẵng 550000, Việt Nam","4,5",523,Đà Nẵng,Nhà hàng,100-200 N ₫,"Ăn tại chỗ, Nhận hàng ở lề đường, ","https://lh5.googleusercontent.com/p/AF1QipMq99-thD8HqZJay1fgi30X8lD1JadfjtdGgO79, https://lh5.googleusercontent.com/p/AF1QipPPFJU9zmRiPevV1RGVRpJEUDDynWgYXspbfeE, https://lh5.googleusercontent.com/p/AF1QipMZYZj7gj24FXnFzFDXWvh8UxxxS-Fdc1RAxf_1, https://lh5.googleusercontent.com/p/AF1QipP_S3wkI4oX82u0QIfZYmw4JU6q2Dxips8yOjv8, ",16.05567,108.24574
Bánh Xèo Bà Dưỡng,"280/23 Hoàng Diệu, Bình Hiên, Hải Châu, Đà Nẵng 550000, Việt Nam","4,3",7.501,Đà Nẵng,Nhà hàng Việt Nam,1-100.000 ₫,"Ăn tại chỗ, Mua hàng ngay trên xe, Giao hàng gián tiếp, ","https://lh5.googleusercontent.com/p/AF1QipOTvpWglOAJr1Vrdj5VUG9rUyUI3a_4ZHvhKsxl, https://lh5.googleusercontent.com/p/AF1QipPCF0gPlcdZr1gthnB0oJGfGnYnLV1oiX7znZ3k, https://lh5.googleusercontent.com/p/AF1QipNY_gQF_NhwKaGScthR_V-O2VJltljC3opPW-5r, https://lh5.googleusercontent.com/p/AF1QipMKEzbr8qTP2UlfSK9v0Yz02x-Bv5OrJm4MP41J, ",16.05888,108.21617
Mỳ Quảng Cô Sáu,"397 Đ. Trần Hưng Đạo, An Hải Trung, Sơn Trà, Đà Nẵng 550000, Việt Nam","4,7",731,Đà Nẵng,Nhà hàng,1-100.000 ₫,"Ăn tại chỗ, Đồ ăn mang đi, Giao hàng gián tiếp, ","https://lh5.googleusercontent.com/p/AF1QipPdXlmIZwik-9WcM64woTNYQeQGCbeKQkmh9ggw, https://lh5.googleusercontent.com/p/AF1QipPCVBe2g2wQOOpF8xA7_mMgWWV93pMOPBk4529G, https://lh5.googleusercontent.com/p/AF1QipPlIvfjjahNW-KxHQLPFNcUwZBk80zyhaGtqCFT, https://lh5.googleusercontent.com/p/AF1QipP6GUMX7lCGZzFYyKpCGCNjAC8Mz8SC7tUvyT8z, ",16.06618,108.22966
Cô Ba Phở bò,"154 Bạch Đằng, Hải Châu 1, Hải Châu, Đà Nẵng 550000, Việt Nam","4,8",4.749,Đà Nẵng,Nhà hàng,100-200 N ₫,"Ăn tại chỗ, Đồ ăn mang đi, Giao hàng gián tiếp, ","https://lh5.googleusercontent.com/p/AF1QipM1z0W4UOY9SAIL1oX0-ZCk2UmCohxLgSUdhgug, https://lh5.googleusercontent.com/p/AF1QipMMHjo_4PNubJ9vBcLqHuW8ZboSDLxLqgcdQXNT, https://lh5.googleusercontent.com/p/AF1QipM7TtuRuLjR9NN6KxgEQANa5JzVpK1PPW3CmyXN, https://lh5.googleusercontent.com/p/AF1QipNgEhjeHwsddZvRdjIrLPAai3e2TqwH_Z1809eN, ",16.06697,108.22472
Bếp Cuốn Đà Nẵng,"31-33 Trần Bạch Đằng, Phước Mỹ, Sơn Trà, Đà Nẵng 550000, Việt Nam","4,9",6.166,Đà Nẵng,Nhà hàng Việt Nam,100-200 N ₫,"Ăn tại chỗ, Đồ ăn mang đi, Giao hàng gián tiếp, ","https://lh5.googleusercontent.com/p/AF1QipOB8gfOohDbQbPfIDz2TdBlnS8STINrtJQ35JkU, https://lh5.googleusercontent.com/p/AF1QipNmnAzdFtVThv2o7GI-RX-QiH7ChyJD96fOA8bk, https://lh5.googleusercontent.com/p/AF1QipPUpDd2NsEq9hxOUbs4TGdqk9KqUIIMXJxYEe3m, https://lh5.googleusercontent.com/p/AF1QipOhb-WKocLvISoasNc2cc1tDrFu7hPGozbCtB3Y, ",16.05796,108.24515
Quán ăn Hàn Quốc Ông Lei (Mì cay - Ăn vặt),"73 Đ. Nguyễn Văn Linh, Phước Ninh, Hải Châu, Đà Nẵng 550000, Việt Nam","4,9",705,Đà Nẵng,Nhà hàng,100-200 N ₫,"Ăn tại chỗ, Mua hàng ngay trên xe, Giao hàng gián tiếp, ","https://lh5.googleusercontent.com/p/AF1QipMg-97snIZqQwjdjwELtGRQbzeLi7s0Vo5w4x_s, https://lh5.googleusercontent.com/p/AF1QipNS1pyPCieKKnDIIMUxzIaGAaMd6omOSodetNaQ, https://lh5.googleusercontent.com/p/AF1QipOrwReAY046X1rDr3bYdcCxm076zMjwjLyFCf-7, https://lh5.googleusercontent.com/p/AF1QipN13CQGM2Lq1SM30OYHypULj1WzMQOSg8q6rlhh, ",16.06069,108.22008
Hải Sản Đà Nẵng Bé Biển,"202 Võ Nguyên Giáp, Phước Mỹ, Sơn Trà, Đà Nẵng 550000, Việt Nam","4,5",1.563,Đà Nẵng,Nhà hàng hải sản,Không có giá,"Ăn tại chỗ, Mua hàng ngay trên xe, ","https://lh5.googleusercontent.com/p/AF1QipNXGUiSFyhZi6EK2BE_7dZBhhaVg_pTHxAYHcgE, https://lh5.googleusercontent.com/p/AF1QipNed1WwuiWlRNaDoksGDWCe7rpb3pFS2GZ9a50f, https://lh5.googleusercontent.com/p/AF1QipOqhihAIy25Q8pcDAVvAfwj4NBeOhiTMDuyt5so, https://lh5.googleusercontent.com/p/AF1QipMxlG_j8qJrtBUik0F0YCn8c9uCLCnynaBf92uI, ",16.06853,108.24498
Cơm Niêu Nhà Đỏ,"86 Nguyễn Tri Phương, Chính Gián, Thanh Khê, Đà Nẵng 550000, Việt Nam","4,1",488,Đà Nẵng,Nhà hàng,100-200 N ₫,"Ăn tại chỗ, Nhận hàng ở lề đường, Giao hàng gián tiếp, ","https://lh5.googleusercontent.com/p/AF1QipPSZup1y2IylJ1PzUCfI8v4E_gBadLwmSLCExs, https://lh5.googleusercontent.com/p/AF1QipMXcCa7wpWHCmybHW2m7VcnvOzmRKn2SUwScBs3, https://lh5.googleusercontent.com/p/AF1QipOlUIWeKAFJmWkLIJZ0e2UEcoibapfTFwCJBfJu, https://lh5.googleusercontent.com/p/AF1QipN_V5w7hHCP__3QOtxVtL3e6TATH1Vp6FhZ8FrF, ",16.06219,108.20395
Cơm tấm Út Vân,"132 Nguyễn Văn Thoại, Bắc Mỹ Phú, Ngũ Hành Sơn, Đà Nẵng 550000, Việt Nam","4,8",1.983,Đà Nẵng,Quán ăn nhỏ,1-100.000 ₫,"Ăn tại chỗ, Đồ ăn mang đi, Giao hàng gián tiếp, ","https://lh5.googleusercontent.com/p/AF1QipMW4H4efCjV_jqhftJAgNawpgFtJ7E3pbUZnDOP, https://lh5.googleusercontent.com/p/AF1QipP50lz60Ew0ZsBZ8f5hVvUeqSseyTd5c-80T2mq, https://lh5.googleusercontent.com/p/AF1QipMvcVBRcO3oYJqzNUUKDWjnb9SnuT8aUsm4XIDy, https://lh5.googleusercontent.com/p/AF1QipOJhmaPS6aKM-WjYWD9bAN-d_5src2NJKTlGLyO, ",16.05569,108.24472
Nhà hàng Thìa Gỗ Đà Nẵng,"53 Phan Thúc Duyện, Bắc Mỹ An, Ngũ Hành Sơn, Đà Nẵng 50507, Việt Nam","4,8",5.841,Đà Nẵng,Nhà hàng Việt Nam,100-200 N ₫,"Ăn tại chỗ, Đồ ăn mang đi, Giao hàng gián tiếp, ","https://lh5.googleusercontent.com/p/AF1QipOa7omv_BBl5HQ43XP1RSDrm2DFR4e1xpuyc18, https://lh5.googleusercontent.com/p/AF1QipOrKoNu294RIji3G-3I_kYgfPSuURgdgRrf47GQ, https://lh5.googleusercontent.com/p/AF1QipM3b3ZoqmxejB2EE7yLFAY05UuiKyxIIQpMKbOS, https://lh5.googleusercontent.com/p/AF1QipOkEySxe86YCOGelfk5PYCUiceHLQBtLuiT30oZ, ",16.05299,108.24158
Quán Ốc Ngon Đà Nẵng,"137 Nguyễn Đức Trung, Hòa Khê, Thanh Khê, Đà Nẵng 88000, Việt Nam","4,4",410,Đà Nẵng,Nhà hàng hải sản,100-200 N ₫,"Ăn tại chỗ, Mua hàng ngay trên xe, Giao hàng gián tiếp, ","https://lh5.googleusercontent.com/p/AF1QipNY1igXUR66aqma_iEGrl72-GxyEVbPoUwkhiIP, https://lh5.googleusercontent.com/p/AF1QipPB1_thKFhwiMK7PRfSJG1bT1ZNyRpl-l1zEjvR, https://lh5.googleusercontent.com/p/AF1QipNyS69vVDUZy5jdj0OeF3uueoFzDSmcXiIovhdA, https://lh5.googleusercontent.com/p/AF1QipMcSeA7JISJHHRTk045w24cZR238Dn61eVsFiTd, ",16.06620,108.18847
Bún mắm Ngọc,"20 Đoàn Thị Điểm, Hải Châu 2, Hải Châu, Đà Nẵng 550000, Việt Nam","4,2",453,Đà Nẵng,Quán ăn nhỏ,1-100.000 ₫,"Ăn tại chỗ, Đồ ăn mang đi, Giao hàng, ","https://lh5.googleusercontent.com/p/AF1QipPaB9OA1SMXtMo0uP3k-ncQHxn528O3PuAmfe4k, https://lh5.googleusercontent.com/p/AF1QipP3PqMITmL0XOStPq8fVrqTucEaMaaHqdNKQS2z, https://lh5.googleusercontent.com/p/AF1QipNH4lIQoWAv335Guv0oAKz0Df8p2WUlsvMhqepm, https://lh5.googleusercontent.com/p/AF1QipOb1GqHdl54JwAq0QxVf5DQnWF_ogcfYw30-dU_, ",16.06659,108.21720
Hải sản Mộc quán Đà Nẵng,"26 Tô Hiến Thành, Phước Mỹ, Sơn Trà, Đà Nẵng 550000, Việt Nam","4,6",9.608,Đà Nẵng,Nhà hàng hải sản,₫₫,"Ăn tại chỗ, Đồ ăn mang đi, Giao hàng, ","https://lh5.googleusercontent.com/p/AF1QipMg_NRlvVStHg1QafkN8RmaE-GbQkcRSW19rVYn, https://lh5.googleusercontent.com/p/AF1QipN8EjUOkWxdmL_dqFvb1Sw724RD5IHZ6ksqf2LK, https://lh5.googleusercontent.com/p/AF1QipNF1BF6SMXCuWPxXhpw6HThWYGRBpkiclAtYwci, https://lh5.googleusercontent.com/p/AF1QipNGJ60C5P-V9gxZo_Rf-0WXM6Y7Fabo1C_PFouP, ",16.06400,108.24158
Quán hải sản Thời Cổ Đà Nẵng,"354/1 Võ Nguyên Giáp, Bắc Mỹ An, Ngũ Hành Sơn, Đà Nẵng 550000, Việt Nam","4,7",2.534,Đà Nẵng,Nhà hàng hải sản,₫₫,"Ăn tại chỗ, Đồ ăn mang đi, Giao hàng gián tiếp, ","https://lh5.googleusercontent.com/p/AF1QipMx01ztfr-HiPhzChm1jQqmaw9JYBfOvwLOeNuC, https://lh5.googleusercontent.com/p/AF1QipN8oF83bJbeLSfLuwOQQ7lYayeKAF8ELn6VtHEH, https://lh5.googleusercontent.com/p/AF1QipPj-VzQPHFqpIGbmTDxBTe0bzih8nqvfp-aT292, https://lh5.googleusercontent.com/p/AF1QipOmt9RJH4ObhXTEiKB8o_AYZft5ltu55yS7MINb, ",16.04386,108.24731
Nhà Hàng 3 Big - Nướng & Lẩu Hàn Quốc,"134 Phan Châu Trinh, Phước Ninh, Hải Châu, Đà Nẵng 550000, Việt Nam","4,9",11.181,Đà Nẵng,Nhà hàng tiệc đứng,100-200 N ₫,"Ăn tại chỗ, Đồ ăn mang đi, Giao hàng gián tiếp, ","https://lh5.googleusercontent.com/p/AF1QipMcu2Vd7KyeCSISSQSmFSexiU3AxcaETgzJT3Hs, https://lh5.googleusercontent.com/p/AF1QipOX2dUs8Fovb8g0jt23gmO9pLRWtQg5Gc85VgDg, https://lh5.googleusercontent.com/p/AF1QipMe9Ojyvr1Z7vtRp5ciTfi3Yqamot5lj5VboIbz, https://lh5.googleusercontent.com/p/AF1QipMwKcuZZcvIriK6taYIGtU1koP3wM34yC3nLOHn, ",16.06397,108.21973
XÓM MỚI GARDEN,"222 Trần Phú,phường Phước Ninh, Đà Nẵng, 552760, Việt Nam","4,9",4.223,Đà Nẵng,Nhà hàng Việt Nam,100-300 N ₫,"Ăn tại chỗ, Mua hàng ngay trên xe, Giao hàng, ","https://lh5.googleusercontent.com/p/AF1QipNYkCrWBPWByh9QfZCUkWCI5lbCTRJehQo8MFtX, https://lh5.googleusercontent.com/p/AF1QipMe_RavyH4ACA1NlV72-ex79fGhgza5J3c-UZDj, https://lh5.googleusercontent.com/p/AF1QipMKlJ3eps7cqv9BfY-0X-CslZR4MIc4dWo_Dpcd, https://lh5.googleusercontent.com/p/AF1QipPrBxQaoxyN-c2wzpgTFuYzB9A33SmGrs4wTlxM, ",16.06350,108.22321
Quán Huế Ngon -다낭최고의 로컬 BBQ 레스토랑- Best local food in Da Nang-,"65 Trần Quốc Toản, Phước Ninh, Hải Châu, Đà Nẵng 550000, Việt Nam","4,0",1.285,Đà Nẵng,Nhà hàng Việt Nam,100-300 N ₫,"Ăn tại chỗ, Mua hàng ngay trên xe, Giao hàng gián tiếp, ","https://lh5.googleusercontent.com/p/AF1QipNx1ElMSYX0c2CMxuDAi4LVCBp3Vl8Bbmq30B7N, https://lh5.googleusercontent.com/p/AF1QipP0-TRvW_t29dNGqhaKB5UvlItIje6EpldgYr_S, https://lh5.googleusercontent.com/p/AF1QipMsN9al0Ef7_kY0VZ6HNYX-0bkXRa7B7vR21Lqm, https://lh5.googleusercontent.com/p/AF1QipMFpCIvafiZCWBTEPY_0CaNt6VK0NWt1kmeGxr-, ",16.06623,108.22129
DONALD TRUNG ĐÀ NẴNG _352 Hải Phòng,"352 Hải Phòng, Chính Gián, Thanh Khê, Đà Nẵng 550000, Việt Nam","4,9",542,Đà Nẵng,Nhà hàng Việt Nam,1-100.000 ₫,"Giao hàng gián tiếp, ","https://lh5.googleusercontent.com/p/AF1QipPLypsdpsKWNl-y_x7PsZx80xxcFrbtbUVqyS2S, https://lh5.googleusercontent.com/p/AF1QipPNUV-n3D4JVPxOmDmfbvihIpYDN2nnAemmZIyD, https://lh5.googleusercontent.com/p/AF1QipPFVWBOzGoB9Vr0pe8e4kULL-fcbZY8wwKJPxcp, https://lh5.googleusercontent.com/p/AF1QipOSNR1eIggpPql5wi-S1qQKulnlnbAf1zV3USDs, ",16.06795,108.20481
Sky View Restaurant,"216 Võ Nguyên Giáp, Phước Mỹ, Sơn Trà, Đà Nẵng 550000, Việt Nam","4,8",572,Đà Nẵng,Nhà hàng cao cấp,Không có giá,"Ăn tại chỗ, Đồ ăn mang đi, ","https://lh5.googleusercontent.com/p/AF1QipMY5-ZRwOoX7N-zZ3VAs7bCPxEaggNvEYs6MMSR, https://lh5.googleusercontent.com/p/AF1QipM5XxJ0ITVOI72O4KL4wUK3uVAyxKA2T18N8cJA, https://lh5.googleusercontent.com/p/AF1QipOaJcamxBM5Ii5piG4Jq3n3YNGBTCh56964qopD, https://lh5.googleusercontent.com/p/AF1QipPysIYyGOZ8q9EO5OWWPDfFeQ8lhyxQKV11gxIj, ",16.06761,108.24478
Ẩm Thực Năm Hiền - Bánh Xèo Tôm Nhảy,"46 Phan Thanh, Thạc Gián, Thanh Khê, Đà Nẵng 550000, Việt Nam","4,0",815,Đà Nẵng,Nhà hàng Việt Nam,1-100.000 ₫,"Ăn tại chỗ, Mua hàng ngay trên xe, ","https://lh5.googleusercontent.com/p/AF1QipNYPmenuX2o75XsaHZHf-9miDcJYW1IuW_6j2Wy, https://lh5.googleusercontent.com/p/AF1QipNz1Grv5KcvenT8f0NtayrFnxBp-Ssp7g16Lkiz, https://lh5.googleusercontent.com/p/AF1QipOrj795SeK--hp-nd51aU09URPLiuWhTYFldAn4, https://lh5.googleusercontent.com/p/AF1QipN_FY-suqq9e05Zg8go2K3P3rR2y1_cRNwruk0R, ",16.06469,108.20793
Nhà Hàng Biển Việt,"64 An Thượng 26, Bắc Mỹ Phú, Ngũ Hành Sơn, Đà Nẵng 550000, Việt Nam","4,8",1.705,Đà Nẵng,Nhà hàng hải sản,₫₫,"Ăn tại chỗ, Đồ ăn mang đi, Giao hàng, ","https://lh5.googleusercontent.com/p/AF1QipPE9OePQgGpHGatNJqXrXQXYOajBQ1KMxHZT1CH, https://lh5.googleusercontent.com/p/AF1QipNxYITFe4ocLdoGIILFBM13R46QAMuuxTZJGBCs, https://lh5.googleusercontent.com/p/AF1QipNIa3wcOk1FX0OxbRxlvJMEZAb7Oa0FZIxl2RXq, https://lh5.googleusercontent.com/p/AF1QipMXM6pADl1T6_1MdJoHJATnRv_fSRs_Esav3-wz, ",16.05539,108.24571
Cao Lầu Hoài Phố,"255 Nguyễn Chí Thanh, Phước Ninh, Hải Châu, Đà Nẵng 550000, Việt Nam","4,2",109,Đà Nẵng,Nhà hàng,1-100.000 ₫,"Ăn tại chỗ, Đồ ăn mang đi, Giao hàng, ","https://lh5.googleusercontent.com/p/AF1QipPPNey1_uuKWeg_HOt34iZCTjyKN8MZBsRnhw6y, https://lh5.googleusercontent.com/p/AF1QipPFBZbItx2nEZ4VZncz4wvM7nGVXi_aRSrycZwd, https://lh5.googleusercontent.com/p/AF1QipP--WxgPA9BLNhxRl9lme_NrDbRq4j7N5c6D4vJ, https://lh5.googleusercontent.com/p/AF1QipP--WxgPA9BLNhxRl9lme_NrDbRq4j7N5c6D4vJ, ",16.06610,108.22090
Nhà Hàng Bếp Xưa,"27 Nguyễn Chí Thanh, Thạch Thang, Hải Châu, Đà Nẵng 550000, Việt Nam","4,5",325,Đà Nẵng,Nhà hàng gia đình,100-200 N ₫,"Ăn tại chỗ, Mua hàng ngay trên xe, Giao hàng gián tiếp, ","https://lh5.googleusercontent.com/p/AF1QipMZekb7BaFRcGTf67wDnXCbX5GvcUaJZ9chs7a-, https://lh5.googleusercontent.com/p/AF1QipM1jsF8uJjIcIjlhAXwdLBzwlgJbxWQyDL1s2zt, https://lh5.googleusercontent.com/p/AF1QipNMtI8yZWkilwJCkuSzV8C2XHHRKYj9DwYcB3F-, https://lh5.googleusercontent.com/p/AF1QipNrpaMsdRu8_uIszmTwAWN4yvQQpJbPoZTa_QF-, ",16.07916,108.22026
NGƯ PHỐ - Chả Cá Hà Nội tại Đà Nẵng,"219 Trần Phú, Phước Ninh, Hải Châu, Đà Nẵng 55000, Việt Nam","4,3",175,Đà Nẵng,Nhà hàng Việt Nam,100-200 N ₫,"Ăn tại chỗ, Nhận hàng ở lề đường, Giao hàng gián tiếp, ","https://lh5.googleusercontent.com/p/AF1QipOtHP6fMkxch17Xi54C6ld42EP_5azN41p4pvZm, https://lh5.googleusercontent.com/p/AF1QipNnwlowfjAqWEtCMXcw7MSo3qd2IUe6u9gCAUqE, https://lh5.googleusercontent.com/p/AF1QipNFy1tAWgH3gpxV1OckyuF7_8G3KNjBhl5ak-0, https://lh5.googleusercontent.com/p/AF1QipOb0iUJuFhIzoDh6Msiok-btKTRnMryasvOL_MF, ",16.06439,108.22372
Nhà hàng Làng Nghệ,"119 Lê Lợi, Thạch Thang, Hải Châu, Đà Nẵng 550000, Việt Nam","4,2",983,Đà Nẵng,Nhà hàng,100-300 N ₫,"Ăn tại chỗ, Đồ ăn mang đi, Giao hàng gián tiếp, ","https://lh5.googleusercontent.com/p/AF1QipNmaPeuewPAN_7Dc1ZrfXyZJtIrmBKLiNylph57, https://lh5.googleusercontent.com/p/AF1QipO3_2VhJmar57zawhhqOYTxpVaSJkhffu7kqvMa, https://lh5.googleusercontent.com/p/AF1QipMnqmW01UGXKOZDwWFojh3yz7j15e9pG3kXQgh4, https://lh5.googleusercontent.com/p/AF1QipMLF1DqFGa4PcSE3XqLfOgYk_qw5jJFZolIdz40, ",16.07524,108.22000
Quán Cô Hồng - Gỏi Cá Nam Ô,"118 Huỳnh Thúc Kháng, Nam Dương, Hải Châu, Đà Nẵng 550000, Việt Nam","4,4",453,Đà Nẵng,Nhà hàng,1-100.000 ₫,"Ăn tại chỗ, Mua hàng ngay trên xe, Giao hàng gián tiếp, ","https://lh5.googleusercontent.com/p/AF1QipPmqzGwBm9oLGixBH9bFULXvqLr52DhobPkXv7F, https://lh5.googleusercontent.com/p/AF1QipNUmn7cwHagpeO-pBon-cuxkfvGRBDP3FyuJ2W0, https://lh5.googleusercontent.com/p/AF1QipNLp5tt7-RRrpKwxfnXIkE6FsyIlMt3QpoVhnyv, https://lh5.googleusercontent.com/p/AF1QipM9vShpch-3srL358EeGPgzPolXLHWjo3oa8MoQ, ",16.05885,108.21811
Tiệm Ăn HK Vinh Hạnh,"92 Phan Châu Trinh, Phước Ninh, Hải Châu, Đà Nẵng 550000, Việt Nam","4,4",149,Đà Nẵng,Nhà hàng,100-200 N ₫,"Ăn tại chỗ, Nhận hàng ở lề đường, Giao hàng, ","https://lh5.googleusercontent.com/p/AF1QipM2sqbtT-UBguLBEu7_kIlqbarjZlv2nrrQx3jy, https://lh5.googleusercontent.com/p/AF1QipMwyQ4mCEtfJeykDKmJoBd7rAKM-gRmspGZSZA0, https://lh5.googleusercontent.com/p/AF1QipPS3cFM0vnqxEvhdEkQNDRsvRaRJKMJiND3goGd, https://lh5.googleusercontent.com/p/AF1QipP28DxBJK-coauB46_Kcf3l2LSzxt_hDqcaqLNe, ",16.06552,108.21996
Bún chả cá Bà Phiến (Bà Thừa),"63 Lê Hồng Phong, Phước Ninh, Hải Châu, Đà Nẵng 550000, Việt Nam","4,5",196,Đà Nẵng,Nhà hàng,1-100.000 ₫,"Ăn tại chỗ, Đồ ăn mang đi, Giao hàng, ","https://lh5.googleusercontent.com/p/AF1QipNCQ9KXYSr2vI3tczhW80uQR01Vjs5YtspGQnOU, https://lh5.googleusercontent.com/p/AF1QipPTrpU2s7wqhioELCpHmoc1FPExla4sUSy1ejqG, https://lh5.googleusercontent.com/p/AF1QipNU1K_DPivkhCLDeN4jEf99CQ4cKgUAbkd9NZZr, https://lh5.googleusercontent.com/p/AF1QipMdKZk6Kk9yuG2LGZvRe_gNreezj3pcpom6swXS, ",16.06402,108.22027
다낭 한식당 Nhà hàng hàn quốc lòng bò nướng ( 소곱창집 식당 Da Nang ),"170b Hồ Nghinh, Phước Mỹ, Sơn Trà, Đà Nẵng 550000, Việt Nam","4,9",384,Đà Nẵng,Nhà hàng Hàn Quốc,Không có giá,"Ăn tại chỗ, Mua hàng ngay trên xe, Giao hàng gián tiếp, ","https://lh5.googleusercontent.com/p/AF1QipOkDma2eKHJOvsg_PhormOYvc2h4Iy1FoY86CT2, https://lh5.googleusercontent.com/p/AF1QipNifbno9Y2mvCt9qlTTOBSqNcfpF-lNsIJ1hmL1, https://lh5.googleusercontent.com/p/AF1QipMDrxBKMXF_MmnJH0OzwQ2yjMUbD2LAMCpEq2Bi, https://lh5.googleusercontent.com/p/AF1QipNAz4vhNChq61AT8Kn-Ofr9QQYgf98hyoUGHgGd, ",16.07188,108.24292
Cơm Gà Gia Vĩnh - Hải Phòng,"241 Hải Phòng, Tân Chính, Thanh Khê, Đà Nẵng 550000, Việt Nam","4,3",526,Đà Nẵng,Nhà hàng Việt Nam,1-100.000 ₫,"Ăn tại chỗ, Mua hàng ngay trên xe, Giao hàng gián tiếp, ","https://lh5.googleusercontent.com/p/AF1QipNn4ElBBgeETzbNFfGzf0ikqaribU9bspTrl9fw, https://lh5.googleusercontent.com/p/AF1QipMgwJckPptvwRsHwLyJKrr9Zs_uAv9B5sos245b, https://lh5.googleusercontent.com/p/AF1QipPwoL0a3hlgCDche6loV31lPY7OCGCZf1T89lbu, https://lh5.googleusercontent.com/p/AF1QipOIc1ENZpQEuQy8nKTTFohiKh3wL2CtcmRKxIEw, ",16.07107,108.21059
Bánh Canh Ghẹ Quận Nhất - Cơ Sở Đà Nẵng,"B13 Đ. 2 Tháng 9, Hòa Thuận Đông, Hải Châu, Đà Nẵng 550000, Việt Nam","5,0",272,Đà Nẵng,Quán ăn tự phục vụ,1-100.000 ₫,"Ăn tại chỗ, Nhận hàng ở lề đường, Giao hàng, ","https://lh5.googleusercontent.com/p/AF1QipPKOhHbh89ACwsplMgNOtJgLMvtoKYyOj4wYLa8, https://lh5.googleusercontent.com/p/AF1QipPfxeRhqs4r2I7V1lU_-8njVBtmaIPm0TQE8L-o, https://lh5.googleusercontent.com/p/AF1QipNohHhuLy-Nl1keGo_lRZPYYSv5WFVQUCxIgpqg, https://lh5.googleusercontent.com/p/AF1QipOdQ2Cmn76SlkG2afAb_dLRl6dQavuc_5t6P_XB, ",16.05481,108.22242
Quán ăn Nhà Ta,"134 Đ. 2 Tháng 9, Hòa Thuận Đông, Hải Châu, Đà Nẵng 550000, Việt Nam","4,0",286,Đà Nẵng,Nhà hàng Việt Nam,100-200 N ₫,"Ăn tại chỗ, Đồ ăn mang đi, Giao hàng, ","https://lh5.googleusercontent.com/p/AF1QipPwubv13tFELBO2JhpSciPCxs5jLXgNauO5596M, https://lh5.googleusercontent.com/p/AF1QipO1Hng56n3K_1la88NZj5XY4T3RYt3bHKFaZ43W, https://lh5.googleusercontent.com/p/AF1QipP5IE0KMJ74ZZVZwyZcOOv4zxKiwDzGfQKFKp00, https://lh5.googleusercontent.com/p/AF1QipMszhtkk88bNaw21zXn-6CtPxtaq9_m0kswPFA, ",16.05314,108.22197
Ca Chuon Co Seafood Restaurant,"Premier Village Danang Resort, 99 Võ Nguyên Giáp, Bắc Mỹ An, Ngũ Hành Sơn, Đà Nẵng 550000, Việt Nam","4,6",71,Đà Nẵng,Nhà hàng,Không có giá,"Ăn tại chỗ, Đồ ăn mang đi, Giao hàng, ","https://lh5.googleusercontent.com/p/AF1QipMbAJaaQQTKabnGFQRo3UtlpBqcZIYSpJKHCZ3T, https://lh5.googleusercontent.com/p/AF1QipPHLLcab4vCSI9kRUhnZOTel4jP76EmC_H8Tqwn, https://lh5.googleusercontent.com/p/AF1QipPG7p1U5x7YiTt7vk4o3_jp8wWhiE84OhmEEqHl, https://lh5.googleusercontent.com/p/AF1QipPejq77bTlJt5cEyFfy0umaeGUykrqBnJsWApSu, ",16.04325,108.25093
Golden Meat House,"100 Trần Bạch Đằng, Bắc Mỹ Phú, Ngũ Hành Sơn, Đà Nẵng 550000, Việt Nam","4,8",3.425,Đà Nẵng,Nhà hàng món nướng Hàn Quốc,₫₫,"Ăn tại chỗ, Đồ ăn mang đi, Giao hàng, ","https://lh5.googleusercontent.com/p/AF1QipPSPYSl2FKJd_5c5ztjyFxbwFICSl6_pzBVg3dq, https://lh5.googleusercontent.com/p/AF1QipPe-csk_1sMA6RM2rqwRbC7VN82b7geKf3sORCG, https://lh5.googleusercontent.com/p/AF1QipM7rMHanbynscJtkcOc_x4FUJbYKfXOIiIXWGu7, https://lh5.googleusercontent.com/p/AF1QipMTDuK_51-gAmiOlK7PV_ETNjCjvVNktfzvQVZi, ",16.05491,108.24590
Nhà hàng Mr.Anh - MR.ANH Local Vietnamese Cuisine Restaurant,"340 Ông Ích Khiêm Phường Vĩnh Trung, Thanh Khê, Đà Nẵng 590000, Việt Nam","4,7",517,Đà Nẵng,Nhà hàng Việt Nam,100-200 N ₫,"Ăn tại chỗ, Đồ ăn mang đi, Giao hàng gián tiếp, ","https://lh5.googleusercontent.com/p/AF1QipMGjUhC8zqwsicqn7PRGTUKbDJk5OV_FKKowZSH, https://lh5.googleusercontent.com/p/AF1QipOzqq_XvFwDEdC0fn5wMcQPgEhERpTwnRrbLcVt, https://lh5.googleusercontent.com/p/AF1QipNxdWU9NUOFY-Xi-q39jYGdq8i4M42le_FDd9M, https://lh5.googleusercontent.com/p/AF1QipPoHoGeABf2IMpoG843FNDDmVh793jAdNCfmuzh, ",16.06777,108.21380
Lẩu bò Sáu Hưng,"1191 Ngô Quyền, An Hải Đông, Sơn Trà, Đà Nẵng 550000, Việt Nam","4,1",714,Đà Nẵng,Nhà hàng món lẩu,100-200 N ₫,"Ăn tại chỗ, Đồ ăn mang đi, Giao hàng gián tiếp, ","https://lh5.googleusercontent.com/p/AF1QipMc5BYR2HgoClyu-MvPti-QnPXYDpC5lyKvEyle, https://lh5.googleusercontent.com/p/AF1QipOEsumG1-6vZu6DhrKdfvJjP-i-pOF8PXo2mhH4, https://lh5.googleusercontent.com/p/AF1QipNYRJgRtlgxpTArAHM93j0RJnMeCqxlBXw7Fsl1, https://lh5.googleusercontent.com/p/AF1QipNU5pFoOCevaHNRg3s5LVXnvbW_JNuyFhhVg1cs, ",16.05428,108.23680
Nhà Hàng Cơm Niêu Cội Nguồn,"160 Nguyễn Tri Phương, Thạc Gián, Thanh Khê, Đà Nẵng 550000, Việt Nam","4,1",469,Đà Nẵng,Nhà hàng Việt Nam,100-200 N ₫,"Ăn tại chỗ, Đồ ăn mang đi, ","https://lh5.googleusercontent.com/p/AF1QipOiHpOZkpPa7YxaEBAM6Mm_0fE2WVzm-ugCfpoC, https://lh5.googleusercontent.com/p/AF1QipMX0j8FNfQvyMqaBeow1jJwol9wTQ5kPNA4QO97, https://lh5.googleusercontent.com/p/AF1QipMbfpp2PdKLn72sYqBvdP1Euu1ew5hCwijy_utX, https://lh5.googleusercontent.com/p/AF1QipMjhNYEH0x03FVEn_a3LMT9g9ummVlqM7syDLQL, ",16.06013,108.20517
Đặc Sản Dê Núi Ninh Bình Tại Đà Nẵng-Nhà hàng Hoa Lư (Hoa Lu restaurant),"113 Nguyễn Hữu Thọ, Hòa Thuận Nam, Hải Châu, Đà Nẵng 550000, Việt Nam","4,1",727,Đà Nẵng,Nhà hàng,200-300 N ₫,"Ăn tại chỗ, Đồ ăn mang đi, Giao hàng gián tiếp, ","https://lh5.googleusercontent.com/p/AF1QipM12jb2kvt40hDbk6U2qL3TTYesqg4vCPeDJpWe, https://lh5.googleusercontent.com/p/AF1QipMyC8pv1_ecLI90H4-r2NBD0Ws5lOuGvdBOhDMo, https://lh5.googleusercontent.com/p/AF1QipOfVOzlBDBm7w6pHdLkwqZA8kH1fsVaj8iDPvoh, https://lh5.googleusercontent.com/p/AF1QipPsUVQvp7cAZHg5LJNmDBU_2lVSSzcMdSS5AoOG, ",16.04823,108.20978
Quán Mỳ Quảng Hương Quê,"78 Phan Thanh, Thạc Gián, Thanh Khê, Đà Nẵng 550000, Việt Nam","4,3",487,Đà Nẵng,Quán mì,1-100.000 ₫,"Ăn tại chỗ, Đồ ăn mang đi, Giao hàng gián tiếp, ","https://lh5.googleusercontent.com/p/AF1QipMQZ8yX0-638VgUUNZeKNoWEoih1r97StPTlwR0, https://lh5.googleusercontent.com/p/AF1QipN3CUwJ4DEEQGPhOs4D4hbumTMrtngl28v3NjzX, https://lh5.googleusercontent.com/p/AF1QipNfKoW5gAIRHJM-YFsRuOpkz1rTRED3exTH14Qq, https://lh5.googleusercontent.com/p/AF1QipPtHfAk1jwbF-qFQXZvfTRyeh0eOdHjZNIqEJZY, ",16.06343,108.20851
QUÁN CƠM GIA ĐÌNH - MÓN HUẾ - TÔN NỮ QUÁN,"383/9 Hải Phòng, Tân Chính, Thanh Khê, Đà Nẵng 550000, Việt Nam","4,4",107,Đà Nẵng,Nhà hàng,1-100.000 ₫,"Ăn tại chỗ, Đồ ăn mang đi, ","https://lh5.googleusercontent.com/p/AF1QipND1QYbru4hUovVEn6hy8s6uvXOXBMVjnuji-bY, https://lh5.googleusercontent.com/p/AF1QipOkGwNwcIVzUE0RSdoEqovmCqV-xWOCPCjGuI6_, https://lh5.googleusercontent.com/p/AF1QipODd9uqdNKnwv1bVcPiTVoGXP9NuFKBMNZDmzUG, https://lh5.googleusercontent.com/p/AF1QipOwbHmA-xyQFVlp3IoWHDcAuaJKsWV3Ly7sSPw, ",16.06984,108.20614
Nhà Hàng Đồ Ăn Thái - Thai Market Restaurant - Bình Minh 5,"43 đường Bình Minh 5, Bình Thuận, Hải Châu, Đà Nẵng 550000, Việt Nam","4,6",914,Đà Nẵng,Nhà hàng Thái Lan,100-200 N ₫,"Ăn tại chỗ, Đồ ăn mang đi, Giao hàng gián tiếp, ","https://lh5.googleusercontent.com/p/AF1QipOv-yYaDgO8UTXG6tEJSjSMxyD-ipDzEpzDief9, https://lh5.googleusercontent.com/p/AF1QipMSCqIssb3Bpdgleoloub2HXRP7PkdRAE5bVnxY, https://lh5.googleusercontent.com/p/AF1QipNEXpvTy0EYq1Fyh9FuFByouwDFvRF-k58oJzKi, https://lh5.googleusercontent.com/p/AF1QipNgjM0qAoyVpOV1Pq_5kEx-AbSl_sZfm6SPhOlp, ",16.05541,108.22282
Cao lầu Phố Hội,"163 Phan Đăng Lưu, Hoà Cường Nam, Hải Châu, Đà Nẵng 550000, Việt Nam","4,5",119,Đà Nẵng,Nhà hàng,1-100.000 ₫,"Ăn tại chỗ, Đồ ăn mang đi, Giao hàng gián tiếp, ","https://lh5.googleusercontent.com/p/AF1QipOctf1LpjjkPi7eGjP2mkG4u3igwR36AxaWrHq1, https://lh5.googleusercontent.com/p/AF1QipOyKUo2Wrf5gPaDjtGb-ZkelA8GKdjbQu3eC8Ua, https://lh5.googleusercontent.com/p/AF1QipNApaOzAjn-VTpexTrOkKYefMiefg9CoaO6x4Dh, https://lh5.googleusercontent.com/p/AF1QipPVhzJmmz78A1F6oaKtbyqzw7zmqZ4N4QIlZawN, ",16.03585,108.21505
Bún chả cá Hờn,"113/3 Nguyễn Chí Thanh, Hải Châu 1, Hải Châu, Đà Nẵng 550000, Việt Nam","4,2",1.358,Đà Nẵng,Quán mì,1-100.000 ₫,"Ăn tại chỗ, Đồ ăn mang đi, Giao hàng, ","https://lh5.googleusercontent.com/p/AF1QipOKJixrTafRbTx5ZKKvEG2F_-v0809T_ya9nhej, https://lh5.googleusercontent.com/p/AF1QipNJqJSumcCvv66tDFcBl-vs_Pm9Ebe3cN49MlcT, https://lh5.googleusercontent.com/p/AF1QipNhGxi2gBFF9AoA-yfjditOefESoW7YgXegcBql, https://lh5.googleusercontent.com/p/AF1QipPJSFDPfxVXDTmz027S0-vL7XeA3GdoOYlVwobo, ",16.07410,108.22126
Quán Mậu,"35 Đỗ Thúc Tịnh, Khuê Trung, Cẩm Lệ, Đà Nẵng 550000, Việt Nam","4,1",762,Đà Nẵng,Nhà hàng Việt Nam,1-100.000 ₫,"Ăn tại chỗ, Đồ ăn mang đi, Giao hàng gián tiếp, ","https://lh5.googleusercontent.com/p/AF1QipM3vkb6skAHjcA4PLlHyVSyleDkHVjwqMYJbiiZ, https://lh5.googleusercontent.com/p/AF1QipOjJl192Rti8nu81lxbj5_9-CBsOfB_ffZI7VOE, https://lh5.googleusercontent.com/p/AF1QipPkQn_jFMtAzHdwnos8QB0Jiva2ZlqxjbU7I28Q, https://lh5.googleusercontent.com/p/AF1QipOPZcLAWdYYontWk9RfVduEB_Vxi3Bhm694PV7z, ",16.02717,108.20974
Mì Quảng Ếch bếp Trang,"441 Ông Ích Khiêm, Nam Dương, Hải Châu, Đà Nẵng 550000, Việt Nam","4,1",1.645,Đà Nẵng,Nhà hàng,1-100.000 ₫,"Ăn tại chỗ, Đồ ăn mang đi, Giao hàng, ","https://lh5.googleusercontent.com/p/AF1QipMNHn35WX-UhsKCao2cy6akXAHv5AofOcF91_O9, https://lh5.googleusercontent.com/p/AF1QipO55u3WJndxRGOTOyR3-gU0YiuWcuWbrVFXDG3_, https://lh5.googleusercontent.com/p/AF1QipOzmtN1_nyP23I5lWMqBgxE3N-JOIX32Am1LxE, https://lh5.googleusercontent.com/p/AF1QipOTNSNie6LgXMk45gks1l_OfOwSElFdogQQt1ZN, ",16.06203,108.21640
All Seasons Buffet Da Nang,"193 Nguyễn Văn Thoại, An Hải Đông, Ngũ Hành Sơn, Đà Nẵng 550000, Việt Nam","4,9",1.223,Đà Nẵng,Nhà hàng,Trên 1 Tr ₫,"Ăn tại chỗ, ","https://lh5.googleusercontent.com/p/AF1QipPYi3DT4GFOvPpQ7wvG9Uvz0Iv65n_Ph-97mkrL, https://lh5.googleusercontent.com/p/AF1QipP3LUi2QfR-5gpxlwjqYXQNq6_xQH151fZUcmLR, https://lh5.googleusercontent.com/p/AF1QipNHWlTaF5AvPSbqS3vAcJR8de_45ZrF28VBowRw, https://lh5.googleusercontent.com/p/AF1QipPRTbG9UBufnDQ5vOD6oG56JfkKiB124bhbqR47, ",16.05546,108.24303
Nướng Bơ Đà Nẵng - Nướng bơ 1986 -다낭 한식 그릴 레스토랑,"319 Nguyễn Tri Phương, Hòa Thuận Đông, Hải Châu, Đà Nẵng 550000, Việt Nam","4,5",133,Đà Nẵng,None,100-200 N ₫,"Ăn tại chỗ, Đồ ăn mang đi, Giao hàng, ","https://lh5.googleusercontent.com/p/AF1QipNzRcAJuWqfuClc4fYB_04HMwWlGEZysn_dyoxf, https://lh5.googleusercontent.com/p/AF1QipOoGfYfUr_yeFu5jtHW07yS5PsYhuHymUD07YPL, https://lh5.googleusercontent.com/p/AF1QipM8lXtVwFKGgRJhKfbLGxOb1jAtTG3Ri3aThv9N, https://lh5.googleusercontent.com/p/AF1QipN0mc7WCeZVwItNnNaJ5-rnDde0s1yG-3KCRgyj, ",16.05078,108.21333
Bánh tráng thịt heo Bà Hường,"126 Duy Tân, Hòa Thuận Nam, Hải Châu, Đà Nẵng 550000, Việt Nam","4,2",87,Đà Nẵng,Nhà hàng,100-200 N ₫,"Ăn tại chỗ, Đồ ăn mang đi, Giao hàng, ","https://lh5.googleusercontent.com/p/AF1QipOmtx-RM_UikNr1b_A7KYYHF8JO0-r8rN--kFMW, https://lh5.googleusercontent.com/p/AF1QipP_Dy2Woa0zx4cpfBBcFvPt9xjHCW6rOpTQ1vSj, https://lh5.googleusercontent.com/p/AF1QipNdd4ihpHjg0KHQVFemm3QAXZ9oWBFiu-srGkaq, https://lh5.googleusercontent.com/p/AF1QipPh7v_60aVq2DLze9F2vat6HnQVg8sHa3OcefWe, ",16.05122,108.20812
Bà Thôi,"96-98-100 Lê Đình Dương, Phước Ninh, Hải Châu, Đà Nẵng 550000, Việt Nam","3,7",174,Đà Nẵng,Nhà hàng hải sản,200-300 N ₫,"Ăn tại chỗ, Đồ ăn mang đi, Giao hàng, ","https://lh5.googleusercontent.com/p/AF1QipOiHVG1TgzPXMa9YqdvOD8q89cJ8rHBaDhG9Yda, https://lh5.googleusercontent.com/p/AF1QipMokn43muZERBMtZBdTwfy2Fk6dqJDrJDAGrcR-, https://lh5.googleusercontent.com/p/AF1QipO-2sQVEvksoociOxKB9bUqScmNTNdK0yNBLisr, https://lh5.googleusercontent.com/p/AF1QipOtW-XiQVh15Qh92JTVA_6l-vIHhjpC-cCQV5fg, ",16.06198,108.21875
Ốc Thanh,"22 Hoàng Hoa Thám, Tân Chính, Thanh Khê, Đà Nẵng 550000, Việt Nam","4,1",62,Đà Nẵng,Quán ăn nhỏ,Không có giá,"Ăn tại chỗ, Đồ ăn mang đi, Giao hàng, ","https://lh5.googleusercontent.com/p/AF1QipNzcbfILe_Lb6gtsFWNqzR9-UfKRuzRSCU7td_U, https://lh5.googleusercontent.com/p/AF1QipPW-henK-4qdD7Syw9JInuGbPk6RCRu8Zc0xaQe, https://lh5.googleusercontent.com/p/AF1QipPEb-J4A-HWV4lUZY4YPE5vHk6B8JonO871gJI, https://lh5.googleusercontent.com/p/AF1QipPrPZizynI5JOfxXEVa4j9UUycp-JX9XgeW68h3, ",16.06998,108.20955
Mì Quảng 1A,"1 Hải Phòng, Thạch Thang, Hải Châu, Đà Nẵng 550000, Việt Nam","4,0",1.735,Đà Nẵng,Quán mì,1-100.000 ₫,"Ăn tại chỗ, Đồ ăn mang đi, Giao hàng, ","https://lh5.googleusercontent.com/p/AF1QipMrh42gyntQH04077MB9s3C-oMcvm9k3OH2R23Z, https://lh5.googleusercontent.com/p/AF1QipM1CIqSSDbknY3Do9Q0QXCEM_XbpvfGot_qEXTv, https://lh5.googleusercontent.com/p/AF1QipPgUY8ySYsFU8htTmxvWKSUDqJnhCR7qHQ0tL6x, https://lh5.googleusercontent.com/p/AF1QipPq9yV-Z1c4hBUOJIabeFmjOOKFccHuuyWX6VCe, ",16.07239,108.21912
Nhà Hàng Lão Đại,"1 Võ Văn Kiệt, An Hải Bắc, Sơn Trà, Đà Nẵng 100000, Việt Nam","3,9",2.185,Đà Nẵng,Nhà hàng hải sản,₫₫,"Ăn tại chỗ, Mua hàng ngay trên xe, Giao hàng gián tiếp, ","https://lh5.googleusercontent.com/p/AF1QipPWg--BR-lKnN5eg6owJ6zthr2E0orOghjYJEtY, https://lh5.googleusercontent.com/p/AF1QipOnabPxOHZvlnYiMZXbA3JL79JgyevxnYaJLgo, https://lh5.googleusercontent.com/p/AF1QipNhOLOtjclAHES-mhI5MqMSwQ1BMepPrrGKjKMM, https://lh5.googleusercontent.com/p/AF1QipMiQvTixCo1xoxNC6y31fEx4lZPsrmiGB9DFGuv, ",16.06191,108.23568
Yen Yakiniku - Buffet Nướng Nhật Bản tại Đà Nẵng cơ sở 2,"38 Trần Quốc Toản, Hải Châu 1, Hải Châu, Đà Nẵng 550000, Việt Nam","4,6",904,Đà Nẵng,Nhà hàng Nhật Bản,300-400 N ₫,"Ăn tại chỗ, ","https://lh5.googleusercontent.com/p/AF1QipMpSaTLnfM8Fw5QGPFtXiFXujxPo5QNKWrcCGNj, https://lh5.googleusercontent.com/p/AF1QipO2ehFIdvfcmN8lHK2en8CxTJ2Ceuo3H5Kq7111, https://lh5.googleusercontent.com/p/AF1QipOuc0NCiiLIz5k7hnFUHsPBM5PmA57eLjKFajK0, https://lh5.googleusercontent.com/p/AF1QipMA1Cc75D1MHTmWFOB7-Hs0qS2zpz5OXgRqwZVI, ",16.06646,108.22207
Bánh bèo Bà Bé,"100 Hoàng Văn Thụ, Phước Ninh, Hải Châu, Đà Nẵng 550000, Việt Nam","4,1",518,Đà Nẵng,Nhà hàng Việt Nam,1-100.000 ₫,"Ăn tại chỗ, Đồ ăn mang đi, Giao hàng, ","https://lh5.googleusercontent.com/p/AF1QipP0qIgjahuhl8VxAk5twXeQtQ_sPD_9hWoqymmM, https://lh5.googleusercontent.com/p/AF1QipOdu0tyWl3rT2oNe4lRzGOtjYZFZhnwjwWlQkks, https://lh5.googleusercontent.com/p/AF1QipOukATLUzZsx5CcvB5Yzj4zN1KjfjGM8bAzJ0hC, https://lh5.googleusercontent.com/p/AF1QipMF4WxP7LkN-zdsv6WDUgiwAcbSqPtvABIfhB8, ",16.06310,108.21898
Cơm niêu 3 Cá Bống,"112 Nguyễn Tri Phương, Chính Gián, Thanh Khê, Đà Nẵng 550000, Việt Nam","4,0",318,Đà Nẵng,Nhà hàng,100-200 N ₫,"Ăn tại chỗ, Nhận hàng ở lề đường, Giao hàng gián tiếp, ","https://lh5.googleusercontent.com/p/AF1QipPcyjYFAW1clOQrfP2OcOm2Pq3OrymLOqzpY2VQ, https://lh5.googleusercontent.com/p/AF1QipMbx0pCczrrQkLv89N7ukk9ptHAAZ6rn0YIfhH1, https://lh5.googleusercontent.com/p/AF1QipN6G1bfl9Glr6YGqVOb9ifsnB6QAReppUObP_wg, https://lh5.googleusercontent.com/p/AF1QipNQ_5KXSiIdWUbxaBehjAu3tXArnfGiM2rMTGfX, ",16.06151,108.20434
Nhà hàng Cua Biển,"112 Võ Nguyên Giáp, Phước Mỹ, Sơn Trà, Đà Nẵng 550000, Việt Nam","3,9",880,Đà Nẵng,Nhà hàng hải sản,₫₫,"Ăn tại chỗ, Đồ ăn mang đi, ","https://lh5.googleusercontent.com/p/AF1QipPXP8zWqowsXspa7ZyJtaf_xsLlHjn0YVrV2ihV, https://lh5.googleusercontent.com/p/AF1QipM0SGICr5RL_aXzQs256SXsiRtBbpG4G_MCoUDf, https://lh5.googleusercontent.com/p/AF1QipPi-FS0mOEJC1B8c8pPt_AaxO4qtyIDZ1RHlMEt, https://lh5.googleusercontent.com/p/AF1QipM_MuUdbXn0yclJsnvNlp4LxgbaV9lxF7RiDThZ, ",16.07849,108.24564
Quán Bánh Xèo Miền Trung Bà Tình,"Q, 14 Hoàng Diệu, Bình Hiên, Hải Châu, Đà Nẵng 550000, Việt Nam","4,5",208,Đà Nẵng,Nhà hàng Việt Nam,1-100.000 ₫,"Ăn tại chỗ, Đồ ăn mang đi, Giao hàng, ","https://lh5.googleusercontent.com/p/AF1QipPflBzwA9hRDQRu9X8Qk_V5D3e3wSRcfIrMy82x, https://lh5.googleusercontent.com/p/AF1QipOsP6W7EanQcGpNVLzn6KYbCZ9tL8VyMDAOjuq_, https://lh5.googleusercontent.com/p/AF1QipNP-Aw965RqBUHFPewEv8kku1Lj4QvdElhAJ7Ny, https://lh5.googleusercontent.com/p/AF1QipOddjAZvj_ffdEhnyiFj6ng07HGA8KFRs5HbWXI, ",16.05887,108.21627
Bếp Hên Restaurant,"47 Lê Hồng Phong, Phước Ninh, Hải Châu, Đà Nẵng 84236, Việt Nam","4,6",474,Đà Nẵng,Nhà hàng Việt Nam,100-200 N ₫,"Ăn tại chỗ, Đồ ăn mang đi, Giao hàng gián tiếp, ","https://lh5.googleusercontent.com/p/AF1QipPyxqOHWktz3LbBdoTYEv2pFo58GSKO5g0DpxQh, https://lh5.googleusercontent.com/p/AF1QipMJ3Q7eOeJ8qpDc4TY7PdEnaha7N5EAMLiVjd_1, https://lh5.googleusercontent.com/p/AF1QipOD0wq3RhoN1FVAVVVmpDN2LiihAhqxkEHpQ0zL, https://lh5.googleusercontent.com/p/AF1QipOke_yB_wOuo0733bdrIrWh0mGlXLQTz18o1IoI, ",16.06392,108.22104
Nhà Hàng Phì Lũ 1,"225 Nguyễn Chí Thanh, Hải Châu 1, Hải Châu, Đà Nẵng 55000, Việt Nam","4,0",990,Đà Nẵng,Nhà hàng,100-200 N ₫,"Ăn tại chỗ, Đồ ăn mang đi, Giao hàng gián tiếp, ","https://lh5.googleusercontent.com/p/AF1QipN5G69kwpf-Ya2GsTaYu0mtHGo7gBUPazLjSRgc, https://lh5.googleusercontent.com/p/AF1QipNYKXuIl0u1VZpkf-1XhRsOGv_csBcbB1EfkAGw, https://lh5.googleusercontent.com/p/AF1QipOY_qscDlFWOgvYetRhUPyozA_ioh09LqeNowQh, https://lh5.googleusercontent.com/p/AF1QipPjqUMvHZ4RXGt3ygvcK0WP3iRSZvqzTljwEhbu, ",16.06708,108.22102
Mì Cay Kitachi Đà Nẵng,"144 Ông Ích Khiêm, Tam Thuận, Thanh Khê, Đà Nẵng 550000, Việt Nam","4,4",286,Đà Nẵng,Nhà hàng,1-100.000 ₫,"Ăn tại chỗ, Mua hàng ngay trên xe, Giao hàng gián tiếp, ","https://lh5.googleusercontent.com/p/AF1QipMlQUFm7FPnR8-tT_49LRgzxCLZdmCRNEkja9la, https://lh5.googleusercontent.com/p/AF1QipMYLp6ETyaOg72Xbh8MEXCsY-qNEClofDkoP3W5, https://lh5.googleusercontent.com/p/AF1QipMJR_HL4V3ZQydpwCzjer-TTvQjWpi9zJvlq1D_, https://lh5.googleusercontent.com/p/AF1QipN4wL2GlUPRHjedrXmVa8tuEE3vSh08SwplaIQ2, ",16.07417,108.21255
Mít trộn Bà Già,"Kiệt 47 Lý Thái Tổ, Thạc Gián, Thanh Khê, Đà Nẵng 550000, Việt Nam","4,3",139,Đà Nẵng,Quán ăn nhỏ,1-100.000 ₫,"Ăn tại chỗ, Đồ ăn mang đi, ","https://lh5.googleusercontent.com/p/AF1QipOtq923uX7C3sEbBT_fg5hVslSeU-Ug1URk6g7Y, https://lh5.googleusercontent.com/p/AF1QipONQ7UZ_B9oJoLI4pIhFJ74SUB06tIK1FX5omdp, https://lh5.googleusercontent.com/p/AF1QipNBpzeRyXYvy5pbDJnFBxQr2UjpL3IACK7pCjf8, ",16.06512,108.20918
Bánh Canh Ruộng: Bánh canh cá Cô Cúc,"Bùi Dương Lịch, Nại Hiên Đông, Sơn Trà, Đà Nẵng 550000, Việt Nam","4,5",1.187,Đà Nẵng,Quán ăn nhỏ,1-100.000 ₫,"Ăn tại chỗ, Đồ ăn mang đi, Giao hàng gián tiếp, ","https://lh5.googleusercontent.com/p/AF1QipPhvpZrkjuNekSRg8vH1eZRlE19o1CAxDGnXTIU, https://lh5.googleusercontent.com/p/AF1QipNezn8Dp3QcjSol7Xru0XbfzKP1pxEiVP4sITo4, https://lh5.googleusercontent.com/p/AF1QipOPYsh5G6JXhYyCUqhFtAwPWPcMG4rPkNIvf_Kt, https://lh5.googleusercontent.com/p/AF1QipM0Tj0lIlHODLTDqtGTYXZcR_quO9W5s_z5tYeD, ",16.09001,108.22887
Cơm Niêu Nhà Đỏ,"176 Nguyễn Tri Phương, Thạc Gián, Thanh Khê, Đà Nẵng 550000, Việt Nam","3,7",1.209,Đà Nẵng,Nhà hàng Việt Nam,100-200 N ₫,"Ăn tại chỗ, Đồ ăn mang đi, Giao hàng gián tiếp, ","https://lh5.googleusercontent.com/p/AF1QipNozT88b6kQlgiuu4l4IvVDCkivlLar3bX0crd4, https://lh5.googleusercontent.com/p/AF1QipMPy4nrLVZO9HmEbY1rGaaimSmu72vkGyAEbwkE, https://lh5.googleusercontent.com/p/AF1QipP0cKR5gsMX9M7ruNu4j-ItTh3iFGzSlGKoSG0t, https://lh5.googleusercontent.com/p/AF1QipOVN5krgtF7IifvELrRR0nV0xCOlyXJiGucNLf6, ",16.05962,108.20551
Nhóp Nhép Lẩu&Nướng,"45 Hải Phòng, Thạch Thang, Hải Châu, Đà Nẵng 550000, Việt Nam","3,9",429,Đà Nẵng,Nhà hàng,100-200 N ₫,"Ăn tại chỗ, Đồ ăn mang đi, Giao hàng gián tiếp, ","https://lh5.googleusercontent.com/p/AF1QipPImL1fuqckYFIvy7Z_euxyZqwdmQxRo1QxXvym, https://lh5.googleusercontent.com/p/AF1QipM5ty9h7vukVfo_y3PX3-QWLqlgXlAwRjKYQKj6, https://lh5.googleusercontent.com/p/AF1QipM5x3FtdHGM5dh9OPtZiN3gS8zvEfTGOIr4LBFa, https://lh5.googleusercontent.com/p/AF1QipNxswtUEPk9euTQode5x0BVW3vw8VZbN6oKlMVK, ",16.07217,108.21753
Cửa hàng Ăn uống Mậu Dịch 1986,"149 Hải Phòng, Thạch Thang, Hải Châu, Đà Nẵng 550000, Việt Nam","4,4",384,Đà Nẵng,Nhà hàng,100-200 N ₫,"Ăn tại chỗ, Đồ ăn mang đi, Giao hàng, ","https://lh5.googleusercontent.com/p/AF1QipNq-OiGUeTLQ68ice3Y3LQjuCanPlr2zKh6VscW, https://lh5.googleusercontent.com/p/AF1QipPTI8wT68bt0-DVXKxvfsX4OOrwdNckX-cOfHBQ, https://lh5.googleusercontent.com/p/AF1QipO980e81GbamKtjcHa3H2XbaWAY0gEsag5uMkM8, https://lh5.googleusercontent.com/p/AF1QipOUwhCrm-VvwqtEJqYuCPpkHVofEuo1uhuGqzCs, ",16.07168,108.21387
Ẩm thực Xèo,"Đường Võ Văn Kiệt, An Hải Bắc, Sơn Trà, Đà Nẵng 550000, Việt Nam","4,2",414,Đà Nẵng,Nhà hàng,100-200 N ₫,"Ăn tại chỗ, Đồ ăn mang đi, Giao hàng, ","https://lh5.googleusercontent.com/p/AF1QipP1ouR71G8bdljv3QJ0T5Xw2yaFf4LEIWFvLiVj, https://lh5.googleusercontent.com/p/AF1QipPPV8mi6ZFa-tJ1phzLicdDZkjsM2bZoVoPUdQt, https://lh5.googleusercontent.com/p/AF1QipNQeqs5JGgzb7hNLhUG6_-OXhJvlQZzbDLUCiUK, https://lh5.googleusercontent.com/p/AF1QipOGZlPEMJrrjL7wX9fbqqkmU3HnHaWH9X2nlF3T, ",16.06327,108.24192
Quán ăn Chợ Lớn,"267 Ông Ích Khiêm, Hải Châu 2, Hải Châu, Đà Nẵng 550000, Việt Nam","4,0",349,Đà Nẵng,Nhà hàng Quảng Đông,1-100.000 ₫,"Ăn tại chỗ, Đồ ăn mang đi, Giao hàng, ","https://lh5.googleusercontent.com/p/AF1QipM6_w8EuBiiDBmAgeM8gRHdPdVfDwCZshnmYp1P, https://lh5.googleusercontent.com/p/AF1QipOlmo4LOaOcXWrzP1AnHaQYr74iCVfeQ_s5YaDE, https://lh5.googleusercontent.com/p/AF1QipN7eWVhGpErPNjg9_4-AmXRoAh-j7ZXm9yhkBHp, https://lh5.googleusercontent.com/p/AF1QipMjgoi-luI62k2bjethQ9OkLhbkUquR6cntU6Dw, ",16.06883,108.21387
Tiệm Ăn Chợ Lớn,"232 Hoàng Diệu, Nam Dương, Hải Châu, Đà Nẵng 55000, Việt Nam","4,1",171,Đà Nẵng,Nhà hàng Việt Nam,1-100.000 ₫,"Ăn tại chỗ, Mua hàng ngay trên xe, Giao hàng gián tiếp, ","https://lh5.googleusercontent.com/p/AF1QipMj_M5gRouPZgP6ViKTUobr3VNwlkoBcP49-GRN, https://lh5.googleusercontent.com/p/AF1QipOWTnBq_JgRxkNVZreelRgoPetJFrj3se7u8J6N, https://lh5.googleusercontent.com/p/AF1QipPneCmeVca8auaNY6qZ4JzJEnwhaOd7KHfD5BT_, https://lh5.googleusercontent.com/p/AF1QipO3gCkJmCbfr9H1cz84HEDsIXL1-hrrlvhKBxfJ, ",16.06132,108.21725
Ẩm Thực Hoàng Tín - Bánh Tráng Cuốn Thịt Heo,"62A Nguyễn Văn Thoại, Bắc Mỹ Phú, Ngũ Hành Sơn, Đà Nẵng 550000, Việt Nam","4,1",580,Đà Nẵng,Nhà hàng,100-200 N ₫,"Ăn tại chỗ, Mua hàng ngay trên xe, Giao hàng gián tiếp, ","https://lh5.googleusercontent.com/p/AF1QipNWiJjTUKxU36oOZWl7QWrYCOC-14NAI5VGcQJl, https://lh5.googleusercontent.com/p/AF1QipPRt9MXJP0kfqNNe0MglKkfgF1BOA-neE8CITSA, https://lh5.googleusercontent.com/p/AF1QipPVid5gbrjdkpePdmKhNWZGUoE3hnRI6gOpQt3L, https://lh5.googleusercontent.com/p/AF1QipNDQVL2DsV9SoDp6k_QaGXLXY8yRlPXnIxm7Vha, ",16.05429,108.23982
Bếp của ngoại So.2,"50 Đ. 2 Tháng 9, Bình Hiên, Hải Châu, Đà Nẵng 550000, Việt Nam","4,4",509,Đà Nẵng,Nhà hàng,100-200 N ₫,"Ăn tại chỗ, Đồ ăn mang đi, Giao hàng, ","https://lh5.googleusercontent.com/p/AF1QipPy7t1V_4Znzo5A8oy2CMYsXHCISVznDLMvsBde, https://lh5.googleusercontent.com/p/AF1QipOtUUyBthm63gpxmcK2KahMIfotq-RkAGRS2P2I, https://lh5.googleusercontent.com/p/AF1QipMbv7m2VARYaPKdfFUUZe2bgua0QlibjoSr2kPo, https://lh5.googleusercontent.com/p/AF1QipMxCFaJNxADgK8TGktRE8lWqdvfV5NGcBXCKAFG, ",16.05759,108.22226
Quán Cơm Đà Nẵng,"25 Hà Huy Tập, Xuân Hà, Thanh Khê, Đà Nẵng 550000, Việt Nam","3,8",29,Đà Nẵng,Nhà hàng,Không có giá,"Ăn tại chỗ, Đồ ăn mang đi, Giao hàng gián tiếp, ","https://lh5.googleusercontent.com/p/AF1QipNIxkHmtwtkQ4iQg3v1l2fCn54Pvq6YYhGC28S2, https://lh5.googleusercontent.com/p/AF1QipOZ07RMWNAVM9zCZmQR0bG9x2y0r3u85I0zk9YB, https://lh5.googleusercontent.com/p/AF1QipPoYKJHrMT2g8_5xaan5-926m_FLU1YWm30GMIM, ",16.06952,108.19189
NHÀ HÀNG HỒNG NGỌC - Top-Rated Vietnamese Cuisine Foods,"193 Nguyễn Chí Thanh, Hải Châu 1, Hải Châu, Đà Nẵng 550000, Việt Nam","3,8",1.194,Đà Nẵng,Nhà hàng thịt gà,1-100.000 ₫,"Ăn tại chỗ, Mua hàng ngay trên xe, Giao hàng, ","https://lh5.googleusercontent.com/p/AF1QipP4xMbGJCzGhbdunAy-jzvRWnY11F1LJUylFS5d, https://lh5.googleusercontent.com/p/AF1QipMDFg8759TFbfYUuVJQDwrlYFPaUDer7Gi9W8Fn, https://lh5.googleusercontent.com/p/AF1QipMnC1TA9tffxc0dN0Vfn87Wu9Ncs9JE_atQmVz-, https://lh5.googleusercontent.com/p/AF1QipMLdr8Ol1oGcAp-_Hr2ChQyYPKdpfLuJRISyzwl, ",16.06980,108.22133
Tiệm Chay Xưa Đà Nẵng,"373 Phan Châu Trinh, Bình Thuận, Hải Châu, Đà Nẵng 550000, Việt Nam","4,4",261,Đà Nẵng,Nhà hàng món chay,1-100.000 ₫,"Ăn tại chỗ, Đồ ăn mang đi, Giao hàng gián tiếp, ","https://lh5.googleusercontent.com/p/AF1QipNB1dVzweFHBmjipgpfdfMs5Fa_ombCOSHdpEWB, https://lh5.googleusercontent.com/p/AF1QipOsb4o3v61-rHwTIWsV_0VLrwrXCbL7G_0RcWrW, https://lh5.googleusercontent.com/p/AF1QipNEo9kbLFW6luINyEqKjNxD5urHkTyW7sb8djzR, https://lh5.googleusercontent.com/p/AF1QipOEZkJiySCWjd3GcGzi3aZ4YqW-tgA2QX2xljjM, ",16.05646,108.21893
Bánh canh -THU,"78 Nguyễn Chí Thanh, Hải Châu 1, Hải Châu, Đà Nẵng 550000, Việt Nam","4,5",108,Đà Nẵng,Quán ăn nhỏ,1-100.000 ₫,"Ăn tại chỗ, Nhận hàng ở lề đường, Giao hàng gián tiếp, ","https://lh5.googleusercontent.com/p/AF1QipOKhvliRCMuvzCfBP_zFSGDmuBwehlEONz2isuT, https://lh5.googleusercontent.com/p/AF1QipO9MDrfqpO6PtIeiAdRcDTuUpdBOLt_QWyuyyEV, https://lh5.googleusercontent.com/p/AF1QipOmltSRHSW4Q-RSmZ2TPtGhiRRy1tIoRegZGlMy, https://lh5.googleusercontent.com/p/AF1QipOM3iWT0FHMBKvK6YCuD_h22TsmKeCOH5gHqQXe, ",16.07299,108.22079
Cardi Pizzeria Đà Nẵng,"76 Đ. 2 Tháng 9, Bình Hiên, Hải Châu, Đà Nẵng 550000, Việt Nam","4,8",1.466,Đà Nẵng,Nhà hàng pizza,₫₫,"Ăn tại chỗ, Mua hàng ngay trên xe, Giao hàng gián tiếp, ","https://lh5.googleusercontent.com/p/AF1QipNbDdkIrLBaXL88CSv9WuQjyOdZQERYWtMEsW-N, https://lh5.googleusercontent.com/p/AF1QipO_bSe2n_SAj2wAXN_hTf2h20GhEnn8RdmI9Lcn, https://lh5.googleusercontent.com/p/AF1QipPIxPequsvg-OyuGgJSCqPGJbJrOhnXVipG5dIA, https://lh5.googleusercontent.com/p/AF1QipM9w6gWnkDtNnOA1msPgUGA8W08EduHH5TqbbLi, ",16.05712,108.22206
Nhà Hàng Đà Nẵng - Ho Xanh Restaurant,"K 1 Đỗ Quang, Vĩnh Trung, Thanh Khê, Đà Nẵng 550000, Việt Nam","3,9",170,Đà Nẵng,Nhà hàng,₫₫,"Ăn tại chỗ, Đồ ăn mang đi, Giao hàng, ","https://lh5.googleusercontent.com/p/AF1QipMt_VyVRAzOmxnNcIhAy3oT90lpufjqlIeSTt2T, https://lh5.googleusercontent.com/p/AF1QipN3gpjuOY6qeiXdm1bfM8XlNGE-ZYwl1_z3pP8r, https://lh5.googleusercontent.com/p/AF1QipOx1M0EP1HwAXTWcTn95lBzKp23ZRfOYWSR4sX5, https://lh5.googleusercontent.com/p/AF1QipMakhDnm9oeYlLHzpAENhidQ4LIBpipZ1h55b1c, ",16.06269,108.21280
Quán cơm bao cấp,"299 Nguyễn Tất Thành, Thanh Bình, Hải Châu, Đà Nẵng 550000, Việt Nam","4,7",67,Đà Nẵng,Nhà hàng cơm,1-100.000 ₫,"Ăn tại chỗ, Đồ ăn mang đi, Giao hàng, ","https://lh5.googleusercontent.com/p/AF1QipOl5ElV5DFOmxruFI5z-5T7h2f8yyCFYXgZvbM, https://lh5.googleusercontent.com/p/AF1QipPQPQCvEZEzqd4QBs5oOGn0FumqQHBRoqx8XU8z, https://lh5.googleusercontent.com/p/AF1QipPvuAJbKgxZbhU1gUEOwq49fF7Jopz7UGrca_Qz, https://lh5.googleusercontent.com/p/AF1QipM7ErE-XtLJAA4yW1n6TYNcHlt4ofNH5ZLqpQn_, ",16.07830,108.20953
Quán Bê Thui Cầu Mống - Phương Tín,"376 Điện Biên Phủ, Hòa Khê, Thanh Khê, Đà Nẵng 550000, Việt Nam","4,3",49,Đà Nẵng,Quán ăn nhỏ,100-200 N ₫,"Ăn tại chỗ, Đồ ăn mang đi, Giao hàng, ","https://lh5.googleusercontent.com/p/AF1QipNenVJC-3scpiFY-2bFyEmvtZRzttYE80FgHWI8, https://lh5.googleusercontent.com/p/AF1QipNPHQbfTM49Beay1UT4_8-H5znTbW5DRgwRsJQL, https://lh5.googleusercontent.com/p/AF1QipOPz8jNbjJbii4l7xLprMHPSaZfrXw984ddRjnE, ",16.06618,108.19076
Xuyên Sushi - Đà Nẵng,"329A Phan Châu Trinh, Bình Hiên, Hải Châu, Đà Nẵng 550000, Việt Nam","4,8",926,Đà Nẵng,Nhà hàng sushi,100-300 N ₫,"Ăn tại chỗ, Đồ ăn mang đi, Giao hàng gián tiếp, ","https://lh5.googleusercontent.com/p/AF1QipMNsQFn5mCV14wfyAPVbt41QhlDBGjC9LBmQd5j, https://lh5.googleusercontent.com/p/AF1QipOjxmBjPhJ_tC50p9v6ZV2x6fvj8cYOEU0z9osr, https://lh5.googleusercontent.com/p/AF1QipPF2VF8ySE0yiGLb1ymsK4PSgEPtEk7RxTyQHuR, https://lh5.googleusercontent.com/p/AF1QipMmxKRBe_a5kELs0cXrrWmxdzsVcxZ3CrA81J4p, ",16.05790,108.21908
Bánh Canh Ruộng,"20 Hà Thị Thân, An Hải Trung, Sơn Trà, Đà Nẵng 550000, Việt Nam","4,1",380,Đà Nẵng,Quán ăn nhỏ,1-100.000 ₫,"Ăn tại chỗ, Mua hàng ngay trên xe, Giao hàng gián tiếp, ","https://lh5.googleusercontent.com/p/AF1QipP73zxvtUoslF6yHNAxtkamYUsDnJmx2mVnMuql, https://lh5.googleusercontent.com/p/AF1QipOanIB3K6yWwJgV9rjNH1Nrf1jD45SHNhSG5P9r, https://lh5.googleusercontent.com/p/AF1QipNrDgij0QZkDJl_LBpEnsP9KNzpWlstb-oKY4Ph, https://lh5.googleusercontent.com/p/AF1QipNoTy2AgCS4YZC76ANHbeFdNuqxIOHKJvbIU2sy, ",16.05873,108.23178
Nhà Hàng Đồ Ăn Thái - Thai Market Restaurant - Yên Bái,"124 Yên Bái, Phước Ninh, Hải Châu, Đà Nẵng 551000, Việt Nam","4,3",936,Đà Nẵng,Nhà hàng Thái Lan,100-200 N ₫,"Ăn tại chỗ, Đồ ăn mang đi, Giao hàng, ","https://lh5.googleusercontent.com/p/AF1QipOC4sSh4ActXy-r7R8aTrCZGNq9eOvAOh1FSJ7z, https://lh5.googleusercontent.com/p/AF1QipN8A_trrl-YUDig14a8gVL6vGIddloFPT0mOFNP, https://lh5.googleusercontent.com/p/AF1QipPuD3pYQRzjozFsW-Su4UahMiHe3HRy4DgXCvLv, https://lh5.googleusercontent.com/p/AF1QipPySnNgRSsCJcH4eYMLk8EO33jhyQy8mrpsQuH2, ",16.06513,108.22228
"Cơm gà Tài Ký - Quán cơm gà ngon uy tín, giá bình dân tại Đà Nẵng","188 Đ. Nguyễn Hoàng, Nam Dương, Hải Châu, Đà Nẵng 550000, Việt Nam","4,3",64,Đà Nẵng,Nhà hàng,1-100.000 ₫,"Ăn tại chỗ, Đồ ăn mang đi, Giao hàng, ","https://lh5.googleusercontent.com/p/AF1QipPpuc5K-UQPTo8TzI7qW1BWvVKI-aeisSFlezME, https://lh5.googleusercontent.com/p/AF1QipO76Km604VEvUTsYGoOEYwZNoVq-Z8dJmm_e8u9, https://lh5.googleusercontent.com/p/AF1QipMVl7vra8Kp2PkVWy1QqgwF2e2iEQHBo6zupINz, https://lh5.googleusercontent.com/p/AF1QipP1-FakTvJ1Pp9VXzwsujLNXxBngGlXITq-vL1S, ",16.06086,108.21356
"Nhà Hàng Cơm Niêu, Quán ăn Ngon Gần Đây - Niêu Đỏ Restaurant","81 Võ Văn Kiệt, An Hải, Sơn Trà, Đà Nẵng 550000, Việt Nam","3,8",121,Đà Nẵng,Nhà hàng,100-200 N ₫,"Ăn tại chỗ, Mua hàng ngay trên xe, Giao hàng gián tiếp, ","https://lh5.googleusercontent.com/p/AF1QipNk90jInLJQf-vXtrpH9ua72WTJz5DQWkQy230w, https://lh5.googleusercontent.com/p/AF1QipOqy2eY_mibdIxQj1PgniRCueFz4VggHYLnVufY, https://lh5.googleusercontent.com/p/AF1QipPAlv0SACjXs4h1msT3gLCbbLwpfNPsu0bbJXDc, https://lh5.googleusercontent.com/p/AF1QipPoT0G5JaLtnRDSU0mWyHNExNZ_fe5qUcTrlxQI, ",16.06279,108.24249
Bún thịt nướng Bà Trai,"194 Đống Đa, Thuận Phước, Hải Châu, Đà Nẵng 550000, Việt Nam","4,3",552,Đà Nẵng,Quán mì,1-100.000 ₫,"Ăn tại chỗ, Đồ ăn mang đi, Giao hàng, ","https://lh5.googleusercontent.com/p/AF1QipMFTT_u_bX-1JZk-in0rAJA0je0vy42V24qD5Oo, https://lh5.googleusercontent.com/p/AF1QipP7SZZ5czGhiCba755v2wlXoN7sXs_fi9Xbxjss, https://lh5.googleusercontent.com/p/AF1QipOdkAqMVW2FYHS4pAaBHXyA2OYSCozUhj8EJf0C, https://lh5.googleusercontent.com/p/AF1QipM9tdWL1NoNG8ANLWMFyQjmD4qeFDabSNpwITg1, ",16.07872,108.21719
Quán Phở Cồ Long,"48 Lê Đình Dương, Phước Ninh, Hải Châu, Đà Nẵng 550000, Việt Nam","4,5",191,Đà Nẵng,Quán mì,1-100.000 ₫,"Ăn tại chỗ, Đồ ăn mang đi, ","https://lh5.googleusercontent.com/p/AF1QipOh_dxclhOZ9dB_oZ_l6tU7KG2f25NB8BEyXg49, https://lh5.googleusercontent.com/p/AF1QipMl0AeBkQeIcyAx5GAYz7xeSBYaflh7Vwp3iIwe, https://lh5.googleusercontent.com/p/AF1QipPk5IFec16zRh-2lNJtjnyPSODtRBEXlHhqdrC0, https://lh5.googleusercontent.com/p/AF1QipOCuKu8eLkGhlNyS1UhFRk1Tmf1SPaSaL_8ppsC, ",16.06139,108.22091
Gyu Sachi - Nhà hàng nướng Nhật Ngưu Hạnh,"54-56 Quang Trung, Thạch Thang, Hải Châu, Đà Nẵng 50000, Việt Nam","4,6",163,Đà Nẵng,Nhà hàng Nhật Bản,200-300 N ₫,"Ăn tại chỗ, Đồ ăn mang đi, Giao hàng gián tiếp, ","https://lh5.googleusercontent.com/p/AF1QipNXStmSgTENhnSv07zXI6r8zLwLNB99HOm3aJzk, https://lh5.googleusercontent.com/p/AF1QipO3TKPOKs27rZTUrc63NGtgZEFTI82jpjcu2nO_, https://lh5.googleusercontent.com/p/AF1QipP1ij4o5b6jV-MSvYGKfJYF1tH8asMUJNr8-Zyb, https://lh5.googleusercontent.com/p/AF1QipN7GIehq8J8mQbyJ34CpnaaTyNgghpcd-Xs2ByJ, ",16.07505,108.22075
Đà Nẵng Cơm Chay,"31 6 Mẹ Nhu, Thanh Khê Tây, Thanh Khê, Đà Nẵng 550000, Việt Nam","4,3",219,Đà Nẵng,Nhà hàng cho người ăn chay,100-200 N ₫,"Ăn tại chỗ, Đồ ăn mang đi, Giao hàng gián tiếp, ","https://lh5.googleusercontent.com/p/AF1QipN7Zy_qxjPsgbgkX0aH7LpSO4SW0uteziJLxQpt, https://lh5.googleusercontent.com/p/AF1QipP3LZopO5kXS39gYjmEF6Pkv7gcKQ3TxQ1njfAf, https://lh5.googleusercontent.com/p/AF1QipMx_Yr2pBkkGay42ABi-vKS5Rz4WNA562im7K3h, https://lh5.googleusercontent.com/p/AF1QipP47lTb25RLO5M3BhZ__Tzp9CwGyHztkJuZMNW9, ",16.06626,108.18072
Don Chicken,"209 Đ. Nguyễn Văn Linh, Vĩnh Trung, Thanh Khê, Đà Nẵng 550000, Việt Nam","4,1",300,Đà Nẵng,Nhà hàng Hàn Quốc,100-200 N ₫,"Ăn tại chỗ, Đồ ăn mang đi, Giao hàng gián tiếp, ","https://lh5.googleusercontent.com/p/AF1QipOg34QfbHsMMK_bCUMQCW4SHkLh6uEJladDpSyu, https://lh5.googleusercontent.com/p/AF1QipPrcpWTiMjEvUot38RhcJndTvjfdE5tYPJpzQvw, https://lh5.googleusercontent.com/p/AF1QipOMQpneGp3N4isim0XnXfRg0Ekr05ULuj8p_nTV, https://lh5.googleusercontent.com/p/AF1QipN2BgJjyUWWhPJQ55E4Fat2PCAMclMZSzwERRxq, ",16.06008,108.21345
Cơm hến Thanh,"158 Huỳnh Thúc Kháng, Bình Hiên, Hải Châu, Đà Nẵng 550000, Việt Nam","4,2",197,Đà Nẵng,Nhà hàng,1-100.000 ₫,"Ăn tại chỗ, Đồ ăn mang đi, Giao hàng, ","https://lh5.googleusercontent.com/p/AF1QipNd3LqPk9HM7VKCKqms48iFvdd3y8gXAm_MlBiI, https://lh5.googleusercontent.com/p/AF1QipPoS5dM1HGNW3CahIRisEUe5HQIIjgUkJA_3wd8, https://lh5.googleusercontent.com/p/AF1QipO2HA1Gpu5IFEqUrOgchwzApXp7S8GzqERCXDf4, https://lh5.googleusercontent.com/p/AF1QipPMvO94UOIOXTERnyJiSzicBhTV8Z0_V_-3fnid, ",16.05789,108.21803
Phá Lấu Cu Mập,"245 Hải Phòng, Tân Chính, Thanh Khê, Đà Nẵng 550000, Việt Nam","4,8",29,Đà Nẵng,Quán ăn nhẹ,1-100.000 ₫,"Ăn tại chỗ, Mua hàng ngay trên xe, Giao hàng gián tiếp, ","https://lh5.googleusercontent.com/p/AF1QipMPNsW1tRBTamcJ_vqq1cVMTjRmh7ivsmXTWuvT, https://lh5.googleusercontent.com/p/AF1QipO5azemb8kdy4lJxcqvHSZsZrAwXip60nPaQbx6, https://lh5.googleusercontent.com/p/AF1QipO5azemb8kdy4lJxcqvHSZsZrAwXip60nPaQbx6, https://lh5.googleusercontent.com/p/AF1QipPAYMi43rLFQJGvpxtVH883OQl_kq0odeb8PEJ3, ",16.07110,108.21067
"Hoa Viên Restaurant - 100 Tiểu La, Đà Nẵng","100 Tiểu La, Hòa Thuận Nam, Hải Châu, Đà Nẵng 550000, Việt Nam","3,9",249,Đà Nẵng,Nhà hàng hải sản,300-400 N ₫,"Ăn tại chỗ, Đồ ăn mang đi, Giao hàng, ","https://lh5.googleusercontent.com/p/AF1QipN_leCKIunaR7OVA04tLbCu3Y6G499WJ3RHnVHI, https://lh5.googleusercontent.com/p/AF1QipOMYenfaNFrGKaEg0BXbZV0pK5xqTReoXSaHk-r, https://lh5.googleusercontent.com/p/AF1QipNR9K_ScGpTZqfxXg2Z9_pJYxDqjmEEA9JNeGwv, https://lh5.googleusercontent.com/p/AF1QipMx5P7Hj99foawpDYtNh4MKw6NhdbTjlQU0DDGn, ",16.04453,108.21268
Quán ăn Dim Sum,"45a Ng. Gia Tự, Hải Châu 1, Hải Châu, Đà Nẵng 550000, Việt Nam","4,4",728,Đà Nẵng,Nhà hàng điểm tâm,100-200 N ₫,"Ăn tại chỗ, Nhận hàng ở lề đường, Giao hàng gián tiếp, ","https://lh5.googleusercontent.com/p/AF1QipOOgdojZOqnyNyPyDBfOls9FlbeP53TEHlOYBoD, https://lh5.googleusercontent.com/p/AF1QipN056pTPZHbtmZm7j-Q81K__mxu4KK9tprgCfi5, https://lh5.googleusercontent.com/p/AF1QipPD7OZyIUlka_scVYmW_qWxKsCod51DuGjs2wmf, https://lh5.googleusercontent.com/p/AF1QipOqjVxrwBZdIbPMRSniUTBwnUBGTLzHbF_0b1mU, ",16.06907,108.21769
Nhà Hàng Chay Hương Sen,"73 Lê Đình Lý, Vĩnh Trung, Thanh Khê, Đà Nẵng 550000, Việt Nam","4,5",200,Đà Nẵng,Nhà hàng cho người ăn chay,1-100.000 ₫,"Ăn tại chỗ, Đồ ăn mang đi, Giao hàng gián tiếp, ","https://lh5.googleusercontent.com/p/AF1QipOnh_XVmV1uTJp-QcVk7pxoE9C4zVM6N2IWQh1y, https://lh5.googleusercontent.com/p/AF1QipNxHPuCvWptMQaobxzo9cjJM6N-H_n_XrbnlRwA, https://lh5.googleusercontent.com/p/AF1QipOGQYJzPvaDlxlFcxvOvWzp--haMVXVlOnY-YLw, https://lh5.googleusercontent.com/p/AF1QipP1NRiAGdAXdYgJnOCMyWYzS5XW9Fzvuin-aQZV, ",16.05746,108.21162
Cơm Hến Hoàng Diệu - Đà Nẵng,"37 Kiệt 356 Hoàng Diệu, Bình Thuận, Hải Châu, Đà Nẵng 550000, Việt Nam","4,5",42,Đà Nẵng,Nhà hàng,1-100.000 ₫,"Ăn tại chỗ, Mua hàng ngay trên xe, Giao hàng gián tiếp, ","https://lh5.googleusercontent.com/p/AF1QipMU1kVKZ8X3S5Kwhcyr4yIjTZbFFLuA0Uq_to2l, https://lh5.googleusercontent.com/p/AF1QipOapv2lnjFCVDqY5q-v6Nl71V16MtKKe0ePb1bp, https://lh5.googleusercontent.com/p/AF1QipNnhZ3xpinlLnSZeRxikvISwYYWROOsoIR-SjhY, https://lh5.googleusercontent.com/p/AF1QipOW7i-_UMCNHJLHZvisbh1cmnxzVTSOvKtRrRPR, ",16.05635,108.21595
Phở Cù Hà Nội - quán phở ngon uy tín chất lượng tại Đà Nẵng,"5, Trần Quốc Toản/187 Trần Phú, Đà Nẵng, Việt Nam","4,3",390,Đà Nẵng,Nhà hàng phở,1-100.000 ₫,"Ăn tại chỗ, Mua hàng ngay trên xe, Giao hàng gián tiếp, ","https://lh5.googleusercontent.com/p/AF1QipNCyCpWe-bxWzQN1trcEFfh8zY4chO_ainX_0SY, https://lh5.googleusercontent.com/p/AF1QipPqbDWMB5FSSmoMtaxraFC0NWMx7miOxje88G0, https://lh5.googleusercontent.com/p/AF1QipN9WMbcQIU6bqKU6KiyMqNa14m-sF0IWk7FwnJd, https://lh5.googleusercontent.com/p/AF1QipNv_-u2VEbsi5ciLlno7jnSsd6D5qGtwUtDLImf, ",16.06594,108.22376
Nhà Hàng Chay Phúc An,"547 Nguyễn Tất Thành, P, Thanh Khê, Đà Nẵng 50503, Việt Nam","4,7",308,Đà Nẵng,Nhà hàng,100-200 N ₫,"Ăn tại chỗ, Đồ ăn mang đi, Giao hàng gián tiếp, ","https://lh5.googleusercontent.com/p/AF1QipP9IFMKRfCp_kRUqVWhokRxc5ev8kFQyg28Iwh2, https://lh5.googleusercontent.com/p/AF1QipOaPGHMpFa6E18wDBmpD48zoALnDISEBB25Bp3G, https://lh5.googleusercontent.com/p/AF1QipM3SFSxTiR6Jg5rOhAaxZJnf8kHWreW0aV4Ro4N, https://lh5.googleusercontent.com/p/AF1QipOwOM2AKuzHEmyBP8Ym-QNlBw4zqn7U13eU77zG, ",16.07373,108.20324
Bún chả cá 109,"109 Nguyễn Chí Thanh, Hải Châu 1, Hải Châu, Đà Nẵng 550000, Việt Nam","4,2",1.445,Đà Nẵng,Quán súp,1-100.000 ₫,"Ăn tại chỗ, Mua hàng ngay trên xe, Giao hàng gián tiếp, ","https://lh5.googleusercontent.com/p/AF1QipP-ztuJSGl3rl2ElErMVCJS6jpWhfbiZkNpsVZV, https://lh5.googleusercontent.com/p/AF1QipN37ud371TZUf_KLF7HuNS-eXkDClkPicbqYJzf, https://lh5.googleusercontent.com/p/AF1QipNS-1jkgmK3YrCEeZmhrbi0hvUouK3EsO8BtERz, https://lh5.googleusercontent.com/p/AF1QipPsTrsj5HYOTU39h_gR2VoS5v8V005ux7tFEGhq, ",16.07442,108.22081
Bê Thui Mười Cầu Mống,"138 Nguyễn Tri Phương, Thạc Gián, Thanh Khê, Đà Nẵng 550000, Việt Nam","4,3",250,Đà Nẵng,Nhà hàng,100-200 N ₫,"Ăn tại chỗ, Mua hàng ngay trên xe, Giao hàng gián tiếp, ","https://lh5.googleusercontent.com/p/AF1QipPXtFLaKcWXW63T4RMrZ2IJgli430IadzRJgal2, https://lh5.googleusercontent.com/p/AF1QipM7ZTx4oiA53ciFNlzGiOL7ch0wKIjprxxKXpsg, https://lh5.googleusercontent.com/p/AF1QipN20BKa8P80KrDdP5oy5sJI3TxaCsynNqy-6Ca5, https://lh5.googleusercontent.com/p/AF1QipMJOJzNkSU5C5V1LDjlCf9ark7VplQJe4Ps40M5, ",16.06087,108.20486
Quán ăn ngon Đà Nẵng Ẩm Thực Gánh,"202 Phan Đăng Lưu, Hoà Cường Bắc, Cẩm Lệ, Đà Nẵng 550000, Việt Nam","3,9",459,Đà Nẵng,Quán ăn nhỏ,1-100.000 ₫,"Ăn tại chỗ, Mua hàng ngay trên xe, Giao hàng gián tiếp, ","https://lh5.googleusercontent.com/p/AF1QipOBWmvRTg5tWjiK5SwO2gFh3TbjlBGSJoh3ZJCW, https://lh5.googleusercontent.com/p/AF1QipP9QTjdWHhA6NNrXmud1Asn_aMdxjNYhMFZ0yG1, https://lh5.googleusercontent.com/p/AF1QipP4GUon8q4KjeWolFvEVeVTuE1QfGb4W_0p2uM8, https://lh5.googleusercontent.com/p/AF1QipOYPSXJqC7En3Q5Hq-cwhRmQRyvR1f3Qznmg089, ",16.03644,108.21233
Quán Đông Phương,"255 Nguyễn Tất Thành, Thanh Bình, Hải Châu, Đà Nẵng 551580, Việt Nam","3,9",479,Đà Nẵng,Nhà hàng Việt Nam,₫₫,"Ăn tại chỗ, Đồ ăn mang đi, Giao hàng, ","https://lh5.googleusercontent.com/p/AF1QipPO1zMcKbIBfzrebCj6iniebUJiyENhgAPjW3Cr, https://lh5.googleusercontent.com/p/AF1QipNhkz5icDS8bOvpaIa5MBFyJSTi6XD32bJaI0Fq, https://lh5.googleusercontent.com/p/AF1QipNugKimTfBm_9vzAqdY-zaTQTmxzIBtV85u4EJO, https://lh5.googleusercontent.com/p/AF1QipMOrCJl_OXKq0kaDLrPd_KfX556LK9igA9tIKRO, ",16.07918,108.21035
Quán Xuân,"469 Hải Phòng, Chính Gián, Thanh Khê, Đà Nẵng 550000, Việt Nam","4,0",536,Đà Nẵng,Nhà hàng Việt Nam,1-100.000 ₫,"Ăn tại chỗ, Đồ ăn mang đi, Giao hàng, ","https://lh5.googleusercontent.com/p/AF1QipNCkU7Mx-Vpmz86hY72lY02LaJreVot7U5o5V04, https://lh5.googleusercontent.com/p/AF1QipONfJvw57VX5BBH23K7E7hQ76E4yyQoHgd6ax74, https://lh5.googleusercontent.com/p/AF1QipM0AYrTze_72MIuAlI3Z6vSj-5k4-MEgqzANxI, https://lh5.googleusercontent.com/p/AF1QipPiqRVLWPLaKED3P0lrlAqqCVP_9_-fKCLa5j2V, ",16.06782,108.20513
Nhà hàng Cơm niêu Việt,"102 Nguyễn Tri Phương, Chính Gián, Thanh Khê, Đà Nẵng 550000, Việt Nam","3,8",58,Đà Nẵng,Nhà hàng,100-200 N ₫,"Ăn tại chỗ, Đồ ăn mang đi, Giao hàng gián tiếp, ","https://lh5.googleusercontent.com/p/AF1QipMAH_lXkhM4w_SXADJmwOlDanPQLmBizqnf-7Tz, https://lh5.googleusercontent.com/p/AF1QipPFxqxXnw-5oObh3mDq89KdtuBm4CiKjoc3s4Vl, https://lh5.googleusercontent.com/p/AF1QipNNC7CnqVJ4kjeAvxtLVZzkfVEYJ8QYzNp_sB-U, https://lh5.googleusercontent.com/p/AF1QipOSRvX1Fanuawdlxx3ZXEgR94X1t4zZckEcO69F, ",16.06172,108.20434
Bún Thịt Nướng Kim Anh Gia Truyền (Hoàng Diệu) Bếp Hiệp - không chi nhánh - Quán bún thịt nướng ngon uy tín tại Đà Nẵng,"63 Huỳnh Thúc Kháng, Nam Dương, Hải Châu, Đà Nẵng 550000, Việt Nam","4,6",59,Đà Nẵng,Nhà hàng,1-100.000 ₫,"Ăn tại chỗ, Mua hàng ngay trên xe, Giao hàng gián tiếp, ","https://lh5.googleusercontent.com/p/AF1QipNrR2HDY33i28dk_Ov8LYoF23crnWTQjJXyUHo, https://lh5.googleusercontent.com/p/AF1QipM1z-oA8SHPl1Jxgq7rikHE5twAvUR1psOH0yxd, https://lh5.googleusercontent.com/p/AF1QipNL79IjSaze8CFeE8sxZbVcn5nCtF2ir7GecYLG, https://lh5.googleusercontent.com/p/AF1QipNFREErXh5ajDvTtFQF2DnsFE1HiezKHBrvjgg, ",16.05975,108.21835
Papa Steak Restaurant,"225 Điện Biên Phủ, Chính Gián, Thanh Khê, Đà Nẵng 550000, Việt Nam","4,4",318,Đà Nẵng,Nhà hàng,100-200 N ₫,"Ăn tại chỗ, Mua hàng ngay trên xe, Giao hàng, ","https://lh5.googleusercontent.com/p/AF1QipOW_TMbEfmXHY9IgjiKJyZ_cz_V_NG8wT1h5Gvw, https://lh5.googleusercontent.com/p/AF1QipMxO_wzpr0cdqu2HOORvQSptIYPqqTHlk64XV0, https://lh5.googleusercontent.com/p/AF1QipNKLLaQKX4OwtvE2X2N24Jh01Y9FbnqN5h6yDbp, https://lh5.googleusercontent.com/p/AF1QipN5J1H17TxEusOWFu1I3pUg6dPr-HXyR-gyvC7c, ",16.06541,108.19532
Tư Hề Quán,"K408/H5, Hoàng Diệu, Phước Ninh, Hải Châu, Đà Nẵng 550000, Việt Nam","4,4",302,Đà Nẵng,Quán bia,₫₫,"Ăn tại chỗ, Đồ ăn mang đi, Giao hàng, ","https://lh5.googleusercontent.com/p/AF1QipNfDiGZjESQs6XtPOIhOqwcDCYykr1QE1JcZ0I_, https://lh5.googleusercontent.com/p/AF1QipODCuHlKws0j3aH265uXhRAQwFaYTfMSXfyxCQA, https://lh5.googleusercontent.com/p/AF1QipMkL3o2qJMIvjepNP63Ks4Xk0x93v3mCq-Vnb4e, https://lh5.googleusercontent.com/p/AF1QipNWCqXQ3W-OY56U5gNHl98kge4_hsmp60W-d7GB, ",16.05459,108.21694
Nhà Hàng Mai Châu Đà Nẵng - Ẩm thực Sapa Tây Bắc,"55 Hồ Nghinh, Phước Mỹ, Sơn Trà, Đà Nẵng 550000, Việt Nam","4,5",84,Đà Nẵng,Nhà hàng,Không có giá,"Ăn tại chỗ, Mua hàng ngay trên xe, Giao hàng gián tiếp, ","https://lh5.googleusercontent.com/p/AF1QipPssnYaAfKnfqCSllNd12PhzpP1hczw15hkftT4, https://lh5.googleusercontent.com/p/AF1QipMfragHT6oI5Sw7wfPgfdzJszM9cFa1ZoK1zXC2, https://lh5.googleusercontent.com/p/AF1QipPKfsH-UNrnLNWxV7aTz3si7RAJu4t8_UWaqamP, https://lh5.googleusercontent.com/p/AF1QipMbbDmX1DmBwmbXcSsoxsmxKkRo4ANZMU5s3uWv, ",16.07641,108.24310
Chè xuân Trang Đà Nẵng,"197 Hùng Vương, Hải Châu 2, Hải Châu, Đà Nẵng 550000, Việt Nam","3,9",183,Đà Nẵng,Nhà hàng,Không có giá,"Ăn tại chỗ, Đồ ăn mang đi, Giao hàng gián tiếp, ","https://lh5.googleusercontent.com/p/AF1QipPvS9-cQgLR4rO0BxpdSTFHSgNjoQ6DOOSdq7un, https://lh5.googleusercontent.com/p/AF1QipMD_dn7Vyd8VYHJsuVWaVMAHz6mnchAV5LKk8eT, https://lh5.googleusercontent.com/p/AF1QipOd571BQCGI-NOKsC7hhalHNg8Qolww0GxGXGRS, https://lh5.googleusercontent.com/p/AF1QipNsPJ2ZU9np_Tx_DHrkIvXfsOfRGeG9pxNjwv5V, ",16.06748,108.21569
Tiệm Ăn Quốc Dân -Thái Food- Ẩm thực Thái Lan-Lẩu & Nướng - Cơm VP,"391/22 Đ. Nguyễn Văn Linh, Thạc Gián, Thanh Khê, Đà Nẵng 550000, Việt Nam","3,4",63,Đà Nẵng,Quán ăn nhỏ,100-200 N ₫,"Ăn tại chỗ, Mua hàng ngay trên xe, Giao hàng gián tiếp, ","https://lh5.googleusercontent.com/p/AF1QipNQi-Yp4JDy8tu7Hd_1ExzvFZh72QVEB8EMkXJT, https://lh5.googleusercontent.com/p/AF1QipMcE0rWBBk0UF9N4MGN-7nzCApwavJXbi0CCEQe, https://lh5.googleusercontent.com/p/AF1QipNw8FpSR3eB3apThIUpUAYmiNZ-iewO1rf3Sjpw, https://lh5.googleusercontent.com/p/AF1QipN5IPK7J3qywtxPLdVnQx8kHU1w0mUTM-Xl_kAO, ",16.05799,108.20692
Bún Bò Huế Bà Thương,"23 Trần Quốc Toản, Hải Châu 1, Hải Châu, Đà Nẵng 550000, Việt Nam","4,0",296,Đà Nẵng,Quán mì,1-100.000 ₫,"Ăn tại chỗ, Đồ ăn mang đi, Giao hàng gián tiếp, ","https://lh5.googleusercontent.com/p/AF1QipN2aeE0VhNdg_RTFNZLi4a47LPTP1xTvLFM7EHW, https://lh5.googleusercontent.com/p/AF1QipNlPe8WwD40hGjh2KVAtxu9TK2lqiIfOpsORLv7, https://lh5.googleusercontent.com/p/AF1QipO1nmoI6aFI-WjjmH6-4qA45_FG2RFz5ja7UlRX, https://lh5.googleusercontent.com/p/AF1QipMtnDAcnVEQdfwCo8UIdTbjDMOQaroHPX1Y8Nf8, ",16.06611,108.22306
Quán ăn Nguyệt Quán,"589 - 591 Nguyễn Tất Thành, Xuân Hà, Thanh Khê, Đà Nẵng 550000, Việt Nam","4,1",190,Đà Nẵng,Nhà hàng Việt Nam,200-300 N ₫,"Ăn tại chỗ, Đồ ăn mang đi, Giao hàng gián tiếp, ","https://lh5.googleusercontent.com/p/AF1QipOrzBZFcdN_nB-JG5zFGU2JMHpn0h8E4ayvU34o, https://lh5.googleusercontent.com/p/AF1QipNHenVfD_LMeDxZ7OQGQ--e6zBYqhgr6J3RyLEu, https://lh5.googleusercontent.com/p/AF1QipNl9rUdLmZO6e3iqmyNQPqDYXX4tAWGfbsV-IQ6, https://lh5.googleusercontent.com/p/AF1QipNEaqVeZ49zr_O6vw_5ckdAdINBZSUXYjjPyfW4, ",16.07353,108.20256
Quán Ăn Vặt - Thùy Dương,"12 Ông Ích Khiêm, Thanh Bình, Hải Châu, Đà Nẵng 550000, Việt Nam","3,2",55,Đà Nẵng,Nhà hàng gia đình,1-100.000 ₫,"Ăn tại chỗ, Đồ ăn mang đi, Giao hàng gián tiếp, ","https://lh5.googleusercontent.com/p/AF1QipMS92Klb3BHr4KyeeSYYbsB1lGbYT8lIkuNOak9, https://lh5.googleusercontent.com/p/AF1QipPRop6yX1rcZL9wID3DUoCI3dlHlSoKwd4Sjjb1, https://lh5.googleusercontent.com/p/AF1QipPpLP8g0u9c2NIRw2zcW8U4V3RbW_w7NjoEQMBW, https://lh5.googleusercontent.com/p/AF1QipPHjrRrpFfu_qweUY_hHthssD5KhpEBBwbq-fnx, ",16.07814,108.21114
Bánh cuốn Tiến Hưng,"190 Trần Phú, Phước Ninh, Hải Châu, Đà Nẵng 550000, Việt Nam","4,0",459,Đà Nẵng,Nhà hàng,1-100.000 ₫,"Ăn tại chỗ, Đồ ăn mang đi, Giao hàng, ","https://lh5.googleusercontent.com/p/AF1QipO0x7DlDChkTZSh__DWTNbfP0cHSC6igxtBa3sJ, https://lh5.googleusercontent.com/p/AF1QipNMiYKTHSs9qBvOnsqcz9GgOj6VJolqy9ENzOa_, https://lh5.googleusercontent.com/p/AF1QipN4KP-JF0Cp5zJkyRF3gwMXHYKWOXGC2brcz-Ej, https://lh5.googleusercontent.com/p/AF1QipP5a1lJz_WZixQOFwa-7NPRRX73gvHPVhmqZzx9, ",16.06462,108.22339
Tiệm Ăn Đường Triều,"200 Hoàng Diệu, Nam Dương, Hải Châu, Đà Nẵng 550000, Việt Nam","3,8",75,Đà Nẵng,Quán ăn nhỏ,1-100.000 ₫,"Ăn tại chỗ, Đồ ăn mang đi, ","https://lh5.googleusercontent.com/p/AF1QipP0dJueiu6FsB_X0Yxbm3wksE-TcEG3Q_olbXnm, https://lh5.googleusercontent.com/p/AF1QipNg12rzSpqDyI6WsikA_VgrEF66NpjANKGbhE2F, https://lh5.googleusercontent.com/p/AF1QipOxLweskEDrZ5DlkP99iknglSc4p2IsijhpsAIt, https://lh5.googleusercontent.com/p/AF1QipNGd38OgnWoYNLsN9_V902CEGNXEgNKPiXprEj6, ",16.06196,108.21742
Dân Dã Quán,"265 Đ. Nguyễn Văn Linh, Thạc Gián, Thanh Khê, Đà Nẵng 50313, Việt Nam","4,0",287,Đà Nẵng,Nhà hàng,100-200 N ₫,"Ăn tại chỗ, Mua hàng ngay trên xe, Giao hàng gián tiếp, ","https://lh5.googleusercontent.com/p/AF1QipNlCR5KLmrC1hBwZbSmTxKDz522jVjVoa-TeXbq, https://lh5.googleusercontent.com/p/AF1QipMgDUFHUHE6zaeKLfsv8gzJcBiYfYny_5Rxe-cm, https://lh5.googleusercontent.com/p/AF1QipNaVu1mch1pU_ujnrBNf-eUXY6-XhYlRopaKZl2, https://lh5.googleusercontent.com/p/AF1QipMTNxhonwlP89NpnctrcbcsUDqz-j8W9SyHwsc1, ",16.05992,108.21224
Gỏi cá 6 Hào,"232 Trần Cao Vân, Tam Thuận, Thanh Khê, Đà Nẵng 550000, Việt Nam","4,3",132,Đà Nẵng,Nhà hàng,1-100.000 ₫,"Ăn tại chỗ, Đồ ăn mang đi, ","https://lh5.googleusercontent.com/p/AF1QipOnyWl2YYpiWldv9lRXsWJ0kW1G4pHnM-jiFJV5, https://lh5.googleusercontent.com/p/AF1QipNbLzVU22qLin3-nFtPFvE3lvxxJCKV2S7leNVj, https://lh5.googleusercontent.com/p/AF1QipPQxPKTLZBo-vOV_a2Ru1mK7IzfjnE4E5_pawq2, https://lh5.googleusercontent.com/p/AF1QipMh0tcQWnL30lTZEfsfRl0s9-O96kuRFjPv98jL, ",16.07201,108.20596
The Thai Cuisine,"Lô A26, Đ. 2 Tháng 9, Bình Hiên, Hải Châu, Đà Nẵng 550000, Việt Nam","4,0",405,Đà Nẵng,Nhà hàng Thái Lan,100-300 N ₫,"Ăn tại chỗ, Đồ ăn mang đi, Giao hàng gián tiếp, ","https://lh5.googleusercontent.com/p/AF1QipOtB1BXCBSsNsejbOcFqORRBet-ZBxjXvY86rWf, https://lh5.googleusercontent.com/p/AF1QipMYq-96Ws7NinLIqOADLZXIJs_ZqODNxTg2Ikvl, https://lh5.googleusercontent.com/p/AF1QipNuHC2VEVL-W0KJ2IpRFLsT-uDJaftcWTF3N88N, https://lh5.googleusercontent.com/p/AF1QipNHMhgmqByV_GQvsqTi5I1B4t-z4DM5CDG0ITep, ",16.05710,108.22239
Cơm gà Hoàng Yến,"429 Điện Biên Phủ, Hòa Khê, Thanh Khê, Đà Nẵng 550000, Việt Nam","4,1",111,Đà Nẵng,Nhà hàng châu Á,1-100.000 ₫,"Ăn tại chỗ, Mua hàng ngay trên xe, Giao hàng gián tiếp, ","https://lh5.googleusercontent.com/p/AF1QipOFC_LAvneEN2nr6rZGLeqS5RAs3y8oUco3XDAK, https://lh5.googleusercontent.com/p/AF1QipMP5icmCbgP1sBhLU2B76jr_fE0govZQF6-NmMK, https://lh5.googleusercontent.com/p/AF1QipM1hOPJaTHP7_ILNEpkhixJLmwtlBCirQZOzkUz, https://lh5.googleusercontent.com/p/AF1QipOFC_LAvneEN2nr6rZGLeqS5RAs3y8oUco3XDAK, ",16.06561,108.18854
Pink Salt Restaurant,"79 Hà Bổng, Phước Mỹ, Sơn Trà, Đà Nẵng 50000, Việt Nam","4,9",838,Đà Nẵng,Nhà hàng hỗn hợp,Không có giá,"Ăn tại chỗ, Giao hàng, ","https://lh5.googleusercontent.com/p/AF1QipNcrbIr9eDaGSZtBQmRphL9XIVNJCb-R-15RnaW, https://lh5.googleusercontent.com/p/AF1QipOD2Uh1OB-F28Oi4dPZckTZjV79Ca8Nm-Y_NmiG, https://lh5.googleusercontent.com/p/AF1QipPyqWSkURyPep3Lq6_qshQEMDkHD73VHOzKFUtM, https://lh5.googleusercontent.com/p/AF1QipMwLIS3eXwxjAcJFZWIKTIL-ECaPw3vxwkvA9Sv, ",16.06691,108.24451
Mì Quảng Bà Lữ,"8 Kiệt 90 Đ. Nguyễn Văn Linh, Nam Dương, Hải Châu, Đà Nẵng 550000, Việt Nam","4,1",127,Đà Nẵng,Nhà hàng,1-100.000 ₫,"Ăn tại chỗ, Nhận hàng ở lề đường, Giao hàng gián tiếp, ","https://lh5.googleusercontent.com/p/AF1QipOUKoUjRdWxR5sBCUKUDw-T2HuQnZgUuufXiqh0, https://lh5.googleusercontent.com/p/AF1QipOn2DqtMqcjA93_S54FY8uo3iGWOgTGWf1R8YPm, https://lh5.googleusercontent.com/p/AF1QipP6HQU5W8ey0wh2aSWdLG8JWND6NW2shkJCocLy, https://lh5.googleusercontent.com/p/AF1QipMwpggyX2b71MMUpuG7cu5LMxCb9JCjyfs7TyBj, ",16.06072,108.21547
Mì Quảng Ếch Bếp Trang,"212 Bạch Đằng, Phước Ninh, Hải Châu, Đà Nẵng 550000, Việt Nam","3,8",2.359,Đà Nẵng,Quán mì,100-200 N ₫,"Ăn tại chỗ, Mua hàng ngay trên xe, Giao hàng gián tiếp, ","https://lh5.googleusercontent.com/p/AF1QipNhm12lpUWyI9MykJofQFv6nQXZq_deVv7dZTG1, https://lh5.googleusercontent.com/p/AF1QipNN3JlFBIvTM6SD0r_6SdJlLWnlusAKCjffK4Ff, https://lh5.googleusercontent.com/p/AF1QipNfU17Owfvj64fJiyNag-iGTSpt9oR3sm7eDmEG, https://lh5.googleusercontent.com/p/AF1QipONy4XloutPiN89Thgcwbk8ZDILU5gviVolLT08, ",16.06513,108.22409
Quán Hạnh,"11-15 Đường Phó Đức Chính, Phú Hội, Huế, Thừa Thiên Huế, Việt Nam","4,3",3.231,Thừa Thiên Huế,Nhà hàng Việt Nam,100-200 N ₫,"Ăn tại chỗ, Nhận hàng ở lề đường, Giao hàng, ","https://lh5.googleusercontent.com/p/AF1QipOCDEUR-HLHnpwO0-GsLuZiOLCrzghBnlsofdDx, https://lh5.googleusercontent.com/p/AF1QipONGZXni-TRJAUnKjsFu_YecYbZZ82qEYI_jS2X, https://lh5.googleusercontent.com/p/AF1QipPBa48yAQR08Gix4lWJLEKsVuywBFyXE-U7nM7q, https://lh5.googleusercontent.com/p/AF1QipNKp0BNG7Mta-vl20HziFfaveLkLC7KBtLVwm8o, ",16.46644,107.59523
Nhà Hàng Không Gian Xưa Minh Mạng,"98 Minh Mạng, Thủy Xuân, Huế, Thừa Thiên Huế 350000, Việt Nam","4,1",434,Thừa Thiên Huế,Nhà hàng,100-200 N ₫,"Ăn tại chỗ, Đồ ăn mang đi, Giao hàng, ","https://lh5.googleusercontent.com/p/AF1QipNajwwGSBAdF2pKzQiAVF2R3oHUhHH7mYYEv2eO, https://lh5.googleusercontent.com/p/AF1QipMJtOA6iCAzoXKuAmAPsDVxVlXeDCmstnKCYBX8, https://lh5.googleusercontent.com/p/AF1QipNbHihS0PEpQlqmdSSBi7gBn51xpPSPn_9pHeZm, https://lh5.googleusercontent.com/p/AF1QipPoDdzYriMVBHuxppf2SA8lGsb9LwkjoaCPl0UG, ",16.43028,107.57953
Nhà Hàng Cơm Niêu Khải Hoàn,"90-94 Lê Lợi, Phú Hội, Huế, Thừa Thiên Huế 12345, Việt Nam","4,7",1.578,Thừa Thiên Huế,Nhà hàng,100-200 N ₫,"Ăn tại chỗ, Nhận hàng ở lề đường, Giao hàng, ","https://lh5.googleusercontent.com/p/AF1QipOz1yrfq3QhZA6OiLl7X2p5c_Yd6zsfAkqsRp4H, https://lh5.googleusercontent.com/p/AF1QipM3j1XPHdExQql-ccLnrvjMj_6TpyHfWngWDfG4, https://lh5.googleusercontent.com/p/AF1QipPiGhqMtYHwVoBeip6ISny3kRJzoJHntKCxwGFT, https://lh5.googleusercontent.com/p/AF1QipNri4_-93KofTtowaPKMUg40t7AeiwFiM0gF5N-, ",16.47112,107.59485
Les jardins de la Carambole - Nhà hàng Vườn Khế,"32 Đặng Trần Côn, Thuận Hoà, Huế, Thừa Thiên Huế, Việt Nam","4,6",1.060,Thừa Thiên Huế,Nhà hàng,₫₫,"Ăn tại chỗ, Đồ ăn mang đi, ","https://lh5.googleusercontent.com/p/AF1QipNDZEFctr-ATCkXrOVHkA_0gAyoU1qx3NMKTj4y, https://lh5.googleusercontent.com/p/AF1QipOtLzJjEpxSNpbtMNZbgA49vqPDz44IPy7mnuuE, https://lh5.googleusercontent.com/p/AF1QipMK8G5QqZLjw4I2Me_1p16CqvJEoVukiJxnUkM0, https://lh5.googleusercontent.com/p/AF1QipNEWzLu3ff5s-zpEhdtyvAbuZ84x4WhUAuYAvEw, ",16.46505,107.57565
Nhà hàng Bánh Gánh,"51A Võ Thị Sáu, Phú Hội, Huế, Thừa Thiên Huế 49118, Việt Nam","4,8",926,Thừa Thiên Huế,Nhà hàng Việt Nam,100-200 N ₫,"Ăn tại chỗ, Nhận hàng ở lề đường, Giao hàng gián tiếp, ","https://lh5.googleusercontent.com/p/AF1QipOBx_pU7A6sWqBcs1F86iAmQU0cukHL4_qom6eA, https://lh5.googleusercontent.com/p/AF1QipMOMLkheCph7G1nYItlUw-_AM62-K9KKmIi7EOU, https://lh5.googleusercontent.com/p/AF1QipMgkltJu2FYUDuXVCZ9ssMcHqzi0MawPQfjcmT7, https://lh5.googleusercontent.com/p/AF1QipNttqgZmw71RkPIw2QhFhGOuxtNqNN86mLX4PYc, ",16.47020,107.59584
Nhà Hàng Nổi Sông Hương,"Công Viên, 3/2 Lê Lợi, Phú Hội, Huế, Thừa Thiên Huế 530000, Việt Nam","4,0",724,Thừa Thiên Huế,Nhà hàng,₫₫,"Ăn tại chỗ, Đồ ăn mang đi, Giao hàng, ","https://lh5.googleusercontent.com/p/AF1QipMuEQoDYryEX2PPftKVC8bxYOJljrdHsJxt9AaC, https://lh5.googleusercontent.com/p/AF1QipM8rhT5jjDvUv1M0jbNM0jciGCh2A5k6tAXUDtq, https://lh5.googleusercontent.com/p/AF1QipNSxm4l_9ZUn4U61mJSNRuebB2TYnEW0LwuBWJ-, https://lh5.googleusercontent.com/p/AF1QipOEihS1oRRIiEBtPbp5P03ddnKPBMCFOjipyX_P, ",16.46911,107.59097
Cơm hến Bà Cam,"49 Tùng Thiện Vương, Vỹ Dạ, Huế, Thừa Thiên Huế 49000, Việt Nam","4,3",53,Thừa Thiên Huế,Quán ăn nhỏ,1-100.000 ₫,"Ăn tại chỗ, Đồ ăn mang đi, Giao hàng gián tiếp, ","https://lh5.googleusercontent.com/p/AF1QipPp-0JHgVN9i523W-W4oHjqWBVXoZ1Hr9eT9tcf, https://lh5.googleusercontent.com/p/AF1QipNkr291Pm7vd8zjP6_MhZrr-R9VywZMq_TQKBCK, https://lh5.googleusercontent.com/p/AF1QipOIbTOEUlwvL5KoNot3ikPtcv1xFVu4cF9fqhNs, https://lh5.googleusercontent.com/p/AF1QipOIDN19ZSC2t1_il6o2pXVAcZ44ZFISriAwTIJq, ",16.48343,107.60047
"AN LAGOON Seafood Master - Nhà Hàng Hải Sản Lăng Cô, Huế","Nguyễn Văn Lập An, Phú Lộc, Thừa Thiên Huế, Việt Nam","4,4",332,Thừa Thiên Huế,Nhà hàng hải sản,₫₫,"Ăn tại chỗ, Đồ ăn mang đi, Giao hàng, ","https://lh5.googleusercontent.com/p/AF1QipN3VRdPKlIvQ4mzTPOaTbHVSoYHsQYW43NAoFkx, https://lh5.googleusercontent.com/p/AF1QipMsqh9LOt-bp4_I-MaXRcaSqYOBmSKg54P7d9gU, https://lh5.googleusercontent.com/p/AF1QipNyzZtgNXpGP_HMD7RRx8XcwL0-1BNgSGczUpbF, https://lh5.googleusercontent.com/p/AF1QipOpvUwN6cvxQIWNyycGZa4boz0wY6QoeksmfEdz, ",16.23952,108.07713
Quán cơm Huế O Én,"1 Trần Thúc Nhẫn, Vĩnh Ninh, Huế, Thừa Thiên Huế, Việt Nam","4,7",212,Thừa Thiên Huế,Nhà hàng,1-100.000 ₫,"Ăn tại chỗ, Đồ ăn mang đi, Giao hàng, ","https://lh5.googleusercontent.com/p/AF1QipNnOGjUHK2FC-u4n6xmLm2CBclvvSZgGOcPj2n-, https://lh5.googleusercontent.com/p/AF1QipO2Vc5Tpm6OYo37qD_7blXjzqc14WWwZGV8VPn9, https://lh5.googleusercontent.com/p/AF1QipMP8XgmUyrOneL2g_SekYHOBZOr7DqV-TtH0K47, https://lh5.googleusercontent.com/p/AF1QipOjEg0UNhhmPPq-buIPrPzsdgAq57ylddYc-F2B, ",16.45843,107.58233
Cozy Restaurant ( Huế ),"6/27 Hà Nội, Phú Nhuận, Huế, Thừa Thiên Huế, Việt Nam","4,7",1.344,Thừa Thiên Huế,Nhà hàng Việt Nam,1-100.000 ₫,"Ăn tại chỗ, Đồ ăn mang đi, ","https://lh5.googleusercontent.com/p/AF1QipOTQrtLjDuOIQHBpRQSq8IIV3XZdJwar1ISyi4, https://lh5.googleusercontent.com/p/AF1QipMKcY1zC-1quXOwamU1AoL3hD-cch3WCiuyXH7u, https://lh5.googleusercontent.com/p/AF1QipN3Qiy_w5jVOuxqhLEy3uvS4cNCI1PzKf4Wqk5D, https://lh5.googleusercontent.com/p/AF1QipMoTwt_Ohr0aUv3je6eG5hmfuIgBJwFA1Hb2m7W, ",16.46404,107.59350
BURGER NGON HUE,"48 Chu Văn An, Phú Hội, Huế, Thừa Thiên Huế 530000, Việt Nam","4,9",556,Thừa Thiên Huế,Nhà hàng thịt băm viên,100-200 N ₫,"Ăn tại chỗ, Mua hàng ngay trên xe, Giao hàng gián tiếp, ","https://lh5.googleusercontent.com/p/AF1QipMh3XoyK9WzHuRUqcA6uy6WjEm-u3PZ9erMNJqL, https://lh5.googleusercontent.com/p/AF1QipNJyJWm_VgeUjZBZdRKY1X_UubFKrGiakyEq1ce, https://lh5.googleusercontent.com/p/AF1QipOgHi178FtlK5q7dX5pMZe94jIKWiQsuWQh1lfw, https://lh5.googleusercontent.com/p/AF1QipMsORssFv-HczavxHeT7FtASDuZai_EM6nci9oJ, ",16.46892,107.59591
Nhà Hàng Cung Đình,"03 Nguyễn Sinh Sắc, Vỹ Dạ, Huế, Thừa Thiên Huế, Việt Nam","4,1",681,Thừa Thiên Huế,Nhà hàng,₫₫,"Ăn tại chỗ, Đồ ăn mang đi, ","https://lh5.googleusercontent.com/p/AF1QipNQvj0MhJaY3igBi6ZTGm1nc2WJHDc54XcncF0k, https://lh5.googleusercontent.com/p/AF1QipMLzw4sFnfOTgLomBGIoUy0xY4wAJbqinX9IyUF, https://lh5.googleusercontent.com/p/AF1QipPk6sfZRH6e4R7kRAA5ZvVQClWPKDaHrD7ImG_U, https://lh5.googleusercontent.com/p/AF1QipPtJRilDqye8cgkcv01w2bjRpFZ8AcfWDz63jr6, ",16.47572,107.60019
Risotto Restaurant,"69 Võ Thị Sáu, Phú Hội, Huế, Thừa Thiên Huế 49000, Việt Nam","4,7",1.738,Thừa Thiên Huế,Nhà hàng,100-200 N ₫,"Ăn tại chỗ, Nhận hàng ở lề đường, Giao hàng gián tiếp, ","https://lh5.googleusercontent.com/p/AF1QipNjYT3XgS6SlDYVJvlxevl8Wb4kj-Jw__ZHW3VN, https://lh5.googleusercontent.com/p/AF1QipP8l_aoFFIaQQ6t0c7mHh3wt8eOHUxhriyGtStV, https://lh5.googleusercontent.com/p/AF1QipOaFtylFqodk13U2pKYEdlx0bR2JAZ_2EvLbpVu, https://lh5.googleusercontent.com/p/AF1QipN4mMP1P6tbkiS0Vy_Mo3VKJxcLTEylV_1w57bD, ",16.47088,107.59604
Nhà Hàng Hải Sản Bé Thân - Lăng Cô,"Lăng Cô - Chân mây, Phú Lộc, Thừa Thiên Huế 52000, Việt Nam","4,1",1.954,Thừa Thiên Huế,Nhà hàng,₫₫,"Ăn tại chỗ, Đồ ăn mang đi, Giao hàng, ","https://lh5.googleusercontent.com/p/AF1QipPilq25qYjfp4UWAe-2GaZteYgjGEvUNTv9h-oD, https://lh5.googleusercontent.com/p/AF1QipNdug69TfySFNbcpFSSDBTVodydaxn6mfSJkVW9, https://lh5.googleusercontent.com/p/AF1QipMwKYd-toBrcLwv5zJwG0F3cfCmJJY6iSCQi0FL, https://lh5.googleusercontent.com/p/AF1QipN8S573j5FgMmyqRW0-YDPFwpPs8qiAGH6GBR79, ",16.24385,108.07463
Cơm Hến 17 hàn mặc tử,"17 Hàn Mặc Tử, Vỹ Dạ, Huế, Thừa Thiên Huế 52000, Việt Nam","4,1",596,Thừa Thiên Huế,Quán ăn nhỏ,1-100.000 ₫,"Ăn tại chỗ, Mua hàng ngay trên xe, Giao hàng gián tiếp, ","https://lh5.googleusercontent.com/p/AF1QipNeDgRhcUcZLjazTUqK_bfpaH1AFBeZuPWk2o3r, https://lh5.googleusercontent.com/p/AF1QipPhl4kKsr8QroVGwdhfKePGqBaJbaNz7yaE5MhZ, https://lh5.googleusercontent.com/p/AF1QipP6DZpoQa0TnSRZjJw7-RwI45f7pMX9lmyNQX0O, https://lh5.googleusercontent.com/p/AF1QipOKW--UL8dQYjSMe_o6WQzG4b0hS6yUCKZEGL_R, ",16.47403,107.59671
Tinh Gia Vien Restaurant,"7 kiet 28 Lê Thánh Tôn, Phú Hậu, Huế, Thừa Thiên Huế, Việt Nam","4,2",223,Thừa Thiên Huế,Nhà hàng,300-400 N ₫,"Ăn tại chỗ, Đồ ăn mang đi, ","https://lh5.googleusercontent.com/p/AF1QipMk28N5njnQGkkcp0i9ICpGo-2Qc3_91bLpl8ES, https://lh5.googleusercontent.com/p/AF1QipM8N2AKjKTzyaIxHJVL18mzCcmGuPD779DMgxGq, https://lh5.googleusercontent.com/p/AF1QipN-VdM66L2V2M095jrNcPx6XMCiTIIccU0-dWgz, https://lh5.googleusercontent.com/p/AF1QipPLQK6RhN-vrtq5woL_oDlrcMAJfhxxBOWMQ2lS, ",16.47310,107.58482
Nhà hàng Biệt Phủ Thảo Nhi ( Biet Phu Thao Nhi Restaurant),"Minh Mạng, Thủy Bằng, Huế, Thừa Thiên Huế, Việt Nam","4,1",529,Thừa Thiên Huế,Nhà hàng,100-200 N ₫,"Ăn tại chỗ, Đồ ăn mang đi, ","https://lh5.googleusercontent.com/p/AF1QipMkUTYm5k-08Zs5utUTsiSKcK9dTr0DDb0pilFR, https://lh5.googleusercontent.com/p/AF1QipMfjfGKEdsQuco78hrfE0D3pafYdj4MVV0rbkpO, https://lh5.googleusercontent.com/p/AF1QipM2cPSbXrfWRswLCkdwguiBSZz6K-LJAiJ4AA9i, https://lh5.googleusercontent.com/p/AF1QipO_IUuRqe7rn5X1DCsd5Sy4gWruwv2BGfqaV4tq, ",16.40966,107.58812
Nhà hàng chay Sân Mây,"8 Thanh Tịnh, Vỹ Dạ, Huế, Thừa Thiên Huế, Việt Nam","4,6",559,Thừa Thiên Huế,Nhà hàng cho người ăn chay,1-100.000 ₫,"Ăn tại chỗ, Đồ ăn mang đi, Giao hàng, ","https://lh5.googleusercontent.com/p/AF1QipObd1nylzrwZxtR7FkXMYZNArOmt3-pdSnz7Xoc, https://lh5.googleusercontent.com/p/AF1QipNd5aUKk4JgDRHGlJQr-L7eQlwfrE9VVep21CK3, https://lh5.googleusercontent.com/p/AF1QipPvwPum6OPU2P6yCDYPEeVabN8nLeosIAIeU1Sm, https://lh5.googleusercontent.com/p/AF1QipN8G5hK1Oi16Od7S8LWEKCOd1iJisHnWiqs1yPk, ",16.48260,107.59717
Không Gian Xưa,"205 Điện Biên Phủ, Trường An, Huế, Thừa Thiên Huế, Việt Nam","3,8",412,Thừa Thiên Huế,Nhà hàng,100-200 N ₫,"Ăn tại chỗ, Đồ ăn mang đi, Giao hàng, ","https://lh5.googleusercontent.com/p/AF1QipMxE3U21y3o5Rq5_PDKzqlUD_gQ1AG1IyngseUy, https://lh5.googleusercontent.com/p/AF1QipPAj-P7Kr1sRAZ2pYpxJBPGstfYAZsTKonYszm3, https://lh5.googleusercontent.com/p/AF1QipOtokSjS3MziMV_T4qZmhy2xNNMU1_CjS1ukhnz, https://lh5.googleusercontent.com/p/AF1QipPu1OnWIcX8CKBq5ijthdIyxY0HhH3u1DKSeXgz, ",16.44740,107.58178
Bánh Bèo Nậm Lọc Bà Đỏ,"8 Nguyễn Bỉnh Khiêm, Phú Hiệp, Huế, Thừa Thiên Huế, Việt Nam","4,0",1.402,Thừa Thiên Huế,Nhà hàng,100-200 N ₫,"Ăn tại chỗ, Đồ ăn mang đi, Giao hàng gián tiếp, ","https://lh5.googleusercontent.com/p/AF1QipO1rwu7WPUeNMf_5HdwC67AlpeZre26i6gR0LTD, https://lh5.googleusercontent.com/p/AF1QipNhXQQzOc0Dxj5a8Klr0KeAjteFZGPj93zVJLg_, https://lh5.googleusercontent.com/p/AF1QipPEXi2_FRPoxOSyoJbdHjDPAKwW749Ucc4psqLp, https://lh5.googleusercontent.com/p/AF1QipPRa52LnS5nJ0lsNQ6Nd4iEbajkpHY6sjRZnOeP, ",16.48238,107.58946
Bistro La Carambole,"18 Võ Thị Sáu, Phú Hội, Huế, Thừa Thiên Huế, Việt Nam","4,5",822,Thừa Thiên Huế,Nhà hàng,Không có giá,"Ăn tại chỗ, Đồ ăn mang đi, ","https://lh5.googleusercontent.com/p/AF1QipOk-uJ-sSiYae7bX150VF994sEONWuFOsNSDmWV, https://lh5.googleusercontent.com/p/AF1QipNqd_gDG38g2ITb_-V5ONGYOXB2R-9KwTAA80ut, https://lh5.googleusercontent.com/p/AF1QipNZfbXeGAdmLoCQ4h32A1H2o1NkCaYFpXYknE75, https://lh5.googleusercontent.com/p/AF1QipNt68RPevur-sxdFfi1rcuGmVqgsZFKozudEGIv, ",16.46988,107.59597
Đầm chuồn - Hương Quán ( Huế),"GJ9V+7RJ, Đường Đê Tây, Phá Đông, Phú Vang, Thừa Thiên Huế, Việt Nam","4,0",143,Thừa Thiên Huế,Nhà hàng,Không có giá,"Ăn tại chỗ, Đồ ăn mang đi, ","https://lh5.googleusercontent.com/p/AF1QipOisd301K02-wrWR81dffEScCYC0-lgebrpaecq, https://lh5.googleusercontent.com/p/AF1QipPfaHnoU6OfWQrgSkceMoECbOGILlBBFHq4cO2V, https://lh5.googleusercontent.com/p/AF1QipMAuORFrqyNjqnLC_HX6CxKyUoNc-h-R71Zbvkf, https://lh5.googleusercontent.com/p/AF1QipNwUwcvGAMB7CfQYJ1k5OhIIR1SkK6PfSc20-ft, ",16.51822,107.64451
Vườn Ý Thảo,"03 Đường Thạch Hãn, Thuận Hoà, Huế, Thừa Thiên Huế, Việt Nam","4,3",585,Thừa Thiên Huế,Nhà hàng Việt Nam,₫₫,"Ăn tại chỗ, ","https://lh5.googleusercontent.com/p/AF1QipNC3XBlS-RNSiRjiLTbdOqj30dOG5qDqq_qTSvm, https://lh5.googleusercontent.com/p/AF1QipPrc1YA1nha_0coZ_j9148aicRNpQZ2E46zOjn7, https://lh5.googleusercontent.com/p/AF1QipMfU-3u6MPzk7NYAvRjmxIUG5VbR3MaLKrdxAjo, https://lh5.googleusercontent.com/p/AF1QipORIeXxpxaNc058qGGBDCzF5lIiywfOxQAu9vJE, ",16.46803,107.56702
Cơm Hến Ngon,"7 Ưng Bình, Vỹ Dạ, Huế, Thừa Thiên Huế, Việt Nam","4,3",59,Thừa Thiên Huế,Nhà hàng,1-100.000 ₫,"Ăn tại chỗ, Đồ ăn mang đi, ","https://lh5.googleusercontent.com/p/AF1QipOQ5rB1_8CiJJrvd1vtqS9QoRCXQxKW7O4ld_hA, https://lh5.googleusercontent.com/p/AF1QipO7N_bnu5Cg6ScB_6p7LI255D_KN4YOwHE6mO7z, https://lh5.googleusercontent.com/p/AF1QipMOMNWuo9TrQYUpTma6jtr8MlLvzqxfMszQTN5z, https://lh5.googleusercontent.com/p/AF1QipNR80J696hjemiiNrnXC8c1TBg24Egtz-pWvpv6, ",16.48197,107.59397
Quán Nina Cafe,"16 34 Nguyễn Tri Phương, Phú Hội, Huế, Thừa Thiên Huế 530000, Việt Nam","4,7",1.689,Thừa Thiên Huế,Nhà hàng Việt Nam,100-200 N ₫,"Ăn tại chỗ, Đồ ăn mang đi, ","https://lh5.googleusercontent.com/p/AF1QipM500nAtXFt85GU6ZYVpWB6nEyJ3f6llpdyCKeJ, https://lh5.googleusercontent.com/p/AF1QipMhw3sD2Ctx35haNdCUQ9n8WmWuWkH9Ntavh33d, https://lh5.googleusercontent.com/p/AF1QipMjZENW7wd9qHqsyeQ5G5LTo5-Sai-LNHTUnD_8, https://lh5.googleusercontent.com/p/AF1QipN0JIK5-Ol6WQM0AbydMnLkAStlXDfpnXM1uYo3, ",16.46431,107.59273
Bánh Mì Trường Tiền O Tho,"14 Trần Cao Vân, Phú Hội, Huế, Thừa Thiên Huế, Việt Nam","4,4",704,Thừa Thiên Huế,Cửa hàng sandwich,1-100.000 ₫,"Ăn tại chỗ, Đồ ăn mang đi, Giao hàng gián tiếp, ","https://lh5.googleusercontent.com/p/AF1QipPDab3tUXgADkmDvdPSp2nT2Te-ntyk5lYdfVT3, https://lh5.googleusercontent.com/p/AF1QipN1dqzFMfWGHp3HUjmee17cR278U50KGtFHV98x, https://lh5.googleusercontent.com/p/AF1QipMNsf4kcCSJe3ucg5uzws1hnQag-3m65SyqCMZR, https://lh5.googleusercontent.com/p/AF1QipNDunVMUazkjWrPgByMHXE3F7YKz-O8TObp58YE, ",16.46543,107.59164
PHỞ NGON HUE,"46 Chu Văn An, Phú Hội, Huế, Thừa Thiên Huế 49000, Việt Nam","4,9",49,Thừa Thiên Huế,Nhà hàng phở,1-100.000 ₫,"Ăn tại chỗ, Mua hàng ngay trên xe, Giao hàng gián tiếp, ","https://lh5.googleusercontent.com/p/AF1QipMm6AvvnGVLCvaCNr7Pl4L1viromYHnMzbNmmZZ, https://lh5.googleusercontent.com/p/AF1QipNoNavxKrN0nA9dGEAGahZFzSgNIOquNA6vNHP-, https://lh5.googleusercontent.com/p/AF1QipOOPMU-u3PDhkfSH0VSpZQLwQYB79E8Dhw-XhD4, https://lh5.googleusercontent.com/p/AF1QipPCck_dN-2uqzYjniqLekJuTIPEKwm0KzZHWu7P, ",16.46902,107.59590
HotTuna Restaurant - nha hang Hottuna,"37 Võ Thị Sáu, Phú Hội, Huế, Thừa Thiên Huế, Việt Nam","4,3",692,Thừa Thiên Huế,Nhà hàng Việt Nam,100-200 N ₫,"Ăn tại chỗ, Đồ ăn mang đi, Giao hàng, ","https://lh5.googleusercontent.com/p/AF1QipNz2QrG9Q_gFrdujK75rNBLPlNkLbWmCXyd97Gr, https://lh5.googleusercontent.com/p/AF1QipPM3-AWI6Y5euJRpRtKSw4ZAmD_a4LINsRXvh-Z, https://lh5.googleusercontent.com/p/AF1QipNc0ic1fUaMJAOaqIC1T25vPTFVBXGd4x4huSts, https://lh5.googleusercontent.com/p/AF1QipPNF31rKd4nW8E0BS-BjO1XfzmeZj-xDDpS3VSJ, ",16.46931,107.59562
Quán ăn món huế,Thực đơn,"5,0",10,Thừa Thiên Huế,Giao đồ ăn,Không có giá,"Giao hàng gián tiếp, ","https://lh5.googleusercontent.com/p/AF1QipPXJsx2An9VcAXHxbPJSpVGoFG-3LBbpyg5g6jR, https://lh5.googleusercontent.com/p/AF1QipOEs5Gb-wgo_pkjN90iKMgNmiLn97fUhcjtKaHB, https://lh5.googleusercontent.com/p/AF1QipPXJsx2An9VcAXHxbPJSpVGoFG-3LBbpyg5g6jR, https://lh5.googleusercontent.com/p/AF1QipNKBwUvoOPz5QlRR4K0VBAK4KPwI5Wmw6lochZz, ",16.45339,107.57711
Bánh ép Huệ,"118 Lê Ng. Cát, Thủy Xuân, Huế, Thừa Thiên Huế, Việt Nam","4,5",496,Thừa Thiên Huế,Nhà hàng,1-100.000 ₫,"Ăn tại chỗ, Mua hàng ngay trên xe, Giao hàng, ","https://lh5.googleusercontent.com/p/AF1QipNlgCnGBlxVBiDWszkS5WLVZLrEkOyBnjxzK6XO, https://lh5.googleusercontent.com/p/AF1QipNVNjzxrvbpL1d_c0SpRe2j02Oxce_hdKT6o4hP, https://lh5.googleusercontent.com/p/AF1QipOymFx-z1N1Q_lPcxTtaMom_AaAbQxe6lZ6I7yY, https://lh5.googleusercontent.com/p/AF1QipOBCplMLAmw7PtMMFdubTR4_pRJ3x2KaSTyYkF0, ",16.43588,107.56301
Bún Bò Bà Nga,"62 Nguyễn Chí Diểu, Phú Hậu, Huế, Thừa Thiên Huế, Việt Nam","4,5",221,Thừa Thiên Huế,Quán ăn nhỏ,1-100.000 ₫,"Ăn tại chỗ, Đồ ăn mang đi, Giao hàng, ","https://lh5.googleusercontent.com/p/AF1QipNuX35gDb7bfOGnAQXDo4ymAOfm89tW1asc7a7A, https://lh5.googleusercontent.com/p/AF1QipOEVu59ZVr41hN8nsThXnpXQ8b1T5S43ESVB3kD, https://lh5.googleusercontent.com/p/AF1QipNb1dYi79F8o99qYLs_BTck6OwpFDiJ8M_zd2iP, https://lh5.googleusercontent.com/p/AF1QipPlyXI66nksSqP3CM01P6tfOKBYYqxYq7BdvZ9r, ",16.47463,107.58276
Nook Eatery-Breakfast to Burgers,"Kiệt 33 Kiệt 42 Nguyễn Công Trứ, Phú Hội, Huế, Thừa Thiên Huế 530000, Việt Nam","4,7",3.137,Thừa Thiên Huế,Nhà hàng,100-200 N ₫,"Ăn tại chỗ, Đồ ăn mang đi, Giao hàng, ","https://lh5.googleusercontent.com/p/AF1QipN6nbUO-xHFg3V8T_FuIzi2fzPwBJ3B2V1U72kr, https://lh5.googleusercontent.com/p/AF1QipOHC67SkAfAG_ConD8FOlKz0sdcekIpDsPrGdYQ, https://lh5.googleusercontent.com/p/AF1QipOhs9udKg4bcmOgA_cNcnrAk304MJqPe-xs5lZV, https://lh5.googleusercontent.com/p/AF1QipPYF_642ZAq3VsCCBl682Z3Zhnd3JPovRrtOLEY, ",16.46978,107.59708
Madam Thu 2 - Hue Restaurant,"04 Võ Thị Sáu, Phú Hội, Huế, Thừa Thiên Huế 530000, Việt Nam","4,8",721,Thừa Thiên Huế,Nhà hàng Việt Nam,100-200 N ₫,"Ăn tại chỗ, Nhận hàng ở lề đường, ","https://lh5.googleusercontent.com/p/AF1QipMWm7xLLxI1qYdFsIK678v8GR62JIAhYNIZz17L, https://lh5.googleusercontent.com/p/AF1QipOCsxJeCyr-Wd_KynJ69BqKWo8UbKR09HPK22Jz, https://lh5.googleusercontent.com/p/AF1QipPgfZz60oHLmAKqAFQmKZ-4WFa8mosQXVdz6gH4, https://lh5.googleusercontent.com/p/AF1QipNXKbDNM6Rr6FRzS9Id6pqI5siyFufYRnwVuY2T, ",16.46881,107.59551
Quán Ốc Minh Nghĩa,"253 Phan Bội Châu, Trường An, Huế, Thừa Thiên Huế, Việt Nam","4,0",458,Thừa Thiên Huế,Nhà hàng Việt Nam,1-100.000 ₫,"Ăn tại chỗ, Đồ ăn mang đi, Giao hàng, ","https://lh5.googleusercontent.com/p/AF1QipO1yZ8bHpXxPIfVF0i4_p3cRK4A13vF6WNKsZuW, https://lh5.googleusercontent.com/p/AF1QipOCkZC6qs5PVYHfqUcRTew-ZwnDf2cw_3uLh5kA, https://lh5.googleusercontent.com/p/AF1QipOtyqRVjstT9hcfu7hfW4G9Ixs-iASPKvD-8jD4, https://lh5.googleusercontent.com/p/AF1QipOCQwj_pognVZDLZnLjBSjxWigR3TJXEKWAe2YM, ",16.44105,107.58366
Tiệm Cơm Âm Phủ,"51 Nguyễn Thái Học, Phú Hội, Huế, Thừa Thiên Huế, Việt Nam","2,6",240,Thừa Thiên Huế,Cửa hàng bán đồ ăn nấu sẵn,100-200 N ₫,"Ăn tại chỗ, Đồ ăn mang đi, Giao hàng, ","https://lh5.googleusercontent.com/p/AF1QipOVNaV6yWqViy96Mns_AitdxlskdTvrReLQ86Gk, https://lh5.googleusercontent.com/p/AF1QipORRQHyqr4rd19jUVrly7VeYX69_vBHXeRqYfL7, https://lh5.googleusercontent.com/p/AF1QipNdsGcglNM-2e8r19Ry9hI-G6w1q2lfV7cPgFjc, https://lh5.googleusercontent.com/p/AF1QipMp81FB01lomNgLS5a71ajs2n1zyCS9FeYuh1NX, ",16.46807,107.59867
Bánh khoái Hồng Mai,"110 Đinh Tiên Hoàng, Phú Hậu, Huế, Thừa Thiên Huế 530000, Việt Nam","4,4",616,Thừa Thiên Huế,Quán ăn nhỏ,1-100.000 ₫,"Ăn tại chỗ, Mua hàng ngay trên xe, Giao hàng gián tiếp, ","https://lh5.googleusercontent.com/p/AF1QipPUJ-ccDEl3si8uIinHe87FA2L0jgxod09jTTaA, https://lh5.googleusercontent.com/p/AF1QipMochCftw43-qpuXhYfy5wH30ZRGzEjnjuLLgVV, https://lh5.googleusercontent.com/p/AF1QipPder8MtxDhkjQScBfZ13Fgty07WyHcswcTyIkM, https://lh5.googleusercontent.com/p/AF1QipM0az5HOvw-bT0l0PxrA3uaed4SWcjDZrJ6OjmK, ",16.47465,107.58059
Le Cercle Hue,"11 Lê Lợi, Vĩnh Ninh, Huế, Thừa Thiên Huế 530000, Việt Nam","4,6",360,Thừa Thiên Huế,Nhà hàng,Không có giá,"Ăn tại chỗ, Đồ ăn mang đi, ","https://lh5.googleusercontent.com/p/AF1QipMOa5dc-zLBfUl6T5xdfE58HAFzGTmtAbXdPcFU, https://lh5.googleusercontent.com/p/AF1QipOIQr5oqidSngp3nafsyNqRzmTtfq3MLT6J_m5c, https://lh5.googleusercontent.com/p/AF1QipNZKOjRNz-sy4lsPT1SsQTAgAostw3NzFQugcLJ, https://lh5.googleusercontent.com/p/AF1QipN9hmVtjItcZ0xDdxx8MGtlpjKXxaGBNFfhKW3E, ",16.46465,107.58686
Nem Lụi Bà Tý,"81 Đào Duy Từ, tổ 1, Huế, Thừa Thiên Huế, Việt Nam","4,2",197,Thừa Thiên Huế,Nhà hàng,1-100.000 ₫,"Ăn tại chỗ, Đồ ăn mang đi, Giao hàng gián tiếp, ","https://lh5.googleusercontent.com/p/AF1QipPu5PMkmJH347NCvNwd_Qt9g7XJdMT3cGR5n9bT, https://lh5.googleusercontent.com/p/AF1QipOqTyHK3i4dSOYhpVOWaBaa4AiEEYVR4RN5Kzgf, https://lh5.googleusercontent.com/p/AF1QipMjEvQCzzqTjN73RLnhgv7KwAFP_eVotxMctATK, https://lh5.googleusercontent.com/p/AF1QipPsjkSHtMHLtK5LqOo5s5Fr0BStEaI03Lvqm39h, ",16.47998,107.58338
Quán Cẩm - Bún Bò Huế,"45 Lê Lợi, Phú Hội, Huế, Thừa Thiên Huế, Việt Nam","3,9",575,Thừa Thiên Huế,Nhà hàng,1-100.000 ₫,"Ăn tại chỗ, Đồ ăn mang đi, ","https://lh5.googleusercontent.com/p/AF1QipNuOYZnz3gzwNx_xwgz8Mm33LjwEWAP1D2xsCBU, https://lh5.googleusercontent.com/p/AF1QipNVueUP5mOOpbeoKMlgNcq1nypNDF1Ez1Ftv3p3, https://lh5.googleusercontent.com/p/AF1QipOAfATPJXYiCDtnym6h22-Y6BNUtptErRwWG_GO, https://lh5.googleusercontent.com/p/AF1QipOgrYUEAh9FfPkv4Tik45H5gM5Pk7n9Hs6JnugZ, ",16.47007,107.59355
C'Beer Huế | Nhà hàng món ngon Huế | Món ngon Huế,"25 Hai Bà Trưng, Vĩnh Ninh, Huế, Thừa Thiên Huế 520000, Việt Nam","4,1",11,Thừa Thiên Huế,Nhà hàng,Không có giá,"Ăn tại chỗ, Mua hàng ngay trên xe, ","https://lh5.googleusercontent.com/p/AF1QipMmCagEOB-UPCeyi-zuSR1pVEVKsg07vqYDF7br, https://lh5.googleusercontent.com/p/AF1QipOxF5mrx8VA2wpvHSBj_DXGcIXS2awDbUVkJChP, https://lh5.googleusercontent.com/p/AF1QipNtVlsPuwFG5Kh-8ELxWtBgTmtLS4H1uB_J7IDY, https://lh5.googleusercontent.com/p/AF1QipO8mddnBECmP3NEhypzIs-PC_oO56KDP2Mfj1sS, ",16.46078,107.59010
Spice Viet Hue Restaurant,"15 Lý Thường Kiệt, Phú Nhuận, Huế, Thừa Thiên Huế, Việt Nam","4,5",328,Thừa Thiên Huế,Nhà hàng,200-300 N ₫,"Ăn tại chỗ, Mua hàng ngay trên xe, ","https://lh5.googleusercontent.com/p/AF1QipMu4oyUiTpcDFA30-_YSV16AIZO--bnjYHL2z3V, https://lh5.googleusercontent.com/p/AF1QipM1xYwjaznbzmYrmJ3herSb-teeuhSisgWmcLWR, https://lh5.googleusercontent.com/p/AF1QipPHsMcq8Huw4q4FiexZvX30gdl3J8YWlvriIE6m, https://lh5.googleusercontent.com/p/AF1QipM-hoi9ckSkZjIrXZQnlfUH_HsGNgzjGv60H_xl, ",16.46082,107.59158
Nhà hàng Ngọc Anh,"133 Nguyễn Sinh Cung, Vỹ Dạ, Huế, Thừa Thiên Huế, Việt Nam","4,0",92,Thừa Thiên Huế,Nhà hàng,Không có giá,"Ăn tại chỗ, Đồ ăn mang đi, ","https://lh5.googleusercontent.com/p/AF1QipP6LYsKUJOF39pcrEWDIokgAo22dWrqksS6f0V5, https://lh5.googleusercontent.com/p/AF1QipOUbgceZzMej7wMJ1M5mcrbKAjkQy_-hcIHUf-B, https://lh5.googleusercontent.com/p/AF1QipOxtXsmDnaxNOATUOWMtZ7YjG2aKTx6EHQw_B4y, https://lh5.googleusercontent.com/p/AF1QipM4qsnUJacsLeHn0EaJyMgOA2w-TbIuFLiH63z_, ",16.48083,107.59545
Little Italy Restaurant,"10 Nguyễn Thái Học, Phú Hội, Huế, Thừa Thiên Huế, Việt Nam","4,0",1.136,Thừa Thiên Huế,Nhà hàng ý,100-200 N ₫,"Ăn tại chỗ, Nhận hàng ở lề đường, Giao hàng gián tiếp, ","https://lh5.googleusercontent.com/p/AF1QipNaNgojI2CZ-U5wNAQ92jvOriSDyG9GdZBQ9mR9, https://lh5.googleusercontent.com/p/AF1QipONrB2y2QIzSW3TewUuWFsfpHWUXQ4LObFg_Zku, https://lh5.googleusercontent.com/p/AF1QipNgZn8XqwAsLFxq_m1BUUWmTCeWjRbMJfQaf-Am, https://lh5.googleusercontent.com/p/AF1QipO65Td9sUvhbSoF8-3nke3ghKlDGl7x9m0mXoB8, ",16.46795,107.59546
Thúy - Bánh Canh Nam Phổ,"16 Phạm Hồng Thái, Vĩnh Ninh, Huế, Thừa Thiên Huế, Việt Nam","4,2",470,Thừa Thiên Huế,Nhà hàng,1-100.000 ₫,"Ăn tại chỗ, Đồ ăn mang đi, Giao hàng, ","https://lh5.googleusercontent.com/p/AF1QipPuQyGd2hZXgO3-4VpWVQtMojgoMwmXhl479Wv9, https://lh5.googleusercontent.com/p/AF1QipOJikG2jN6Doh1vExa4d5SMTEdc282AP-rsnLEk, https://lh5.googleusercontent.com/p/AF1QipOHZBq-MKEfeAkOaMQVQGyic6n5Ev5aGP2xwULZ, https://lh5.googleusercontent.com/p/AF1QipNPcaDYuiVo1zAvtTVD_R4_rgdldySPfQ4YcXor, ",16.46491,107.58916
Cococlub Hue restaurant brasserie vietnamese & western,"53 Hàm Nghi, Phước Vĩnh, Huế, Thừa Thiên Huế, Việt Nam","4,5",193,Thừa Thiên Huế,Nhà hàng Việt Nam,₫₫,"Ăn tại chỗ, Đồ ăn mang đi, ","https://lh5.googleusercontent.com/p/AF1QipOFWvxvj7g74VXx7sWn2zGlrMiPxPLdsgXO8HIX, https://lh5.googleusercontent.com/p/AF1QipPhZGCifa6wnvTijW3deieXpc0fF6-UiRIam_U, https://lh5.googleusercontent.com/p/AF1QipNgxCQKP2KpBOmfLnawTComCg_POlOyRqq4HtTq, https://lh5.googleusercontent.com/p/AF1QipNPAmrQgxg-cQXJWZwNHrdAER734bmp9gn7zmwH, ",16.45336,107.59034
Zucca Restaurant,"15 Chu Văn An, Phú Hội, Huế, Thừa Thiên Huế 530000, Việt Nam","4,7",1.068,Thừa Thiên Huế,Nhà hàng,100-200 N ₫,"Ăn tại chỗ, Đồ ăn mang đi, Giao hàng, ","https://lh5.googleusercontent.com/p/AF1QipMEhO7TtgmQFBR4ZS959YoajERVvy8Kv7M2wEX9, https://lh5.googleusercontent.com/p/AF1QipM5t-bxUvbGZS-iCrpC6UnburUn8zw54jXfFv6R, https://lh5.googleusercontent.com/p/AF1QipMvWPKnxDbk_-o-3mihFbQGcJ_VV9zOhro43txk, https://lh5.googleusercontent.com/p/AF1QipPq6kzWcWNaBI6yTZTk7T9LECWean2XUsJC6J2G, ",16.47012,107.59522
Nhà hàng chay An Nhiên,"kiệt 1 Văn Cao, Xuân Phú, Huế, Thừa Thiên Huế, Việt Nam","4,2",85,Thừa Thiên Huế,Nhà hàng,1-100.000 ₫,"Ăn tại chỗ, Đồ ăn mang đi, Giao hàng, ","https://lh5.googleusercontent.com/p/AF1QipNfmv4wdePw8PRN3j5cGa5ltmEvM7V5qdFvX32M, https://lh5.googleusercontent.com/p/AF1QipMRj8TXdctJpJk3hjqiXh5HrRS8vYI9MwazXAT5, https://lh5.googleusercontent.com/p/AF1QipOq6LDAN0YI2orXoeqZC3LF2BWy2FJVuP2DDVaH, https://lh5.googleusercontent.com/p/AF1QipMfVn7OaCrqppmjDJFWAiyCx7HRYwUAKt5VBx2X, ",16.46800,107.60102
Đặc sản số 1 chính gốc Bún bò Huế,"19 Lý Thường Kiệt, Phú Nhuận, Huế, Thừa Thiên Huế, Việt Nam","3,9",460,Thừa Thiên Huế,Quán ăn nhỏ,1-100.000 ₫,"Ăn tại chỗ, Đồ ăn mang đi, Giao hàng, ","https://lh5.googleusercontent.com/p/AF1QipPYVoJYP211trArY4B7HR5M6MnyIWmCa04l3Q8E, https://lh5.googleusercontent.com/p/AF1QipN66uKbZBJBPyonWvk_azDhhHt6vg6Rqn8ZRbbw, https://lh5.googleusercontent.com/p/AF1QipNaFQx5FvH8JTGthRHTeio0fUk82RTygEyficrv, https://lh5.googleusercontent.com/p/AF1QipOlKMqabXCMKOrqEeRD5rcLkBuePAE5wDgdnw8O, ",16.46140,107.59144
Nhà hàng Le Parfum,"5 Lê Lợi, Street, Huế, Thừa Thiên Huế 530000, Việt Nam","4,7",17,Thừa Thiên Huế,Nhà hàng,Trên 1 Tr ₫,"Ăn tại chỗ, Đồ ăn mang đi, ","https://lh5.googleusercontent.com/p/AF1QipMtv_vcIx0HsWMkr-zrIhlGZPWnU5q9Emu3VZa8, https://lh5.googleusercontent.com/p/AF1QipM47O2tNw2W89vEpxNnpQwYExNt7Zg6GEbtOnaC, https://lh5.googleusercontent.com/p/AF1QipOFi1qj9O1zkjxXtJ41DcGVaBF3eFhog9pveJAa, https://lh5.googleusercontent.com/p/AF1QipO9yLSgCLBBUniaT676YYO3TQ7eSxxi55ZEc1IA, ",16.45952,107.58011
Cơm hến Hoà Đồng,"kiet 7 Ưng Bình tổ 19, Vỹ Dạ, Huế, Thừa Thiên Huế, Việt Nam","4,3",16,Thừa Thiên Huế,Quán ăn nhỏ,Không có giá,"Ăn tại chỗ, Đồ ăn mang đi, ","https://lh5.googleusercontent.com/p/AF1QipN8EYxgyvalQUJiCh8ODsDLdHP6Ns61Zxsd1chk, https://lh5.googleusercontent.com/p/AF1QipNqQksF17Vx0cNkr2Ji-B0QBQR4MXk2J6tMxeu7, https://lh5.googleusercontent.com/p/AF1QipPFfU2upcyhTJ1CgO5YdrLev8HqwmYukV_5uDew, https://lh5.googleusercontent.com/p/AF1QipO4XORDpLXi6crzSIWct5ga4tNMLXyt9Eztfajw, ",16.48035,107.59400
Quán ăn dân tộc 79 rất ngon,"7732+65J, Đ. Hồ Chí Minh, A Lưới, Thừa Thiên Huế, Việt Nam","4,6",27,Thừa Thiên Huế,Nhà hàng,1-100.000 ₫,"Ăn tại chỗ, Đồ ăn mang đi, ","https://lh5.googleusercontent.com/p/AF1QipNkOgubW4oh586rkyn7EwWLds69ApfnK8_Tpejt, https://lh5.googleusercontent.com/p/AF1QipOnKw0jGTtOmSzvwO4W31q1OMCuis27Vf7qEpZX, https://lh5.googleusercontent.com/p/AF1QipPzRLdr5dObie18-GX3zHTBUO172UjitD3a4-MN, ",16.25308,107.25038
QUÁN ĐỨC ANH :CƠM VÀ CÁC MÓN HẢI SẢN TƯƠI NGON,"72C7+7Q2, QL1A, Lộc Tiến, Phú Lộc, Thừa Thiên Huế, Việt Nam","4,2",39,Thừa Thiên Huế,Nhà hàng ăn nhanh,1-100.000 ₫,"Ăn tại chỗ, Đồ ăn mang đi, Giao hàng, ","https://lh5.googleusercontent.com/p/AF1QipMozmne8pv8wXbv4QlRTgw2d0oXGXctexHpMHtI, https://lh5.googleusercontent.com/p/AF1QipM-jDShrF2Xx4zau_mX2ji3-4H917o9li_q5I1E, https://lh5.googleusercontent.com/p/AF1QipPC4JJ0U3zmNyPkp1mfdcRHtU7wCPKBGsbY-ls4, https://lh5.googleusercontent.com/p/AF1QipP2Rgo6SnFXvYjoWNXJz4Dwjt0KtlNtktkq-Tpc, ",16.27062,108.01431
Nhà Hàng Chay Liên Hoa,"Số 03 Lê Quý Đôn, Phú Nhuận, Huế, Thừa Thiên Huế, Việt Nam","4,0",1.273,Thừa Thiên Huế,Nhà hàng cho người ăn chay,1-100.000 ₫,"Ăn tại chỗ, Đồ ăn mang đi, Giao hàng, ","https://lh5.googleusercontent.com/p/AF1QipNhzzI9GlEK-lg6qrGIs4gz-5y878lsc8AthhWu, https://lh5.googleusercontent.com/p/AF1QipNQ5hdsOPNZ5pYY51t7x_7a3HzLhwgsFYfLsopU, https://lh5.googleusercontent.com/p/AF1QipNIwB7Gdb2g_yq74Mmmi7PVFDHcQ3ahK2H9vf8C, https://lh5.googleusercontent.com/p/AF1QipN2ghHypE5_Zt_DlyiZ189qUUCYQB6F_PgDzs2s, ",16.46494,107.59727
Bờ Sông Quán,"Thôn Phú Lợi Xã Bình Tiến Thị Xã Hương Trà, Huế, Thừa Thiên Huế, Việt Nam","4,4",14,Thừa Thiên Huế,Nhà hàng châu Á,Không có giá,"Ăn tại chỗ, Đồ ăn mang đi, Giao hàng, ","https://lh5.googleusercontent.com/p/AF1QipNWmyCL97IewPkLN0lAjPLdCxxX3cWw96lOZqQc, https://lh5.googleusercontent.com/p/AF1QipPWSqn17JtuP-__UI1ebSpkNf20nFr92MW3CX1z, https://lh5.googleusercontent.com/p/AF1QipNTHPcHjlugmTWxvhBrDLN4EniuzZsGAgAWLCya, ",16.34582,107.50553
Bánh Canh Ngon,"32 Phạm Hồng Thái, Vĩnh Ninh, Huế, Thừa Thiên Huế, Việt Nam","4,5",11,Thừa Thiên Huế,Nhà hàng,Không có giá,"Ăn tại chỗ, Đồ ăn mang đi, ","https://lh5.googleusercontent.com/p/AF1QipOxTiSge4hwJqFziTm1YDquwLLceOjRkPJjXJVB, https://lh5.googleusercontent.com/p/AF1QipNqMyk-MHV0ja2aawY9BxGPTBV-S9bJW50hSRrh, https://lh5.googleusercontent.com/p/AF1QipOgPV5sG9ynEnqELU9ndQGFeLed7B-tH3VQ6nMm, https://lh5.googleusercontent.com/p/AF1QipPwJmc4iX9HIcfI66gwcJa3PGMgPjO7UVVyK6vv, ",16.46456,107.58962
Nhà hàng LÀNG AN VIỆT,"CH8H+3MG, Thủy Bằng, Hương Thủy, Thừa Thiên Huế, Việt Nam","4,1",112,Thừa Thiên Huế,Nhà hàng,100-200 N ₫,"Ăn tại chỗ, Đồ ăn mang đi, Giao hàng, ","https://lh5.googleusercontent.com/p/AF1QipM9LC057M5K93RSHorX6sH8tv6N9W9Js_5IbgI-, https://lh5.googleusercontent.com/p/AF1QipNm7_HeK3QkB4w3z-gVrqwXbb85WpM_pvXp0BB9, https://lh5.googleusercontent.com/p/AF1QipPr5dtrt-hicEo__3ncnvEmtjMO4L3ElXyNE0W2, https://lh5.googleusercontent.com/p/AF1QipNMJcJouL5WDwcqr-FR0_jMMWf7SY430_4Xzyd0, ",16.41519,107.57920
Nhà hàng Huế Ngon,"10 Lê Minh, An Đông, Huế, Thừa Thiên Huế 530000, Việt Nam","4,4",8,Thừa Thiên Huế,Nhà hàng,Không có giá,"Ăn tại chỗ, Đồ ăn mang đi, ","https://lh5.googleusercontent.com/p/AF1QipPWorCyRLyNZAH3BMEVod5VfTJfuDw-7y8Aiknv, https://lh5.googleusercontent.com/p/AF1QipOQ3z5Md48ZwJ8mjpBB0PtP9UX51LacrkhTfPJx, https://lh5.googleusercontent.com/p/AF1QipOU9gdS_jTGw8f5Svv0TS7iRtpEbzhxlnNtFBu8, ",16.46100,107.60551
Quán Cơm Hoa Châu,"52 Trần Thúc Nhẫn, Vĩnh Ninh, Huế, Thừa Thiên Huế, Việt Nam","5,0",4,Thừa Thiên Huế,Quán ăn nhỏ,Không có giá,"Ăn tại chỗ, Đồ ăn mang đi, ","https://lh5.googleusercontent.com/p/AF1QipO0w0VxZ6r_jrIetBt2YAoH-gTRCBHPZ2jE3rcI, https://lh5.googleusercontent.com/p/AF1QipO0w0VxZ6r_jrIetBt2YAoH-gTRCBHPZ2jE3rcI, ",16.45590,107.58341
Quán Cơm Huế,"43 Chu Văn An, Phú Hội, Huế, Thừa Thiên Huế, Việt Nam","4,0",4,Thừa Thiên Huế,Nhà hàng,Không có giá,"Ăn tại chỗ, Đồ ăn mang đi, ",,16.46859,107.59653
Quán Ăn Món Huế,"39 Nguyễn Thái Học, Phú Hội, Huế, Thừa Thiên Huế, Việt Nam","4,0",1,Thừa Thiên Huế,Nhà hàng,Không có giá,"Ăn tại chỗ, Đồ ăn mang đi, ","https://lh5.googleusercontent.com/p/AF1QipMW5Cp51QfjGSCNz-FwITETidEc17KdYj9Ja5TL, https://lh5.googleusercontent.com/p/AF1QipOv-2OjTkOZPpwI8E5W2u--1LE6frVd2vuwvHCk, https://lh5.googleusercontent.com/p/AF1QipMdIBpC7QVgilr5GgSIj_EkuKH3pgWNxjWqwe9r, https://lh5.googleusercontent.com/p/AF1QipP0Rm7rfARciFbaI3HscQfHX3pauS1-nfUmLl1-, ",16.46815,107.59796
Junrei Restaurant at the Pilgrimage Village,"130 Minh Mạng, Thủy Xuân, Huế, Thừa Thiên Huế, Việt Nam","4,2",25,Thừa Thiên Huế,Nhà hàng,500-600 N ₫,"Ăn tại chỗ, Đồ ăn mang đi, ","https://lh5.googleusercontent.com/p/AF1QipPoeiPePN47oVySnEbo4GH83P-8hZcK1bOUaHBo, https://lh5.googleusercontent.com/p/AF1QipMBHlo9cepUFCKs7a-E0kJreVFweZfYYKXk_B5_, ",16.42546,107.57852
Quán Cơm A Phiến Huế,"24 Trần Thúc Nhẫn, Vĩnh Ninh, Huế, Thừa Thiên Huế, Việt Nam","3,9",17,Thừa Thiên Huế,Nhà hàng,Không có giá,"Ăn tại chỗ, Đồ ăn mang đi, ","https://lh5.googleusercontent.com/p/AF1QipNz5AgzU7YVW7XDfagHEkUNZyLJuEt-RcmUOklv, https://lh5.googleusercontent.com/p/AF1QipO46sC78o1nY6NUWoW1UpO6Y_24KAOheNc_CmZv, https://lh5.googleusercontent.com/p/AF1QipMusBNEHowqC9VPMzCvNbboXHZtD0y1aKEVGSqV, https://lh5.googleusercontent.com/p/AF1QipPtW5zvfQnYsX8DzOK-PUS6oW5tk73ru-gSGvei, ",16.45740,107.58261
quán ngon 72,"2 Trần Cao Vân, Vĩnh Ninh, Huế, Thừa Thiên Huế, Việt Nam","4,5",2,Thừa Thiên Huế,Nhà hàng,Không có giá,"Ăn tại chỗ, Đồ ăn mang đi, ","https://lh5.googleusercontent.com/p/AF1QipOx92Ba_Q_EoqrltvO9x4X2cN-9qemROLhUu64n, https://lh5.googleusercontent.com/p/AF1QipMs9_Ks8MHoMbYDxXoqh3LlDlu9GZNqN6orTm1-, https://lh5.googleusercontent.com/p/AF1QipMNCMNsc07XL0XDWnSiOuuJ-GwBKaeH6deAmxcq, ",16.46285,107.58874
Bún bò mệ Kéo,"20 Bạch Đằng, tổ 19, Huế, Thừa Thiên Huế, Việt Nam","4,1",329,Thừa Thiên Huế,Nhà hàng,1-100.000 ₫,"Ăn tại chỗ, Đồ ăn mang đi, ","https://lh5.googleusercontent.com/p/AF1QipNEc2Kc7Cg2LLaxR8m4RcekqWgQLzwzuXbTpYDL, https://lh5.googleusercontent.com/p/AF1QipM38Yh_iszUfKasywGoUUuAUS4u4pnWYRs3CMtO, https://lh5.googleusercontent.com/p/AF1QipOP7T5-q3SLKQabnL_5ed5b5Q6ViyYh6m0ppQYm, https://lh5.googleusercontent.com/p/AF1QipOslfiq_eQWnQ1MHc74uDzep54bD9iQ9vHL2rnU, ",16.47505,107.58870
Đồ Ăn Ngon,"38 Chu Văn An, Phú Hội, Huế, Thừa Thiên Huế, Việt Nam","5,0",1,Thừa Thiên Huế,Nhà hàng,Không có giá,"Ăn tại chỗ, Đồ ăn mang đi, ",,16.46938,107.59551
Ăn tối ở huế,"22 Nguyễn Sinh Sắc, Vỹ Dạ, Huế, Thừa Thiên Huế, Việt Nam","2,8",4,Thừa Thiên Huế,Nhà hàng,Không có giá,"Ăn tại chỗ, Đồ ăn mang đi, ",,16.47587,107.60358
Quán Huế T&C food,"46 Hải Phòng, Thạch Thang, Hải Châu, Đà Nẵng 550000, Việt Nam","5,0",98,Thừa Thiên Huế,Quán ăn nhẹ,1-100.000 ₫,"Ăn tại chỗ, Nhận hàng ở lề đường, Giao hàng gián tiếp, ","https://lh5.googleusercontent.com/p/AF1QipONJ4Va9WnYR7zgTZX8FDhYqod5rhDnwij5hSPx, https://lh5.googleusercontent.com/p/AF1QipMHf2-v4JBfTpPwzvHth3Q92upIbKG9lf7amE0t, https://lh5.googleusercontent.com/p/AF1QipOED8JbHRehGHO-Ozp0Wb6L7kIfJ19WTCR0rHnV, https://lh5.googleusercontent.com/p/AF1QipNZJjSISOimAp0bPjDL3oc-Agdemhn1dd4aiPs6, ",16.07258,108.21911
bún bò o Phụng - chú Vọng,"14 Nguyễn Du, Phú Cát, Huế, Thừa Thiên Huế 49000, Việt Nam","4,2",267,Thừa Thiên Huế,Nhà hàng,1-100.000 ₫,"Ăn tại chỗ, Mua hàng ngay trên xe, Giao hàng gián tiếp, ","https://lh5.googleusercontent.com/p/AF1QipOkwZk8yo_oiNkySk-NY7uf9RuuOLoLcSrKaxU2, https://lh5.googleusercontent.com/p/AF1QipOhTuv_KWbFZbQHaZgpg5yoYBoTQ9uxlxdYzOU, https://lh5.googleusercontent.com/p/AF1QipP0xYTKyvNy632xTn5gWSd4LELaEZJ0iF6oIGxq, https://lh5.googleusercontent.com/p/AF1QipPAtDnTc3c7bOqL7HzIPAr4kTFdOBer2Zu_f8iU, ",16.47921,107.58911
Bún Bò Mụ Rơi (Bui Tre Vàng),"1-48 Nguyễn Chí Diểu, Phú Hậu, Huế, Thừa Thiên Huế, Việt Nam","4,2",149,Thừa Thiên Huế,Nhà hàng,1-100.000 ₫,"Ăn tại chỗ, Đồ ăn mang đi, ","https://lh5.googleusercontent.com/p/AF1QipOaBEHgSNhL0xs23ozsaiivSSIkUzA-D8E1Qen2, https://lh5.googleusercontent.com/p/AF1QipMIwytLj-xze2mxhmoA5V1Fh3kfy7zveEB_fqtD, https://lh5.googleusercontent.com/p/AF1QipOm3YNbOoxTmDJuE6xYdG8RTw1Ur9mwW7X0Rue-, https://lh5.googleusercontent.com/p/AF1QipM0-lpJwedvGYCTszAIdhuhDlgzNlvUwrjXzWin, ",16.47497,107.58300
Quán Ăn Đặc Sản Xứ Huế Nhỏ,"28 Phạm Hồng Thái, Vĩnh Ninh, Huế, Thừa Thiên Huế, Việt Nam",Chưa xét,0,Thừa Thiên Huế,Nhà hàng,Không có giá,"Ăn tại chỗ, Đồ ăn mang đi, ",,16.46459,107.58936
Nhà hàng Huế,"Xuân Hoà, Hương Thủy, Thừa Thiên Huế 530000, Việt Nam","5,0",2,Thừa Thiên Huế,Nhà hàng,Không có giá,"Ăn tại chỗ, ","https://lh5.googleusercontent.com/p/AF1QipOW_flRIDB0xfoCXllgpDQwIOK8dxSPTlg4MCxO, https://lh5.googleusercontent.com/p/AF1QipPy76Y--GAYsFh3hoAypmgQTrVKYOTITzNw7H-t, https://lh5.googleusercontent.com/p/AF1QipP-ur3rNmaa2P05YLvOWZ8Urpz3suXiVCHGJ__b, ",16.47818,107.60573
Nhà hàng Nhân Ánh (Bình Điền ),"xã Bình Điền ,huyện, Hương Trà, Thừa Thiên Huế 535390, Việt Nam","4,0",46,Thừa Thiên Huế,Nhà hàng,100-200 N ₫,"Ăn tại chỗ, Đồ ăn mang đi, ","https://lh5.googleusercontent.com/p/AF1QipNzPqqyZdkDqZPdV8os2YgtrI5y9K53ods72jow, https://lh5.googleusercontent.com/p/AF1QipOgJggM1HBDeX7AnUxGRHN1n_obtfHCwR0qJ_C6, https://lh5.googleusercontent.com/p/AF1QipNzPqqyZdkDqZPdV8os2YgtrI5y9K53ods72jow, ",16.35259,107.50706
Bánh Canh Nam Phổ,"54 Nguyễn Công Trứ tổ 15, Phú Hội, Huế, Thừa Thiên Huế, Việt Nam","3,4",145,Thừa Thiên Huế,Nhà hàng,1-100.000 ₫,"Ăn tại chỗ, Đồ ăn mang đi, Giao hàng gián tiếp, ","https://lh5.googleusercontent.com/p/AF1QipPjpHga5QqLzPDpTb2gOYdicH_8ZfLjQLrTUux7, https://lh5.googleusercontent.com/p/AF1QipPz_LVmqxUidQyiONUIGlxYfNLHew0nX-JVjl9B, https://lh5.googleusercontent.com/p/AF1QipPz_LVmqxUidQyiONUIGlxYfNLHew0nX-JVjl9B, https://lh5.googleusercontent.com/p/AF1QipOktkzbmcqAnyeZxeGoMVajioCniWBZO8v5kXAY, ",16.47092,107.59789
Quán bánh bèo bánh nậm Hàng Me,"53 Võ Thị Sáu, Phú Hội, Huế, Thừa Thiên Huế, Việt Nam","3,8",45,Thừa Thiên Huế,Quán ăn nhỏ,Không có giá,"Ăn tại chỗ, Đồ ăn mang đi, Giao hàng, ","https://lh5.googleusercontent.com/p/AF1QipO1fXZlCjN7BsMggmWKS8QjstdXyfyddOVVx3FM, https://lh5.googleusercontent.com/p/AF1QipMiobTliFbXOSIDq0O_ru31d5hMiW4KLe-QpHwR, https://lh5.googleusercontent.com/p/AF1QipNssURYGo80Zc6PflUIKdPxciv5B6RAwS8OqLYK, https://lh5.googleusercontent.com/p/AF1QipO1-acGz0IsHxK46UUZQ3IZIHn8nIr9erqHz4SZ, ",16.47020,107.59574
Quán Huế Ngon -다낭최고의 로컬 BBQ 레스토랑- Best local food in Da Nang-,"65 Trần Quốc Toản, Phước Ninh, Hải Châu, Đà Nẵng 550000, Việt Nam","4,0",1.285,Thừa Thiên Huế,Nhà hàng Việt Nam,100-300 N ₫,"Ăn tại chỗ, Mua hàng ngay trên xe, Giao hàng gián tiếp, ","https://lh5.googleusercontent.com/p/AF1QipNx1ElMSYX0c2CMxuDAi4LVCBp3Vl8Bbmq30B7N, https://lh5.googleusercontent.com/p/AF1QipP0-TRvW_t29dNGqhaKB5UvlItIje6EpldgYr_S, https://lh5.googleusercontent.com/p/AF1QipMsN9al0Ef7_kY0VZ6HNYX-0bkXRa7B7vR21Lqm, https://lh5.googleusercontent.com/p/AF1QipMFpCIvafiZCWBTEPY_0CaNt6VK0NWt1kmeGxr-, ",16.06623,108.22129
Alma Restaurant,"50A Hùng Vương, Street, Ward, Thừa Thiên Huế, Việt Nam","5,0",9,Thừa Thiên Huế,Nhà hàng,Không có giá,"Ăn tại chỗ, Đồ ăn mang đi, Giao hàng, ","https://lh5.googleusercontent.com/p/AF1QipOjKHQ4lmZ2YCtEy2MIBf_lWSo3yDJML-1x3sFd, https://lh5.googleusercontent.com/p/AF1QipMouXW-n9uahQg36CMUS8X_XXvr8qzy9Tsucil3, https://lh5.googleusercontent.com/p/AF1QipOYUGw3Rbc5OGbxDSfr-HGRaAbXbGiNlFdT7gkM, https://lh5.googleusercontent.com/p/AF1QipNe03reMDd08wcYq82JTBqzIr9v-YR_1hJ_fKpc, ",16.46309,107.59434
Quán Ăn Ngự Uyển,"6 Nguyễn Huệ, Vĩnh Ninh, Huế, Thừa Thiên Huế, Việt Nam",Chưa xét,0,Thừa Thiên Huế,Nhà hàng,Không có giá,"Ăn tại chỗ, Đồ ăn mang đi, ",,16.45802,107.58099
QUÁN CƠM GIA ĐÌNH - MÓN HUẾ - TÔN NỮ QUÁN,"383/9 Hải Phòng, Tân Chính, Thanh Khê, Đà Nẵng 550000, Việt Nam","4,4",107,Thừa Thiên Huế,Nhà hàng,1-100.000 ₫,"Ăn tại chỗ, Đồ ăn mang đi, ","https://lh5.googleusercontent.com/p/AF1QipND1QYbru4hUovVEn6hy8s6uvXOXBMVjnuji-bY, https://lh5.googleusercontent.com/p/AF1QipOkGwNwcIVzUE0RSdoEqovmCqV-xWOCPCjGuI6_, https://lh5.googleusercontent.com/p/AF1QipODd9uqdNKnwv1bVcPiTVoGXP9NuFKBMNZDmzUG, https://lh5.googleusercontent.com/p/AF1QipOwbHmA-xyQFVlp3IoWHDcAuaJKsWV3Ly7sSPw, ",16.06984,108.20614
QUÁN BÚN HẾN NGON,"FH4G+4R9, Phường Đúc, Huế, Thừa Thiên Huế, Việt Nam","5,0",1,Thừa Thiên Huế,Nhà hàng ăn nhanh,Không có giá,"Ăn tại chỗ, Đồ ăn mang đi, ",,16.45529,107.57711
Cơm Huế Như,"20 Thái Phiên, Phước Ninh, Hải Châu, Đà Nẵng 550000, Việt Nam","4,4",98,Thừa Thiên Huế,Nhà hàng gia đình,1-100.000 ₫,"Ăn tại chỗ, Mua hàng ngay trên xe, Giao hàng gián tiếp, ","https://lh5.googleusercontent.com/p/AF1QipMKYmCVLuxFbB5fCsy1xEuMGKTZ4YxGdVhuNiio, https://lh5.googleusercontent.com/p/AF1QipNzmSNvqQLHxjgkSe6RgKdSamg6U9QFIa9FmwqN, https://lh5.googleusercontent.com/p/AF1QipM3ZwLYWZ-Z64s21DDVF2yFgCl5_rUxB-kk7gmR, https://lh5.googleusercontent.com/p/AF1QipMT0kbjldahrdqvEOoG9ShJ2HakyQUEx7Fc2Y6Z, ",16.06515,108.22310
CƠM HUẾ 22 THÁI PHIÊN XƯA- since 1993,"22 Thái Phiên, Phước Ninh, Hải Châu, Đà Nẵng 550000, Việt Nam","3,3",191,Thừa Thiên Huế,Nhà hàng Việt Nam,1-100.000 ₫,"Ăn tại chỗ, Đồ ăn mang đi, Giao hàng gián tiếp, ","https://lh5.googleusercontent.com/p/AF1QipNXIZSSUV___bonkRWDzcBctBPmxsrFjvk1Fjwj, https://lh5.googleusercontent.com/p/AF1QipNU-1YrJjh8DiGX9u6K6QqQV4Ra7cku9qAOUUXw, https://lh5.googleusercontent.com/p/AF1QipMLejMO6mgMoHBykpAMzFzfK5RzPM8cVMJTnkPB, https://lh5.googleusercontent.com/p/AF1QipNx6om5JxwQh2pBrMY58ARz3BB_8bD6Q-5VCpjM, ",16.06505,108.22306
Món Ngon Huế,"30 Đ. Chi Lăng, Vĩnh Ninh, Huế, Thừa Thiên Huế 52000, Việt Nam",Chưa xét,0,Thừa Thiên Huế,Nhà hàng,Không có giá,"Ăn tại chỗ, Đồ ăn mang đi, Giao hàng gián tiếp, ",,16.47523,107.58947
Quán Bà Ngọc Huế,"228 Đống Đa, Thuận Phước, Hải Châu, Đà Nẵng 550000, Việt Nam","3,8",205,Thừa Thiên Huế,Nhà hàng,1-100.000 ₫,"Ăn tại chỗ, Đồ ăn mang đi, Giao hàng, ","https://lh5.googleusercontent.com/p/AF1QipNSf2zwV9Mc3r7t9VTT03BCYuPZ123Xw0_4vz93, https://lh5.googleusercontent.com/p/AF1QipPhv9GfUqtPG80VYQfaiY0PVgjxjetO9OwPuDuW, https://lh5.googleusercontent.com/p/AF1QipMAXymFwd6YQ1PV3lOmCvpMYM0HoY3PVqWDDGjS, https://lh5.googleusercontent.com/p/AF1QipMypcRDU2VwSMrsXiqSMvAkD_x5VRnVQ7jAnwqm, ",16.07761,108.21642
Cơm Hến Huế,"1 An Thượng 21, Bắc Mỹ Phú, Ngũ Hành Sơn, Đà Nẵng 550000, Việt Nam","4,4",140,Thừa Thiên Huế,Nhà hàng Việt Nam,1-100.000 ₫,"Ăn tại chỗ, Đồ ăn mang đi, Giao hàng, ","https://lh5.googleusercontent.com/p/AF1QipMuVwuEv64AOmWx8ILNHHhHEXA8hvWSKszg7m8j, https://lh5.googleusercontent.com/p/AF1QipNJf7mNSYJ_h1v43u68w4w9QUuIxIsV3f6D3_TC, https://lh5.googleusercontent.com/p/AF1QipN5XWW0-dq0IUeVs_OsGDWkJ5U8qjKdQl0Je2KT, https://lh5.googleusercontent.com/p/AF1QipP47DIawkB7y5fHVqPie0P-tHsKmni9nyreL8Zm, ",16.05339,108.23915
"Ngon, Rẻ!!!!!","2 Hải Triều, An Cựu, Huế, Thừa Thiên Huế, Việt Nam",Chưa xét,0,Thừa Thiên Huế,Nhà hàng,Không có giá,"Ăn tại chỗ, Đồ ăn mang đi, Giao hàng, ",,16.45658,107.60062
Tiệm Ăn Món Huế,"334 Đống Đa, Thanh Bình, Hải Châu, Đà Nẵng 550000, Việt Nam","4,3",39,Thừa Thiên Huế,Nhà hàng,100-200 N ₫,,"https://lh5.googleusercontent.com/p/AF1QipMtCiev8BWHQHN9aEq3S5PhG2oVUWjp3jBR4T2p, https://lh5.googleusercontent.com/p/AF1QipNa8I6GayPGgK9WaMNweE16JRWJ9RTqWKjDejoa, https://lh5.googleusercontent.com/p/AF1QipPyABqmkdS06bUvnlIatzoLqLe88vd7Xf5sbPEp, https://lh5.googleusercontent.com/p/AF1QipNnfBttdxVOLVxZcIk8gswlW4_DU5-GPqkJdBq_, ",16.07499,108.21468
