name,address,score,reviews count,province,category,price,discount,services,description images,latitude,longitude
Khách sạn Golden Lotus Grand,"86 Lê Quang Đạo, Bắc Mỹ Phú, Ngũ Hành Sơn, Đà Nẵng 550000, Việt Nam","4,9",2.652,Đà Nẵng,Khách sạn 4 sao,1.013.770 ₫,Ít hơn 16% so với bình thường,"Wi-Fi miễn phí, Bữa sáng miễn phí, Đỗ xe miễn phí, Bể bơi, Có điều hòa nhiệt độ, Dịch vụ giặt ủi, Nhà hàng, Xe đưa đón ra sân bay, Spa, ","https://lh5.googleusercontent.com/p/AF1QipPC_6anysqHIs9QO-zwbkAFD_iHvU97wmBmakLb, https://lh5.googleusercontent.com/p/AF1QipNkUM2lRqSdhaqq5dtqvLtqHtg0Uffz4QyQ1aci, https://lh5.googleusercontent.com/p/AF1QipPlo9z_xgOV3QDTihspOb3ar_iDf19roA721Gtk, https://lh5.googleusercontent.com/p/AF1QipNH1TmOl6G5_VFJT4gF0AXH8E641-LmVgEUaMFv, ",16.04994,108.24532
King House Villa Hotel,"25 Mỹ Khê 1, Phước Mỹ, Sơn Trà, Đà Nẵng 550000, Việt Nam","4,3",327,Đà Nẵng,Khách sạn 3 sao,218.587 ₫,Ít hơn 50% so với bình thường,"Wi-Fi miễn phí, Bữa sáng, Bãi đỗ xe, Bể bơi, Có điều hòa nhiệt độ, Dịch vụ giặt ủi, Phù hợp với trẻ em, Nhà hàng, Bếp ở một số phòng, Xe đưa đón ra sân bay, ","https://lh5.googleusercontent.com/p/AF1QipMfEjFZcRtaWHn_TwkCuqPzgq_0Oh9gZFZ-erGO, https://lh5.googleusercontent.com/p/AF1QipPgniAbUbUeqGtkvb4y6DkY7B5uDBd3BCjpJ_3T, https://lh5.googleusercontent.com/p/AF1QipMZXIXwgw8027kFBEM1n0EZjevjvGFaiUrE7Zea, https://lh5.googleusercontent.com/p/AF1QipPRA56JXk0Y1o7aUhgaP4g_9V7LrDAZutWPiEXM, ",16.06368,108.23990
Hanami Hotel Danang,"61-63 Hoàng Kế Viêm, Bắc Mỹ Phú, Ngũ Hành Sơn, Đà Nẵng 550000, Việt Nam","4,7",1.523,Đà Nẵng,Khách sạn 3 sao,222.875 ₫,Ít hơn 48% so với bình thường,"Wi-Fi miễn phí, Bữa sáng có tính phí, Đỗ xe miễn phí, Phù hợp cho người khuyết tật, Có điều hòa nhiệt độ, Dịch vụ giặt ủi, Trung tâm thương mại, Chấp nhận vật nuôi, Dịch vụ phòng, Phù hợp với trẻ em, Nhà hàng, Bếp ở một số phòng, Xe đưa đón ra sân bay, Bồn tắm nước nóng, Quán bar, Không hút thuốc, ","https://lh5.googleusercontent.com/p/AF1QipPIVUgYTLeTD1OJNHPkRk6gBgkn0V43isHPvTpM, https://lh5.googleusercontent.com/p/AF1QipNm_t5Qy2M9mzRHccsf_GGGQQacJE44yiNNGGpD, https://lh5.googleusercontent.com/p/AF1QipP5bWa7TW1u8hOqXaef_FLP_w3kPhnkig7_fMW_, https://lh5.googleusercontent.com/p/AF1QipMf0hf6MAYt0WPYQ7304RFZJugVKsIf0PGMEHOP, ",16.04861,108.24244
Canvas Danang Beach Hotel,"234 Võ Nguyên Giáp, Phước Mỹ, Sơn Trà, Đà Nẵng 550000, Việt Nam","4,8",1.216,Đà Nẵng,Khách sạn 4 sao,838.459 ₫,Không có giảm giá,"Wi-Fi miễn phí, Bữa sáng miễn phí, Đỗ xe miễn phí, Bể bơi ngoài trời, Có điều hòa nhiệt độ, Dịch vụ giặt ủi, Có đường ra bãi biển, Dịch vụ phòng, Nhà hàng, Xe đưa đón ra sân bay, Bồn tắm nước nóng, Spa, Trung tâm thể dục, ","https://lh5.googleusercontent.com/p/AF1QipMOAYN0YD44JJ6haxrxWcZ6O5wpyTSeT0bcaIpS, https://lh5.googleusercontent.com/p/AF1QipOnvtmXOTvGrrL4GayR_IgdDST7DV_drinAtKx7, https://lh5.googleusercontent.com/p/AF1QipORon73pBgK3W5jc0LalVKNCioQXcBUz-sFQ3QP, https://lh5.googleusercontent.com/p/AF1QipM2fmX6pS_papbKIWNAEjx3qdEuHKPSpcaaUzXO, ",16.06636,108.24505
Sofiana My Khe Hotel & Spa,"56 Trần Bạch Đằng, Bắc Mỹ Phú, Ngũ Hành Sơn, Đà Nẵng 550000, Việt Nam","4,8",781,Đà Nẵng,Khách sạn,443.048 ₫,Ít hơn 25% so với bình thường,"Wi-Fi miễn phí, Bữa sáng miễn phí, Đỗ xe miễn phí, Bể bơi ngoài trời, Có điều hòa nhiệt độ, Dịch vụ giặt ủi, Có đường ra bãi biển, Nhà hàng, Xe đưa đón ra sân bay, Spa, ","https://lh5.googleusercontent.com/p/AF1QipPT9QxTvK6Y-rSDbX-qDnPuRfOOlV6vi0uIbIwp, https://lh5.googleusercontent.com/p/AF1QipNLyJV8pBMG-RtvInNm7_Q2NgK9zNaUEpdhjA1m, https://lh5.googleusercontent.com/p/AF1QipMR1giUz2Nv0Y4ruZndjNhtKlz4jLfXeuQfz5iB, https://lh5.googleusercontent.com/p/AF1QipMvlSXz74xQhUxRWOnUcUjB9tg0I6r0wsgLUewx, ",16.04967,108.24775
Golden Lotus Luxury Hotel Da Nang,"198B Trần Bạch Đằng, Bắc Mỹ Phú, Ngũ Hành Sơn, Đà Nẵng 50000, Việt Nam","4,8",705,Đà Nẵng,Khách sạn,1.017.809 ₫,Không có giảm giá,"Wi-Fi miễn phí, Bữa sáng miễn phí, Đỗ xe miễn phí, Bể bơi ngoài trời, Có điều hòa nhiệt độ, Dịch vụ giặt ủi, Có đường ra bãi biển, Dịch vụ phòng, Nhà hàng, Xe đưa đón ra sân bay, Bồn tắm nước nóng, Spa, Trung tâm thể dục, ","https://lh5.googleusercontent.com/p/AF1QipN3vC4obPFmcyPqr9utAtLGbEfza_2PEdi1bCz_, https://lh5.googleusercontent.com/p/AF1QipOvuz6fTFPdhXpxu2St7V6r-g-atbEcq3ZAQ6kq, https://lh5.googleusercontent.com/p/AF1QipMY4nbJ6Ugb24lOu0Zr909wPLniBPwlymBzjBG4, https://lh5.googleusercontent.com/p/AF1QipPw1t6gPDx7qQ4lHNt3dRborlAyuk91TsS9TOMk, ",16.05250,108.24663
Premier Village Đà Nẵng Resort,"99 Võ Nguyên Giáp, Street, Ngũ Hành Sơn, Đà Nẵng 055000, Việt Nam","4,7",2.911,Đà Nẵng,Khách sạn 5 sao,10.293.536 ₫,Không có giảm giá,"Wi-Fi miễn phí, Bữa sáng có tính phí, Đỗ xe miễn phí, Phù hợp cho người khuyết tật, Bể bơi ngoài trời, Có điều hòa nhiệt độ, Dịch vụ giặt ủi, Trung tâm thương mại, Có đường ra bãi biển, Dịch vụ phòng, Phù hợp với trẻ em, Nhà hàng, Bếp trong tất cả các phòng, Xe đưa đón ra sân bay, Bồn tắm nước nóng, Trung tâm thể dục, Sân gôn, Quán bar, Không hút thuốc, ","https://lh5.googleusercontent.com/p/AF1QipNK4QAXCG0CfXiPv09KVEyD0SfIZxE6eke1jr5s, https://lh5.googleusercontent.com/p/AF1QipMaXJnzeaEWX_-zVd9FElRiZU-ma4u0lAY4MvfZ, https://lh5.googleusercontent.com/p/AF1QipOGZqVLNbKYyJiDBE42Rfo1Or-Pcc2GJft7xyV2, https://lh5.googleusercontent.com/p/AF1QipMSk6aK7GsGc61GFd2sNt4ob07TCMgE-MFGk2NH, ",16.04209,108.25075
Mường Thanh Luxury Đà Nẵng Hotel,"270 Võ Nguyên Giáp, Bắc Mỹ Phú, Ngũ Hành Sơn, Đà Nẵng 550000, Việt Nam","4,4",4.987,Đà Nẵng,Khách sạn 5 sao,1.143.133 ₫,Không có giảm giá,"Wi-Fi miễn phí, Bữa sáng miễn phí, Đỗ xe miễn phí, Phù hợp cho người khuyết tật, Bể bơi ngoài trời, Có điều hòa nhiệt độ, Dịch vụ giặt ủi, Trung tâm thương mại, Có đường ra bãi biển, Dịch vụ phòng, Phù hợp với trẻ em, Nhà hàng, Xe đưa đón ra sân bay, Bồn tắm nước nóng, Spa, Trung tâm thể dục, Quán bar, ","https://lh5.googleusercontent.com/p/AF1QipMZIi49Z9tOS5UCHfJOewDcVZd6AwzXzux7QMAz, https://lh5.googleusercontent.com/p/AF1QipNsG81aM6gHD4j269sMgqbPt5YS029Y8UPKKKuv, https://lh5.googleusercontent.com/p/AF1QipMJSj__NAgflUxv-pERyc8T66Qray4bAkbPzYRa, https://lh5.googleusercontent.com/p/AF1QipMzEsSxHnzOdIBjyuiEJST4vhxRkxB8OiaaWxk1, ",16.05372,108.24736
Lamanga Hotel & Suites,"278 Đ. 2 Tháng 9, Hoà Cường Bắc, Hải Châu, Đà Nẵng 550000, Việt Nam","4,5",141,Đà Nẵng,Khách sạn 3 sao,513.378 ₫,Không có giảm giá,"Wi-Fi miễn phí, Bữa sáng miễn phí, Đỗ xe miễn phí, Phù hợp cho người khuyết tật, Bể bơi ngoài trời, Có điều hòa nhiệt độ, Dịch vụ giặt ủi, Nhà hàng, Bếp ở một số phòng, Xe đưa đón ra sân bay, ","https://lh5.googleusercontent.com/p/AF1QipPAMd4tdVsuBn3iluyY59407Z1HU3A2umUzpwKr, https://lh5.googleusercontent.com/p/AF1QipMY-EM4FFnTXyTeSkDS6nnfJPSO-A52qZcVW0KN, https://lh5.googleusercontent.com/p/AF1QipPgeiaP9IwM0fh2v80Ha1CVq1sptCpYstLYVc7b, https://lh5.googleusercontent.com/p/AF1QipMICRPWHUYhH-QK2iIoXPvJ8rFQCZ8oz_BQyzXM, ",16.04524,108.22252
Bonny Boutique Hotel Da Nang,"01-03 Khuê Mỹ Đông 10, Khuê Mỹ, Ngũ Hành Sơn, Đà Nẵng 550000, Việt Nam","4,5",245,Đà Nẵng,Khách sạn,601.313 ₫,Không có giảm giá,"Wi-Fi miễn phí, Bữa sáng miễn phí, Đỗ xe miễn phí, Bể bơi, Có điều hòa nhiệt độ, Dịch vụ giặt ủi, Bếp ở một số phòng, Xe đưa đón ra sân bay, ","https://lh5.googleusercontent.com/p/AF1QipN7C7-179_GY_gUp1t8bkRWZus-E6XrMP9ZscHa, https://lh5.googleusercontent.com/p/AF1QipOoGCIuYN3mGZ3B-vq6p22aeCimrShZv_pZoio6, https://lh5.googleusercontent.com/p/AF1QipM29Ke_A9y-yR_diF-ivjFqzojgrKt_EVYfc8Su, https://lh5.googleusercontent.com/p/AF1QipNXOskgDS8yN_3a7EJyJzOkWG5LW-8QSHVbM_FM, ",16.03766,108.24600
Mường Thanh Grand Đà Nẵng Hotel,"962 Ng. Quyền, An Hải Bắc, Sơn Trà, Đà Nẵng 50406, Việt Nam","4,6",1.178,Đà Nẵng,Khách sạn 4 sao,728.846 ₫,Không có giảm giá,"Wi-Fi miễn phí, Bữa sáng miễn phí, Đỗ xe miễn phí, Phù hợp cho người khuyết tật, Bể bơi, Có điều hòa nhiệt độ, Dịch vụ giặt ủi, Dịch vụ phòng, Nhà hàng, Bếp ở một số phòng, Xe đưa đón ra sân bay, Bồn tắm nước nóng, Spa, Trung tâm thể dục, ","https://lh5.googleusercontent.com/p/AF1QipN6v4iULoTudbxBiUux2hKwhkL3WlJrMCWrJsni, https://lh5.googleusercontent.com/p/AF1QipPMNt272q3QYy_a-DYceZCVnghz_e9TF9xMCEQ7, https://lh5.googleusercontent.com/p/AF1QipOJBAgnIKfNcJcGiwB1xBKR5oA8-SnA6a0jeM-z, https://lh5.googleusercontent.com/p/AF1QipPeF31T1Xd8npqoYPT3QNrSaNlZ3aPGlBkq2nHw, ",16.06482,108.23308
Menora Grand Hotel,"69-71-73 Đỗ Bí, Bắc Mỹ Phú, Sơn Trà, Đà Nẵng 550000, Việt Nam","3,7",244,Đà Nẵng,Khách sạn 3 sao,397.384 ₫,Không có giảm giá,"Wi-Fi miễn phí, Bữa sáng miễn phí, Đỗ xe miễn phí, Bể bơi ngoài trời, Có điều hòa nhiệt độ, Dịch vụ giặt ủi, Chấp nhận vật nuôi, Có đường ra bãi biển, Nhà hàng, Xe đưa đón ra sân bay, ","https://lh5.googleusercontent.com/p/AF1QipNC1sbqUEFbShV7Vixo76KuEyrF2xnDBaHBOZ2F, https://lh5.googleusercontent.com/p/AF1QipNrlcO4DlbB7EgQNhF8y_6FRRR3_lUZzIhYl7gL, https://lh5.googleusercontent.com/p/AF1QipN9SLrhgL-gCohc7XzR5L3yHFTKek7kQp2blq2U, https://lh5.googleusercontent.com/p/AF1QipOsTSuVmIiZXBtLhxj7P8pTQBYkFmIQHX5n7rDY, ",16.05335,108.24604
Khách Sạn Avatar Đà Nẵng,"104 Hoàng Kế Viêm, Bắc Mỹ Phú, Ngũ Hành Sơn, Đà Nẵng 550000, Việt Nam","4,7",408,Đà Nẵng,Khách sạn 4 sao,733.553 ₫,Ít hơn 23% so với bình thường,"Wi-Fi miễn phí, Bữa sáng miễn phí, Bãi đỗ xe, Bể bơi, Có điều hòa nhiệt độ, Dịch vụ giặt ủi, Có đường ra bãi biển, Nhà hàng, Bếp ở một số phòng, Xe đưa đón ra sân bay, Bồn tắm nước nóng, Spa, Trung tâm thể dục, ","https://lh5.googleusercontent.com/p/AF1QipNs2dGAl7SWvDX8f4QQURRg4gMvZz1fzbevszkg, https://lh5.googleusercontent.com/p/AF1QipMS64TecyIejlcgn-LldW0bmPKaAanHt1rEAe_q, https://lh5.googleusercontent.com/p/AF1QipNfkBKFnz4b4dojYzliIvDdRlYZehn88ej13zM0, https://lh5.googleusercontent.com/p/AF1QipND9BNHjHKO3Gl_iooolGZ73Lc5saXmmkuDXJFg, ",16.04962,108.24699
Meliá Vinpearl Danang Riverfront,"341 Đ. Trần Hưng Đạo, An Hải Bắc, Sơn Trà, Đà Nẵng 550000, Việt Nam","4,8",7.643,Đà Nẵng,Khách sạn 5 sao,2.019.294 ₫,Không có giảm giá,"Wi-Fi miễn phí, Bữa sáng có tính phí, Đỗ xe miễn phí, Phù hợp cho người khuyết tật, Bể bơi trong nhà và ngoài trời, Có điều hòa nhiệt độ, Dịch vụ giặt ủi, Dịch vụ phòng, Phù hợp với trẻ em, Nhà hàng, Xe đưa đón ra sân bay, Bồn tắm nước nóng, Spa, Trung tâm thể dục, Quán bar, ","https://lh5.googleusercontent.com/p/AF1QipOAgELar27S0bWD0wFRz_QsIBJh2rt-3pCMozti, https://lh5.googleusercontent.com/p/AF1QipPzOXmWLAn575Hd8aaXJd4-QpT_3BbEcub0DCTK, https://lh5.googleusercontent.com/p/AF1QipOdlmUXmbC6oiWlQWO-BwObkYZicbw3GAI1s3eI, https://lh5.googleusercontent.com/p/AF1QipNy2W-BIbnbkupN31KKeh-NvUSUpZfDqi_aSaNI, ",16.07112,108.22944
Dreams Hotel,"410 Võ Nguyên Giáp, Bắc Mỹ An, Ngũ Hành Sơn, Đà Nẵng 550000, Việt Nam","3,4",115,Đà Nẵng,Khách sạn 2 sao,Không có giá,Không có giảm giá,"Wi-Fi miễn phí, Đỗ xe miễn phí, Có điều hòa nhiệt độ, Dịch vụ giặt ủi, Có đường ra bãi biển, Phù hợp với trẻ em, Nhà hàng, Xe đưa đón ra sân bay, ","https://lh5.googleusercontent.com/p/AF1QipN9jKGG82x5SNHsf90ZdUh9TYDlkaokP9sYUOKu, https://lh5.googleusercontent.com/p/AF1QipOYphJpjflBc4TEkbfdLMOwwqV_M9EjTmltNgnO, https://lh5.googleusercontent.com/p/AF1QipMDBw37ZZ5Tx0LeRiDpMkRTVp3Keu7UMrI54IMi, https://lh5.googleusercontent.com/p/AF1QipMobOoq1Coe8VyR4LTXMZmDrtcjMM--alT9v-a2, ",16.04217,108.24822
Grand Mercure Danang,"Zone Of The Villas Of Green Island, Lot A1, Hải Châu, Đà Nẵng 550000, Việt Nam","4,7",3.646,Đà Nẵng,Khách sạn 5 sao,1.593.581 ₫,Không có giảm giá,"Wi-Fi miễn phí, Bữa sáng miễn phí, Đỗ xe miễn phí, Phù hợp cho người khuyết tật, Bể bơi ngoài trời, Có điều hòa nhiệt độ, Dịch vụ giặt ủi, Trung tâm thương mại, Dịch vụ phòng, Phù hợp với trẻ em, Nhà hàng, Xe đưa đón ra sân bay, Bồn tắm nước nóng, Spa, Trung tâm thể dục, Sân gôn, Quán bar, ","https://lh5.googleusercontent.com/p/AF1QipNCj_aZ1sCrzFx69TPXvzMkN6E06hnm7NKuUmE, https://lh5.googleusercontent.com/p/AF1QipOfWR6vMb8jRxHn9o8lBQLPu3yeOihzokj2vhwX, https://lh5.googleusercontent.com/p/AF1QipPofvH5reoGABYoMI7139HR0rOyNL9hrgsC_gLZ, https://lh5.googleusercontent.com/p/AF1QipMDfXcZ7wBEk7p9so7DZ0Ewq-7QmXn4J3Ck1kVY, ",16.04834,108.22670
Sala Danang Beach Hotel,"36-38 Đ. Lâm Hoành, Phước Mỹ, Sơn Trà, Đà Nẵng 550000, Việt Nam","4,6",2.230,Đà Nẵng,Khách sạn 4 sao,1.017.338 ₫,Không có giảm giá,"Wi-Fi miễn phí, Bữa sáng miễn phí, Đỗ xe miễn phí, Phù hợp cho người khuyết tật, Bể bơi ngoài trời, Có điều hòa nhiệt độ, Dịch vụ giặt ủi, Có đường ra bãi biển, Dịch vụ phòng, Phù hợp với trẻ em, Nhà hàng, Bếp ở một số phòng, Xe đưa đón ra sân bay, Bồn tắm nước nóng, Spa, Trung tâm thể dục, Quán bar, ","https://lh5.googleusercontent.com/p/AF1QipOWULB1YrP3CntGs1lKAjJ-WVmoMut7TRL5tXZy, https://lh5.googleusercontent.com/p/AF1QipO1wz4bifXQHOuQJwFnGe3hhjsWNQUm_9fivdZH, https://lh5.googleusercontent.com/p/AF1QipNGluv1Sz3i4P1uCc1Hcn91bptFbEl6GVH8lKGr, https://lh5.googleusercontent.com/p/AF1QipP8faDv565jFb70UGA6rqH7LsSorb0f15ffAvjL, ",16.06222,108.24518
Yarra Ocean Suites Danang,"304 Võ Nguyên Giáp, Bắc Mỹ An, Ngũ Hành Sơn, Đà Nẵng 50507, Việt Nam","4,8",928,Đà Nẵng,Khách sạn 4 sao,734.312 ₫,Không có giảm giá,"Wi-Fi miễn phí, Bữa sáng miễn phí, Đỗ xe miễn phí, Phù hợp cho người khuyết tật, Bể bơi ngoài trời, Có điều hòa nhiệt độ, Dịch vụ giặt ủi, Có đường ra bãi biển, Dịch vụ phòng, Phù hợp với trẻ em, Nhà hàng, Xe đưa đón ra sân bay, Bồn tắm nước nóng, Spa, Trung tâm thể dục, Quán bar, Không hút thuốc, ","https://lh5.googleusercontent.com/p/AF1QipMNQavLlvlP9B1s3mxIub5pRQ16LcxGWQG2Q08O, https://lh5.googleusercontent.com/p/AF1QipOl-6PwwbE-hzEvaPK4XHWsQ7snYDBijlVfTafy, https://lh5.googleusercontent.com/p/AF1QipOB7Y9Z24moeO_xIzQORIS9_PIGN0e3ITllb1-M, https://lh5.googleusercontent.com/p/AF1QipMn9_6HuKuBTSWpL4kza2oHm7HgA_Lfl7vQwBM2, ",16.04886,108.24881
Eden Ocean View Đà Nẵng,"294 Võ Nguyên Giáp, Bắc Mỹ Phú, Ngũ Hành Sơn, Đà Nẵng 550000, Việt Nam","4,1",817,Đà Nẵng,Khách sạn 5 sao,970.662 ₫,Không có giảm giá,"Wi-Fi miễn phí, Bữa sáng miễn phí, Đỗ xe miễn phí, Phù hợp cho người khuyết tật, Bể bơi trong nhà, Có điều hòa nhiệt độ, Dịch vụ giặt ủi, Có đường ra bãi biển, Dịch vụ phòng, Phù hợp với trẻ em, Nhà hàng, Bếp trong tất cả các phòng, Bồn tắm nước nóng, Spa, Trung tâm thể dục, Sân gôn, ","https://lh5.googleusercontent.com/p/AF1QipPYaYxaYMOEkKlftI42tLAadOhfQKGXhIbDnHmU, https://lh5.googleusercontent.com/p/AF1QipOSgOIt0FLUdO1JrL21nh8bUDqrdOSswmMosmK7, https://lh5.googleusercontent.com/p/AF1QipOJHqu_oBSOPllVCXP8awkcRK7oXKsOzaHYdVWc, https://lh5.googleusercontent.com/p/AF1QipNPQDVCA9yCuWmPt-4pNYOxIPVP-gADH-MWa4Hx, ",16.05096,108.24833
TMS Hotel Da Nang Beach,"292 Võ Nguyên Giáp, Bắc Mỹ Phú, Ngũ Hành Sơn, Đà Nẵng 550000, Việt Nam","4,6",1.760,Đà Nẵng,Khách sạn 5 sao,1.542.991 ₫,Không có giảm giá,"Wi-Fi miễn phí, Bữa sáng miễn phí, Đỗ xe miễn phí, Phù hợp cho người khuyết tật, Bể bơi, Có điều hòa nhiệt độ, Dịch vụ giặt ủi, Có đường ra bãi biển, Dịch vụ phòng, Nhà hàng, Bếp ở một số phòng, Xe đưa đón ra sân bay, Spa, Trung tâm thể dục, Quán bar, ","https://lh5.googleusercontent.com/p/AF1QipNN-W-FCDkNlaekaMLov9GZC_BEIc2SzcCE4DQE, https://lh5.googleusercontent.com/p/AF1QipNlLA5ecm-8DnZ9t9dP9cRNt27BRtvrTr1sx6ku, https://lh5.googleusercontent.com/p/AF1QipM3zIV9CdBlvf9YO3_7ZQ_ATm03hL9cc2xHo3DN, https://lh5.googleusercontent.com/p/AF1QipOzvBNGtOyoPBsiYlOSGZbJsGFowTDPhUeyEPlJ, ",16.05115,108.24829
Vanda Hotel,"3 Đ. Nguyễn Văn Linh, Bình Hiên, Hải Châu, Đà Nẵng 550000, Việt Nam","4,4",2.164,Đà Nẵng,Khách sạn 4 sao,1.103.293 ₫,Không có giảm giá,"Wi-Fi miễn phí, Bữa sáng miễn phí, Đỗ xe miễn phí, Phù hợp cho người khuyết tật, Bể bơi trong nhà, Có điều hòa nhiệt độ, Dịch vụ giặt ủi, Trung tâm thương mại, Dịch vụ phòng, Phù hợp với trẻ em, Nhà hàng, Xe đưa đón ra sân bay, Bồn tắm nước nóng, Spa, Trung tâm thể dục, Quán bar, ","https://lh5.googleusercontent.com/p/AF1QipNKHhd0p2dp-IQDfuwjHqkE6xfYGawMV52DIPY, https://lh5.googleusercontent.com/p/AF1QipPUeBl7FlD71KVWtF9q0b_Ji7E8D4XjG_Sb1knh, https://lh5.googleusercontent.com/p/AF1QipNieQzKTWXzi69hxKCNVsqzjfEIb_ZKSo22iP-5, https://lh5.googleusercontent.com/p/AF1QipPmls1QbBhkDvifE2RL_m6wFAEMdPXd6LII0pA, ",16.06066,108.22252
Monalisa Luxury Hotel,"198 Trần Bạch Đằng, Bắc Mỹ Phú, Ngũ Hành Sơn, Đà Nẵng 550000, Việt Nam","4,5",113,Đà Nẵng,Khách sạn,556.489 ₫,Không có giảm giá,"Wi-Fi miễn phí, Bữa sáng miễn phí, Đỗ xe miễn phí, Bể bơi ngoài trời, Có điều hòa nhiệt độ, Dịch vụ giặt ủi, Có đường ra bãi biển, Phù hợp với trẻ em, Nhà hàng, Xe đưa đón ra sân bay, Không hút thuốc, ","https://lh5.googleusercontent.com/p/AF1QipNqyyewCLuWP-PeTyj0SjKv707RP9P1tWAjYUiT, https://lh5.googleusercontent.com/p/AF1QipOAvyTuK8wKIUvFJ4GD9EHPlL-gUNMvyaanwmnA, https://lh5.googleusercontent.com/p/AF1QipNw_iKJY_spIzLUOeqqRLo9Xmyj-ZH2VqbxQr6-, https://lh5.googleusercontent.com/p/AF1QipOTOxM3z1qjPXXxtumNyWMosdsH0Be2Y7M978Ir, ",16.05279,108.24660
Dương Gia Hotel Đà Nẵng,"8 Phạm Thiều, Phước Mỹ, Sơn Trà, Đà Nẵng 550000, Việt Nam","4,6",325,Đà Nẵng,Khách sạn 3 sao,247.637 ₫,Không có giảm giá,"Wi-Fi miễn phí, Đỗ xe miễn phí, Có điều hòa nhiệt độ, Dịch vụ giặt ủi, Phù hợp với trẻ em, Bếp ở một số phòng, Xe đưa đón ra sân bay, Không hút thuốc, ","https://lh5.googleusercontent.com/p/AF1QipMdMpsTDGuPhPsy15HMfSE2iiM_gFUjnCW2G0M0, https://lh5.googleusercontent.com/p/AF1QipOriKSiG1H4Cpsdlu-HjbloZd9vTMp9IOmfHZJm, https://lh5.googleusercontent.com/p/AF1QipOHAou316lHPixXzRq2bLq4lI865PfYIOo2ZtKy, https://lh5.googleusercontent.com/p/AF1QipNdGwjAbnxrimgEgnwJHr8Cf0XECsShotsLDOdk, ",16.07207,108.24135
Monarque Hotel,"238 Võ Nguyên Giáp, Phước Mỹ, Sơn Trà, Đà Nẵng 550000, Việt Nam","4,7",1.869,Đà Nẵng,Khách sạn 4 sao,895.090 ₫,Ít hơn 21% so với bình thường,"Wi-Fi miễn phí, Bữa sáng miễn phí, Bãi đỗ xe, Bể bơi ngoài trời, Có điều hòa nhiệt độ, Dịch vụ giặt ủi, Trung tâm thương mại, Có đường ra bãi biển, Dịch vụ phòng, Phù hợp với trẻ em, Nhà hàng, Xe đưa đón ra sân bay, Bồn tắm nước nóng, Spa, Trung tâm thể dục, Quán bar, ","https://lh5.googleusercontent.com/p/AF1QipP699P-N_p-xhgbyNLNrHyXrZykpKWmLRaKR1Px, https://lh5.googleusercontent.com/p/AF1QipPdLFhH4SAKIlqhYmD0IMIpvf9rxO3FvFjsid0, https://lh5.googleusercontent.com/p/AF1QipNHfF0Wl_dw9U1K_0sCZYw9w9BX7gzcklHfOYpI, https://lh5.googleusercontent.com/p/AF1QipMDe5NR62Xfp47Kv2IuuursKHuAQEcWHcNrRPwx, ",16.06613,108.24515
Central Beach Hotel,"lo 35-36 Trần Bạch Đằng, Bắc Mỹ An, Ngũ Hành Sơn, Đà Nẵng 550000, Việt Nam","3,7",76,Đà Nẵng,Khách sạn,303.539 ₫,Không có giảm giá,"Wi-Fi miễn phí, Bữa sáng có tính phí, Đỗ xe miễn phí, Phù hợp cho người khuyết tật, Có điều hòa nhiệt độ, Dịch vụ giặt ủi, Trung tâm thương mại, Có đường ra bãi biển, Nhà hàng, Xe đưa đón ra sân bay, Sân gôn, Quán bar, Không hút thuốc, ","https://lh5.googleusercontent.com/p/AF1QipPxiKoUHnc9VQLvLAGqU2ANbOgwBrPizi8OXy9n, https://lh5.googleusercontent.com/p/AF1QipO4bW95eKuMCpfaw6skdnAEBlr8TmbExeEcVb-w, https://lh5.googleusercontent.com/p/AF1QipPCI9GaszDqgBdLvnyScX41NenZkeYvRhKOobt8, https://lh5.googleusercontent.com/p/AF1QipPA8mrpPF4o94RIABPTcjg3DRbdowmwd_sJYojf, ",16.04878,108.24806
BlueSun Danang Beach Hotel,"230 Võ Nguyên Giáp, Phước Mỹ, Sơn Trà, Đà Nẵng 550000, Việt Nam","4,7",1.251,Đà Nẵng,Khách sạn 4 sao,711.413 ₫,Không có giảm giá,"Wi-Fi miễn phí, Bữa sáng miễn phí, Đỗ xe miễn phí, Phù hợp cho người khuyết tật, Bể bơi trong nhà, Có điều hòa nhiệt độ, Dịch vụ giặt ủi, Có đường ra bãi biển, Dịch vụ phòng, Phù hợp với trẻ em, Nhà hàng, Bếp ở một số phòng, Xe đưa đón ra sân bay, Bồn tắm nước nóng, Spa, Trung tâm thể dục, Quán bar, Không hút thuốc, ","https://lh5.googleusercontent.com/p/AF1QipMD27eTf2TKCuAox-v8QIf_yWw4zlw5EH8uTnbw, https://lh5.googleusercontent.com/p/AF1QipMLjdwq1n3ndltGQu2148iYqLAhVNQ15No6-I3p, https://lh5.googleusercontent.com/p/AF1QipNGsPJp8eS-ebHabhtTgE5O_9AcDsEOaercTmx8, https://lh5.googleusercontent.com/p/AF1QipPFQUvt79uIEXo-GW1S47Se9BMNTrpBoTIi3Qmi, ",16.06674,108.24495
White Sand Boutique Hotel Da Nang,"89-91 Võ Văn Kiệt, Phước Mỹ, Sơn Trà, Đà Nẵng 550000, Việt Nam","4,3",655,Đà Nẵng,Khách sạn 3 sao,566.716 ₫,Không có giảm giá,"Wi-Fi miễn phí, Bữa sáng miễn phí, Đỗ xe miễn phí, Phù hợp cho người khuyết tật, Bể bơi trong nhà, Có điều hòa nhiệt độ, Dịch vụ giặt ủi, Có đường ra bãi biển, Nhà hàng, Bếp ở một số phòng, Xe đưa đón ra sân bay, Spa, Trung tâm thể dục, ","https://lh5.googleusercontent.com/p/AF1QipM6F4ZUqDgv8_t-W6i9S2bIkCOjG7-pWhfqxa9O, https://lh5.googleusercontent.com/p/AF1QipOk1osmz8Q081bO3iUSrw0VP_atSbgce1Sgb6d9, https://lh5.googleusercontent.com/p/AF1QipMF1nTuv4j8nFNObLFX_jPYO6NLydPaWqrGD8x3, https://lh5.googleusercontent.com/p/AF1QipMhFu5zUt2IhqgcqtvzfLgEQ37thwGePQJwdhx_, ",16.06282,108.24229
KHÁCH SẠN PALAZZO LUXURY ĐÀ NẴNG,"230- 232 - 234 Trần Bạch Đằng, Bắc Mỹ Phú, Ngũ Hành Sơn, Đà Nẵng 550000, Việt Nam","3,9",399,Đà Nẵng,Khách sạn 3 sao,320.686 ₫,Ít hơn 22% so với bình thường,"Wi-Fi miễn phí, Bữa sáng miễn phí, Bể bơi ngoài trời, Có điều hòa nhiệt độ, Dịch vụ giặt ủi, Có đường ra bãi biển, Phù hợp với trẻ em, Nhà hàng, ","https://lh5.googleusercontent.com/p/AF1QipNTDutXLGbFHCYJit-RSzPNPQj3YBp2Ka0MFtlE, https://lh5.googleusercontent.com/p/AF1QipPEx-SnTkbobhjSH8hhI8a3xxwoxjd7nbtyRV7B, https://lh5.googleusercontent.com/p/AF1QipOM9138G8sn2gKDzM-2BnTAQYhpA0_UW_jJ54RU, https://lh5.googleusercontent.com/p/AF1QipOyeKq-RvCC4MAvGLvFjAtedndIqNTUPMGNjAUk, ",16.04945,108.24757
PĀMA Boutique Hotel,"96 Trần Bạch Đằng, Bắc Mỹ Phú, Ngũ Hành Sơn, Đà Nẵng 550000, Việt Nam","4,8",341,Đà Nẵng,Khách sạn,528.774 ₫,Không có giảm giá,"Wi-Fi miễn phí, Bữa sáng miễn phí, Đỗ xe miễn phí, Có điều hòa nhiệt độ, Có đường ra bãi biển, Nhà hàng, Xe đưa đón ra sân bay, ","https://lh5.googleusercontent.com/p/AF1QipOgD_bsq5vxGZWLpqmLySIziSYVsSqEbtYgbw9P, https://lh5.googleusercontent.com/p/AF1QipMZXdAYtq2JeezYaFlN7VF7hdFBC0AqIW2EvqnJ, https://lh5.googleusercontent.com/p/AF1QipMb9B1elkwxfkrp9X0y_Hq_T8cyiy1Zc5WGTsuH, https://lh5.googleusercontent.com/p/AF1QipMx5GRkF2x3wcJ0Z3AMrAt-Yruk-jaMEkwZlIP4, ",16.05513,108.24573
Sheraton Grand Danang Resort & Convention Center,"35 Trường Sa, Street, Ngũ Hành Sơn, Đà Nẵng 550000, Việt Nam","4,5",2.094,Đà Nẵng,Khách sạn 5 sao,2.327.135 ₫,Ít hơn 39% so với bình thường,"Wi-Fi miễn phí, Bữa sáng có tính phí, Đỗ xe miễn phí, Phù hợp cho người khuyết tật, Bể bơi ngoài trời, Có điều hòa nhiệt độ, Có đường ra bãi biển, Dịch vụ phòng, Phù hợp với trẻ em, Nhà hàng, Spa, Trung tâm thể dục, Quán bar, Không hút thuốc, ","https://lh5.googleusercontent.com/p/AF1QipP3BgZ9o6zqLueR-EtKKrji6ZyTeRtj-Ohuwb6u, https://lh5.googleusercontent.com/p/AF1QipPavjdThnjfopx7oOP239nBEOXKw1nDtdNz9gSl, https://lh5.googleusercontent.com/p/AF1QipPAWMHcloNsOvtWn4nxTnxgioQvQRY6c8F97-Y8, https://lh5.googleusercontent.com/p/AF1QipM8CCE5J8808GePKj2Aoq5qUW3PoiAKm3Mvo9gC, ",15.98064,108.27628
Khách sạn Novotel Đà Nẵng,"36 Bạch Đằng, Thạch Thang, Hải Châu, Đà Nẵng 550000, Việt Nam","4,5",5.999,Đà Nẵng,Khách sạn 5 sao,1.897.121 ₫,Không có giảm giá,"Wi-Fi miễn phí, Bữa sáng miễn phí, Đỗ xe miễn phí, Phù hợp cho người khuyết tật, Bể bơi ngoài trời, Có điều hòa nhiệt độ, Dịch vụ giặt ủi, Trung tâm thương mại, Dịch vụ phòng, Phù hợp với trẻ em, Nhà hàng, Bếp ở một số phòng, Xe đưa đón ra sân bay, Bồn tắm nước nóng, Spa, Trung tâm thể dục, Quán bar, Không hút thuốc, ","https://lh5.googleusercontent.com/p/AF1QipNhYO5HLr8okiEABkePUrIjhyjGG1jx5HzJ4tM0, https://lh5.googleusercontent.com/p/AF1QipMJI0Ba7mWXIy3rxyHz1qYdhausOMkaQdqANkaG, https://lh5.googleusercontent.com/p/AF1QipPlBhRbC3uT61FgM3NppAvdY9egcG70DmN_3pEh, https://lh5.googleusercontent.com/p/AF1QipNirZ_mQnO94khdhO1BmqR_31uZBUmwmSAO_FjL, ",16.07752,108.22378
Alani Hotel & Spa,"136-138 Trần Bạch Đằng, Bắc Mỹ Phú, Ngũ Hành Sơn, Đà Nẵng 550000, Việt Nam","4,5",236,Đà Nẵng,Khách sạn 4 sao,547.640 ₫,Không có giảm giá,"Wi-Fi miễn phí, Bữa sáng miễn phí, Đỗ xe miễn phí, Phù hợp cho người khuyết tật, Bể bơi ngoài trời, Có điều hòa nhiệt độ, Dịch vụ giặt ủi, Trung tâm thương mại, Có đường ra bãi biển, Dịch vụ phòng, Phù hợp với trẻ em, Nhà hàng, Xe đưa đón ra sân bay, Bồn tắm nước nóng, Spa, Trung tâm thể dục, Sân gôn, Quán bar, Không hút thuốc, ","https://lh5.googleusercontent.com/p/AF1QipMV2tscB2_cIuhLQY4N4gFP2lJvGfyd-7LEglOr, https://lh5.googleusercontent.com/p/AF1QipPbOuhd3uZTFfruYptYYcSmiVrDsNsxXoWwVNeH, https://lh5.googleusercontent.com/p/AF1QipOawQl5nA5pzk7-XcYI7GgQ0LCOTx5Fvy_pv9en, https://lh5.googleusercontent.com/p/AF1QipMS8yAa7P1V-B5XYf4kBcSmMDVHKLcTbHIDHaAt, ",16.05418,108.24611
Khách sạn G8 Luxury,"59 Đ. Lê Duẩn, Hải Châu 1, Hải Châu, Đà Nẵng 550000, Việt Nam","4,6",1.205,Đà Nẵng,Khách sạn 4 sao,601.767 ₫,Không có giảm giá,"Wi-Fi miễn phí, Bữa sáng miễn phí, Bãi đỗ xe, Bể bơi, Có điều hòa nhiệt độ, Dịch vụ giặt ủi, Dịch vụ phòng, Phù hợp với trẻ em, Nhà hàng, Spa, Trung tâm thể dục, ","https://lh5.googleusercontent.com/p/AF1QipO64vzoqzLBoKvmNlLqX1xZ9vnk4cpZR87bm2h5, https://lh5.googleusercontent.com/p/AF1QipOmgDdgs4U0BfQaS1XqIS1GKOtoxMLVZDdCQVPs, https://lh5.googleusercontent.com/p/AF1QipM2GXXva32uDlznzU42qceHPvBnY2ZftE9TRBIJ, https://lh5.googleusercontent.com/p/AF1QipN5MDSAiJqPB0Tlnl4zrje9wukkmpdA5UuGukfG, ",16.07083,108.21708
Hilton Đà Nẵng,"50 Bạch Đằng, Hải Châu 1, Hải Châu, Đà Nẵng 50000, Việt Nam","4,5",1.791,Đà Nẵng,Khách sạn 5 sao,2.179.159 ₫,Không có giảm giá,"Wi-Fi miễn phí, Bữa sáng có tính phí, Đỗ xe miễn phí, Phù hợp cho người khuyết tật, Bể bơi ngoài trời, Có điều hòa nhiệt độ, Dịch vụ giặt ủi, Trung tâm thương mại, Dịch vụ phòng, Phù hợp với trẻ em, Nhà hàng, Bếp ở một số phòng, Trung tâm thể dục, Quán bar, Không hút thuốc, ","https://lh5.googleusercontent.com/p/AF1QipN7XrZTCqYdsa7Mf2WkLyslC-1csJR-xAEOuan4, https://lh5.googleusercontent.com/p/AF1QipN-c0FKZDxtgatSw9PzTVKjj8cdiTvu9ASnk0Rn, https://lh5.googleusercontent.com/p/AF1QipNN6j-nFl2uSBcibHUr6LCf94iysWFrWN5jM0nw, https://lh5.googleusercontent.com/p/AF1QipP5v6QEu1nD_jWhiImLvb5p0IySoXGcnnJtPt8N, ",16.07267,108.22429
Gold Plaza Hotel Da Nang,"11 Trần Thị Lý, Hoà Cường Bắc, Hải Châu, Đà Nẵng 550000, Việt Nam","4,5",201,Đà Nẵng,Khách sạn 4 sao,457.009 ₫,Không có giảm giá,"Wi-Fi miễn phí, Đỗ xe miễn phí, Bể bơi, Có điều hòa nhiệt độ, Dịch vụ giặt ủi, Nhà hàng, Bếp ở một số phòng, Xe đưa đón ra sân bay, Spa, ","https://lh5.googleusercontent.com/p/AF1QipNDxxQzJzWBjuCJKI3sAgAnPWCnV7HAY4esnZjC, https://lh5.googleusercontent.com/p/AF1QipMqUyBRVv9qWD9CIcj2MQLB1tUHqH-JYv23BfXb, https://lh5.googleusercontent.com/p/AF1QipPMmkTfueGN7aJO-NCQ1XD_KCvPlMo4_kV8bKE, https://lh5.googleusercontent.com/p/AF1QipNW0j_Qs20XLGGmEzVQgYL9Zop2K_0MSscVe_8-, ",16.04910,108.22133
Khách sạn Estrella,"145 Nguyễn Văn Thoại, An Hải Đông, Sơn Trà, Đà Nẵng 55000, Việt Nam","4,7",361,Đà Nẵng,Khách sạn 4 sao,713.506 ₫,Không có giảm giá,"Wi-Fi miễn phí, Bữa sáng miễn phí, Đỗ xe miễn phí, Bể bơi, Có điều hòa nhiệt độ, Dịch vụ giặt ủi, Nhà hàng, Xe đưa đón ra sân bay, Spa, ","https://lh5.googleusercontent.com/p/AF1QipMB9dQGHNoanoQ0pcCj6oOxiHT72IzEpm_I5Ccb, https://lh5.googleusercontent.com/p/AF1QipOYWIxolM2my4XKpnfTbrk1zsF3l3-NrRqFIzUB, https://lh5.googleusercontent.com/p/AF1QipNx2Kd0PvJxzXNErES_yFxhtgS_xaIdX5hB6qTk, https://lh5.googleusercontent.com/p/AF1QipPhSGgeyivLrns6xTh05lRcj7NlmVcdz9GDDVzL, ",16.05492,108.24097
Wyndham Danang Golden Bay Hotel,"01 Lê Văn Duyệt, Nại Hiên Đông, Sơn Trà, Đà Nẵng 550000, Việt Nam","4,7",7.783,Đà Nẵng,Khách sạn 5 sao,1.321.040 ₫,Không có giảm giá,"Wi-Fi miễn phí, Bữa sáng miễn phí, Đỗ xe miễn phí, Phù hợp cho người khuyết tật, Bể bơi ngoài trời, Có điều hòa nhiệt độ, Dịch vụ giặt ủi, Trung tâm thương mại, Có đường ra bãi biển, Dịch vụ phòng, Phù hợp với trẻ em, Nhà hàng, Xe đưa đón ra sân bay, Bồn tắm nước nóng, Spa, Trung tâm thể dục, Quán bar, ","https://lh5.googleusercontent.com/p/AF1QipPqXawKRXGVyUTw2yC8xm-YTtbeLnwXFFEQ-ui3, https://lh5.googleusercontent.com/p/AF1QipM7uEpexud0K7pzJ0Z0XbeFwyujUWkvB7jyq9LJ, https://lh5.googleusercontent.com/p/AF1QipMkm8qvXH7CXmc4PMeOba-3UCpCRXeZgH-wg-Np, https://lh5.googleusercontent.com/p/AF1QipNBpkvZ45UipEKCDFifWRHdpv7sNvPLVjmuG_NT, ",16.09806,108.22418
Furama Resort Danang,"105 Võ Nguyên Giáp, Khuê Mỹ, Ngũ Hành Sơn, Đà Nẵng 550000, Việt Nam","4,5",4.857,Đà Nẵng,Khách sạn 5 sao,2.997.173 ₫,Không có giảm giá,"Wi-Fi miễn phí, Bữa sáng miễn phí, Đỗ xe miễn phí, Phù hợp cho người khuyết tật, Bể bơi ngoài trời, Có điều hòa nhiệt độ, Dịch vụ giặt ủi, Trung tâm thương mại, Có đường ra bãi biển, Dịch vụ phòng, Phù hợp với trẻ em, Nhà hàng, Xe đưa đón ra sân bay, Bồn tắm nước nóng, Spa, Trung tâm thể dục, Quán bar, ","https://lh5.googleusercontent.com/p/AF1QipPs-TxWLwrEcp9H53IK1TMMbf0AWnzioPmQzNiu, https://lh5.googleusercontent.com/p/AF1QipMIA3KDkzVjmjv8XjgW48XLr5iSWVmgl6LHniD2, https://lh5.googleusercontent.com/p/AF1QipOLGVzruja-DbuJ4JecvMzPs17wJAIFonkcDNdI, https://lh5.googleusercontent.com/p/AF1QipP0xPL0WgHprXSzPU9_2mzzmHZrqA25K_HAfIZW, ",16.03995,108.25107
Santa Luxury Hotel,"09 Đ. Đỗ Bá, Bắc Mỹ Phú, Ngũ Hành Sơn, Đà Nẵng 550000, Việt Nam","4,7",682,Đà Nẵng,Khách sạn 4 sao,592.455 ₫,Không có giảm giá,"Wi-Fi miễn phí, Bữa sáng miễn phí, Đỗ xe miễn phí, Bể bơi, Có điều hòa nhiệt độ, Dịch vụ giặt ủi, Có đường ra bãi biển, Nhà hàng, Xe đưa đón ra sân bay, Spa, ","https://lh5.googleusercontent.com/p/AF1QipOffoRSi2c9rzkIqxwiDcqN0NrmcNVLlPV28G9m, https://lh5.googleusercontent.com/p/AF1QipPytygf1A-N1LfI3MkO5A14Q4xCc97u-3GXU7GA, https://lh5.googleusercontent.com/p/AF1QipNPh3FsRGmGP6u8v6HdzKjH8UzRnCyygxEf4szW, https://lh5.googleusercontent.com/p/AF1QipPSA8npgHXbdl3r_ZXkiOv2pcQaWDArOoUU6WmX, ",16.05178,108.24676
San Marino Boutique DaNang,"163 - 165 Võ Văn Kiệt, An Hải Bắc, Sơn Trà, Đà Nẵng 550000, Việt Nam","4,4",642,Đà Nẵng,Khách sạn 4 sao,621.789 ₫,Không có giảm giá,"Wi-Fi miễn phí, Bữa sáng miễn phí, Đỗ xe miễn phí, Bể bơi, Có điều hòa nhiệt độ, Dịch vụ giặt ủi, Dịch vụ phòng, Phù hợp với trẻ em, Nhà hàng, Xe đưa đón ra sân bay, Spa, Trung tâm thể dục, Quán bar, ","https://lh5.googleusercontent.com/p/AF1QipNg931K8yN9zL0-1q2bhemCtcL65aRm2-eF-sL6, https://lh5.googleusercontent.com/p/AF1QipMguRzRyBizpFvwKIabOd9WUBkEekbYJ5VU472j, https://lh5.googleusercontent.com/p/AF1QipM8lEI15eydekv84es3lkv4uZVYxJR647WFqWQO, https://lh5.googleusercontent.com/p/AF1QipP2Q_hPm_F4Ip1EUEIp9Pc3wNIhzNtw2dW_W1my, ",16.06166,108.23764
Balcona Hotel & Spa,"288 Võ Nguyên Giáp, Bắc Mỹ An, Ngũ Hành Sơn, Đà Nẵng 550000, Việt Nam","4,1",950,Đà Nẵng,Khách sạn 4 sao,857.474 ₫,Không có giảm giá,"Wi-Fi miễn phí, Bữa sáng miễn phí, Đỗ xe miễn phí, Bể bơi, Có điều hòa nhiệt độ, Dịch vụ giặt ủi, Có đường ra bãi biển, Dịch vụ phòng, Phù hợp với trẻ em, Nhà hàng, Xe đưa đón ra sân bay, Bồn tắm nước nóng, Spa, Trung tâm thể dục, ","https://lh5.googleusercontent.com/p/AF1QipNK6mfGavH_1Au4hJOpKftXUH64ETiDbWI-CX4r, https://lh5.googleusercontent.com/p/AF1QipNivIBPs28orzZhB-iftivHYgiT59LmWoaKwjYj, https://lh5.googleusercontent.com/p/AF1QipNRh_TjWhNR5s7NsShMTDmvDrj28VszoqZasIf0, https://lh5.googleusercontent.com/p/AF1QipMWdPvu_kJUQjoVixSniNf7Y6qMKgkqfaBvBB-W, ",16.05158,108.24809
Khách Sạn New World Huế,"28 Kiệt 56 Nguyễn Công Trứ tổ 15, Phú Hội, Huế, Thừa Thiên Huế 49000, Việt Nam","4,7",209,Thừa Thiên Huế,Khách sạn 1 sao,292.498 ₫,Không có giảm giá,"Wi-Fi miễn phí, Đỗ xe miễn phí, Bể bơi, Có điều hòa nhiệt độ, Dịch vụ giặt ủi, Bếp ở một số phòng, Xe đưa đón ra sân bay, ","https://lh5.googleusercontent.com/p/AF1QipOKQvgiuvUlxbpR4er6oLbZTssm9duridGPNJaq, https://lh5.googleusercontent.com/p/AF1QipMvP7O1gyLiDnkr9pB6lDvKW3hqsC3-za-mWQfR, https://lh5.googleusercontent.com/p/AF1QipN8pa4mApbmQ65B1oZXXk1esoRL_A6f-w8rqDy-, https://lh5.googleusercontent.com/p/AF1QipOvQ954Qi5Im9lAXYxhnC39-DczhQ5Lptp0oROD, ",16.46946,107.59769
Gold Hotel Huế,"28 Bà Triệu, tổ 16, Huế, Thừa Thiên Huế 53000, Việt Nam","3,9",736,Thừa Thiên Huế,Khách sạn 3 sao,270.000 ₫,Ít hơn 30% so với bình thường,"Wi-Fi miễn phí, Bữa sáng miễn phí, Bãi đỗ xe, Bể bơi, Có điều hòa nhiệt độ, Dịch vụ giặt ủi, Dịch vụ phòng, Phù hợp với trẻ em, Nhà hàng, Xe đưa đón ra sân bay, Spa, Trung tâm thể dục, ","https://lh5.googleusercontent.com/p/AF1QipNXIHzgxK778TaSnzeyvOh0they9yE6a2lSI55t, https://lh5.googleusercontent.com/p/AF1QipOtqW0rgTP7sUxqPSSxnUMw3CsCs0SgJ5Al9UiG, https://lh5.googleusercontent.com/p/AF1QipOHHAER7VdId2hBbtbE97vFSkJeZWidLnKZr5jt, https://lh5.googleusercontent.com/p/AF1QipOQDwwbRNfC7MnL0KoWAxZIuJv0ZcOP8Z6SOcf1, ",16.46875,107.59867
Nice Hue Hotel,"27 Hai Bà Trưng, Vĩnh Ninh, Huế, Thừa Thiên Huế 530000, Việt Nam","4,3",233,Thừa Thiên Huế,Khách sạn 3 sao,354.129 ₫,Ít hơn 40% so với bình thường,"Wi-Fi miễn phí, Đỗ xe miễn phí, Có điều hòa nhiệt độ, Dịch vụ giặt ủi, Phù hợp với trẻ em, Nhà hàng, Xe đưa đón ra sân bay, ","https://lh5.googleusercontent.com/p/AF1QipNlYogYKgq2yUxb32u0fgCMfw65hYiSzpRgJfAB, https://lh5.googleusercontent.com/p/AF1QipOaNaaPOtBcH27eMJtZcw55pmVvh3gFHUXQll0j, https://lh5.googleusercontent.com/p/AF1QipPuPOwxBHhrJ8AgD2AK12upi5LLkuymQI5zESfu, https://lh5.googleusercontent.com/p/AF1QipMCst3Tvgs6mEL0mMFDAbqtkKGip6NFWwIum3pD, ",16.46068,107.58935
Kha Hostel Hue,"29 Võ Thị Sáu, Phú Hội, Huế, Thừa Thiên Huế 530000, Việt Nam","4,7",127,Thừa Thiên Huế,Khách sạn 2 sao,228.160 ₫,Không có giảm giá,"Wi-Fi miễn phí, Bữa sáng miễn phí, Có điều hòa nhiệt độ, Dịch vụ giặt ủi, Phù hợp với trẻ em, Nhà hàng, Xe đưa đón ra sân bay, ","https://lh5.googleusercontent.com/p/AF1QipNKI47YBgPNK09ANqjoFRMnXvv5ON7kSnr93Vfq, https://lh5.googleusercontent.com/p/AF1QipPHLvoEsWLVPv8OJemIy6axbW7PNbMu-Y200XZH, https://lh5.googleusercontent.com/p/AF1QipOpPWD6gjjSyTqKHX0C0oIh-u8o4q7tbBK5BPuN, https://lh5.googleusercontent.com/p/AF1QipPi-DWb3ZqFWrSKZmObY9yl1qvOqj8aZM7Mcd35, ",16.46903,107.59540
Mega View Homestay HUẾ,"41/3b Lê Quý Đôn, Phú Nhuận, Huế, Thừa Thiên Huế, Việt Nam","4,4",7,Thừa Thiên Huế,Khách sạn,299.000 ₫,Không có giảm giá,,"https://lh5.googleusercontent.com/p/AF1QipOW2E7l0CxgCtMxO2aBgqFrPIJ7v2rQSKO4raqq, https://lh5.googleusercontent.com/p/AF1QipMtrEpXBooy7azMe_E3p8nVaZLJjjj7kuPoT7Yz, https://lh5.googleusercontent.com/p/AF1QipOoTsnM8yKkT3Ia6d88WS1hB-Rk5FLVrotYDY6o, https://lh5.googleusercontent.com/p/AF1QipOEJR-j5zhEuAsP7ZOs-EEHYXGx53Nn--xuAIOG, ",16.46585,107.59845
Soleil Boutique Homestay,"46 Lê Duẩn, Phú Hoà, Huế, Thừa Thiên Huế 530000, Việt Nam","4,8",283,Thừa Thiên Huế,Khách sạn,520.000 ₫,Không có giảm giá,"Wi-Fi miễn phí, Bữa sáng miễn phí, Đỗ xe miễn phí, Có điều hòa nhiệt độ, Dịch vụ giặt ủi, Nhà hàng, Xe đưa đón ra sân bay, ","https://lh5.googleusercontent.com/p/AF1QipNdZQldlPwoOjIXtiLzv3Kgdz068VHXGfT1rjlc, https://lh5.googleusercontent.com/p/AF1QipN4bys7COoptY-YL9ZS9k-5n3CdW8O9FCtQVpv5, https://lh5.googleusercontent.com/p/AF1QipOdeG3N7qFvGH-QNAgP2YWL3MAhiqLsuzAfHL8_, https://lh5.googleusercontent.com/p/AF1QipNcq28T_AXsKQi_ErGFQXBOMaOuMr8EBWth7sb0, ",16.46755,107.58325
Moon Homestay Huế Điện Biên Phủ,"15/293 Điện Biên Phủ, Trường An, Huế, Thừa Thiên Huế, Việt Nam","5,0",6,Thừa Thiên Huế,Khách sạn,366.584 ₫,Không có giảm giá,,"https://lh5.googleusercontent.com/p/AF1QipNAG2N-fWUGO9wW9nNYgvKegwzrrm_8ltMyVX0k, https://lh5.googleusercontent.com/p/AF1QipNfNGlQg45lyHxNpL0QYe4GHaMubsjafAeewSUr, https://lh5.googleusercontent.com/p/AF1QipNmllsvTWGtlqsvWUmPEX3uKq6nqRcBjt99Xe8v, https://lh5.googleusercontent.com/p/AF1QipNZ4PClG2FrtuUYMr5J5J36H3B77tWEXSm21PeD, ",16.44403,107.58255
Hue Orchid Riverside Villa,"149 Hàn Mặc Tử, Vỹ Dạ, Huế, Thừa Thiên Huế 53000, Việt Nam","4,7",140,Thừa Thiên Huế,Khách sạn 2 sao,227.167 ₫,Không có giảm giá,"Wi-Fi miễn phí, Đỗ xe miễn phí, Bể bơi, Có điều hòa nhiệt độ, Dịch vụ giặt ủi, Nhà hàng, Xe đưa đón ra sân bay, ","https://lh5.googleusercontent.com/p/AF1QipNLsxJF132UGwpIqsomY3ylf1-bXo3JaIpwqlZE, https://lh5.googleusercontent.com/p/AF1QipPz82nrHAV4bBrReaIL3CafpDMyBtCZLys2XiPX, https://lh5.googleusercontent.com/p/AF1QipOMJhCur_uTw9UgjWpXJI-yM2vnxa32GrmfozRk, https://lh5.googleusercontent.com/p/AF1QipPSSlgiXAHrcSGl8KikKWOvVfgiDH2PItmp38lR, ",16.47214,107.60483
Nai Homestay Huế,"174 Phan Chu Trinh, Phước Vĩnh, Huế, Thừa Thiên Huế 530000, Việt Nam","5,0",37,Thừa Thiên Huế,Khách sạn,384.000 ₫,Ít hơn 24% so với bình thường,"Wi-Fi miễn phí, Đỗ xe miễn phí, Có điều hòa nhiệt độ, Dịch vụ giặt ủi, Bếp ở một số phòng, Xe đưa đón ra sân bay, ","https://lh5.googleusercontent.com/p/AF1QipPSshxG8mlDVZsPHJKMwuChjW7c3nbbN_NH8TMZ, https://lh5.googleusercontent.com/p/AF1QipNmlsdtL3KkqomPmfVxqhXpFloqDOw7MGlcHJME, https://lh5.googleusercontent.com/p/AF1QipPHyjCWjSYcm-2ylcIrS8mR5qtbSyS0qT3lm-8, https://lh5.googleusercontent.com/p/AF1QipM7p6kTRhYwHDLU-Wbyf2GJiCM8f-AoWNgHtbJt, ",16.45591,107.58860
Hotel La Perle Hue,"24 Kiệt 42 Nguyễn Công Trứ, Phú Hội, Huế, Thừa Thiên Huế 530000, Việt Nam","4,8",736,Thừa Thiên Huế,Khách sạn 3 sao,325.632 ₫,Không có giảm giá,"Wi-Fi miễn phí, Bữa sáng miễn phí, Có điều hòa nhiệt độ, Dịch vụ giặt ủi, Dịch vụ phòng, Phù hợp với trẻ em, Nhà hàng, Xe đưa đón ra sân bay, Quán bar, Không hút thuốc, ","https://lh5.googleusercontent.com/p/AF1QipNW-FzH_N8leFPSvnh_7AdcH6R4WIG0o5GsIpxK, https://lh5.googleusercontent.com/p/AF1QipPpbruLF2xDqD0b-rhfbTyEZlyvVsfIkurBVt-L, https://lh5.googleusercontent.com/p/AF1QipPewNF_xDBfkLgwfMssZTDgeusUZhrSyWVgrd-s, https://lh5.googleusercontent.com/p/AF1QipMs4S4lFm4H7IsQaqfoElSAIWxi4KcV_ueBLEIK, ",16.46994,107.59702
Pisces Hotel Huế,"Kiệt 07 Nguyễn Công Trứ, Phú Hội, Huế, Thừa Thiên Huế 530000, Việt Nam","4,5",90,Thừa Thiên Huế,Khách sạn,456.418 ₫,Không có giảm giá,,"https://lh5.googleusercontent.com/p/AF1QipMD-cSj6ahPbyzgMYFLEVMwytaqoskkDLwBAiPM, https://lh5.googleusercontent.com/p/AF1QipM4P9FH0-Su_SqAcjVcifs-6ZfID_Cs7jWeNe8Q, https://lh5.googleusercontent.com/p/AF1QipMVFc1zxeBM29Knj4u7l2CXgiDOyBVIhlCePAAB, https://lh5.googleusercontent.com/p/AF1QipPCxFvWIXKvpBlbJZvAUSDEHs4gYIBZmIEU4snu, ",16.47230,107.59610
Ourhome Homestay Huế,"62 Tố Hữu, Xuân Phú, C12A, đường số 2, The Manor Crown, Huế, Thừa Thiên Huế 49000, Việt Nam","4,9",15,Thừa Thiên Huế,Khách sạn,398.000 ₫,Không có giảm giá,,"https://lh5.googleusercontent.com/p/AF1QipOgskS33SVfZbkduE1zXCRkWyAjCNmqBppjH5xm, https://lh5.googleusercontent.com/p/AF1QipPCXoAClfGUDsVCvEnG1mwEpx754WKmoMNcIoKH, https://lh5.googleusercontent.com/p/AF1QipNfoL72t-pFCJcQJ3Azp-RSsOQEKFFvXzF6wEpa, https://lh5.googleusercontent.com/p/AF1QipNfoL72t-pFCJcQJ3Azp-RSsOQEKFFvXzF6wEpa, ",16.46294,107.60821
Amy Hotel And Apartment Huế,"43A Kiệt 42 Nguyễn Công Trứ, Phú Hội, Huế, Thừa Thiên Huế, Việt Nam","4,7",55,Thừa Thiên Huế,Khách sạn,442.914 ₫,Ít hơn 23% so với bình thường,"Wi-Fi miễn phí, Có điều hòa nhiệt độ, Dịch vụ giặt ủi, Chấp nhận vật nuôi, Nhà hàng, Bếp ở một số phòng, Xe đưa đón ra sân bay, Không hút thuốc, ","https://lh5.googleusercontent.com/p/AF1QipMa8A5nHR2sgfFXaSKqxrmc8HMQwAYNSs32iJoi, https://lh5.googleusercontent.com/p/AF1QipPk_pWk-Dr9M64whs8KoYE9mMV1XgNSi0lelDC7, https://lh5.googleusercontent.com/p/AF1QipP_NTGBoopDPpbq3UOf9XHb8A_Bjzlromu3mqz2, https://lh5.googleusercontent.com/p/AF1QipOlfM18OSbZgChgm-MuLIJrc4rYa_qgwWsDpYFN, ",16.46912,107.59698
Hue Crown Boutique Hotel,"Adjacent House 12B, The Manor Crown Area, Thừa Thiên Huế 49000, Việt Nam","3,9",50,Thừa Thiên Huế,Khách sạn 3 sao,454.348 ₫,Không có giảm giá,"Wi-Fi miễn phí, Đỗ xe miễn phí, Có điều hòa nhiệt độ, Dịch vụ giặt ủi, Bếp ở một số phòng, Xe đưa đón ra sân bay, ","https://lh5.googleusercontent.com/p/AF1QipM_r1s3uWjVLVPBt5JJT-j9MRvovAiNDCA7eQFU, https://lh5.googleusercontent.com/p/AF1QipO9KDG2thp7QE6in1I7gkHqe385i_VL2XvBdoRb, https://lh5.googleusercontent.com/p/AF1QipOBdfna1-_gCNv15MLIkKGkLh8eHg9r0T1YQthr, https://lh5.googleusercontent.com/p/AF1QipMmfpIjAbjlwY9n0tdpYeIvtoDD84ZBKy5S1tYT, ",16.46293,107.60720
Là Nhà Homestay Huế,"4b Kim Long, Huế, Thừa Thiên Huế, Việt Nam","4,6",68,Thừa Thiên Huế,Khách sạn,366.524 ₫,Không có giảm giá,"Wi-Fi miễn phí, Đỗ xe miễn phí, Có điều hòa nhiệt độ, Dịch vụ giặt ủi, Không hút thuốc, ","https://lh5.googleusercontent.com/p/AF1QipMHLMTtRjCcQYoBooUIkZ1qdWVYtz2ZxCqLFow1, https://lh5.googleusercontent.com/p/AF1QipObdMHC93dWETEKPzv7vPdjg6Oa-RmaFU9gjEaD, https://lh5.googleusercontent.com/p/AF1QipM3_nYIkeYCjJoxFJXRJGNyXgt8ii1YL_kq0B_c, https://lh5.googleusercontent.com/p/AF1QipNmury4vxaKVuOEB4eaPOorFwA5iMVLuihoOkRz, ",16.46057,107.56883
Hue Ecolodge,"02 Lương Quán, Thủy Biều, Huế, Thừa Thiên Huế, Việt Nam","4,2",411,Thừa Thiên Huế,Khách sạn 3 sao,527.000 ₫,Ít hơn 51% so với bình thường,"Wi-Fi miễn phí, Bữa sáng miễn phí, Đỗ xe miễn phí, Bể bơi ngoài trời, Có điều hòa nhiệt độ, Dịch vụ giặt ủi, Phù hợp với trẻ em, Nhà hàng, Xe đưa đón ra sân bay, Bồn tắm nước nóng, Spa, Quán bar, Không hút thuốc, ","https://lh5.googleusercontent.com/p/AF1QipMbUS_UCr-5gBBxK5BahUFlw7DeWHHPZBoEd0my, https://lh5.googleusercontent.com/p/AF1QipMinUC3atyFbBiRBBa7dvia_RAbR0iulwJKYQPK, https://lh5.googleusercontent.com/p/AF1QipO-f_Bosovp9YYZbvoEbWJdlvE292IxNQLeXXoK, https://lh5.googleusercontent.com/p/AF1QipOndg1IaXlMaTdmTqXmutOdaQE4vn2nNGbCUvmW, ",16.43856,107.53524
Khách Sạn Đức Lộc,"147 Nguyễn Sinh Cung, Vỹ Dạ, Huế, Thừa Thiên Huế, Việt Nam","4,6",304,Thừa Thiên Huế,Khách sạn,222.355 ₫,Không có giảm giá,"Wi-Fi miễn phí, Đỗ xe miễn phí, Phù hợp cho người khuyết tật, Có điều hòa nhiệt độ, Dịch vụ giặt ủi, Dịch vụ phòng, Bếp ở một số phòng, Xe đưa đón ra sân bay, Bồn tắm nước nóng, ","https://lh5.googleusercontent.com/p/AF1QipPdhxbbtJg6e7t1g27hu7w6C4sSrPYYSW3JC5YS, https://lh5.googleusercontent.com/p/AF1QipOOA45SfdkFBd0HlsTTULsEDwpf383c8Xk2mf_p, https://lh5.googleusercontent.com/p/AF1QipOfbagqtCNbqHTV_xs2tRDpEhwfMjLmVoYbIIkL, https://lh5.googleusercontent.com/p/AF1QipPQ338z5SflfjOTdxwywINyGQcFpSu0HWG3412i, ",16.48140,107.59595
Perfume Homestay - 66 Đào Tấn Huế,"66 Đào Tấn, Phước Vĩnh, Huế, Thừa Thiên Huế 49000, Việt Nam","5,0",31,Thừa Thiên Huế,Khách sạn,297.616 ₫,Không có giảm giá,,"https://lh5.googleusercontent.com/p/AF1QipPWY9mprGwC6xj3zhBWxUtYEZAee_OhXwXgJEAp, https://lh5.googleusercontent.com/p/AF1QipOZz3JQEDvVqHmNvfHOw-1nygpRLpGlz_CJ8HOx, https://lh5.googleusercontent.com/p/AF1QipO2j-Ypj6hOg_BaqfZ9XRR4hq9bgJ2ja9iUloeC, https://lh5.googleusercontent.com/p/AF1QipMeuqGeQml_6imZiz04PiF-FG6wEBqwrhKhrvRE, ",16.44581,107.58759
Nhà nghỉ Cảnh Dương,"Thôn, Cảnh Dương, Phú Lộc, Thừa Thiên Huế, Việt Nam","4,7",155,Thừa Thiên Huế,Khách sạn,202.580 ₫,Không có giảm giá,"Wi-Fi miễn phí, Đỗ xe miễn phí, Có điều hòa nhiệt độ, Dịch vụ giặt ủi, Có đường ra bãi biển, Phù hợp với trẻ em, Nhà hàng, Xe đưa đón ra sân bay, ","https://lh5.googleusercontent.com/p/AF1QipNB5--wl4jto3e7MtoVtsT8QipyACA4kNUhjuHB, https://lh5.googleusercontent.com/p/AF1QipMyJV9IvCgUJhUXoVZ1ikA_RBCMCanZxr5BjeW2, https://lh5.googleusercontent.com/p/AF1QipOtWunE2EiR78aRggMGHGNNpZhohrsUKAG8FTqo, https://lh5.googleusercontent.com/p/AF1QipP5iEyr9zAQJ_s6Wfwpv_yBxXDlJ7s8flL2ymC-, ",16.31492,107.98045
Boutique Huế K L Y,"15 B Phạm Ngũ Lão, Phú Hội, Huế, Thừa Thiên Huế 49000, Việt Nam","3,9",8,Thừa Thiên Huế,Khách sạn,451.269 ₫,Ít hơn 69% so với bình thường,,"https://lh5.googleusercontent.com/p/AF1QipPOOr2-_s5LtxidWdb3TwI87H8jN6W_37Oj-IfM, https://lh5.googleusercontent.com/p/AF1QipO5-LUw_Qr3uXN4M3b4LAgpIbJcj-7OYx0unWKX, https://lh5.googleusercontent.com/p/AF1QipPOOr2-_s5LtxidWdb3TwI87H8jN6W_37Oj-IfM, https://lh5.googleusercontent.com/p/AF1QipO5-LUw_Qr3uXN4M3b4LAgpIbJcj-7OYx0unWKX, ",16.46926,107.59471
Kly Boutique Hotel,"15A Phạm Ngũ Lão, Phú Hội, Huế, Thừa Thiên Huế 49000, Việt Nam","4,0",31,Thừa Thiên Huế,Khách sạn,289.954 ₫,Ít hơn 36% so với bình thường,,"https://lh5.googleusercontent.com/p/AF1QipMlmVvfGQuXKRmDMNWGlgesOhV_cDVSZuNR09ZR, https://lh5.googleusercontent.com/p/AF1QipN8WrOOI0WO0cslF1wT9kTfw9hHybpfTwv0KvUc, https://lh5.googleusercontent.com/p/AF1QipPnnL-LGe-vPdEGxAKI2AovpwzslfOO5il-wdC6, https://lh5.googleusercontent.com/p/AF1QipOCQktgGuDZbYB65-m4cF9gSTPPjOhXMmc2O2nN, ",16.46926,107.59471
Nai Homestay Huế,"174 Phan Chu Trinh, Phước Vĩnh, Huế, Thừa Thiên Huế 530000, Việt Nam","5,0",37,Thừa Thiên Huế,Khách sạn,384.000 ₫,Ít hơn 24% so với bình thường,"Wi-Fi miễn phí, Đỗ xe miễn phí, Có điều hòa nhiệt độ, Dịch vụ giặt ủi, Bếp ở một số phòng, Xe đưa đón ra sân bay, ","https://lh5.googleusercontent.com/p/AF1QipPSshxG8mlDVZsPHJKMwuChjW7c3nbbN_NH8TMZ, https://lh5.googleusercontent.com/p/AF1QipNmlsdtL3KkqomPmfVxqhXpFloqDOw7MGlcHJME, https://lh5.googleusercontent.com/p/AF1QipPHyjCWjSYcm-2ylcIrS8mR5qtbSyS0qT3lm-8, https://lh5.googleusercontent.com/p/AF1QipM7p6kTRhYwHDLU-Wbyf2GJiCM8f-AoWNgHtbJt, ",16.45591,107.58860
Boutique Huế K L Y,"15 B Phạm Ngũ Lão, Phú Hội, Huế, Thừa Thiên Huế 49000, Việt Nam","3,9",8,Thừa Thiên Huế,Khách sạn,451.269 ₫,Ít hơn 69% so với bình thường,,"https://lh5.googleusercontent.com/p/AF1QipPOOr2-_s5LtxidWdb3TwI87H8jN6W_37Oj-IfM, https://lh5.googleusercontent.com/p/AF1QipO5-LUw_Qr3uXN4M3b4LAgpIbJcj-7OYx0unWKX, https://lh5.googleusercontent.com/p/AF1QipPOOr2-_s5LtxidWdb3TwI87H8jN6W_37Oj-IfM, https://lh5.googleusercontent.com/p/AF1QipO5-LUw_Qr3uXN4M3b4LAgpIbJcj-7OYx0unWKX, ",16.46926,107.59471
Hue Ecolodge,"02 Lương Quán, Thủy Biều, Huế, Thừa Thiên Huế, Việt Nam","4,2",411,Thừa Thiên Huế,Khách sạn 3 sao,527.000 ₫,Ít hơn 51% so với bình thường,"Wi-Fi miễn phí, Bữa sáng miễn phí, Đỗ xe miễn phí, Bể bơi ngoài trời, Có điều hòa nhiệt độ, Dịch vụ giặt ủi, Phù hợp với trẻ em, Nhà hàng, Xe đưa đón ra sân bay, Bồn tắm nước nóng, Spa, Quán bar, Không hút thuốc, ","https://lh5.googleusercontent.com/p/AF1QipMbUS_UCr-5gBBxK5BahUFlw7DeWHHPZBoEd0my, https://lh5.googleusercontent.com/p/AF1QipMinUC3atyFbBiRBBa7dvia_RAbR0iulwJKYQPK, https://lh5.googleusercontent.com/p/AF1QipO-f_Bosovp9YYZbvoEbWJdlvE292IxNQLeXXoK, https://lh5.googleusercontent.com/p/AF1QipOndg1IaXlMaTdmTqXmutOdaQE4vn2nNGbCUvmW, ",16.43856,107.53524
Khách sạn Hồng Thăng,"1A Phan Văn Trường, Vỹ Dạ, Huế, Thừa Thiên Huế, Việt Nam","3,3",125,Thừa Thiên Huế,Khách sạn 2 sao,244.481 ₫,Không có giảm giá,"Wi-Fi miễn phí, Đỗ xe miễn phí, Có điều hòa nhiệt độ, Dịch vụ giặt ủi, Chấp nhận vật nuôi, Phù hợp với trẻ em, Nhà hàng, Xe đưa đón ra sân bay, ","https://lh5.googleusercontent.com/p/AF1QipNzUQK_4sIUMuf-BVfDCPyJPjjUUDFu32QyswsR, https://lh5.googleusercontent.com/p/AF1QipNpXmAqHkpspiuL4PKWoQ0U2nsRhIs7lIX57WBH, https://lh5.googleusercontent.com/p/AF1QipO6zFMwH7iK2HzMdveKtkfF3pJlqsu1IRrHBVdh, https://lh5.googleusercontent.com/p/AF1QipN1R6KiKB6xgYPLqH7S2sBdNTA7SYmwbW3VW5pI, ",16.47340,107.60033
Trầm Homestay,"30 Đ. Mai Khắc Đôn, Kim Long, Huế, Thừa Thiên Huế 70000, Việt Nam","4,6",148,Thừa Thiên Huế,Khách sạn,153.652 ₫,Ít hơn 17% so với bình thường,"Wi-Fi miễn phí, Đỗ xe miễn phí, Dịch vụ giặt ủi, ","https://lh5.googleusercontent.com/p/AF1QipNbMU4z4VAsOOf6hRvkLot3YfhnhpjDKFpFb7Ri, https://lh5.googleusercontent.com/p/AF1QipM801MBeB6H2lxyN3kPUNnMBqr09fhMlMs1j-ma, https://lh5.googleusercontent.com/p/AF1QipPX7kCFpAMsIamUEstdOXrGWMWHJQJTcsqzqav4, https://lh5.googleusercontent.com/p/AF1QipP5BiFzwyQKxG1mAm7Djtz1QCR3PvfRRi8ncDRF, ",16.46797,107.56090
Shine Homestay - Homestay ở Huế,"6/27 Nguyễn Sinh Cung, Vỹ Dạ, Huế, Thừa Thiên Huế, Việt Nam","2,8",76,Thừa Thiên Huế,Khách sạn,212.895 ₫,Không có giảm giá,"Wi-Fi miễn phí, Có điều hòa nhiệt độ, Dịch vụ giặt ủi, Chấp nhận vật nuôi, Nhà hàng, Xe đưa đón ra sân bay, ","https://lh5.googleusercontent.com/p/AF1QipNdQ8mq78oHXWXqqNydf5i1L59t3b12ecFMhatB, https://lh5.googleusercontent.com/p/AF1QipMJc1LMA0wecl5yUtemy-FOqoK7L92xkCjz2-96, https://lh5.googleusercontent.com/p/AF1QipPROTW0d7fWvYDrd8FGUpDCajVqtkSXRslyQYsR, https://lh5.googleusercontent.com/p/AF1QipMe_1wEj9pahf2Ghp_A0cd3IjMMtDwSpg1Kcp6s, ",16.47552,107.59489
Khách sạn AD41 Huế,"38 Trần Cao Vân, Phú Hội, Huế, Thừa Thiên Huế 520000, Việt Nam","4,2",214,Thừa Thiên Huế,Khách sạn,461.500 ₫,Không có giảm giá,"Wi-Fi miễn phí, Bữa sáng miễn phí, Đỗ xe miễn phí, Phù hợp cho người khuyết tật, Có điều hòa nhiệt độ, Dịch vụ giặt ủi, Trung tâm thương mại, Chấp nhận vật nuôi, Dịch vụ phòng, Nhà hàng, Xe đưa đón ra sân bay, Trung tâm thể dục, Sân gôn, Quán bar, Không hút thuốc, ","https://lh5.googleusercontent.com/p/AF1QipMimrO-X6NX3EX5YhOzPkXDmextO6NHb3oJI_kJ, https://lh5.googleusercontent.com/p/AF1QipOBEKo6JO9m0I0IFc7iyEzAFC-MZBAb1aO8BMB6, https://lh5.googleusercontent.com/p/AF1QipPBdZ2ft39jEEJf8IcG8KzNi1gIp9DsOV-K-c4-, https://lh5.googleusercontent.com/p/AF1QipNunbD2Ffib_8sRebAZh51rYQYLMdWFBwQXku5p, ",16.46616,107.59277
Hue House Stay,"Số 18, Đường số 12, khu ĐTM An Cựu, Tp. Huế, Thừa Thiên Huế 530000, Việt Nam","4,9",17,Thừa Thiên Huế,Khách sạn,300.000 ₫,Ít hơn 16% so với bình thường,,"https://lh5.googleusercontent.com/p/AF1QipNuzOvROz2KRJe5DZczQF6sYLEaxHew7OFDGmDE, https://lh5.googleusercontent.com/p/AF1QipMFgXYoAsKQ0uQorNXGZsaJ12jL3EgfOQRxnZoM, https://lh5.googleusercontent.com/p/AF1QipM-IzR7aPhX-f6ad70ayNqyLaCykjOcB598rykn, https://lh5.googleusercontent.com/p/AF1QipN-M-7dLH2dmwLo2E26vO4rWycI2F6MsvybSou_, ",16.45483,107.61209
Trường Tiền Hotel,"59 Bến Nghé, Phú Hội, Huế, Thừa Thiên Huế, Việt Nam","4,6",63,Thừa Thiên Huế,Khách sạn,499.013 ₫,Không có giảm giá,"Wi-Fi miễn phí, Đỗ xe miễn phí, Dịch vụ giặt ủi, Bếp ở một số phòng, ","https://lh5.googleusercontent.com/p/AF1QipNp9ypKOXpX80JocMK-ItxEBvTqdfe09OLAt2aE, https://lh5.googleusercontent.com/p/AF1QipOEofIVGum99YmtpfTYHihdc39VMWXBqJqN2iBH, https://lh5.googleusercontent.com/p/AF1QipPrVT-bb45dDPjmx_DpewVn2IvXZcIwLdpXVf5E, https://lh5.googleusercontent.com/p/AF1QipM0HtkDlU1FCGZLBk0h-f57RaYEg7dZzTEWWK8b, ",16.46524,107.59479
Golden Inn Hotel,"6 Trần Anh Liên, An Đông, Huế, Thừa Thiên Huế 52000, Việt Nam","4,7",47,Thừa Thiên Huế,Khách sạn,370.139 ₫,Không có giảm giá,"Wi-Fi miễn phí, Đỗ xe miễn phí, Có điều hòa nhiệt độ, Dịch vụ giặt ủi, Phù hợp với trẻ em, Xe đưa đón ra sân bay, ","https://lh5.googleusercontent.com/p/AF1QipMxjUWvWNi0_nrQEvXOyK0P6NEdEoc3x2xUemme, https://lh5.googleusercontent.com/p/AF1QipOjkvHQvDUPigg1wGf0fELzVSXg8Fs47TOXfkPY, https://lh5.googleusercontent.com/p/AF1QipPrcHQTNwWh1ROvJoJmoKGbXe1nvWAf_TnUpfF_, https://lh5.googleusercontent.com/p/AF1QipNfneLTnFJ5NDl_AqxRwoo9tG8E_0QfGn2RbX2o, ",16.46180,107.60403
Gardenia Hue Hotel,"91 Võ Thị Sáu, Phú Hội, Huế, Thừa Thiên Huế 530000, Việt Nam","4,3",150,Thừa Thiên Huế,Khách sạn 3 sao,474.739 ₫,Không có giảm giá,"Wi-Fi miễn phí, Bữa sáng miễn phí, Có điều hòa nhiệt độ, Dịch vụ giặt ủi, Dịch vụ phòng, Phù hợp với trẻ em, Nhà hàng, Xe đưa đón ra sân bay, ","https://lh5.googleusercontent.com/p/AF1QipPhMt5uszku8jg0ZIfeFQyv2sJH7Mm8xyS4ibk0, https://lh5.googleusercontent.com/p/AF1QipND_94rR4Rf9NdkAVD1pP3mW4VDqkzKIJ5DK6ax, https://lh5.googleusercontent.com/p/AF1QipOUO55CuzNTUKtph7MUzMNvdxae4ingx1ww8QeX, https://lh5.googleusercontent.com/p/AF1QipMkAYyN_8GYkxebzoWL3ykRMOUnbR4XSb6FDyqm, ",16.47148,107.59629
Hue House,"Nhà S9, Đ. Số 16, An Đông, Huế, Thừa Thiên Huế 49000, Việt Nam","5,0",20,Thừa Thiên Huế,Khách sạn,300.000 ₫,Không có giảm giá,,"https://lh5.googleusercontent.com/p/AF1QipPbEKG60-HEHR7uZKX615twT8-yPlTTBa_67fTs, https://lh5.googleusercontent.com/p/AF1QipNdoUcW_WBnOmt7uPlpai5CPP8gxt7D8-b_IXOl, https://lh5.googleusercontent.com/p/AF1QipPbEKG60-HEHR7uZKX615twT8-yPlTTBa_67fTs, https://lh5.googleusercontent.com/p/AF1QipMqbOpGAZkbMP2Rgv1CUAta79hO4stR4olgzCDa, ",16.45421,107.61126
Amigo Hue Hotel,"66/3 Lê Lợi, Phú Hội, Huế, Thừa Thiên Huế, Việt Nam","4,4",39,Thừa Thiên Huế,Khách sạn,223.399 ₫,Ít hơn 24% so với bình thường,"Wi-Fi miễn phí, Bữa sáng miễn phí, Có điều hòa nhiệt độ, Dịch vụ giặt ủi, Nhà hàng, Bếp ở một số phòng, Xe đưa đón ra sân bay, ","https://lh5.googleusercontent.com/p/AF1QipP3jocjY1E45HH4aUoCWa1M20t7Q4OKJuVQfyfD, https://lh5.googleusercontent.com/p/AF1QipPDDp04JSBL4cD_Hd5V3w5xt2ebMkia0eUiD1wU, https://lh5.googleusercontent.com/p/AF1QipNwZIk7dxQh2BdTI0U2tYMWjzqYretHIGvXwAIU, https://lh5.googleusercontent.com/p/AF1QipP4eAtnQcr2ecJO7L08hSyF35RXL38_jQKnuZ_U, ",16.47029,107.59437
Khách Sạn Thân Thiện,"10 Nguyễn Công Trứ, Phú Hội, Huế, Thừa Thiên Huế, Việt Nam","4,2",231,Thừa Thiên Huế,Khách sạn 2 sao,404.800 ₫,Không có giảm giá,"Wi-Fi miễn phí, Bữa sáng miễn phí, Có điều hòa nhiệt độ, Dịch vụ giặt ủi, Phù hợp với trẻ em, Nhà hàng, Xe đưa đón ra sân bay, ","https://lh5.googleusercontent.com/p/AF1QipPElkD_FICeiiRecKawfN8IxD7F5VBqbPgdenY4, https://lh5.googleusercontent.com/p/AF1QipOgAVX7PmvBzaM5I0hW3UyX7oCfnrJH4NVClLmG, https://lh5.googleusercontent.com/p/AF1QipNzXYM7xSfBtEWTpzueX5O8U1wB92cHp_lLlHFs, https://lh5.googleusercontent.com/p/AF1QipNRvicUfTgADfYfTdU5i64izcnRM1d33xuFtNr9, ",16.47194,107.59537
Tò Vò Hostel - Huế,"31A Trần Quang Khải, Phú Hội, Huế, Thừa Thiên Huế 530000, Việt Nam","4,9",1.017,Thừa Thiên Huế,Khách sạn 2 sao,502.875 ₫,Không có giảm giá,"Wi-Fi miễn phí, Bữa sáng, Đỗ xe mất phí, Có điều hòa nhiệt độ, Dịch vụ giặt ủi, Phù hợp với trẻ em, Nhà hàng, Bếp ở một số phòng, Xe đưa đón ra sân bay, Không hút thuốc, ","https://lh5.googleusercontent.com/p/AF1QipPXQ-V2RQzvIG1XLixbut63uNJFfeK3IF-upm6m, https://lh5.googleusercontent.com/p/AF1QipO75z7nx-3BLo41VzNH8wLCYbytpp6f1GkZWFo, https://lh5.googleusercontent.com/p/AF1QipPTscqIdmUoBeCm4gn8HcVxxhy8vOxl-g-zMSh3, https://lh5.googleusercontent.com/p/AF1QipNnq_orol6IZxWbUP6bo2lpwSzkJPkK4PQFShSi, ",16.46477,107.59550
Jade Scene Hotel,"30 Kiệt 42 Nguyễn Công Trứ, Phú Hội, Huế, Thừa Thiên Huế 49000, Việt Nam","4,8",330,Thừa Thiên Huế,Khách sạn,833.287 ₫,Không có giảm giá,"Wi-Fi miễn phí, Bữa sáng miễn phí, Đỗ xe miễn phí, Bể bơi ngoài trời, Có điều hòa nhiệt độ, Dịch vụ giặt ủi, Trung tâm thương mại, Chấp nhận vật nuôi, Phù hợp với trẻ em, Nhà hàng, Xe đưa đón ra sân bay, Spa, Quán bar, Không hút thuốc, ","https://lh5.googleusercontent.com/p/AF1QipOCJAtBvn0yutjbi_FMZlZrZsyZNOJcmPZ38TwY, https://lh5.googleusercontent.com/p/AF1QipNJKiJ1qsmKFKz8gmW-PPNXHGu7GtmJVg--oUGL, https://lh5.googleusercontent.com/p/AF1QipNrFS41IkaUUzo5Lv_o_n_rFdaex-ft940aKvsH, https://lh5.googleusercontent.com/p/AF1QipPV3BKw_PDKo4RSoVwLxFlU05aQs-9Q0hkZiLxe, ",16.46965,107.59697
Huế Thơ Homestay,"29 Đ. Ông Ích Khiêm, Thuận Hoà, Huế, Thừa Thiên Huế 49121, Việt Nam","4,7",51,Thừa Thiên Huế,Khách sạn,265.000 ₫,Không có giảm giá,,"https://lh5.googleusercontent.com/p/AF1QipOujhdzPdAC5BxEsndTvNli7-seDGbKXd9Y_w_-, https://lh5.googleusercontent.com/p/AF1QipP_-yPLelSZNnf5nUfwtrIykwmTgB0QcP7fF5BL, https://lh5.googleusercontent.com/p/AF1QipNB7R00TWct_SOnlYDBaoo-U80lgsoW77L-8_RS, https://lh5.googleusercontent.com/p/AF1QipOa25dve0x8wF5PLeAGj7UJ0UwPU9mp1o-kIra6, ",16.46320,107.57281
Khách sạn Lạc Hồng,"38/48 Ngô Quyền, Vĩnh Ninh, Huế, Thừa Thiên Huế, Việt Nam","4,1",18,Thừa Thiên Huế,Khách sạn,269.698 ₫,Không có giảm giá,,"https://lh5.googleusercontent.com/p/AF1QipM3HWUVYC7eKhaJJAyKY6oIM48cCxwzXT86Uq4G, https://lh5.googleusercontent.com/p/AF1QipMCG-ya5jOrsvXVUw3yblyciSSdOEGhmISAadcq, https://lh5.googleusercontent.com/p/AF1QipOMY-bfkteHStRD0hJRBcnC7tZNHp0XV4Kfyewh, ",16.46067,107.58805
Mickey Homestay Hue,"17/1 Nguyễn Thái Học, Phú Hội, Huế, Thừa Thiên Huế 530000, Việt Nam","4,0",33,Thừa Thiên Huế,Khách sạn,230.048 ₫,Không có giảm giá,,"https://lh5.googleusercontent.com/p/AF1QipM4NnnqUz_Y2-NKWZsJirjWPQ_FylTKpCaZc3Q, https://lh5.googleusercontent.com/p/AF1QipMzxx2EDPy6q6E_lAj9-iYQv5so0_Pj4hLygWk, https://lh5.googleusercontent.com/p/AF1QipN5mR8z4AHMnbClOWJ6zk1pklzruuLbFBg7nOlv, https://lh5.googleusercontent.com/p/AF1QipMqA9SWpiqroEoZTbX2i2DKcjyjNrKKRj5ITzkn, ",16.46838,107.59685
Blue Sea Hue Hotel,"CM4-26, Camellia 4 Đ. Lê Đức Anh, KĐT Ecogarden, Tp. Huế, Thừa Thiên Huế 53000, Việt Nam","4,9",33,Thừa Thiên Huế,Khách sạn,480.700 ₫,Không có giảm giá,"Wi-Fi miễn phí, Bữa sáng có tính phí, Đỗ xe miễn phí, Bể bơi ngoài trời, Có điều hòa nhiệt độ, Dịch vụ giặt ủi, Bếp ở một số phòng, Xe đưa đón ra sân bay, Không hút thuốc, ","https://lh5.googleusercontent.com/p/AF1QipNEbQfndWZ3myKxgcUse1bY0oArPeaA6j3aHBcO, https://lh5.googleusercontent.com/p/AF1QipNbweafLTsD-0VaZQGHdA-yeLoAOf2-p-9q4HjW, https://lh5.googleusercontent.com/p/AF1QipNcnMiL5cQGefx-gEGUK-ZUyASRS5L7F8_McHD9, https://lh5.googleusercontent.com/p/AF1QipNDHT31dLm2B5hwY03T_hcYohuCKpvtlhW3EJpM, ",16.48113,107.61331
Khách Sạn Thân Thiện,"10 Nguyễn Công Trứ, Phú Hội, Huế, Thừa Thiên Huế, Việt Nam","4,2",231,Thừa Thiên Huế,Khách sạn 2 sao,404.800 ₫,Không có giảm giá,"Wi-Fi miễn phí, Bữa sáng miễn phí, Có điều hòa nhiệt độ, Dịch vụ giặt ủi, Phù hợp với trẻ em, Nhà hàng, Xe đưa đón ra sân bay, ","https://lh5.googleusercontent.com/p/AF1QipPElkD_FICeiiRecKawfN8IxD7F5VBqbPgdenY4, https://lh5.googleusercontent.com/p/AF1QipOgAVX7PmvBzaM5I0hW3UyX7oCfnrJH4NVClLmG, https://lh5.googleusercontent.com/p/AF1QipNzXYM7xSfBtEWTpzueX5O8U1wB92cHp_lLlHFs, https://lh5.googleusercontent.com/p/AF1QipNRvicUfTgADfYfTdU5i64izcnRM1d33xuFtNr9, ",16.47194,107.59537
Mondial Hotel,"17 Nguyễn Huệ, Vĩnh Ninh, Huế, Thừa Thiên Huế, Việt Nam","4,0",869,Thừa Thiên Huế,Khách sạn 4 sao,597.544 ₫,Không có giảm giá,"Wi-Fi miễn phí, Bữa sáng miễn phí, Bãi đỗ xe, Bể bơi ngoài trời, Có điều hòa nhiệt độ, Dịch vụ giặt ủi, Dịch vụ phòng, Phù hợp với trẻ em, Nhà hàng, Xe đưa đón ra sân bay, Bồn tắm nước nóng, Spa, Trung tâm thể dục, Quán bar, ","https://lh5.googleusercontent.com/p/AF1QipM9Xce1TJK1tikMH0Y9jDhLefieD-vcOleltTMh, https://lh5.googleusercontent.com/p/AF1QipPAMWdb6k2a9RiyCQb7kkFTxLKN5P027KnWu57d, https://lh5.googleusercontent.com/p/AF1QipO6qzG5AyiT_1JoGKMgYKuTyIOfq3pvFRfd9djw, https://lh5.googleusercontent.com/p/AF1QipNN_V659aWyHy9wY22uZPQqIA3zkB4X5hWOV9Ln, ",16.45782,107.58325
Tò Vò Hostel - Huế,"31A Trần Quang Khải, Phú Hội, Huế, Thừa Thiên Huế 530000, Việt Nam","4,9",1.017,Thừa Thiên Huế,Khách sạn 2 sao,502.875 ₫,Không có giảm giá,"Wi-Fi miễn phí, Bữa sáng, Đỗ xe mất phí, Có điều hòa nhiệt độ, Dịch vụ giặt ủi, Phù hợp với trẻ em, Nhà hàng, Bếp ở một số phòng, Xe đưa đón ra sân bay, Không hút thuốc, ","https://lh5.googleusercontent.com/p/AF1QipPXQ-V2RQzvIG1XLixbut63uNJFfeK3IF-upm6m, https://lh5.googleusercontent.com/p/AF1QipO75z7nx-3BLo41VzNH8wLCYbytpp6f1GkZWFo, https://lh5.googleusercontent.com/p/AF1QipPTscqIdmUoBeCm4gn8HcVxxhy8vOxl-g-zMSh3, https://lh5.googleusercontent.com/p/AF1QipNnq_orol6IZxWbUP6bo2lpwSzkJPkK4PQFShSi, ",16.46477,107.59550
Jade Scene Hotel,"30 Kiệt 42 Nguyễn Công Trứ, Phú Hội, Huế, Thừa Thiên Huế 49000, Việt Nam","4,8",330,Thừa Thiên Huế,Khách sạn,833.287 ₫,Không có giảm giá,"Wi-Fi miễn phí, Bữa sáng miễn phí, Đỗ xe miễn phí, Bể bơi ngoài trời, Có điều hòa nhiệt độ, Dịch vụ giặt ủi, Trung tâm thương mại, Chấp nhận vật nuôi, Phù hợp với trẻ em, Nhà hàng, Xe đưa đón ra sân bay, Spa, Quán bar, Không hút thuốc, ","https://lh5.googleusercontent.com/p/AF1QipOCJAtBvn0yutjbi_FMZlZrZsyZNOJcmPZ38TwY, https://lh5.googleusercontent.com/p/AF1QipNJKiJ1qsmKFKz8gmW-PPNXHGu7GtmJVg--oUGL, https://lh5.googleusercontent.com/p/AF1QipNrFS41IkaUUzo5Lv_o_n_rFdaex-ft940aKvsH, https://lh5.googleusercontent.com/p/AF1QipPV3BKw_PDKo4RSoVwLxFlU05aQs-9Q0hkZiLxe, ",16.46965,107.59697
Huế Thơ Homestay,"29 Đ. Ông Ích Khiêm, Thuận Hoà, Huế, Thừa Thiên Huế 49121, Việt Nam","4,7",51,Thừa Thiên Huế,Khách sạn,265.000 ₫,Không có giảm giá,,"https://lh5.googleusercontent.com/p/AF1QipOujhdzPdAC5BxEsndTvNli7-seDGbKXd9Y_w_-, https://lh5.googleusercontent.com/p/AF1QipP_-yPLelSZNnf5nUfwtrIykwmTgB0QcP7fF5BL, https://lh5.googleusercontent.com/p/AF1QipNB7R00TWct_SOnlYDBaoo-U80lgsoW77L-8_RS, https://lh5.googleusercontent.com/p/AF1QipOa25dve0x8wF5PLeAGj7UJ0UwPU9mp1o-kIra6, ",16.46320,107.57281
Khách sạn Lạc Hồng,"38/48 Ngô Quyền, Vĩnh Ninh, Huế, Thừa Thiên Huế, Việt Nam","4,1",18,Thừa Thiên Huế,Khách sạn,269.698 ₫,Không có giảm giá,,"https://lh5.googleusercontent.com/p/AF1QipM3HWUVYC7eKhaJJAyKY6oIM48cCxwzXT86Uq4G, https://lh5.googleusercontent.com/p/AF1QipMCG-ya5jOrsvXVUw3yblyciSSdOEGhmISAadcq, https://lh5.googleusercontent.com/p/AF1QipOMY-bfkteHStRD0hJRBcnC7tZNHp0XV4Kfyewh, ",16.46067,107.58805
Mickey Homestay Hue,"17/1 Nguyễn Thái Học, Phú Hội, Huế, Thừa Thiên Huế 530000, Việt Nam","4,0",33,Thừa Thiên Huế,Khách sạn,230.048 ₫,Không có giảm giá,,"https://lh5.googleusercontent.com/p/AF1QipM4NnnqUz_Y2-NKWZsJirjWPQ_FylTKpCaZc3Q, https://lh5.googleusercontent.com/p/AF1QipMzxx2EDPy6q6E_lAj9-iYQv5so0_Pj4hLygWk, https://lh5.googleusercontent.com/p/AF1QipN5mR8z4AHMnbClOWJ6zk1pklzruuLbFBg7nOlv, https://lh5.googleusercontent.com/p/AF1QipMqA9SWpiqroEoZTbX2i2DKcjyjNrKKRj5ITzkn, ",16.46838,107.59685
Khách sạn Huế (Hue Hotel - Hue Classic Hotel),"142 Nguyễn Sinh Cung, Vỹ Dạ, Huế, Thừa Thiên Huế 49107, Việt Nam","3,7",116,Thừa Thiên Huế,Khách sạn 3 sao,338.379 ₫,Ít hơn 15% so với bình thường,"Wi-Fi miễn phí, Bữa sáng có tính phí, Đỗ xe miễn phí, Phù hợp cho người khuyết tật, Có điều hòa nhiệt độ, Dịch vụ giặt ủi, Chấp nhận vật nuôi, Nhà hàng, Bếp ở một số phòng, Xe đưa đón ra sân bay, ","https://lh5.googleusercontent.com/p/AF1QipOitoD8WM_OarfkEv64NW3k9uZ4JJgVmvx7_4iK, https://lh5.googleusercontent.com/p/AF1QipPKEZFJLCakz5-pS76Pn1zbqCR_Y54_-wqwWkU2, https://lh5.googleusercontent.com/p/AF1QipNlYezabr9bbkHnueDpjiNoIy-q-IIMozHmqodp, https://lh5.googleusercontent.com/p/AF1QipMtOCU1XBcPwF3ZFm0xbwdT2umk7jwNN_QivF9K, ",16.48081,107.59654
THIÊN ÂN HOTEL & PALACE HUẾ,"Lô 12, Khu Đô Thị Mới Đông Nam Thủy An, P. Thủy Dương, Hương Thủy, Tp. Huế, Thừa Thiên Huế 49000, Việt Nam","4,5",42,Thừa Thiên Huế,Khách sạn,584.177 ₫,Không có giảm giá,,"https://lh5.googleusercontent.com/p/AF1QipP-YKr-FVZ-PhhUCdGKde6lH72Z_l8RIka8z24J, https://lh5.googleusercontent.com/p/AF1QipOBhuWmGZ03F1JsZkYeVCdHi0Y9Ox2yGphjIHYC, https://lh5.googleusercontent.com/p/AF1QipNG_cSjcq24c7sNLkzDP6QhBGRLhqkA1q7wepcg, https://lh5.googleusercontent.com/p/AF1QipOU8nE1XcSOIQ-mg1GgnKEuzrYBszZoT4ztv9kU, ",16.44779,107.61727
Khách Sạn Chim Gõ Kiến,"32 Ngõ 48 Ngô Quyền, Vĩnh Ninh, Huế, Thừa Thiên Huế, Việt Nam","3,4",12,Thừa Thiên Huế,Khách sạn,274.999 ₫,Không có giảm giá,"Wi-Fi miễn phí, Có điều hòa nhiệt độ, Dịch vụ giặt ủi, Phù hợp với trẻ em, Xe đưa đón ra sân bay, ","https://lh5.googleusercontent.com/p/AF1QipOCSxE3a3OHBsX_UbpC-2y5dKWPXbAS12dv8Aq8, https://lh5.googleusercontent.com/p/AF1QipNmpRR85b-GhaaoGCcHg4WYWCZqWymdSRt3m3jr, https://lh5.googleusercontent.com/p/AF1QipM6ZEk4t5AMmL9gvoBBycF6aHjHamIi-Qeclv14, https://lh5.googleusercontent.com/p/AF1QipMWRYj6pg5GjjJ8lJhVf38TEtIFH_7F60kQ48Dk, ",16.46088,107.58812
Villa Louise Beach Resort,"BEACH, road 49 B, Phú Thuận, Phú Vang, Thừa Thiên Huế 530000, Việt Nam","4,3",229,Thừa Thiên Huế,Khách sạn,1.495.000 ₫,Không có giảm giá,"Wi-Fi miễn phí, Bữa sáng miễn phí, Bãi đỗ xe, Bể bơi ngoài trời, Có điều hòa nhiệt độ, Dịch vụ giặt ủi, Có đường ra bãi biển, Phù hợp với trẻ em, Nhà hàng, Xe đưa đón ra sân bay, Bồn tắm nước nóng, ","https://lh5.googleusercontent.com/p/AF1QipOK0yW1BxBQTpeAT0NzQ_QpbtUrWPlKXsW34dkr, https://lh5.googleusercontent.com/p/AF1QipMFAQBZQmSmzE5gtbRdyrrEvbEcXkC3hSb4ZzV5, https://lh5.googleusercontent.com/p/AF1QipMNOWbVmnFe7AzwvdsniXYE2k2wMbY8YWhtIMkH, https://lh5.googleusercontent.com/p/AF1QipPQTm1Nva3MccojpOdOi4197C4mXW72OY_TROpG, ",16.54450,107.67795
Dong Hai Hotel- Thuan An Beach- Hue,"63 Nguyễn Văn Tuyết, Thuận An, Phú Vang, Thừa Thiên Huế, Việt Nam","4,4",27,Thừa Thiên Huế,Khách sạn,399.487 ₫,Không có giảm giá,"Wi-Fi miễn phí, Có điều hòa nhiệt độ, Dịch vụ giặt ủi, Có đường ra bãi biển, Phù hợp với trẻ em, Bếp ở một số phòng, ","https://lh5.googleusercontent.com/p/AF1QipPV3iHXPWYC-hJaIVsKD54w_fzGGxxwEM3cLtY4, https://lh5.googleusercontent.com/p/AF1QipPpsqd_hWHWJgclHM3zidOTa2utvBH-1zmHuSif, https://lh5.googleusercontent.com/p/AF1QipM-ZdSTAKAwXfZpziaNH3AqDmMjy5GybPyN-zFr, https://lh5.googleusercontent.com/p/AF1QipPOr47UlH1rsk4hj1y9ndMkR_04qo_QLfGylV20, ",16.55576,107.64803
BIG HOTEL,"27 Duy Tân, An Cựu, Huế, Thừa Thiên Huế 530000, Việt Nam","4,0",15,Thừa Thiên Huế,Khách sạn,282.182 ₫,Không có giảm giá,,"https://lh5.googleusercontent.com/p/AF1QipPvzxO-IMbPjo5FyuiVXJqxWk9mAcvCUCJV7MMK, https://lh5.googleusercontent.com/p/AF1QipNT8XKyxGGT8iJlsDcDQDs9srLWqcbWWdaUiPdg, https://lh5.googleusercontent.com/p/AF1QipNnHUj59-0sRJUNKjBIbCmdLdU0U3yKb0vsnsOW, ",16.45255,107.59359
Vina Spa Hotel Huế,"5 kiệt 57 Nguyễn Công Trứ, Phú Hội, Huế, Thừa Thiên Huế 530000, Việt Nam","4,1",34,Thừa Thiên Huế,Khách sạn,490.472 ₫,Không có giảm giá,,"https://lh5.googleusercontent.com/p/AF1QipMbu6BlddQL00XqC-3uxPUIQQU9TRUmlcB34Iia, https://lh5.googleusercontent.com/p/AF1QipOm5jaDWXqp088T1lhq-_uYKb0UTPxhtHont9EM, https://lh5.googleusercontent.com/p/AF1QipOMvTCaynEW6_l_Q5YiISp7uYsyn4OetTObnbL9, https://lh5.googleusercontent.com/p/AF1QipPpcPQIlD3Upqoi6uM8blyUSQf4UTrMFmLO406w, ",16.47164,107.59816
An Nam Hue Boutique,"Khải Định/108A Huế, Thủy Bằng, Hương Thủy, Thừa Thiên Huế 49610, Việt Nam","4,1",76,Thừa Thiên Huế,Khách sạn,501.368 ₫,Ít hơn 30% so với bình thường,"Wi-Fi miễn phí, Bữa sáng có tính phí, Đỗ xe miễn phí, Bể bơi ngoài trời, Có điều hòa nhiệt độ, Dịch vụ giặt ủi, Dịch vụ phòng, Phù hợp với trẻ em, Nhà hàng, Bếp ở một số phòng, Xe đưa đón ra sân bay, Không hút thuốc, ","https://lh5.googleusercontent.com/p/AF1QipMpySE0XuU-5ovOHMAY856AvEQ3eSYoLmQAxuGj, https://lh5.googleusercontent.com/p/AF1QipNLhgV58OQr1GG6UCDpIrf2Hte7b4sKDQxpqXlk, https://lh5.googleusercontent.com/p/AF1QipM3D-tSZw4MxZhG6Z1zfk5K6auHzrVXuUL1FN-N, https://lh5.googleusercontent.com/p/AF1QipNJRHG6nxoTid5G0fL7QT9eqBJVxDaEAXvRoP54, ",16.41599,107.58670
KHÁCH SẠN THẢO AN HUẾ,"4 Đào Trinh Nhất, Vỹ Dạ, Huế, Thừa Thiên Huế 52000, Việt Nam","4,0",71,Thừa Thiên Huế,Khách sạn,279.818 ₫,Không có giảm giá,,"https://lh5.googleusercontent.com/p/AF1QipNPtEacdZAgvEUFs4uT0VlICM6krW2PGvpQqynd, https://lh5.googleusercontent.com/p/AF1QipNq0OTewRwnt_bAZFe8QDSWtqpez-4Cg6GHHS_R, https://lh5.googleusercontent.com/p/AF1QipOZKFUwCvwt2GuljaqjzlcB6D-Evb2isdvQpPL4, https://lh5.googleusercontent.com/p/AF1QipNk6v28-XtsLFnPcpe2uvlChqLOH9oIwH2KTICL, ",16.47489,107.60280
Khách sạn Sông Hương Huế,"79 Nguyễn Sinh Cung, Vỹ Dạ, Huế, Thừa Thiên Huế, Việt Nam","3,8",150,Thừa Thiên Huế,Khách sạn 2 sao,516.373 ₫,Không có giảm giá,"Wi-Fi miễn phí, Bữa sáng có tính phí, Đỗ xe miễn phí, Có điều hòa nhiệt độ, Dịch vụ giặt ủi, Dịch vụ phòng, Phù hợp với trẻ em, Nhà hàng, Xe đưa đón ra sân bay, Quán bar, Không hút thuốc, ","https://lh5.googleusercontent.com/p/AF1QipNYndXfSon3qd5raS5p1DPxL0ekRn-pGeB1Jr_G, https://lh5.googleusercontent.com/p/AF1QipMGuGzvzWxWO936IW2xEWTqCiyEUFHx8udq0eej, https://lh5.googleusercontent.com/p/AF1QipPtafF8uiQYJZvae8x3O6cP8w1dL2hK0Xj0Ckr9, https://lh5.googleusercontent.com/p/AF1QipPbUCGbnXXozYhxe-T0eyl5KvrBaUCOLXY7O13U, ",16.47766,107.59536
La Habana Hue Hotel,"03 Phạm Ngũ Lão, Phú Hội, Huế, Thừa Thiên Huế, Việt Nam","4,7",18,Thừa Thiên Huế,Khách sạn 3 sao,346.863 ₫,Ít hơn 18% so với bình thường,"Wi-Fi miễn phí, Có điều hòa nhiệt độ, Dịch vụ giặt ủi, Nhà hàng, Bếp ở một số phòng, Xe đưa đón ra sân bay, ","https://lh5.googleusercontent.com/p/AF1QipMX-9bTdb24fwKjF1LiL-z0yCvBvFEDcNPipxR5, https://lh5.googleusercontent.com/p/AF1QipNwuomlV9YjppffaOg3fPOtkbzMd4Cxfjstm8wM, https://lh5.googleusercontent.com/p/AF1QipNMCLVKimxSipAqS1tE02kPL1JTNnhv6CkiiKma, https://lh5.googleusercontent.com/p/AF1QipN4E96B-QwnY7ZRPOUVbR7tFWpGLN35OTKSn94u, ",16.46965,107.59431
Smile Homestay Huế,"2/25 Bến Nghé, Phú Hội, Huế, Thừa Thiên Huế, Việt Nam","5,0",1,Thừa Thiên Huế,Khách sạn,216.568 ₫,Không có giảm giá,,"https://lh5.googleusercontent.com/p/AF1QipPNxr6nKaGq4Nt_GcUKqJdpyMvMR9WI-T2tdUlE, https://lh5.googleusercontent.com/p/AF1QipOgib1bzi_0M0uUEAcM7LusxHlXBBb56nq9Fudr, https://lh5.googleusercontent.com/p/AF1QipPQRmP9nkfCdbO5x0g_0m16YyGJHvO0DWhw5OX9, https://lh5.googleusercontent.com/p/AF1QipMJDmWaeMQ9hN7AJd_2OUg9SKn7w7YKlIjFCeLW, ",16.46680,107.59482
The Sunriver Boutique Hotel Hue,"15 Đội Cung, Phú Hội, Huế, Thừa Thiên Huế 530000, Việt Nam","3,3",207,Thừa Thiên Huế,Khách sạn,432.716 ₫,Không có giảm giá,"Wi-Fi miễn phí, Bữa sáng có tính phí, Đỗ xe miễn phí, Bể bơi ngoài trời, Có điều hòa nhiệt độ, Dịch vụ giặt ủi, Chấp nhận vật nuôi, Dịch vụ phòng, Phù hợp với trẻ em, Nhà hàng, Xe đưa đón ra sân bay, Trung tâm thể dục, Không hút thuốc, ","https://lh5.googleusercontent.com/p/AF1QipN6xR4KtelWfg2fBZlY-7XACjHGxJAIG1bXw2M3, https://lh5.googleusercontent.com/p/AF1QipM_n25SggSID8bSh9cZNUnYElx7wCKGwalwDujP, https://lh5.googleusercontent.com/p/AF1QipPCAnzs9CoVcSiTeuW0rlAVIkejtKxJ-fT4LPbP, https://lh5.googleusercontent.com/p/AF1QipPCAnzs9CoVcSiTeuW0rlAVIkejtKxJ-fT4LPbP, ",16.46889,107.59401
Smile Homestay Huế,"2/25 Bến Nghé, Phú Hội, Huế, Thừa Thiên Huế, Việt Nam","5,0",1,Thừa Thiên Huế,Khách sạn,216.568 ₫,Không có giảm giá,,"https://lh5.googleusercontent.com/p/AF1QipPNxr6nKaGq4Nt_GcUKqJdpyMvMR9WI-T2tdUlE, https://lh5.googleusercontent.com/p/AF1QipOgib1bzi_0M0uUEAcM7LusxHlXBBb56nq9Fudr, https://lh5.googleusercontent.com/p/AF1QipPQRmP9nkfCdbO5x0g_0m16YyGJHvO0DWhw5OX9, https://lh5.googleusercontent.com/p/AF1QipMJDmWaeMQ9hN7AJd_2OUg9SKn7w7YKlIjFCeLW, ",16.46680,107.59482
Shine Hotel,"38 Nguyễn Huệ, Vĩnh Ninh, Huế, Thừa Thiên Huế, Việt Nam","3,2",31,Thừa Thiên Huế,Khách sạn,211.981 ₫,Không có giảm giá,,"https://lh5.googleusercontent.com/p/AF1QipO9hc0OAxre3npX4DrSAp0a9T3DSMLxj2E10hdH, https://lh5.googleusercontent.com/p/AF1QipPzCBE6JwC9XwrhfkjRyscqFMt78xjlyXMlqHKo, https://lh5.googleusercontent.com/p/AF1QipMRk8Nu7OWhlO2nGToyVfTFIk-wNkttPN2RuZKZ, https://lh5.googleusercontent.com/p/AF1QipMUeFju90-64AJtwFIb4cSREtxuLmZ3dZPmC0BS, ",16.45724,107.58336
Lacasa Homestay,"Kiệt 17 Trần Phú, An Cựu, Huế, Thừa Thiên Huế 530000, Việt Nam","4,3",84,Thừa Thiên Huế,Khách sạn,389.350 ₫,Không có giảm giá,"Wi-Fi miễn phí, Bữa sáng có tính phí, Đỗ xe miễn phí, Có điều hòa nhiệt độ, Dịch vụ giặt ủi, Dịch vụ phòng, Nhà hàng, Bếp trong tất cả các phòng, Xe đưa đón ra sân bay, Quán bar, Không hút thuốc, ","https://lh5.googleusercontent.com/p/AF1QipMt_SND_JVJKIbGcbTPdDYRujhytVgRSuxz1dV1, https://lh5.googleusercontent.com/p/AF1QipPOEVwiZrtELuYRDAJp6gp4czef2vkSDiBL3T_c, https://lh5.googleusercontent.com/p/AF1QipM3PJBMY_bdYvnIFFB3qtLOkBFfL3l65NOpMjU1, https://lh5.googleusercontent.com/p/AF1QipOfoci1dAeD2jZ-o2w-I29sCSR0xyU1tGMdgIo, ",16.45551,107.59240
Na Hostel Hue,"Tầng 2, 69 Võ Thị Sáu, Phú Hội, Huế, Thừa Thiên Huế 530000, Việt Nam","4,1",15,Thừa Thiên Huế,Khách sạn,298.983 ₫,Ít hơn 35% so với bình thường,"Wi-Fi miễn phí, Đỗ xe miễn phí, Có điều hòa nhiệt độ, Dịch vụ giặt ủi, Xe đưa đón ra sân bay, Không hút thuốc, ","https://lh5.googleusercontent.com/p/AF1QipMplMjFzRWmlXLZFnyB7SWEjZMPfrJonProAjQ6, https://lh5.googleusercontent.com/p/AF1QipNmhqcdVENxrVGOhuqXjZEaYsPkYZB_Z8R_8ffM, https://lh5.googleusercontent.com/p/AF1QipORaaO7bACkjlRpuYSelH40S-tHfdxiqN7E9hS4, https://lh5.googleusercontent.com/p/AF1QipM3rpJV4ajJ21ltAsyV8q7YPhpEfQeKF-rJUquJ, ",16.47080,107.59608
The Purple Hue BnB_Central Hub,"56 Nguyễn Tri Phương, Phú Hội, Huế, Thừa Thiên Huế 53000, Việt Nam","4,8",294,Thừa Thiên Huế,Khách sạn,341.232 ₫,Không có giảm giá,"Wi-Fi miễn phí, Bữa sáng miễn phí, Có điều hòa nhiệt độ, Dịch vụ giặt ủi, Phù hợp với trẻ em, Nhà hàng, Xe đưa đón ra sân bay, Quán bar, ","https://lh5.googleusercontent.com/p/AF1QipNSYVE8O312T4XGfRgu5z3IFWJEy73BQ-di5iU2, https://lh5.googleusercontent.com/p/AF1QipM7yC6r_NWF7y4mcqZ9sRW3Sik9DwqBZZF9vqlI, https://lh5.googleusercontent.com/p/AF1QipNUu1h7kfoFMqb9oG75Rc5W-cZsroEQ8RkQb71P, https://lh5.googleusercontent.com/p/AF1QipOg_mjzIoXRJ7yD_7uGbrFYC_W32wo7LZ1OIrDF, ",16.46585,107.59422
Huế Thơ Homestay,"29 Đ. Ông Ích Khiêm, Thuận Hoà, Huế, Thừa Thiên Huế 530000, Việt Nam","4,9",14,Thừa Thiên Huế,Khách sạn,268.746 ₫,Không có giảm giá,,"https://lh5.googleusercontent.com/p/AF1QipNBm9F5FapMizj1DOHnomfONcnY0saE5FEJDzcu, https://lh5.googleusercontent.com/p/AF1QipOvWJ7MkaPpAfBPNRdkBsnUqYngnOq0l17IJ8e0, https://lh5.googleusercontent.com/p/AF1QipPBxszNjLEIVO1Dtak5CRkKy47Kzz4XB6dGbevh, https://lh5.googleusercontent.com/p/AF1QipNPfP7utZbi615ttOMIou19iw4w5spdT3WQr-AN, ",16.46320,107.57281
Khách sạn Đạt Anh,"01 Đào Trinh Nhất, Vỹ Dạ, Huế, Thừa Thiên Huế, Việt Nam","4,2",177,Thừa Thiên Huế,Khách sạn 3 sao,375.000 ₫,Không có giảm giá,"Wi-Fi miễn phí, Bữa sáng có tính phí, Đỗ xe miễn phí, Phù hợp cho người khuyết tật, Có điều hòa nhiệt độ, Dịch vụ giặt ủi, Chấp nhận vật nuôi, Dịch vụ phòng, Nhà hàng, Bếp ở một số phòng, Xe đưa đón ra sân bay, Quán bar, ","https://lh5.googleusercontent.com/p/AF1QipMdicsrswTMl5OAJnyoUkW2ktmU6q61KnEfInYn, https://lh5.googleusercontent.com/p/AF1QipP54ym8-jlr1hQcpe2FF9cLsBmE9vwD2KRqj40b, https://lh5.googleusercontent.com/p/AF1QipOuchm8APS5Fp0L5s8C9XJwVIs1qty9JU1Nd83O, https://lh5.googleusercontent.com/p/AF1QipM43JYivqMX39PNf0SiKsd7o11IHXScK-y_rs2A, ",16.47477,107.60248
PARADIES HOMESTAY & VILLA,"12 Cao Xuân Huy, Vỹ Dạ, Huế, Thừa Thiên Huế, Việt Nam","4,9",38,Thừa Thiên Huế,Khách sạn,292.721 ₫,Không có giảm giá,,"https://lh5.googleusercontent.com/p/AF1QipO1VJRdqTaGoNsSl75aILo5FKP_AMTUMzaFa9SH, https://lh5.googleusercontent.com/p/AF1QipP8V5gRBHSvAaj7_NlCk8o0elO2w0Hb0K0zQvzU, https://lh5.googleusercontent.com/p/AF1QipOcqCZcaWv4FU06pp_FhkceL1dPZa71TAo4zSp6, https://lh5.googleusercontent.com/p/AF1QipO1VJRdqTaGoNsSl75aILo5FKP_AMTUMzaFa9SH, ",16.48383,107.59927
Khách sạn Đồng Dao,"385 Phạm Văn Đồng, Phú Thượng, Phú Vang, Thừa Thiên Huế 536807, Việt Nam","4,0",49,Thừa Thiên Huế,Khách sạn,279.818 ₫,Không có giảm giá,"Wi-Fi miễn phí, Đỗ xe miễn phí, Có điều hòa nhiệt độ, Dịch vụ giặt ủi, Phù hợp với trẻ em, Bếp ở một số phòng, ","https://lh5.googleusercontent.com/p/AF1QipOtfWkKABntq1n1uR-qFCl4axd-WFfTN6idwXgs, https://lh5.googleusercontent.com/p/AF1QipMcz6RNYl75Np0M2bykwqkbo_1jmHwmzFsg7F58, https://lh5.googleusercontent.com/p/AF1QipNbesF00UVEGUvBI_xeXDg0V-PZB-iAyvFHZ3-_, https://lh5.googleusercontent.com/p/AF1QipOOvRlly8Du5pukfeotSgorXU6AYBD5oPbcw6h9, ",16.49172,107.60224
Vina Hotel Hue,"3A/57 Nguyễn Công Trứ, Phú Hội, Huế, Thừa Thiên Huế, Việt Nam","4,3",60,Thừa Thiên Huế,Khách sạn 3 sao,415.362 ₫,Không có giảm giá,"Wi-Fi miễn phí, Bữa sáng miễn phí, Có điều hòa nhiệt độ, Dịch vụ giặt ủi, Phù hợp với trẻ em, Nhà hàng, Bếp ở một số phòng, Xe đưa đón ra sân bay, Spa, ","https://lh5.googleusercontent.com/p/AF1QipNbmfHhHQVHKsI8bnPJ60DL_s8PTxdosd6P3fNX, https://lh5.googleusercontent.com/p/AF1QipPGGZTrbJfsdrRAdWBsxn4VXa01TAHLkYRC2pqd, https://lh5.googleusercontent.com/p/AF1QipP3eKmP7opRdx7yAtOkpDhTburOLo_MPBDKubNb, https://lh5.googleusercontent.com/p/AF1QipP7jE7mbQh_K6_q4fo_bQadbeITTl4Ab70PoTJX, ",16.47154,107.59807
Hai Nguyet Motel,"7/156 Phan Chu Trinh, An Cựu, Huế, Thừa Thiên Huế 530000, Việt Nam","4,6",43,Thừa Thiên Huế,Khách sạn 2 sao,324.093 ₫,Không có giảm giá,"Wi-Fi miễn phí, Đỗ xe miễn phí, Có điều hòa nhiệt độ, Dịch vụ giặt ủi, Xe đưa đón ra sân bay, Không hút thuốc, ","https://lh5.googleusercontent.com/p/AF1QipNvfsdvohDy4PiYuGkicH55NHKpvInt6NijoIc5, https://lh5.googleusercontent.com/p/AF1QipNKUA74ND3_DXN-VYHF-cm1JBv0YCZxgS9Qil5E, https://lh5.googleusercontent.com/p/AF1QipMUExgGGOWevjsaAiRRXEXTk9d3FDwPXhj0WBhB, https://lh5.googleusercontent.com/p/AF1QipPXy8goVD_nbjaQm481x1z55kmpixAWo3eCSgHX, ",16.45522,107.58786
Khách sạn Ngọc Bình,"34 Nguyễn Tri Phương, Phú Hội, Huế, Thừa Thiên Huế, Việt Nam","4,2",190,Thừa Thiên Huế,Khách sạn 1 sao,240.000 ₫,Không có giảm giá,"Wi-Fi miễn phí, Bữa sáng miễn phí, Có điều hòa nhiệt độ, Dịch vụ giặt ủi, Phù hợp với trẻ em, Nhà hàng, Xe đưa đón ra sân bay, ","https://lh5.googleusercontent.com/p/AF1QipPzs4Jjo3tExYoZ0Ru8jqzF59iwxfGRfw41BAPh, https://lh5.googleusercontent.com/p/AF1QipP6XxUUOuvkkwPKvB2VyaVAbVKbmWEGbVIBwFY, https://lh5.googleusercontent.com/p/AF1QipPujEHqJG2imHudURnWIqCZj4PR6NtGGTT1f--x, https://lh5.googleusercontent.com/p/AF1QipP9jj6o445frP8LcZvfAqERMnSMIWKQQ_Xrvce6, ",16.46436,107.59279
Ruby Mini Hotel - Hue,"Lô D67 Đường 5H, KĐT Mỹ Thượng, Huế, Thừa Thiên Huế 49000, Việt Nam","5,0",13,Thừa Thiên Huế,Khách sạn,188.822 ₫,Không có giảm giá,,"https://lh5.googleusercontent.com/p/AF1QipNCX_wibs6W2OwkrTVaisu2Tdwv_4MhvWXFtIT1, https://lh5.googleusercontent.com/p/AF1QipN5Lwzqbmff_Mjytmdq0P1ohidkyU1nobr2GFuV, https://lh5.googleusercontent.com/p/AF1QipN6wpNDRj1UloLtZXsPiOPXh3szAQuLuJDhDGxI, https://lh5.googleusercontent.com/p/AF1QipPfOfaZ6zu0qjy0CboHzCcnj5-PkaM7VGLn4f2n, ",16.49465,107.61765
Phương Đông Huế Homestay,"148 Phạm Văn Đồng, Vỹ Dạ, Huế, Thừa Thiên Huế 550000, Việt Nam","4,0",3,Thừa Thiên Huế,Khách sạn,291.203 ₫,Không có giảm giá,,"https://lh5.googleusercontent.com/p/AF1QipNaIZ2rOAZPm7USitlnxq8WJx1Qb9wSlp65OuDT, https://lh5.googleusercontent.com/p/AF1QipNaIZ2rOAZPm7USitlnxq8WJx1Qb9wSlp65OuDT, https://lh5.googleusercontent.com/p/AF1QipNaIZ2rOAZPm7USitlnxq8WJx1Qb9wSlp65OuDT, ",16.48624,107.60237
Khách sạn TTC Imperial Huế,"8 Hùng Vương, Phú Hội, Huế, Thừa Thiên Huế, Việt Nam","4,6",1.738,Thừa Thiên Huế,Khách sạn 5 sao,1.104.444 ₫,Ít hơn 19% so với bình thường,"Wi-Fi miễn phí, Bữa sáng miễn phí, Đỗ xe miễn phí, Phù hợp cho người khuyết tật, Bể bơi ngoài trời, Có điều hòa nhiệt độ, Dịch vụ giặt ủi, Trung tâm thương mại, Dịch vụ phòng, Phù hợp với trẻ em, Nhà hàng, Xe đưa đón ra sân bay, Bồn tắm nước nóng, Spa, Trung tâm thể dục, Quán bar, ","https://lh5.googleusercontent.com/p/AF1QipOCzKJTUIGQ6fZ3rIBNRsYSrZdRSTI074bRKjUt, https://lh5.googleusercontent.com/p/AF1QipNgJ2Eo4cpwvrygCkL9oGAceTAbIKsJyrQMBsSX, https://lh5.googleusercontent.com/p/AF1QipM1AH8C2aGGhl_M_Q-K9LP2L7u0T1IksYt1Rb2w, https://lh5.googleusercontent.com/p/AF1QipONtgsPHb861Ik4T5ZSCtbnufUBd9qHHRXOo_QZ, ",16.46576,107.59148
"NHÀ NGHỈ TUỲ ANH - CÓ GHẾ TÌNH YÊU, MÁY CHIẾU","4 kiệt 29 Lê Hồng Phong, Phú Nhuận, Huế, Thừa Thiên Huế 530000, Việt Nam","4,5",16,Thừa Thiên Huế,Khách sạn,249.000 ₫,Ít hơn 40% so với bình thường,"Wi-Fi miễn phí, Đỗ xe miễn phí, Có điều hòa nhiệt độ, Dịch vụ giặt ủi, Dịch vụ phòng, Bếp ở một số phòng, Xe đưa đón ra sân bay, Spa, Quán bar, ","https://lh5.googleusercontent.com/p/AF1QipOOCTxaR1AEUcydLLhjPCHGwoqgg_szqm_CxfEe, https://lh5.googleusercontent.com/p/AF1QipN2JhPvq7yiyBFb0yGzcn0nAZVry9rzSH6nMqf-, https://lh5.googleusercontent.com/p/AF1QipOii7ljLYtZwE1UsulsU_Ee1dEUE36k_OD_2Ykv, https://lh5.googleusercontent.com/p/AF1QipM15a3MHUb7wo0ac1-uHf6DxiAMgPQhPh5HTxMv, ",16.45988,107.59694
TÒ VÒ Hostel 2 - Huế,"Lane 33 Nguyễn Công Trứ, Phú Hội, Huế, Thừa Thiên Huế 530000, Việt Nam","4,7",88,Thừa Thiên Huế,Khách sạn,356.400 ₫,Không có giảm giá,"Wi-Fi miễn phí, Bữa sáng có tính phí, Đỗ xe mất phí, Có điều hòa nhiệt độ, Dịch vụ giặt ủi, Phù hợp với trẻ em, Nhà hàng, Bếp ở một số phòng, Xe đưa đón ra sân bay, Quán bar, Không hút thuốc, ","https://lh5.googleusercontent.com/p/AF1QipNsXwSgOJNB9QMOjd5qxkmn6OQ92jt6vZrE-qoq, https://lh5.googleusercontent.com/p/AF1QipPa9KkkPc0xdVZy6l62x_swOwsC6Em-v2dywd9v, https://lh5.googleusercontent.com/p/AF1QipN-W9Z7VAeavIsT85mqfvEbP_TUrlzINAKrHaiz, https://lh5.googleusercontent.com/p/AF1QipPOlWO74yxd6hpZNaB3HaGamuYzSM1leDzorFIX, ",16.47187,107.59701
Sunny A Hotel,"34 Nguyễn Tri Phương, Phú Hội, Huế, Thừa Thiên Huế, Việt Nam","4,5",339,Thừa Thiên Huế,Khách sạn 2 sao,229.275 ₫,Không có giảm giá,"Wi-Fi miễn phí, Có điều hòa nhiệt độ, Dịch vụ giặt ủi, Phù hợp với trẻ em, Nhà hàng, Xe đưa đón ra sân bay, ","https://lh5.googleusercontent.com/p/AF1QipOb-uk8WWd9t54RB33bhf_9FCgmZrxwjt9HpLzt, https://lh5.googleusercontent.com/p/AF1QipOtIQqXFH1MqQljPUFpG4YrNtitpNT8mbkDkJek, https://lh5.googleusercontent.com/p/AF1QipPFveCWz4y8OfEMaRQCd0BN-cR-uFD9szYcLqQ, https://lh5.googleusercontent.com/p/AF1QipOE1BrZ5eoh-2Fy_zsn-zqwFJD0NHS8fK23rL8K, ",16.46441,107.59294
Millennium Hue Hotel,"86 Lê Lợi, Phú Hội, Huế, Thừa Thiên Huế 530000, Việt Nam","4,6",63,Thừa Thiên Huế,Khách sạn,549.212 ₫,Không có giảm giá,,"https://lh5.googleusercontent.com/p/AF1QipM03jFwWX0cJM1TZgTJeplQsEXtR4q_OCjtTbMk, https://lh5.googleusercontent.com/p/AF1QipOzIotAMZnQTQtRoYf1DFk-LyC_I6sM0H8iGYo4, https://lh5.googleusercontent.com/p/AF1QipOEXA8LNU3kzx2-OinrfLOGEYTWfSRgvWF_IcHF, https://lh5.googleusercontent.com/p/AF1QipMX37tK0mN7yeivqPAZ6dTuSMCFXmoJ2Gdv7APF, ",16.47078,107.59479
Hue Golden Inn Hotel,"17 Hai Bà Trưng, Vĩnh Ninh, Huế, Thừa Thiên Huế 531105, Việt Nam","4,4",18,Thừa Thiên Huế,Khách sạn,500.088 ₫,Không có giảm giá,,"https://lh5.googleusercontent.com/p/AF1QipMuMHnhkenEooEdz2wap7819P1RofuPSQh9aqCX, https://lh5.googleusercontent.com/p/AF1QipNXwjenTk7D-BwZ-cP23fnCUZm5PV_VRyveb7km, https://lh5.googleusercontent.com/p/AF1QipOAFaLKVx6x_hm4Pf0unghKiWsTv6_-9e1kvWay, https://lh5.googleusercontent.com/p/AF1QipOAFaLKVx6x_hm4Pf0unghKiWsTv6_-9e1kvWay, ",16.46158,107.58957
LaLa Penthouse Hue,"khu đô thị The Manor Crown, 62 Tố Hữu, Xuân Phú, Huế, Thừa Thiên Huế 530000, Việt Nam","3,8",5,Thừa Thiên Huế,Khách sạn,395.100 ₫,Ít hơn 31% so với bình thường,,"https://lh5.googleusercontent.com/p/AF1QipO3R89cdu0vPoRKcjJ3abOuUOqleIf4Jmyhj80R, https://lh5.googleusercontent.com/p/AF1QipMTk0GpMe-3tVJ29xoQ2NbKjQXC768O3g_pSNEE, https://lh5.googleusercontent.com/p/AF1QipPM4KxVpbtzXgO5rfXbIqoUTTB5vzxT2Xmpwa3n, https://lh5.googleusercontent.com/p/AF1QipO3R89cdu0vPoRKcjJ3abOuUOqleIf4Jmyhj80R, ",16.46359,107.60781
KLY APARTMENT & HOTEL HUE,"36 Nguyễn Tri Phương, P, Huế, Thừa Thiên Huế 49000, Việt Nam","4,2",54,Thừa Thiên Huế,Khách sạn,393.140 ₫,Không có giảm giá,,"https://lh5.googleusercontent.com/p/AF1QipNFpCSKTbSg_mWeunvuuMUa7lNQIEX3vpTebHYK, https://lh5.googleusercontent.com/p/AF1QipPvxOWY2aV9hPoQIaEl5190fi6ZRQ93lNycdgWx, https://lh5.googleusercontent.com/p/AF1QipOhHa-bHq958wyZTkiEg5yNGVvOJktzUlqHqbzj, https://lh5.googleusercontent.com/p/AF1QipMTk_LewJeJ0hEH1eI18kiWwC73gjG7ieNQxbz3, ",16.46473,107.59284
La Vela Hue Hotel,"17 Đường Số 22 Khu Đô Thị Mới Đông Nam Thủy An, Hương Thủy, Thừa Thiên Huế 530000, Việt Nam","4,7",514,Thừa Thiên Huế,Khách sạn,830.698 ₫,Ít hơn 16% so với bình thường,"Wi-Fi miễn phí, Bữa sáng miễn phí, Đỗ xe miễn phí, Bể bơi, Dịch vụ giặt ủi, Nhà hàng, Spa, Trung tâm thể dục, ","https://lh5.googleusercontent.com/p/AF1QipPIBWxpAd6lXPL_1B08hxwmWIqHmxlz6LbA561k, https://lh5.googleusercontent.com/p/AF1QipM2k2YS3vnPoxlDBm1C5OMOuMQrpfA5r7Q3LTLQ, https://lh5.googleusercontent.com/p/AF1QipO3xhY6Nkd-BgpxO14OmG5pBzP7wULL9pdioj6I, https://lh5.googleusercontent.com/p/AF1QipN3MEuXgiMShmCiaKMHiUe_2KMc6uNfk8cH8iFV, ",16.44833,107.61761
Hachi Homestay & Spa,"16/18 Thân Văn Nhiếp, Thủy Biều, Huế, Thừa Thiên Huế 52000, Việt Nam","3,8",82,Thừa Thiên Huế,Khách sạn,475.000 ₫,Ít hơn 47% so với bình thường,"Wi-Fi miễn phí, Bữa sáng miễn phí, Đỗ xe miễn phí, Phù hợp cho người khuyết tật, Bể bơi ngoài trời, Có điều hòa nhiệt độ, Chấp nhận vật nuôi, Dịch vụ phòng, Bếp ở một số phòng, Xe đưa đón ra sân bay, ","https://lh5.googleusercontent.com/p/AF1QipNRFGm29PPaaCQ6dOfF5Wz-FXLT0PmNVtzrbWD-, https://lh5.googleusercontent.com/p/AF1QipO3gV_t70lr0K_LTqo9GNnMKpUV7-90EmCUqc0x, https://lh5.googleusercontent.com/p/AF1QipNLVZ5begIzWFnOdW-AeAfJGGLr2dgadwP10cHP, https://lh5.googleusercontent.com/p/AF1QipOnIAi5PCrJVIFy15vAngWovC9OrMAsflLdJvfy, ",16.44586,107.53592
"Golden Guesthouse khách sạn nhà nghỉ đường Chu Văn An,Thành phố Huế","17 Chu Văn An, Phú Hội, Huế, Thừa Thiên Huế, Việt Nam","5,0",9,Thừa Thiên Huế,Khách sạn,335.000 ₫,Không có giảm giá,,"https://lh5.googleusercontent.com/p/AF1QipOA7-UvJDdUae-xhwedo7yCTZ3ZbdWMeBOQmJRJ, https://lh5.googleusercontent.com/p/AF1QipNTQqnDvvPin2x48k8n5ZXeGIe4Mv6UWLLkaX7d, https://lh5.googleusercontent.com/p/AF1QipN_zexvSNF8MQCmnMErSLsVKFvg3W93dKTMut28, https://lh5.googleusercontent.com/p/AF1QipNI1Nljf4ELCwQH4Fxc-mVbDTYm3ojNwlRDMSsH, ",16.47012,107.59523
Nineties homestay,"Võ Thị Sáu, Phú Hội, 26 01, Thừa Thiên Huế 530000, Việt Nam","4,9",20,Thừa Thiên Huế,Khách sạn,85.443 ₫,Ít hơn 68% so với bình thường,,"https://lh5.googleusercontent.com/p/AF1QipOJ9hrWLHvaa2up_KG36ENa73D4BoE21mJDhw5g, https://lh5.googleusercontent.com/p/AF1QipOqqvKCRlgdNLTsQvj_y51V-0nzbI8V-xAHtTe9, https://lh5.googleusercontent.com/p/AF1QipMWqOHQgCXMxYi6GMVkKggSemI-HBdI09o-JmsO, https://lh5.googleusercontent.com/p/AF1QipMMvUrBmkb6s0AHKeX4jv2DY3nhf0jB6oersTyV, ",16.47032,107.59650
Lá Homestay,"14 Võ Văn Kiệt, Thủy Xuân, ward, Thừa Thiên Huế 530000, Việt Nam","5,0",4,Thừa Thiên Huế,Khách sạn,332.695 ₫,Không có giảm giá,,"https://lh5.googleusercontent.com/p/AF1QipMM4XDxsPTBxNoLG2F2c_zHI59pytzLrKtxgSp_, https://lh5.googleusercontent.com/p/AF1QipOCbSCwPPWMNPXDqLqIu_R1Pqkinib09gRTDKTk, https://lh5.googleusercontent.com/p/AF1QipOMKwSbVnVfjiQ7tFeJ7c1hcUWhwbruL1klxWx0, https://lh5.googleusercontent.com/p/AF1QipMmRxHBPiMLUr4BZyqDJs7WFVzieN75II16oIL3, ",16.42859,107.58684
Khách sạn Đường Sắt Huế,"131 Đường Thạch Hãn, Thuận Hoà, Huế, Thừa Thiên Huế, Việt Nam","3,5",105,Thừa Thiên Huế,Khách sạn 1 sao,370.139 ₫,Không có giảm giá,"Wi-Fi miễn phí, Đỗ xe miễn phí, Có điều hòa nhiệt độ, Dịch vụ giặt ủi, Nhà hàng, Xe đưa đón ra sân bay, ","https://lh5.googleusercontent.com/p/AF1QipMQd1WQElSUBgYQNbdZU-4yvPgWuf4CKOew--Tx, https://lh5.googleusercontent.com/p/AF1QipM1wT95WeStsK5elPuK2g2GvMhFq36KJFk33mUO, https://lh5.googleusercontent.com/p/AF1QipMgI_mJIBwIRe1EDBqainWJUFrgQpBxV9GrfG4W, https://lh5.googleusercontent.com/p/AF1QipMyIYtDbZqt2t2VyVDCJr5Pq-UK4Zrjfhdyzs-9, ",16.47304,107.57394
Khách sạn Nhật Lệ,"6/34 Nguyễn Tri Phương, Phú Hội, Huế, Thừa Thiên Huế, Việt Nam","3,8",215,Thừa Thiên Huế,Khách sạn 2 sao,225.170 ₫,Không có giảm giá,"Wi-Fi miễn phí, Bữa sáng, Đỗ xe miễn phí, Có điều hòa nhiệt độ, Dịch vụ giặt ủi, Chấp nhận vật nuôi, Phù hợp với trẻ em, Nhà hàng, Bếp trong tất cả các phòng, Xe đưa đón ra sân bay, ","https://lh5.googleusercontent.com/p/AF1QipMbdTHtsekkIogGg7SRv-6G1q4xkJhKSEuQPeUT, https://lh5.googleusercontent.com/p/AF1QipOwiOF2AA8WP_7M9QkGZzkmowhT6ZbN-D8jGEji, https://lh5.googleusercontent.com/p/AF1QipOC2A0zBo8D9Ji5l-xcEr0KurfxnHschSMcB_ow, https://lh5.googleusercontent.com/p/AF1QipPETM3QqdcL5ev90WPzehFz9TS9a9Pinsgn0v6H, ",16.46454,107.59278
Canary Homestay,"4/20 Ngô Gia Tự, Vĩnh Ninh, Huế, Thừa Thiên Huế 49000, Việt Nam","5,0",65,Thừa Thiên Huế,Khách sạn,184.626 ₫,Ít hơn 62% so với bình thường,,"https://lh5.googleusercontent.com/p/AF1QipPoXOzw33l15nczf5PszmKHsYrw1uXUilSQ5yBp, https://lh5.googleusercontent.com/p/AF1QipMwsjvGZlmnVMG-qS19TbR7oXRw9yD8s9NAbeS7, https://lh5.googleusercontent.com/p/AF1QipPfSqiA10o3yMWismIHB42rsfkTngRaFzmk1e1y, https://lh5.googleusercontent.com/p/AF1QipM0ta4nWCVkBqZddbWDIMGE879qAlz2NBrQyVm6, ",16.46007,107.58998
The Times hotel,"29 Kiệt 42 Nguyễn Công Trứ, tổ 15, Huế, Thừa Thiên Huế, Việt Nam","4,3",181,Thừa Thiên Huế,Khách sạn 2 sao,304.593 ₫,Không có giảm giá,"Wi-Fi miễn phí, Bữa sáng miễn phí, Có điều hòa nhiệt độ, Dịch vụ giặt ủi, Chấp nhận vật nuôi, Phù hợp với trẻ em, Nhà hàng, Xe đưa đón ra sân bay, ","https://lh5.googleusercontent.com/p/AF1QipN4IvmObFOM1IF25POE3hYpp5wicwyfi_O4ZR0F, https://lh5.googleusercontent.com/p/AF1QipNW1bKoETHi_6B1dbPBTf7la_z1-PEU9DhMCM8, https://lh5.googleusercontent.com/p/AF1QipMZe0qq9wqcUEUDjJeqrlZA7hk6ZNOMdVt3y1ux, https://lh5.googleusercontent.com/p/AF1QipOtOWsFk2CpOT08EDiJh9pE0-zVMHU1RqcsIs0C, ",16.47005,107.59711
Trạng Nguyên Huế Hotel,"26 Phạm Ngũ Lão, Phú Hội, Huế, Thừa Thiên Huế 531310, Việt Nam","4,4",16,Thừa Thiên Huế,Khách sạn,491.400 ₫,Ít hơn 20% so với bình thường,,"https://lh5.googleusercontent.com/p/AF1QipNkwUFuLv3s_pQHiUWuwMxuNuqnA1gfSDZYHjts, https://lh5.googleusercontent.com/p/AF1QipN-E0ud_uxAYv3rNxELaskbf_PGp41yVH8mOmXq, https://lh5.googleusercontent.com/p/AF1QipPvpWvWy3j2-gmvHjATd1-HD9twxP2_Kc3Wcvei, https://lh5.googleusercontent.com/p/AF1QipPoJZ7Q3oK4B84bYH2Y0k9CnsAcgH8L0S8ivflp, ",16.46925,107.59445
Casablanca Hotel,"44 Nguyễn Công Trứ, Phú Hội, Huế, Thừa Thiên Huế 530000, Việt Nam","3,8",124,Thừa Thiên Huế,Khách sạn 2 sao,276.782 ₫,Không có giảm giá,"Wi-Fi miễn phí, Bữa sáng miễn phí, Có điều hòa nhiệt độ, Dịch vụ giặt ủi, Chấp nhận vật nuôi, Phù hợp với trẻ em, Nhà hàng, Xe đưa đón ra sân bay, ","https://lh5.googleusercontent.com/p/AF1QipPp2c-b-7UXFG17V42ORmkmsqu_oWHPOjIqA9cl, https://lh5.googleusercontent.com/p/AF1QipPmyIWq_no47eR59zfQr6ZJjojWuJNvf5HBERA7, https://lh5.googleusercontent.com/p/AF1QipN09aTJo-IcBNXPX3534v783VlNXB2w8BTkaiXi, https://lh5.googleusercontent.com/p/AF1QipOt10kVGwgp-NgYV_IRO3xcgk9DNDmFqSeq7cJh, ",16.47109,107.59757
Dragon Hue Hotel,"19 Đội Cung, Phú Hội, Huế, Thừa Thiên Huế, Việt Nam","4,4",25,Thừa Thiên Huế,Khách sạn,471.392 ₫,Ít hơn 26% so với bình thường,"Wi-Fi miễn phí, Bữa sáng có tính phí, Bãi đỗ xe, Bể bơi ngoài trời, Có điều hòa nhiệt độ, Dịch vụ giặt ủi, Nhà hàng, Bếp ở một số phòng, Xe đưa đón ra sân bay, ","https://lh5.googleusercontent.com/p/AF1QipOu4A-RZqLq2aZtV22CKlTZQjrxNLc2QkvC5hMG, https://lh5.googleusercontent.com/p/AF1QipMR4xgRwkwcKU2Zwe5-JsxCtL0_w6ZML22ojFDJ, https://lh5.googleusercontent.com/p/AF1QipPek4zYmH4hz2hJC9Amuw5-k1aioRCZqROt1zLk, https://lh5.googleusercontent.com/p/AF1QipMOT_onWy2oEjCCMltp14Wk-Ewyg4nrBlNdFEKP, ",16.46864,107.59391
Khách Sạn Mường Thanh Holiday Huế,"38 Lê Lợi, Phú Hội, Huế, Thừa Thiên Huế 530000, Việt Nam","4,3",1.502,Thừa Thiên Huế,Khách sạn 4 sao,1.033.137 ₫,Không có giảm giá,"Wi-Fi miễn phí, Bữa sáng miễn phí, Đỗ xe miễn phí, Phù hợp cho người khuyết tật, Bể bơi ngoài trời, Có điều hòa nhiệt độ, Dịch vụ giặt ủi, Trung tâm thương mại, Dịch vụ phòng, Phù hợp với trẻ em, Nhà hàng, Xe đưa đón ra sân bay, Bồn tắm nước nóng, Spa, Trung tâm thể dục, Quán bar, ","https://lh5.googleusercontent.com/p/AF1QipPpR_Nvz7ZZnefLZOEfoQsApbGtp6pI7DRy9B4v, https://lh5.googleusercontent.com/p/AF1QipOLW8z1BQJoN7Edrba3s9y4cLVJexF0yzQhGS96, https://lh5.googleusercontent.com/p/AF1QipOU73GcM1uXd8nJ-PyCuTdAQ1csJns1DRTtGW1u, https://lh5.googleusercontent.com/p/AF1QipNQNokvF0WNZ9eKF2zC-qFcDm3hSzcfQtUp-s-U, ",16.46940,107.59345
LaLa Villa Hue,"City, 15 Đường Số 8, An Đông, Huế, Thừa Thiên Huế 530000, Việt Nam","5,0",6,Thừa Thiên Huế,Khách sạn,305.100 ₫,Không có giảm giá,,"https://lh5.googleusercontent.com/p/AF1QipNeB8mug0wTH1T-OCDnwMg9adkjJejAEgqTwQul, https://lh5.googleusercontent.com/p/AF1QipOi8-zMorpk1_-jgCHGoxghduPm7XFSoOjzirTr, https://lh5.googleusercontent.com/p/AF1QipN21Od0383AeKY4eG4nUQMEUy4xB4K7rTGXPded, https://lh5.googleusercontent.com/p/AF1QipP6Rl8lr_YKVKejGQhCSeyOzHgqKBwd7FvnNPfG, ",16.45717,107.61118
Khách sạn Saigon Morin,"30 Lê Lợi, Phú Hội, Huế, Thừa Thiên Huế 47000, Việt Nam","4,3",1.434,Thừa Thiên Huế,Khách sạn 4 sao,994.187 ₫,Không có giảm giá,"Wi-Fi miễn phí, Bữa sáng miễn phí, Đỗ xe miễn phí, Phù hợp cho người khuyết tật, Bể bơi ngoài trời, Có điều hòa nhiệt độ, Dịch vụ giặt ủi, Trung tâm thương mại, Dịch vụ phòng, Phù hợp với trẻ em, Nhà hàng, Xe đưa đón ra sân bay, Bồn tắm nước nóng, Spa, Trung tâm thể dục, Quán bar, ","https://lh5.googleusercontent.com/p/AF1QipPs9DYeOM6PYPpM_QMxuBwZE9qd60x9QFTnlVUs, https://lh5.googleusercontent.com/p/AF1QipPzm71Ly6zX7zeFLwJnAZxxL3ykEju0qGhfkX6J, https://lh5.googleusercontent.com/p/AF1QipPsQiG3nBpyKLPb4Z8v-u-OTN9AepvvKyGVh3U8, https://lh5.googleusercontent.com/p/AF1QipN1-P4IqmEnjB-Gy6tAMAvXqFsFWT39qIK7WT13, ",16.46666,107.59018
Flora Hotel,"85 Võ Thị Sáu, Phú Hội, Huế, Thừa Thiên Huế, Việt Nam","4,2",71,Thừa Thiên Huế,Khách sạn 3 sao,275.770 ₫,Không có giảm giá,"Wi-Fi miễn phí, Bữa sáng miễn phí, Có điều hòa nhiệt độ, Dịch vụ giặt ủi, Chấp nhận vật nuôi, Phù hợp với trẻ em, Nhà hàng, Bếp ở một số phòng, Xe đưa đón ra sân bay, ","https://lh5.googleusercontent.com/p/AF1QipMipXFUHIMGRbrIyHUShl8bTP-rqkAHNHDvTn8W, https://lh5.googleusercontent.com/p/AF1QipN2-t7mQrzBzvamJzReqWnK7L3INyNtjyID4auO, https://lh5.googleusercontent.com/p/AF1QipPnZfWiLgZ3gJobew0Wgi5GDAqZX-KF1gFdYo5G, https://lh5.googleusercontent.com/p/AF1QipNg1dFWdRA73fE1OT6b47tbw1BsnqpLZaLDyNuB, ",16.47126,107.59620
Opa Hotel,"63 Nguyễn Sinh Cung, Vỹ Dạ, Huế, Thừa Thiên Huế, Việt Nam","5,0",23,Thừa Thiên Huế,Khách sạn,333.900 ₫,Ít hơn 46% so với bình thường,"Wi-Fi miễn phí, Đỗ xe miễn phí, Phù hợp cho người khuyết tật, Có điều hòa nhiệt độ, Dịch vụ giặt ủi, Xe đưa đón ra sân bay, Không hút thuốc, ","https://lh5.googleusercontent.com/p/AF1QipMtW0VahY92bn3j0BWfSF_kgrGmD-0sU9Tg0I0a, https://lh5.googleusercontent.com/p/AF1QipNe5g2fHbiB4QvEf1yUJOBaDqMdOFe6Vm98cCL6, https://lh5.googleusercontent.com/p/AF1QipN9q4W0Vb7P60K47fM-N8AbeyBVYmdvK__DLuBi, https://lh5.googleusercontent.com/p/AF1QipM3nWwNCQ26xol9utgSjlSrTxv0zYK_9wPomFai, ",16.47665,107.59540
NAM GOLD HOTEL,"15 Phạm Ngũ Lão, Phú Hội, Huế, Thừa Thiên Huế, Việt Nam","4,5",310,Thừa Thiên Huế,Khách sạn 2 sao,452.870 ₫,Không có giảm giá,"Wi-Fi miễn phí, Có điều hòa nhiệt độ, Dịch vụ giặt ủi, Nhà hàng, Xe đưa đón ra sân bay, ","https://lh5.googleusercontent.com/p/AF1QipPGxUqstoDJR0ElFSpyNCixYWYEyGqLOcf10UOs, https://lh5.googleusercontent.com/p/AF1QipMsXisr4Whk9CDX53MdmJupBQSjAhRTiK2E9Lw0, https://lh5.googleusercontent.com/p/AF1QipNiv2QPRPcOlGqXj_8834hCWTOCjEiTb9jkqJGt, https://lh5.googleusercontent.com/p/AF1QipMylF9_Y9lhBFqDbM47ZETUkisDOApSybDUIGYn, ",16.46914,107.59476
Thien Phu Hotel,"39 Nguyễn Trường Tộ, Street, Vinh, Huế, Thừa Thiên Huế 540000, Việt Nam","3,7",163,Thừa Thiên Huế,Khách sạn 1 sao,300.000 ₫,Không có giảm giá,"Wi-Fi miễn phí, Đỗ xe miễn phí, Có điều hòa nhiệt độ, Dịch vụ giặt ủi, Chấp nhận vật nuôi, Nhà hàng, ","https://lh5.googleusercontent.com/p/AF1QipO4VkJVgjkg8qWJoCB0SjG8eVUPTd3G_YSkqzUH, https://lh5.googleusercontent.com/p/AF1QipOYniGqLMuPgNrVlfXDDt1O7wmTPZCnmDLDsskm, https://lh5.googleusercontent.com/p/AF1QipO0JEBODEu0AxsoVdnH-YOf-bxn9FFUEmzrn_CR, https://lh5.googleusercontent.com/p/AF1QipMM67Q5jhnlZXwPFHUly6yuGk90ZL79geS2NOyd, ",16.45373,107.58766
"Panorama Homestay, Cafe & Beer","4 Đoàn Nhữ Hải, Thủy Xuân, Huế, Thừa Thiên Huế, Việt Nam","4,1",29,Thừa Thiên Huế,Khách sạn,351.764 ₫,Ít hơn 20% so với bình thường,,"https://lh5.googleusercontent.com/p/AF1QipPSrGyad7QoXkhoUBMoPY3sQS8iv5rizYP3tprQ, https://lh5.googleusercontent.com/p/AF1QipMZ6lIk5f77KGm_ie2oaOOz1zV8SEKn3MRQi3hP, https://lh5.googleusercontent.com/p/AF1QipOVo1TjKgPoudcyCAMbdsWfmWyVxzl2zrhw9cf_, https://lh5.googleusercontent.com/p/AF1QipM2v3xfAdfXximUlqUWGpf8GrfGYdTsiPl6lm8R, ",16.43160,107.56363
Hue Four Seasons Hotel,"6 kiệt 7 Nguyễn Công Trứ tổ 13, Phú Hội, Huế, Thừa Thiên Huế, Việt Nam","4,7",462,Thừa Thiên Huế,Khách sạn 3 sao,342.815 ₫,Không có giảm giá,"Wi-Fi miễn phí, Bữa sáng miễn phí, Bể bơi, Có điều hòa nhiệt độ, Dịch vụ giặt ủi, Chấp nhận vật nuôi, Phù hợp với trẻ em, Nhà hàng, Xe đưa đón ra sân bay, ","https://lh5.googleusercontent.com/p/AF1QipNj5oWi57cOzR0y9sdg5UkNdwBRTffg9Mkcx4T-, https://lh5.googleusercontent.com/p/AF1QipO15soZJ8WgFTVmHi11GSaycJw3GHe5nmmXZUtt, https://lh5.googleusercontent.com/p/AF1QipMe64Qb_VdvQ7Uuaru_uLQ9pqVh5LHKYKt8iPm4, https://lh5.googleusercontent.com/p/AF1QipOu3f-Kam_53nPQW9HbthBTXWZ7vktJYKVkrLPN, ",16.47224,107.59643
Huế Eco Homestay,"Xóm 1 Ngọc Anh, phường, Phú Vang, Thừa Thiên Huế 530000, Việt Nam","4,8",80,Thừa Thiên Huế,Khách sạn,300.311 ₫,Không có giảm giá,"Wi-Fi miễn phí, Đỗ xe miễn phí, Có điều hòa nhiệt độ, Dịch vụ giặt ủi, Trung tâm thương mại, Chấp nhận vật nuôi, Phù hợp với trẻ em, Bếp ở một số phòng, Xe đưa đón ra sân bay, Không hút thuốc, ","https://lh5.googleusercontent.com/p/AF1QipPl_OBuWW1Nw3nEfHieH4kWlmnnxcu0ZFdp81MN, https://lh5.googleusercontent.com/p/AF1QipM77IeoYQs7fVL0HC0gfv9bTgmGO5Ko456k9dLP, https://lh5.googleusercontent.com/p/AF1QipOBcAUsZ-mJSB8W5ZgkBlpYn8ea7vV6jzsn6l0t, https://lh5.googleusercontent.com/p/AF1QipPgZwNUyeROPd59hs5hwvtAVOtUXIsgp0dVe6qs, ",16.48710,107.60305
Amona Hotel,"11 Nguyễn Công Trứ, Phú Hội, Huế, Thừa Thiên Huế, Việt Nam","3,9",147,Thừa Thiên Huế,Khách sạn 2 sao,295.550 ₫,Không có giảm giá,"Wi-Fi miễn phí, Bữa sáng có tính phí, Đỗ xe miễn phí, Phù hợp cho người khuyết tật, Có điều hòa nhiệt độ, Dịch vụ giặt ủi, Phù hợp với trẻ em, Nhà hàng, Xe đưa đón ra sân bay, Spa, ","https://lh5.googleusercontent.com/p/AF1QipMFzx86YUXi1idNOf7_Pa_YFYlkCxGsQ3A_JS98, https://lh5.googleusercontent.com/p/AF1QipNDq7QiVbgrnC6y4cUzAoqZjJhoDBXl6hEVGIjV, https://lh5.googleusercontent.com/p/AF1QipPluWy7oFF4Yi4DtBGYveKb3yXyzRNUlg_5Ip1n, https://lh5.googleusercontent.com/p/AF1QipP_uJeyQqiTm-MnvWGD2aukOuNqhS3dFh6Icx7f, ",16.47206,107.59593
Nhà Nghỉ Gia Anh,"E31 Trường Đúc, Phường Đúc, Huế, Thừa Thiên Huế 49000, Việt Nam","4,3",160,Thừa Thiên Huế,Khách sạn,285.476 ₫,Không có giảm giá,"Wi-Fi miễn phí, Đỗ xe miễn phí, Có điều hòa nhiệt độ, Phù hợp với trẻ em, ","https://lh5.googleusercontent.com/p/AF1QipMSlHOdEibeSK6D1tSjp_WjKfeSe5Ekxlw58eYJ, https://lh5.googleusercontent.com/p/AF1QipMMtLKDu0ZgbVcmoIDXkureU3LROGAZZzicaQ1l, https://lh5.googleusercontent.com/p/AF1QipPRrA9FXJ105ecRf8K1RvtyUPFgt4STjTxWIXRH, https://lh5.googleusercontent.com/p/AF1QipMDbpdqlcEIDX77MaNf8KY9MbNQWOBuz6S3s_43, ",16.45097,107.57705
Familia Hotel,"28 Võ Thị Sáu, Phú Hội, Huế, Thừa Thiên Huế, Việt Nam","4,5",17,Thừa Thiên Huế,Khách sạn,349.393 ₫,Không có giảm giá,,"https://lh5.googleusercontent.com/p/AF1QipOQj_i2Twt318S1MIKsjx0fLJciFq-llStA75Q, https://lh5.googleusercontent.com/p/AF1QipPJtFoeoEPRgEBcsMDy1HhtqC0g1wJt_vZCjR8, https://lh5.googleusercontent.com/p/AF1QipNHoE9mQ65VqokMl4SNAnEMp92nQ8Mr9O3sXy0e, https://lh5.googleusercontent.com/p/AF1QipP4TV-RCa3j97685pdNRdMLImGuK4E5Ao-ZSI8, ",16.47056,107.59614
KLy Hotel,"109 Nguyễn Huệ, Phú Nhuận, Huế, Thừa Thiên Huế, Việt Nam","4,0",35,Thừa Thiên Huế,Khách sạn,243.978 ₫,Không có giảm giá,,"https://lh5.googleusercontent.com/p/AF1QipMupVqt2e0-6Hg0FWjJ0TC_LoFrXNmSyGgmpLeE, https://lh5.googleusercontent.com/p/AF1QipMQr1Pdt5LT8VxnWWFc4uze1O4d0rNa_7ksymkP, https://lh5.googleusercontent.com/p/AF1QipMupVqt2e0-6Hg0FWjJ0TC_LoFrXNmSyGgmpLeE, https://lh5.googleusercontent.com/p/AF1QipNL_0DLGedh2XZBrWnPgaF5b1kNAGcs1Q8ppsXA, ",16.45869,107.59699
Hue Pink Lotus Hotel,"Kiệt 14 Nhà 8 Nguyễn Công Trứ, Phú Hội, Huế, Thừa Thiên Huế 52000, Việt Nam","4,6",82,Thừa Thiên Huế,Khách sạn,312.354 ₫,Không có giảm giá,"Wi-Fi miễn phí, Bữa sáng miễn phí, Dịch vụ giặt ủi, Dịch vụ phòng, Nhà hàng, Bếp ở một số phòng, Không hút thuốc, ","https://lh5.googleusercontent.com/p/AF1QipMWvOzxAMpEIiu7ES-4aVaPJW6TSmtNLJ6PPk7x, https://lh5.googleusercontent.com/p/AF1QipM3gtAMedlggQ5j7BfnN2DbFemHXxZd-v49HhL5, https://lh5.googleusercontent.com/p/AF1QipN4RIJdqaDLTFRcW85ZfeVbKwnv1FGFTu0eTHGg, https://lh5.googleusercontent.com/p/AF1QipN4RIJdqaDLTFRcW85ZfeVbKwnv1FGFTu0eTHGg, ",16.47184,107.59571
ÊMM Hotel Hue,"15 Lý Thường Kiệt, Phú Nhuận, Huế, Thừa Thiên Huế 530000, Việt Nam","4,6",1.577,Thừa Thiên Huế,Khách sạn,723.000 ₫,Ít hơn 21% so với bình thường,"Wi-Fi miễn phí, Bữa sáng miễn phí, Bãi đỗ xe, Bể bơi ngoài trời, Có điều hòa nhiệt độ, Dịch vụ giặt ủi, Dịch vụ phòng, Phù hợp với trẻ em, Nhà hàng, Xe đưa đón ra sân bay, Trung tâm thể dục, ","https://lh5.googleusercontent.com/p/AF1QipP9hL8k5G3x_YJh3hHs8HWylk1KcF4vauTuK2Li, https://lh5.googleusercontent.com/p/AF1QipPIZ1uPaLTP40FTjjQcTd28Ks5u0Y2rqVdrD3uu, https://lh5.googleusercontent.com/p/AF1QipPA_8wVW9ar1F0UHFvqPflorYt_OSLxBtY7XB5o, https://lh5.googleusercontent.com/p/AF1QipOgl8l2AzZgD7JpPrcMwn6kjrjoXRsY3mUwnJ1T, ",16.46082,107.59158
Anh's House,"29A/56 Nguyễn Công Trứ, Phú Hội, Huế, Thừa Thiên Huế 52000, Việt Nam","4,6",193,Thừa Thiên Huế,Khách sạn,350.000 ₫,Không có giảm giá,,"https://lh5.googleusercontent.com/p/AF1QipPwRlwDT2MqDdmcoUhO8e_3ZqrVYcnEhNCm9ajm, https://lh5.googleusercontent.com/p/AF1QipOqXqkloqVrnwDbdnlQre49EdW5FeHMUG3nqtW3, https://lh5.googleusercontent.com/p/AF1QipOseK8AUwT71iSjjQx0XqmQEcN76-D0YOnzLpcX, https://lh5.googleusercontent.com/p/AF1QipP4ohwqaMTvoWbA4n65gB0c6mBNwGn7yYe2hofI, ",16.46948,107.59785
Hong Thien Hotel1- Cheap Hue Hotel,"35/ 6 Chu Văn An, Phú Hội, Huế, Thừa Thiên Huế, Việt Nam","4,0",169,Thừa Thiên Huế,Khách sạn 3 sao,308.926 ₫,Không có giảm giá,"Wi-Fi miễn phí, Bữa sáng miễn phí, Bể bơi ngoài trời, Có điều hòa nhiệt độ, Dịch vụ giặt ủi, Phù hợp với trẻ em, Nhà hàng, Xe đưa đón ra sân bay, ","https://lh5.googleusercontent.com/p/AF1QipNCedhmVYX30SgCaDUVD2BCcXT0AGRg26hRpeHX, https://lh5.googleusercontent.com/p/AF1QipOm7LfFXIU_I038TxvDXuKtw-Iq02A5jTFGvt1A, https://lh5.googleusercontent.com/p/AF1QipMAEw6e1FJoWFRtVwdPei7hcEmASenr4QaFHMOK, https://lh5.googleusercontent.com/p/AF1QipMOqPbyoQrkWVyZDCI5gxCM7VVpK6KlRBtj-sIX, ",16.46912,107.59623
1979 Homestay,"17 Kiệt 48 Ngô Quyền, Vĩnh Ninh, Huế, Thừa Thiên Huế 530000, Việt Nam","4,4",8,Thừa Thiên Huế,Khách sạn,246.638 ₫,Ít hơn 41% so với bình thường,,"https://lh5.googleusercontent.com/p/AF1QipP1iLHzcLbyfVcTWHmLVHQdnkNya6QHYbCVEGBm, https://lh5.googleusercontent.com/p/AF1QipMuwBB-bsa4M5oem8tVjMhl0jetDk6siaTw9Jsu, https://lh5.googleusercontent.com/p/AF1QipN01zVSL5DUiY2_lEWKlbM5VNgpcJRnwpsrtf4l, https://lh5.googleusercontent.com/p/AF1QipNahXYiU9cFRWKWYB_Qw5c6YNcEOunahVjQyk_F, ",16.46146,107.58876
Canary Boutique Hotel,"43/8 Nguyễn Công Trứ, Phú Hội, Huế, Thừa Thiên Huế, Việt Nam","4,2",114,Thừa Thiên Huế,Khách sạn 2 sao,253.000 ₫,Ít hơn 16% so với bình thường,"Wi-Fi miễn phí, Bữa sáng miễn phí, Đỗ xe miễn phí, Có điều hòa nhiệt độ, Dịch vụ giặt ủi, Chấp nhận vật nuôi, Phù hợp với trẻ em, Nhà hàng, Xe đưa đón ra sân bay, ","https://lh5.googleusercontent.com/p/AF1QipNtzQLmWKyo8L2sG8s44rH6YdX147KxjMEWKePx, https://lh5.googleusercontent.com/p/AF1QipNrk1qUQsy9TJlzse6y_UY3y7fx0XwQyYzq5Ayx, https://lh5.googleusercontent.com/p/AF1QipNW9srnpwUg1QAX0u76VcNXbwZTUfreEq4Gdzs-, https://lh5.googleusercontent.com/p/AF1QipOUjIGGDdLzHxxtESGkrI7syEnkG2dOXaxL8uRL, ",16.47152,107.59757
The Purple Hue - Charming Riverside Hotel,"5 kiet 27 Nguyễn Sinh Cung, Vỹ Dạ, Huế, Thừa Thiên Huế 530000, Việt Nam","4,6",243,Thừa Thiên Huế,Khách sạn 2 sao,344.901 ₫,Không có giảm giá,"Wi-Fi miễn phí, Bữa sáng miễn phí, Có điều hòa nhiệt độ, Dịch vụ giặt ủi, Phù hợp với trẻ em, Nhà hàng, ","https://lh5.googleusercontent.com/p/AF1QipOoD4xd2DktZ7zLvP3O42L4Lytjc8m5YuDsdoLW, https://lh5.googleusercontent.com/p/AF1QipPnbHNVeFbxkS6cg-ClZCwEANEgMg9ycnmQ9p5D, https://lh5.googleusercontent.com/p/AF1QipM0wf25o7P3aCaHe4BaFDWxU-B5WOnXRKlyMuBf, https://lh5.googleusercontent.com/p/AF1QipPdsH1ydHu-42tPeJs380cQGgp5gYkba_u8nZv8, ",16.47547,107.59528
Thanh Phuong Hotel,"KQH Vĩnh Mộc, phường Thủy Dương, thị xã Hương Thủy, Thừa Thiên Huế 530000, Việt Nam","3,8",34,Thừa Thiên Huế,Khách sạn 2 sao,308.660 ₫,Không có giảm giá,"Wi-Fi miễn phí, Đỗ xe miễn phí, Có điều hòa nhiệt độ, Dịch vụ giặt ủi, Nhà hàng, Bếp ở một số phòng, ","https://lh5.googleusercontent.com/p/AF1QipNyZ0ZqZzvFPRZfMzA8pk5yO-1Et0G12yK632Wz, https://lh5.googleusercontent.com/p/AF1QipNoQlClxxRn2FkFAxABPPl84NJg_jOyoEte1kg5, https://lh5.googleusercontent.com/p/AF1QipMs-qlkvqITVAF4siGWhiKYi12dieIlTQwfGr6V, https://lh5.googleusercontent.com/p/AF1QipMxxJA9klSvFnP3ZGt88o3hdqWdV-ipRK5THLfh, ",16.44020,107.61686
Thanh An Homestay,"103 Nguyễn Tất Thành, Thuỷ Dương, Hương Thuỷ, Huế, Thừa Thiên Huế 49000, Việt Nam","4,5",15,Thừa Thiên Huế,Khách sạn,369.558 ₫,Không có giảm giá,,"https://lh5.googleusercontent.com/p/AF1QipMHpefYKOrJw4r4hK559WqlIJ6nL542iskeTmjY, https://lh5.googleusercontent.com/p/AF1QipMddF_wYUWNf871O1HzZvXbJ67lp_-KvqLAejol, https://lh5.googleusercontent.com/p/AF1QipOW_ssESAa1RZ1uNK-jUHj5UIIJ1n6tzm7qyUyA, https://lh5.googleusercontent.com/p/AF1QipNpx8TxUhyoBy3rgDAnq11iUAUcbB8jZVFR7S75, ",16.44485,107.61435
Life Boutique Hotel,"20 Kiệt 42 Nguyễn Công Trứ, Phú Hội, Huế, Thừa Thiên Huế, Việt Nam","4,3",66,Thừa Thiên Huế,Khách sạn 3 sao,590.000 ₫,Không có giảm giá,"Wi-Fi miễn phí, Bãi đỗ xe, Bể bơi, Có điều hòa nhiệt độ, Dịch vụ giặt ủi, Nhà hàng, Xe đưa đón ra sân bay, ","https://lh5.googleusercontent.com/p/AF1QipM6LQBv5Rkw6Cxqi90aAbrCiC4U05f5q4E7WWGi, https://lh5.googleusercontent.com/p/AF1QipOfSaQ4qtWobxRNM-gTgc7q1a1AwHRbP2YEmEyz, https://lh5.googleusercontent.com/p/AF1QipPRpFA34JCrwLdrPL_bQuI9M_gIWGBTr44LXQZl, https://lh5.googleusercontent.com/p/AF1QipOEFlx7ir33GoUjrrjpsFETossDBJQ1w43q__8b, ",16.47004,107.59696
PAO Hotel,"6B, kiệt 10, Võ Thị Sáu/tổ 14 kiệt 10, tổ 14, Huế, Việt Nam","4,2",23,Thừa Thiên Huế,Khách sạn,362.259 ₫,Không có giảm giá,,"https://lh5.googleusercontent.com/p/AF1QipOJdsCZmObfweTwxbhZnUZiZadoThva45X4b4ga, https://lh5.googleusercontent.com/p/AF1QipNgtCAobPb5j7oyD81bEPQ8q5QnIEm8_WJuhtjI, https://lh5.googleusercontent.com/p/AF1QipMCYi1c5BSRKu4rhUkZf3M957DbpaXquu2UC9Yi, https://lh5.googleusercontent.com/p/AF1QipMCYi1c5BSRKu4rhUkZf3M957DbpaXquu2UC9Yi, ",16.46949,107.59668
