name,address,score,reviews count,latitude,longitude,province,category,price,discount,services,description images
Khách sạn Mira - Khách sạn gần biển ở Quy Nhơn,"11A Ngô Mây, Nguyễn Văn Cừ, Quy Nhơn, Bình Định, Việt Nam","4,2",409,13.761678,108.642621,Bình Định,Khách sạn 3 sao,254.802 ₫,Ít hơn 24% so với bình thường,"Wi-Fi miễn phí, Đỗ xe miễn phí, Có điều hòa nhiệt độ, Dịch vụ giặt ủi, Có đường ra bãi biển, Phù hợp với trẻ em, Nhà hàng, Xe đưa đón ra sân bay, ","https://lh5.googleusercontent.com/p/AF1QipPckf6t2lPd54jM25kM5ZbSSgMEYDnhijoezrRl, https://lh5.googleusercontent.com/p/AF1QipNpAnzovni88wv5NQcC1ohUTWVQFb_1deaGCdg, https://lh5.googleusercontent.com/p/AF1QipNr5In46mJUd5GXTg8EqFwoH_SU4j-wea28WuDZ, https://lh5.googleusercontent.com/p/AF1QipOreReSq5IAoLTDABysm7LALAJwYbVX_eHTNpsK, "
Galaxy Hotel,"27 Nguyễn Lạc, Trần Phú, Quy Nhơn, Bình Định, Việt Nam","4,1",200,13.7636578,108.6471641,Bình Định,Khách sạn 2 sao,378.806 ₫,Không có giảm giá,"Wi-Fi miễn phí, Đỗ xe miễn phí, Có điều hòa nhiệt độ, Dịch vụ giặt ủi, Có đường ra bãi biển, Phù hợp với trẻ em, Nhà hàng, ","https://lh5.googleusercontent.com/p/AF1QipMJVpweCXjnMOHWUnTi-QSwBFWjk6kDEIss3Fj-, https://lh5.googleusercontent.com/p/AF1QipMxorLETBjAJrdWpDammZRHsaAQpr8_oo6WZpI, https://lh5.googleusercontent.com/p/AF1QipNPGNnyQmDQJmoYqaLCZ71zGkYmHVESNtRVF0E-, https://lh5.googleusercontent.com/p/AF1QipMVcGVt-T0Xoj5XhsYYcsG3TrNpEWY9msFTxwHd, "
Khách sạn Center Quy Nhơn,"51 Hoàng Diệu, Trần Phú, Quy Nhơn, Bình Định 55109, Việt Nam","4,2",232,13.7690819,108.6465816,Bình Định,Khách sạn 2 sao,148.732 ₫,Không có giảm giá,"Wi-Fi miễn phí, Bữa sáng miễn phí, Đỗ xe miễn phí, Có điều hòa nhiệt độ, Dịch vụ giặt ủi, Phù hợp với trẻ em, Nhà hàng, Xe đưa đón ra sân bay, ","https://lh5.googleusercontent.com/p/AF1QipMInHDh_ZqP0RQyTlpK7aXZX5x7TrxmjR5UwsOL, https://lh5.googleusercontent.com/p/AF1QipOnxmqRv8QHJnmtdWDLn2IB9W0OOZF6Ouwzo0g, https://lh5.googleusercontent.com/p/AF1QipMIdqelUOPPgMfBQzCGshHjYvlDqxrEEsVntPwj, https://lh5.googleusercontent.com/p/AF1QipPUWh5qeWcJ8DEr_p4DGpqs6GbHJE1tDi9tSsnK, "
"Happiness Hotel - Khách sạn ở Eo Gió, Quy Nhơn","Đường số 5, Nhơn Lý, Quy Nhơn, Bình Định 820000, Việt Nam","4,6",152,13.8851159,108.7147566,Bình Định,Khách sạn,598.867 ₫,Ít hơn 37% so với bình thường,"Wi-Fi miễn phí, Bữa sáng miễn phí, Đỗ xe miễn phí, Bể bơi, Có điều hòa nhiệt độ, Dịch vụ giặt ủi, Có đường ra bãi biển, Nhà hàng, Bếp ở một số phòng, ","https://lh5.googleusercontent.com/p/AF1QipNvnAxcJeqskgJGGDA1HRiQ73vIY36BAoDz7UYx, https://lh5.googleusercontent.com/p/AF1QipP9kBw-5LeQmsDw8xLXNVLOuZayDC-O7hjpk52q, https://lh5.googleusercontent.com/p/AF1QipNemH0CypCMdkm1aDHLLVtsgeIa2wDissVwXVUl, https://lh5.googleusercontent.com/p/AF1QipOH6Jrx6twLh5ziZT61Mwy5IhXVTXTeXovrCoHi, "
Sea Star Hotel - Khách sạn gần biển Quy Nhơn,"29/10 Ngô Mây, Nguyễn Văn Cừ, Quy Nhơn, Bình Định 53000, Việt Nam","4,5",45,13.7616912,108.6419115,Bình Định,Khách sạn 2 sao,228.949 ₫,Không có giảm giá,"Wi-Fi miễn phí, Đỗ xe miễn phí, Có điều hòa nhiệt độ, Dịch vụ giặt ủi, Có đường ra bãi biển, Xe đưa đón ra sân bay, ","https://lh5.googleusercontent.com/p/AF1QipPJqm50IcoU1sMWJ7ff_GqNc1u8AHcta0djuwdx, https://lh5.googleusercontent.com/p/AF1QipNUebePkjROgjgDDxDYsfsvho26fhGFS0gqmmU0, https://lh5.googleusercontent.com/p/AF1QipMs3CAh3SChUQTLZuK0MiPm7c2ZaU_OxisvYKNP, https://lh5.googleusercontent.com/p/AF1QipNvSfemJnWUmHEBP7zR8FAXtThoH7M7HOzju7WF, "
Casa Marina Resort,"Quốc lộ 1D, Khu Phố 1, Bãi Xép, Phường Ghềnh Ráng,, Quy Nhơn, Bình Định, Việt Nam","4,2",754,13.6848891,108.6533494,Bình Định,Khách sạn 3 sao,656.102 ₫,Ít hơn 36% so với bình thường,"Wi-Fi miễn phí, Bữa sáng miễn phí, Đỗ xe miễn phí, Bể bơi ngoài trời, Có điều hòa nhiệt độ, Dịch vụ giặt ủi, Có đường ra bãi biển, Dịch vụ phòng, Phù hợp với trẻ em, Nhà hàng, Xe đưa đón ra sân bay, Spa, Trung tâm thể dục, ","https://lh5.googleusercontent.com/p/AF1QipOHw5XyWHZI0ZOSKvt-VV8W0iUP03oSm2dQBkzc, https://lh5.googleusercontent.com/p/AF1QipNuNwej3T0pB6O7pVIz6IcdZQt8Z_IGQU8HeQ7y, https://lh5.googleusercontent.com/p/AF1QipNReaIHsF_Y9IzlO-7RiltexKq45yIhkz3ErF5u, https://lh5.googleusercontent.com/p/AF1QipMTNnoD1r7J_hbnDy6BAQUq-swLaA2D0hXD438G, "
Khách sạn Lưu Ngãi Condotel,"92 Võ Thị Yến, Nguyễn Văn Cừ, Quy Nhơn, Bình Định 591300, Việt Nam","4,0",58,13.7540481,108.6368428,Bình Định,Khách sạn 3 sao,398.541 ₫,Ít hơn 31% so với bình thường,"Wi-Fi miễn phí, Bữa sáng miễn phí, Đỗ xe miễn phí, Bể bơi, Có điều hòa nhiệt độ, Dịch vụ giặt ủi, Dịch vụ phòng, Nhà hàng, Bếp ở một số phòng, ","https://lh5.googleusercontent.com/p/AF1QipMOY1pokSUcty2iLHZxm19GTNznJBcFhUfuGE5U, https://lh5.googleusercontent.com/p/AF1QipOB6vgVys2joIHRuKSzysvIbaGeJLS3QN1pgsdY, https://lh5.googleusercontent.com/p/AF1QipOjzxuv7pPtAPM39HoAy_QgLN3cCTIzEkeWtsz7, https://lh5.googleusercontent.com/p/AF1QipPAmdRjFcEiyyS5FTQV2txslagGDntGbIg8N0s7, "
Hotel Diễm My - Khách sạn sân bay Phù Cát,"ĐT636, Gò Găng, Phù Cát, Bình Định 55000, Việt Nam","3,9",75,13.948189,108.4917792,Bình Định,Khách sạn,300.028 ₫,Không có giảm giá,"Wi-Fi miễn phí, Dịch vụ giặt ủi, ","https://lh5.googleusercontent.com/p/AF1QipNGkHe7d7exgZor1VsAnrRzgWpE3TX1lEsTdaph, https://lh5.googleusercontent.com/p/AF1QipNl_51KkrB4GAOCGRKx3ap1eYAQpSJemXlMTa1q, https://lh5.googleusercontent.com/p/AF1QipMz-c6bcbo3PvMF47tVUCQsvwYdvphG2OJ_Sc-k, https://lh5.googleusercontent.com/p/AF1QipMARiwi0S-1QjGvwZUO19uVNvMdnisk6O9JopPS, "
"Khách sạn Hoàng Oanh,","2A Trần Độc, Trần Phú, Quy Nhơn, Bình Định, Việt Nam","4,0",98,13.7635479,108.6466295,Bình Định,Khách sạn 2 sao,230.434 ₫,Ít hơn 27% so với bình thường,"Wi-Fi miễn phí, Đỗ xe miễn phí, Có điều hòa nhiệt độ, Dịch vụ giặt ủi, Có đường ra bãi biển, Phù hợp với trẻ em, Xe đưa đón ra sân bay, ","https://lh5.googleusercontent.com/p/AF1QipNmQXJqPqMneqOQsRe2Ygn-_hWsuQyKIL6ZkWqX, https://lh5.googleusercontent.com/p/AF1QipMbXtUxCICtJYiStW5C6HNmMc35xAeT-Mw_KJFa, https://lh5.googleusercontent.com/p/AF1QipMR9QpzrYoerjD33F7m1FVH3VJWGj8S15U-s77Y, https://lh5.googleusercontent.com/p/AF1QipPr6eV2ayYqaIw1sH64xZqO6tRmNhSB5wi5H7J_, "
RAON Hotel - STAY 24H,"7 Nguyễn Thị Định, Nguyễn Văn Cừ, Quy Nhơn, Bình Định, Việt Nam","4,0",134,13.754065,108.6352144,Bình Định,Khách sạn,289.803 ₫,Ít hơn 35% so với bình thường,,"https://lh5.googleusercontent.com/p/AF1QipP_GpWQwT3zgG8O2quJo5zFV9krbhjBUSFiSRkk, https://lh5.googleusercontent.com/p/AF1QipOyiavQaDUjVz51kSmMUEFYqHN0jTEsCVTXHe0_, https://lh5.googleusercontent.com/p/AF1QipPJz8z0FGmUirCviR-6nX-j4itWXtTv8kOKVfAB, https://lh5.googleusercontent.com/p/AF1QipM9Ieb2kz7U7de0qk7w210QPZBRHN9TzkykWMNr, "
Khách sạn Ocean View Quy Nhơn,"12 An Dương Vương, Nguyễn Văn Cừ, Quy Nhơn, Bình Định 55000, Việt Nam","4,4",36,13.7554082,108.6403573,Bình Định,Khách sạn 3 sao,500.000 ₫,Không có giảm giá,"Wi-Fi miễn phí, Bãi đỗ xe, Có điều hòa nhiệt độ, Dịch vụ giặt ủi, Có đường ra bãi biển, Nhà hàng, Không hút thuốc, ","https://lh5.googleusercontent.com/p/AF1QipMAbSdnqkn0tCbmAP-C2xlFmABmIWICc6o3mcw, https://lh5.googleusercontent.com/p/AF1QipMTJglLBw2NEyHJjnnqR5mpBsYfO2fS7H37tbo, https://lh5.googleusercontent.com/p/AF1QipMp6sXKsn0Pzmjr9jJJE3rydhvaKdps0e2r7zGx, https://lh5.googleusercontent.com/p/AF1QipP2j103R1LcL5pUwrVHxpo81pVr0RvI5m75F7U, "
Khách Sạn Hải Âu,"489 An Dương Vương, Nguyễn Văn Cừ, Thành phố, Bình Định 591300, Việt Nam","4,1",2.462,13.7564564,108.64181,Bình Định,Khách sạn 4 sao,715.000 ₫,Ít hơn 19% so với bình thường,"Wi-Fi miễn phí, Bữa sáng miễn phí, Đỗ xe miễn phí, Bể bơi trong nhà, Có điều hòa nhiệt độ, Dịch vụ giặt ủi, Trung tâm thương mại, Có đường ra bãi biển, Dịch vụ phòng, Phù hợp với trẻ em, Nhà hàng, Xe đưa đón ra sân bay, Bồn tắm nước nóng, Spa, Trung tâm thể dục, Quán bar, ","https://lh5.googleusercontent.com/p/AF1QipOGv14CZpbwhC7pM9jqceGquHm1sNiBMLm-1Z6a, https://lh5.googleusercontent.com/p/AF1QipNJg2GC9IRADCmlubtZ09njQpFQtjn4lKD6IAs9, https://lh5.googleusercontent.com/p/AF1QipPy8SA7ELnMgielawOhtxmwlVs2Y4lgJQIqzhbL, https://lh5.googleusercontent.com/p/AF1QipP8AOHKx2xfb8xaxIUs_DTQIaXUNqIBXjRWTums, "
Phuong Dong Hotel Quy Nhon - Khách sạn biển Quy Nhơn,"21 Ngô Mây, Nguyễn Văn Cừ, Quy Nhơn, Bình Định, Việt Nam","4,4",136,13.7614709,108.6422599,Bình Định,Khách sạn 2 sao,179.069 ₫,Không có giảm giá,"Wi-Fi miễn phí, Có điều hòa nhiệt độ, Dịch vụ giặt ủi, Chấp nhận vật nuôi, Nhà hàng, Xe đưa đón ra sân bay, ","https://lh5.googleusercontent.com/p/AF1QipNVz5HN8ZRfmii37E4XurL6xWx1aX0fIuc1a-yD, https://lh5.googleusercontent.com/p/AF1QipOCyR3F8EReLZYhKhs_H5IDP0jJ8Lj0Mj4M-tn8, https://lh5.googleusercontent.com/p/AF1QipNY1HG3GZBt5k0TSXnMhsbBq24xE6qteV7l_jye, https://lh5.googleusercontent.com/p/AF1QipNJKJEzlQNy2WMjCAzd0Z9uojYJXk8V1dIzxVdU, "
Hotel Lavender Tan Thanh (mini resort),"99 Lê Thánh Tông, Tam Quan Bắc, Hoài Nhơn, Bình Định 55148, Việt Nam","4,7",204,14.5627524,108.4787919,Bình Định,Khách sạn,237.600 ₫,Không có giảm giá,"Wi-Fi miễn phí, Đỗ xe miễn phí, Có điều hòa nhiệt độ, Dịch vụ giặt ủi, Chấp nhận vật nuôi, Nhà hàng, Bếp ở một số phòng, ","https://lh5.googleusercontent.com/p/AF1QipNKK0QgGcprLYIkyA3qGgsxLjpzY693UnQuamMX, https://lh5.googleusercontent.com/p/AF1QipNuUJ_2pursYmjRXk7tFi-F-nExd7KH4AtrhBjS, https://lh5.googleusercontent.com/p/AF1QipPkx5PeTEMJPHKpiZi0lA23E3y0xCxv_eUb25Dd, https://lh5.googleusercontent.com/p/AF1QipOkFxX3vjfsYzWhWooxVGA07SpuF2nsIHNve8O9, "
Grand Hyams Hotel - Quy Nhon Beach,"28 Nguyễn Huệ, Phường Lê Lợi, Quy Nhơn, Bình Định 55000, Việt Nam","4,5",433,13.7702119,108.656444,Bình Định,Khách sạn 5 sao,710.702 ₫,Ít hơn 35% so với bình thường,"Wi-Fi miễn phí, Bữa sáng miễn phí, Đỗ xe miễn phí, Bể bơi, Có điều hòa nhiệt độ, Dịch vụ giặt ủi, Có đường ra bãi biển, Dịch vụ phòng, Nhà hàng, Xe đưa đón ra sân bay, Bồn tắm nước nóng, Spa, ","https://lh5.googleusercontent.com/p/AF1QipOkrGVGrdgb7bADv14fC-H4v1aKQZHMF2-gxlEk, https://lh5.googleusercontent.com/p/AF1QipPS72WfYptbFwcz-ZPYsgn5LPmqbpTPbIvN-MLX, https://lh5.googleusercontent.com/p/AF1QipNqxa2Cjdn0rGqN1uV4PxR_rXrL6xIMYlwfRqR1, https://lh5.googleusercontent.com/p/AF1QipM4zTn9Yv0AZrXWcHWWIJIiFn4jB_zY6XNwR1Ic, "
Khách sạn Mường Thanh Quy Nhơn,"02 Nguyễn Huệ, Phường Lê Lợi, Quy Nhơn, Bình Định, Việt Nam","3,9",1.657,13.7720769,108.6620797,Bình Định,Khách sạn 3 sao,880.000 ₫,Không có giảm giá,"Wi-Fi miễn phí, Bữa sáng miễn phí, Đỗ xe miễn phí, Phù hợp cho người khuyết tật, Bể bơi ngoài trời, Có điều hòa nhiệt độ, Dịch vụ giặt ủi, Trung tâm thương mại, Có đường ra bãi biển, Dịch vụ phòng, Phù hợp với trẻ em, Nhà hàng, Xe đưa đón ra sân bay, Spa, Trung tâm thể dục, Quán bar, Không hút thuốc, ","https://lh5.googleusercontent.com/p/AF1QipOeiGCvmwB7_-QT3pzRF8Q-GLjq9FT748EJC7tz, https://lh5.googleusercontent.com/p/AF1QipPRHljADrqLryprg1M4nVLS-aILZopMigvmrxkh, https://lh5.googleusercontent.com/p/AF1QipNhoF1duLqK7qeH51A6MQVNpkGt9As5Dbg4AtWh, https://lh5.googleusercontent.com/p/AF1QipP4uaqtNF2uQShNslc7svqeghuUgr3zOL0E5Tkq, "
Khách sạn Cali Hotel Quy Nhơn,"179-181-183-185 Lê Đức Thọ, Hải Cảng, Quy Nhơn, Bình Định 55108, Việt Nam","4,7",152,13.7788166,108.6546601,Bình Định,Khách sạn,237.426 ₫,Ít hơn 28% so với bình thường,"Wi-Fi miễn phí, Bữa sáng miễn phí, Đỗ xe miễn phí, Có điều hòa nhiệt độ, Dịch vụ giặt ủi, Nhà hàng, Bếp ở một số phòng, Xe đưa đón ra sân bay, ","https://lh5.googleusercontent.com/p/AF1QipOLJ4A82dUVy_Drf6WR6Ndee9vNh43briPmAwpd, https://lh5.googleusercontent.com/p/AF1QipPQiGYePLAQFKAFp7QB8-gxUZjuleMj326cwr0q, https://lh5.googleusercontent.com/p/AF1QipMRHVkJANCQL0IPTlQjMdjVd-fQ5HCpDYwFW9n1, https://lh5.googleusercontent.com/p/AF1QipP4NX75sHEEv_cQG_BKP9qh01VVHUlMDeAW0-cH, "
Chài Village Hotel,"Bai Nom, Thon Ly Hoa, Quang Trung, Quy Nhơn, Bình Định 820000, Việt Nam","4,6",234,13.875939,108.7156975,Bình Định,Khách sạn 3 sao,507.160 ₫,Ít hơn 33% so với bình thường,"Wi-Fi miễn phí, Bữa sáng miễn phí, Có điều hòa nhiệt độ, Dịch vụ giặt ủi, Có đường ra bãi biển, Dịch vụ phòng, Nhà hàng, Xe đưa đón ra sân bay, Quán bar, Không hút thuốc, ","https://lh5.googleusercontent.com/p/AF1QipNsuYkTXJGkqgWBp3QZVs8dENJXOSnNxqxpXNXn, https://lh5.googleusercontent.com/p/AF1QipOkcynWc8g05zuET2j0UCrnx5G1pMfDiS1sJAWN, https://lh5.googleusercontent.com/p/AF1QipM9VmhAJmNipsEiRbPeQemxAXUy3vVdkBLXk7Oh, https://lh5.googleusercontent.com/p/AF1QipORMLwF9JC0YOEbAW4SOyealDj2IO8aCoysEcTQ, "
The Kila Boutique Hotel Quy Nhon,"06 Trương Văn Của, Nguyễn Văn Cừ, Quy Nhơn, Bình Định, Việt Nam","4,5",177,13.7548672,108.6368863,Bình Định,Khách sạn,580.852 ₫,Không có giảm giá,"Wi-Fi miễn phí, Bữa sáng miễn phí, Đỗ xe miễn phí, Bể bơi, Có điều hòa nhiệt độ, Dịch vụ giặt ủi, Nhà hàng, Bếp ở một số phòng, Xe đưa đón ra sân bay, ","https://lh5.googleusercontent.com/p/AF1QipPeJqJ7SttE7lFj2L28dhvP5qQDZocGN6deGLWB, https://lh5.googleusercontent.com/p/AF1QipMd5tOb581LIndstMF6Yz5a_mSmZVqVwMJcsp3G, https://lh5.googleusercontent.com/p/AF1QipO6k9uC_SGP97c9P7qYeL9UOZAZP48LxoiPGbnk, https://lh5.googleusercontent.com/p/AF1QipMfh6H9k0k-aXUvu1WTF81m6r3vwyz0_A20_-Mg, "
HAKU Boutique Hotel Quy Nhơn,"06 Kim Đồng, Phường Lê Lợi, Quy Nhơn, Bình Định 55100, Việt Nam","4,6",113,13.7696339,108.655942,Bình Định,Khách sạn,337.500 ₫,Không có giảm giá,,"https://lh5.googleusercontent.com/p/AF1QipO8pUMiKEM3npZ76j_Yr49hrwUbY8Y-QsdtKkDd, https://lh5.googleusercontent.com/p/AF1QipO5k6v1GykTUn6efVhipkJgnS6nhKQ3H2INbqM8, https://lh5.googleusercontent.com/p/AF1QipOMaCNNN0aam4djgQLSAgZh9vpb7L7Z_pb45Djd, https://lh5.googleusercontent.com/p/AF1QipNZgYsBGVjiQTlYFYc72INV3sj-D6ZXtE0TEeU5, "
Delight Hotel,"7 Lê Lợi, Phường Lê Lợi, Quy Nhơn, Bình Định, Việt Nam","4,0",205,13.7706947,108.6546851,Bình Định,Khách sạn,337.500 ₫,Không có giảm giá,"Wi-Fi miễn phí, Bãi đỗ xe, Có điều hòa nhiệt độ, Dịch vụ giặt ủi, Nhà hàng, Bếp ở một số phòng, ","https://lh5.googleusercontent.com/p/AF1QipNELzAu1qbivAXFE-C2yQ8bsARgQzIzU0hXbiN6, https://lh5.googleusercontent.com/p/AF1QipOnXkw1SrH3HIARH3gOD55QV-bUZy4dtPIdQO9o, https://lh5.googleusercontent.com/p/AF1QipPOxKNPI4CxwcP8GFTKjjvbIhdAi0UVw8BKOLRX, https://lh5.googleusercontent.com/p/AF1QipPaGajmezDYtRz7NslOCcD3n9xzBD38qMOfQZo, "
HAKU Boutique Hotel Quy Nhơn,"06 Kim Đồng, Phường Lê Lợi, Quy Nhơn, Bình Định 55100, Việt Nam","4,6",113,13.7696339,108.655942,Bình Định,Khách sạn,337.500 ₫,Không có giảm giá,,"https://lh5.googleusercontent.com/p/AF1QipO8pUMiKEM3npZ76j_Yr49hrwUbY8Y-QsdtKkDd, https://lh5.googleusercontent.com/p/AF1QipO5k6v1GykTUn6efVhipkJgnS6nhKQ3H2INbqM8, https://lh5.googleusercontent.com/p/AF1QipOMaCNNN0aam4djgQLSAgZh9vpb7L7Z_pb45Djd, https://lh5.googleusercontent.com/p/AF1QipNZgYsBGVjiQTlYFYc72INV3sj-D6ZXtE0TEeU5, "
Green Hotel Quy Nhơn - Cách biển 200m,"08 Chương Dương, Nguyễn Văn Cừ, Quy Nhơn, Bình Định 55000, Việt Nam","4,2",107,13.75274,108.6375115,Bình Định,Khách sạn 2 sao,242.013 ₫,Ít hơn 17% so với bình thường,"Wi-Fi miễn phí, Đỗ xe miễn phí, Có điều hòa nhiệt độ, Dịch vụ giặt ủi, Có đường ra bãi biển, Phù hợp với trẻ em, Nhà hàng, Bếp ở một số phòng, Xe đưa đón ra sân bay, Quán bar, ","https://lh5.googleusercontent.com/p/AF1QipPhOgX75LBSlqP87uoCpPncxmaiXXT_lIWERGRb, https://lh5.googleusercontent.com/p/AF1QipPb0c_EMXrUnXr9pbAFLhTziERsqOsVqrIGxMMJ, https://lh5.googleusercontent.com/p/AF1QipP9nfLmXGmLFBUDvRUwPH6Pl9SShT8DZ-0fq6cn, https://lh5.googleusercontent.com/p/AF1QipOtsDf_y12dv1R7G1jj6UeKx4LotK_idxezTU2e, "
Pearl Beach Hotel Quy Nhơn,"Nhơn Bình, Quy Nhơn, Bình Định 55117, Việt Nam","4,3",76,13.8097295,108.6372249,Bình Định,Khách sạn,498.799 ₫,Không có giảm giá,"Wi-Fi miễn phí, Bữa sáng miễn phí, Đỗ xe miễn phí, Bể bơi, Có điều hòa nhiệt độ, Dịch vụ giặt ủi, Nhà hàng, Xe đưa đón ra sân bay, Trung tâm thể dục, ","https://lh5.googleusercontent.com/p/AF1QipMq-42rlj7sC2vbWLKDTXw0_EY6xKTD2IL_zjBn, https://lh5.googleusercontent.com/p/AF1QipOHZ58b6Tp3N1mA8QV_FTGcQtzzbiMESDf74tN_, https://lh5.googleusercontent.com/p/AF1QipOQ2u43cBvdThYHmKFVzQFSc3D3qvZZGCfXu9zf, https://lh5.googleusercontent.com/p/AF1QipOUNIrmS6TeO0QwK3LYcOI5-uq2w0kZbk4mn4eG, "
The Kila Boutique Hotel Quy Nhon,"06 Trương Văn Của, Nguyễn Văn Cừ, Quy Nhơn, Bình Định, Việt Nam","4,5",177,13.7548672,108.6368863,Bình Định,Khách sạn,580.852 ₫,Không có giảm giá,"Wi-Fi miễn phí, Bữa sáng miễn phí, Đỗ xe miễn phí, Bể bơi, Có điều hòa nhiệt độ, Dịch vụ giặt ủi, Nhà hàng, Bếp ở một số phòng, Xe đưa đón ra sân bay, ","https://lh5.googleusercontent.com/p/AF1QipPeJqJ7SttE7lFj2L28dhvP5qQDZocGN6deGLWB, https://lh5.googleusercontent.com/p/AF1QipMd5tOb581LIndstMF6Yz5a_mSmZVqVwMJcsp3G, https://lh5.googleusercontent.com/p/AF1QipO6k9uC_SGP97c9P7qYeL9UOZAZP48LxoiPGbnk, https://lh5.googleusercontent.com/p/AF1QipMfh6H9k0k-aXUvu1WTF81m6r3vwyz0_A20_-Mg, "
Chài Village Hotel,"Bai Nom, Thon Ly Hoa, Quang Trung, Quy Nhơn, Bình Định 820000, Việt Nam","4,6",234,13.875939,108.7156975,Bình Định,Khách sạn 3 sao,507.160 ₫,Ít hơn 33% so với bình thường,"Wi-Fi miễn phí, Bữa sáng miễn phí, Có điều hòa nhiệt độ, Dịch vụ giặt ủi, Có đường ra bãi biển, Dịch vụ phòng, Nhà hàng, Xe đưa đón ra sân bay, Quán bar, Không hút thuốc, ","https://lh5.googleusercontent.com/p/AF1QipNsuYkTXJGkqgWBp3QZVs8dENJXOSnNxqxpXNXn, https://lh5.googleusercontent.com/p/AF1QipOkcynWc8g05zuET2j0UCrnx5G1pMfDiS1sJAWN, https://lh5.googleusercontent.com/p/AF1QipM9VmhAJmNipsEiRbPeQemxAXUy3vVdkBLXk7Oh, https://lh5.googleusercontent.com/p/AF1QipORMLwF9JC0YOEbAW4SOyealDj2IO8aCoysEcTQ, "
KHÁCH SẠN HƯƠNG BIỂN,"130 Nguyễn Huệ, Trần Phú, Quy Nhơn, Bình Định, Việt Nam","4,0",104,13.7646913,108.6468973,Bình Định,Khách sạn 2 sao,300.000 ₫,Ít hơn 17% so với bình thường,"Wi-Fi miễn phí, Đỗ xe miễn phí, Có điều hòa nhiệt độ, Dịch vụ giặt ủi, Có đường ra bãi biển, Nhà hàng, ","https://lh5.googleusercontent.com/p/AF1QipOvqXeOLdTa9B19CzdhacwV-YOYn2JwbbaMB1-K, https://lh5.googleusercontent.com/p/AF1QipOVHf8F6CvMRgCSaMb8efFRl7gRsAwbt8v0-yVi, https://lh5.googleusercontent.com/p/AF1QipOs8LeKtjpvWe0Yp9aUvqInctr5wnYQaduShtXQ, https://lh5.googleusercontent.com/p/AF1QipNJjcGdwCH6346C97Xutc3CRfP9UH2op9hVA7ah, "
Fleur De Lys Hotel Quy Nhon,"16 Nguyễn Huệ, Phường Lê Lợi, Quy Nhơn, Bình Định, Việt Nam","4,4",816,13.771156,108.6594981,Bình Định,Khách sạn 4 sao,1.089.437 ₫,Không có giảm giá,"Wi-Fi miễn phí, Bữa sáng miễn phí, Đỗ xe miễn phí, Phù hợp cho người khuyết tật, Bể bơi ngoài trời, Có điều hòa nhiệt độ, Dịch vụ giặt ủi, Có đường ra bãi biển, Dịch vụ phòng, Nhà hàng, Xe đưa đón ra sân bay, Spa, ","https://lh5.googleusercontent.com/p/AF1QipNdn8WzB9bhO_mi9dXl2pvPkN85g2HsEBC3HSsM, https://lh5.googleusercontent.com/p/AF1QipMn-OWoirHPoubUHMvvnWKdQrJluwoWrxcBuJb8, https://lh5.googleusercontent.com/p/AF1QipNS7ainup0RvbesH4IGlOKz-CGCUAq8cglQ-U0, https://lh5.googleusercontent.com/p/AF1QipPMhHVeHuve-MbeaxTwFcbhNG1jMVRsw99AVkA2, "
Viet Nam Taste Hotel,"96 Xuân Diệu, Hải Cảng, Quy Nhơn, Bình Định, Việt Nam","4,4",63,13.7718992,108.6656464,Bình Định,Khách sạn 4 sao,589.516 ₫,Không có giảm giá,"Wi-Fi miễn phí, Đỗ xe miễn phí, Có điều hòa nhiệt độ, Dịch vụ giặt ủi, Có đường ra bãi biển, Nhà hàng, Bếp ở một số phòng, Xe đưa đón ra sân bay, Spa, ","https://lh5.googleusercontent.com/p/AF1QipOn-98FdwSpKhxDkAkXVyKsJKTnU5TXROMMdkST, https://lh5.googleusercontent.com/p/AF1QipNeOjUEt_JOiMp3dByc_qmpVwFrCQG-w6FT9NVN, https://lh5.googleusercontent.com/p/AF1QipPvAChtcOBElL-1QWbHSqO7fxj19cT21Tq_JOVz, https://lh5.googleusercontent.com/p/AF1QipMxaqYt40RDpyJzojefZnuARn5Q-NF4heZu79vA, "
Khách Sạn Hải Âu,"489 An Dương Vương, Nguyễn Văn Cừ, Thành phố, Bình Định 591300, Việt Nam","4,1",2.462,13.7564564,108.64181,Bình Định,Khách sạn 4 sao,715.000 ₫,Ít hơn 19% so với bình thường,"Wi-Fi miễn phí, Bữa sáng miễn phí, Đỗ xe miễn phí, Bể bơi trong nhà, Có điều hòa nhiệt độ, Dịch vụ giặt ủi, Trung tâm thương mại, Có đường ra bãi biển, Dịch vụ phòng, Phù hợp với trẻ em, Nhà hàng, Xe đưa đón ra sân bay, Bồn tắm nước nóng, Spa, Trung tâm thể dục, Quán bar, ","https://lh5.googleusercontent.com/p/AF1QipOGv14CZpbwhC7pM9jqceGquHm1sNiBMLm-1Z6a, https://lh5.googleusercontent.com/p/AF1QipNJg2GC9IRADCmlubtZ09njQpFQtjn4lKD6IAs9, https://lh5.googleusercontent.com/p/AF1QipPy8SA7ELnMgielawOhtxmwlVs2Y4lgJQIqzhbL, https://lh5.googleusercontent.com/p/AF1QipP8AOHKx2xfb8xaxIUs_DTQIaXUNqIBXjRWTums, "
Khách sạn Mường Thanh Quy Nhơn,"02 Nguyễn Huệ, Phường Lê Lợi, Quy Nhơn, Bình Định, Việt Nam","3,9",1.657,13.7720769,108.6620797,Bình Định,Khách sạn 3 sao,880.000 ₫,Không có giảm giá,"Wi-Fi miễn phí, Bữa sáng miễn phí, Đỗ xe miễn phí, Phù hợp cho người khuyết tật, Bể bơi ngoài trời, Có điều hòa nhiệt độ, Dịch vụ giặt ủi, Trung tâm thương mại, Có đường ra bãi biển, Dịch vụ phòng, Phù hợp với trẻ em, Nhà hàng, Xe đưa đón ra sân bay, Spa, Trung tâm thể dục, Quán bar, Không hút thuốc, ","https://lh5.googleusercontent.com/p/AF1QipOeiGCvmwB7_-QT3pzRF8Q-GLjq9FT748EJC7tz, https://lh5.googleusercontent.com/p/AF1QipPRHljADrqLryprg1M4nVLS-aILZopMigvmrxkh, https://lh5.googleusercontent.com/p/AF1QipNhoF1duLqK7qeH51A6MQVNpkGt9As5Dbg4AtWh, https://lh5.googleusercontent.com/p/AF1QipP4uaqtNF2uQShNslc7svqeghuUgr3zOL0E5Tkq, "
Ý Linh Hotel,"18 Nguyễn Huệ, Phường Lê Lợi, Quy Nhơn, Bình Định 590000, Việt Nam","4,1",244,13.7711179,108.659046,Bình Định,Khách sạn 2 sao,533.715 ₫,Không có giảm giá,"Wi-Fi miễn phí, Đỗ xe miễn phí, Có điều hòa nhiệt độ, Dịch vụ giặt ủi, Có đường ra bãi biển, Phù hợp với trẻ em, Nhà hàng, Xe đưa đón ra sân bay, ","https://lh5.googleusercontent.com/p/AF1QipMz_lpMiFI_3pDE_wo7CfMEfypeROWb3Kzpl_-p, https://lh5.googleusercontent.com/p/AF1QipMRrCppmEIrBVScGA7n_lcsaIQsAWPCLgjUgI1z, https://lh5.googleusercontent.com/p/AF1QipMkqyAm6rRpt3G4ko09fC-48j8i-8IZnx4rsS36, https://lh5.googleusercontent.com/p/AF1QipMDNQg8weZHUf_-w2MQINNp9v0OFvI5XubYEOC-, "
SEASIDE HOTEL,"39a Nguyễn Lạc, Trần Phú, Quy Nhơn, Bình Định, Việt Nam","3,9",66,13.7643415,108.6478517,Bình Định,Khách sạn 2 sao,300.428 ₫,Không có giảm giá,"Wi-Fi miễn phí, Đỗ xe miễn phí, Có điều hòa nhiệt độ, Dịch vụ giặt ủi, Chấp nhận vật nuôi, Có đường ra bãi biển, Phù hợp với trẻ em, Bếp ở một số phòng, Xe đưa đón ra sân bay, ","https://lh5.googleusercontent.com/p/AF1QipNe2rnE-ucG_vJzKI0_FZumNjiD7QjxavC-pOF2, https://lh5.googleusercontent.com/p/AF1QipNHxhIS2GkPNfkE-VauSMdnqjydOtlZWR8_3hcl, https://lh5.googleusercontent.com/p/AF1QipNt5O0CN8Ub_ONCjFNfucvp5iv2vEzpUoI4TCDv, https://lh5.googleusercontent.com/p/AF1QipNyKFBPog0ikqDkTkB9TIau1fu-V4aOFnc4pqox, "
Khách sạn blue sea quy nhơn,"Đường Bùi Tư Toàn, Nguyễn Văn Cừ, Quy Nhơn, Bình Định, Việt Nam","4,3",58,13.7545052,108.636744,Bình Định,Khách sạn 2 sao,241.419 ₫,Không có giảm giá,"Wi-Fi miễn phí, Có điều hòa nhiệt độ, Dịch vụ giặt ủi, Có đường ra bãi biển, Phù hợp với trẻ em, Xe đưa đón ra sân bay, ","https://lh5.googleusercontent.com/p/AF1QipNIu4bZ5fHlu7b7Ua7WftLt5WTHTctmmTGKIbHm, https://lh5.googleusercontent.com/p/AF1QipP1wy4V1mSGL5K92QGJRaLyhMiWrmsezdiS0rPQ, https://lh5.googleusercontent.com/p/AF1QipNB7iGJnXTXOL-7HMEWnw72utXdDtU8ggzlS30o, https://lh5.googleusercontent.com/p/AF1QipNZx_EKZ63beux1AaBvUrLUo_WQ6YMv8jt1WJlw, "
ATHENA HOTEL QUY NHƠN,"8 Lê Lai, Lý Thường Kiệt, Quy Nhơn, Bình Định, Việt Nam","4,2",198,13.7622888,108.6432709,Bình Định,Khách sạn,442.371 ₫,Ít hơn 20% so với bình thường,"Wi-Fi miễn phí, Bữa sáng miễn phí, Đỗ xe miễn phí, Bể bơi, Có điều hòa nhiệt độ, Dịch vụ giặt ủi, Có đường ra bãi biển, Nhà hàng, Xe đưa đón ra sân bay, Spa, ","https://lh5.googleusercontent.com/p/AF1QipMDJjhD230gsWmlxNhfAxI2q96VPh7lccELAC8O, https://lh5.googleusercontent.com/p/AF1QipMCbmgm-EeiYyxJSVBhbknROUbI01X3TxUEbfYK, https://lh5.googleusercontent.com/p/AF1QipPjagYDp9XglR3p1E9ryvS9PwS7YJEh_9BLvDXV, https://lh5.googleusercontent.com/p/AF1QipPMywcD50uEiuY-s8zR7crOSHDbi2zBZE7Ppixx, "
DANKBAAR RESORT,"01 Hàn Mặc Tử, Ghềnh Ráng, Quy Nhơn, Bình Định, Việt Nam","4,0",135,13.7464917,108.637236,Bình Định,Khách sạn,952.649 ₫,Ít hơn 30% so với bình thường,,"https://lh5.googleusercontent.com/p/AF1QipOKLelOMK2AaYNcloK32BwOY-gkl95Zk1KLD9rZ, https://lh5.googleusercontent.com/p/AF1QipPZzPdF9KZToErcAtCq3V2EOfPnFc21oVm5R3ec, https://lh5.googleusercontent.com/p/AF1QipPNFo98I1U4UMHFqv6vVtsC_J3vnodRWIVZNoJy, https://lh5.googleusercontent.com/p/AF1QipPPEOUyoUQVMEreFrGxX8iYPIU3ELdtkasqOLxd, "
Meria Hotel Quy Nhon,"09 Trương Văn Của, Nguyễn Văn Cừ, Quy Nhơn, Bình Định 55000, Việt Nam","4,3",79,13.7548717,108.6364958,Bình Định,Khách sạn 3 sao,627.988 ₫,Không có giảm giá,"Wi-Fi miễn phí, Bữa sáng miễn phí, Đỗ xe miễn phí, Bể bơi ngoài trời, Có điều hòa nhiệt độ, Dịch vụ giặt ủi, Chấp nhận vật nuôi, Nhà hàng, Xe đưa đón ra sân bay, Quán bar, Không hút thuốc, ","https://lh5.googleusercontent.com/p/AF1QipO8wtsllCO5zSNSyXyYRi5WRUS_jGd0vYSfwwDJ, https://lh5.googleusercontent.com/p/AF1QipM1tSN6fDN7OAFfozUR9mofsYM9snKxECYKibzM, https://lh5.googleusercontent.com/p/AF1QipPml4iIA6EQVpUd5IboB1If69B3Wi91sI4nM8jh, https://lh5.googleusercontent.com/p/AF1QipNGAy4bC7pvXJkYJRBseVQBSXrrUaJwWs_izkfg, "
Le Mint Hotel Quy Nhơn,"01-03 Trần Khánh Dư, p, Quy Nhơn, Bình Định 59000, Việt Nam","4,7",312,13.7534778,108.6355507,Bình Định,Khách sạn,663.885 ₫,Không có giảm giá,"Wi-Fi miễn phí, Bữa sáng miễn phí, Đỗ xe miễn phí, Bể bơi, Có điều hòa nhiệt độ, Dịch vụ giặt ủi, Nhà hàng, Xe đưa đón ra sân bay, Bồn tắm nước nóng, ","https://lh5.googleusercontent.com/p/AF1QipPBvp_1wuVCs2vFRnhwJIXousIok5UT5N9H-8no, https://lh5.googleusercontent.com/p/AF1QipPqtsT3xrAntVGRl4kBp40M9gfdpl3SBx8rJNV9, https://lh5.googleusercontent.com/p/AF1QipOxpryOcnCE_h6iYjn5PmvgvHmKmAOKY_pCMCu-, https://lh5.googleusercontent.com/p/AF1QipM0kOIZH4b82ITTv3s0Rw7i5wQUoHRd10Y7aGa-, "
Khách Sạn Hoàng Yến III,"376 Xuân Diệu, Trần Phú, Quy Nhơn, Bình Định, Việt Nam","3,5",171,13.763739,108.6478624,Bình Định,Khách sạn 2 sao,350.000 ₫,Không có giảm giá,"Wi-Fi miễn phí, Đỗ xe miễn phí, Có điều hòa nhiệt độ, Dịch vụ giặt ủi, Có đường ra bãi biển, Phù hợp với trẻ em, Nhà hàng, Xe đưa đón ra sân bay, ","https://lh5.googleusercontent.com/p/AF1QipPuqAGU4SujD6SNfpATorV32rZp1_kBgVVJ0L3w, https://lh5.googleusercontent.com/p/AF1QipPHmDEoj3XKr5FiYejaJ_HTkt9kRyZ3UJb_rRjL, https://lh5.googleusercontent.com/p/AF1QipOSJ6dwjUWH4LvmxmobcD8oF5A_Y-OXGjMtJV5J, https://lh5.googleusercontent.com/p/AF1QipMR2XCYEygIX5EZ3uaLIxNXczfkbg086ABbK1fF, "
Khách sạn Kim Hoa (gần biển),"03 Nguyễn Như Đỗ, Nguyễn Văn Cừ, Quy Nhơn, Bình Định, Việt Nam","4,5",92,13.7528661,108.6390038,Bình Định,Khách sạn 3 sao,306.013 ₫,Không có giảm giá,"Wi-Fi miễn phí, Bãi đỗ xe, Có điều hòa nhiệt độ, Dịch vụ giặt ủi, Có đường ra bãi biển, ","https://lh5.googleusercontent.com/p/AF1QipNDmi7ce4eoPzuiedyRVh3xva2CIrWR9rGLsrLh, https://lh5.googleusercontent.com/p/AF1QipOwCke-4BvW2jf5vHoLoM52CnsoRzL68_o32yra, https://lh5.googleusercontent.com/p/AF1QipP9kb9dN1vjNj2YL0UqagmIGV-vuNdzn5cGOi5h, https://lh5.googleusercontent.com/p/AF1QipPkgrfN-1ondIIusP6_MCUxIxWivK7mXjwnq8I, "
Khách Sạn Hương Biển,"Nhà Hàng - Khách Sạn Hương Biển, Ấp Thiện Chánh 1, Xã Tam Quan Bắc, Huyện Hoài Nhơn, Tam Quan Bắc, Hoài Nhơn, Bình Định, Việt Nam","3,6",369,14.5657863,108.4885397,Bình Định,Khách sạn 2 sao,278.579 ₫,Không có giảm giá,"Wi-Fi miễn phí, Bữa sáng miễn phí, Đỗ xe miễn phí, Có điều hòa nhiệt độ, Dịch vụ giặt ủi, Có đường ra bãi biển, Phù hợp với trẻ em, Nhà hàng, ","https://lh5.googleusercontent.com/p/AF1QipO1_P78_ywu5se4T1keN6eko0FEZP2MZFmW14I, https://lh5.googleusercontent.com/p/AF1QipP5b2LkFlCZXaoRxrowv4ru63rB3SUvFaiOPEoq, https://lh5.googleusercontent.com/p/AF1QipN-KaYJcCAJ-6gzekGpfd6agcX-6_1WaOkEgFBs, https://lh5.googleusercontent.com/p/AF1QipNXK1bRTkOpA2k4ZqCiDq7l69io2hkju0ZwP3Bn, "
Khách Sạn Hoàng Yến III,"376 Xuân Diệu, Trần Phú, Quy Nhơn, Bình Định, Việt Nam","3,5",171,13.763739,108.6478624,Bình Định,Khách sạn 2 sao,350.000 ₫,Không có giảm giá,"Wi-Fi miễn phí, Đỗ xe miễn phí, Có điều hòa nhiệt độ, Dịch vụ giặt ủi, Có đường ra bãi biển, Phù hợp với trẻ em, Nhà hàng, Xe đưa đón ra sân bay, ","https://lh5.googleusercontent.com/p/AF1QipPuqAGU4SujD6SNfpATorV32rZp1_kBgVVJ0L3w, https://lh5.googleusercontent.com/p/AF1QipPHmDEoj3XKr5FiYejaJ_HTkt9kRyZ3UJb_rRjL, https://lh5.googleusercontent.com/p/AF1QipOSJ6dwjUWH4LvmxmobcD8oF5A_Y-OXGjMtJV5J, https://lh5.googleusercontent.com/p/AF1QipMR2XCYEygIX5EZ3uaLIxNXczfkbg086ABbK1fF, "
Khách sạn Kim Hoa (gần biển),"03 Nguyễn Như Đỗ, Nguyễn Văn Cừ, Quy Nhơn, Bình Định, Việt Nam","4,5",92,13.7528661,108.6390038,Bình Định,Khách sạn 3 sao,306.013 ₫,Không có giảm giá,"Wi-Fi miễn phí, Bãi đỗ xe, Có điều hòa nhiệt độ, Dịch vụ giặt ủi, Có đường ra bãi biển, ","https://lh5.googleusercontent.com/p/AF1QipNDmi7ce4eoPzuiedyRVh3xva2CIrWR9rGLsrLh, https://lh5.googleusercontent.com/p/AF1QipOwCke-4BvW2jf5vHoLoM52CnsoRzL68_o32yra, https://lh5.googleusercontent.com/p/AF1QipP9kb9dN1vjNj2YL0UqagmIGV-vuNdzn5cGOi5h, https://lh5.googleusercontent.com/p/AF1QipPkgrfN-1ondIIusP6_MCUxIxWivK7mXjwnq8I, "
La MAISON Hotel,"20 Hàn Mặc Tử, Ghềnh Ráng, Quy Nhơn, Bình Định, Việt Nam","4,3",68,13.7466326,108.6368496,Bình Định,Khách sạn,563.292 ₫,Ít hơn 21% so với bình thường,"Wi-Fi miễn phí, Bữa sáng miễn phí, Đỗ xe miễn phí, Bể bơi ngoài trời, Có điều hòa nhiệt độ, Dịch vụ giặt ủi, Có đường ra bãi biển, Dịch vụ phòng, Nhà hàng, ","https://lh5.googleusercontent.com/p/AF1QipPygFX-jxBygkhmcH_jZNVVhMc1NjguHBmkugqy, https://lh5.googleusercontent.com/p/AF1QipOUpoEkWHwIdxGnQoi3BWAwheC7VUNocP6iAu2q, https://lh5.googleusercontent.com/p/AF1QipNT61N0yZSyhc8CM2-e9CpI0b6gWLMEYCq_bJd_, https://lh5.googleusercontent.com/p/AF1QipPScjURWHtz4hBnNWQiCVLRPWXPAyi1XQB2WSSx, "
Khách sạn Thanh Vân,"311-313, Đống Đa, Thị Nải, Quy Nhơn, Bình Định 55100, Việt Nam","4,8",27,13.7824385,108.6528445,Bình Định,Khách sạn 3 sao,481.000 ₫,Không có giảm giá,"Wi-Fi miễn phí, Đỗ xe miễn phí, Có điều hòa nhiệt độ, Dịch vụ giặt ủi, Nhà hàng, Bếp ở một số phòng, Xe đưa đón ra sân bay, ","https://lh5.googleusercontent.com/p/AF1QipNmU4J6X_r60jCBp2wmUq00Uej7m97TV1ZAKAQE, https://lh5.googleusercontent.com/p/AF1QipO5FKhGcYc_RGTE00KwkxQQrPyDokSv5WWKRpxu, https://lh5.googleusercontent.com/p/AF1QipOnjgXpzFFlsQ50u-h47VQb2b5I9eEne3aagtUm, https://lh5.googleusercontent.com/p/AF1QipO5OJPGEY1JAWEzesKCADt0md_3i_QiQoSHyvWV, "
FLC Luxury Resort Quy Nhon,"Khu 4, Quy Nhơn, Bình Định, Việt Nam","4,3",4.593,13.8871563,108.7028301,Bình Định,Khách sạn 5 sao,1.021.999 ₫,Ít hơn 55% so với bình thường,"Wi-Fi miễn phí, Bữa sáng miễn phí, Đỗ xe miễn phí, Phù hợp cho người khuyết tật, Bể bơi ngoài trời, Có điều hòa nhiệt độ, Dịch vụ giặt ủi, Có đường ra bãi biển, Dịch vụ phòng, Phù hợp với trẻ em, Nhà hàng, Xe đưa đón ra sân bay, Bồn tắm nước nóng, Spa, Trung tâm thể dục, Sân gôn, Quán bar, ","https://lh5.googleusercontent.com/p/AF1QipOsUt1xeUWt6kK0CmSOmuuCabc1WSqn4eoz1Bsg, https://lh5.googleusercontent.com/p/AF1QipNDaoSeKQr__CdxiflIzvbfO-DN1zQE3NERxaRY, https://lh5.googleusercontent.com/p/AF1QipORZ4n5-LF5ku8RAut-nsZWOfHWbwP786NlWIKD, https://lh5.googleusercontent.com/p/AF1QipPiPMDqU_fn-ilbI2MdvCzNv6wxJQVioDKMOOuW, "
VV House Homestay Quy Nhon,"41 Nguyễn Tư, Lý Thường Kiệt, Quy Nhơn, Bình Định, Việt Nam","4,8",197,13.7668548,108.6437413,Bình Định,Khách sạn,284.066 ₫,Ít hơn 26% so với bình thường,"Wi-Fi miễn phí, Bữa sáng có tính phí, Đỗ xe miễn phí, Bể bơi ngoài trời, Có điều hòa nhiệt độ, Chấp nhận vật nuôi, Bồn tắm nước nóng, Quán bar, Không hút thuốc, ","https://lh5.googleusercontent.com/p/AF1QipOMljQH60vPsyaQKYk-NPPddapBCe7Nn1C6Uv6w, https://lh5.googleusercontent.com/p/AF1QipNJ7gDMx0VK0znEzMFD0A9CEE9S_QKorYx9m-Rt, https://lh5.googleusercontent.com/p/AF1QipOkK3Yrma2LDoLzFRjZnNpXHUIpSRRkfSsY9e9G, https://lh5.googleusercontent.com/p/AF1QipNmc9UmGXe3KtIftIndfCfM8w1wlYhH2Ij3yBl6, "
Khách sạn Aloha Quy Nhơn,"50 Lê Lợi, Phường Lê Lợi, Quy Nhơn, Bình Định, Việt Nam","4,2",86,13.7719924,108.6550502,Bình Định,Khách sạn,214.679 ₫,Không có giảm giá,"Wi-Fi miễn phí, Đỗ xe miễn phí, Có điều hòa nhiệt độ, Dịch vụ giặt ủi, Nhà hàng, Xe đưa đón ra sân bay, ","https://lh5.googleusercontent.com/p/AF1QipP_5AbW0Pe41y4m1IJ9CDiFGQ6gvqRCXk7USD0R, https://lh5.googleusercontent.com/p/AF1QipPaR9ZhmM6RrE855knuypawQrnpvBpMDvbZkhjx, https://lh5.googleusercontent.com/p/AF1QipPkUVFYEldz0YZXsDikyxMglALUNgIM37j2d3aP, https://lh5.googleusercontent.com/p/AF1QipN68OxBLmBs3xYmje7RyPqTWbXFegISTJn3GkW3, "
MIO Hotel,"193 Nguyễn Huệ, Trần Phú, Quy Nhơn, Bình Định, Việt Nam","4,3",66,13.7681553,108.6519905,Bình Định,Khách sạn,322.224 ₫,Không có giảm giá,"Wi-Fi miễn phí, Bãi đỗ xe, Có điều hòa nhiệt độ, Dịch vụ giặt ủi, Có đường ra bãi biển, Bếp ở một số phòng, Xe đưa đón ra sân bay, ","https://lh5.googleusercontent.com/p/AF1QipOdG2qLRjfI12yRRaJRcTAJWxpePBX2WxfZ_Qt2, https://lh5.googleusercontent.com/p/AF1QipPklTLZWXe9ENZeSAU7-xa1QGubICkOujPG3fRD, https://lh5.googleusercontent.com/p/AF1QipNMlYQBhRMP090HesPFcO25BPnUZtPKq8SYI3dP, https://lh5.googleusercontent.com/p/AF1QipPBecP_kQ4hz6TQx-ABYMRwOcETxkydPmf2w4c, "
Khách sạn Hưng Gia Quy Nhơn,"31 Dã Tượng, Nguyễn Văn Cừ, Quy Nhơn, Bình Định 590000, Việt Nam","4,7",66,13.7527461,108.6346447,Bình Định,Khách sạn 2 sao,250.647 ₫,Không có giảm giá,"Wi-Fi miễn phí, Đỗ xe miễn phí, Có điều hòa nhiệt độ, Dịch vụ giặt ủi, Nhà hàng, Xe đưa đón ra sân bay, ","https://lh5.googleusercontent.com/p/AF1QipOCp9EVQPsx7Ey95vQNtN1REXr17BQbxF92aWvQ, https://lh5.googleusercontent.com/p/AF1QipPiV8VU_AGadAW-rS0-epklkQFEv7O3wuT8jtVD, https://lh5.googleusercontent.com/p/AF1QipOx73QNXZ7Ud6AywBxfF873YZElBv1Vh3J8mcOP, https://lh5.googleusercontent.com/p/AF1QipPzZsVbju_8xvLgfdoINC6jkdYodumUkIDpi0U, "
Khách sạn Flora Quy Nhơn,"27 Chương Dương, Nguyễn Văn Cừ, Quy Nhơn, Bình Định, Việt Nam","3,9",209,13.752457,108.637604,Bình Định,Khách sạn 3 sao,455.000 ₫,Ít hơn 18% so với bình thường,"Wi-Fi miễn phí, Bữa sáng miễn phí, Đỗ xe miễn phí, Có điều hòa nhiệt độ, Dịch vụ giặt ủi, Có đường ra bãi biển, Phù hợp với trẻ em, Nhà hàng, Xe đưa đón ra sân bay, ","https://lh5.googleusercontent.com/p/AF1QipMstlv6kR9Bb9GTf5oMG9D0RhMP0fiUI5iQ_3xw, https://lh5.googleusercontent.com/p/AF1QipN7W7HVd6biAF91iGK05GYwxsU96VbdaU_DpJ9y, https://lh5.googleusercontent.com/p/AF1QipNYDbxMaLM_KXBzNSPu_cjum0CHiAv12SCdtoY2, https://lh5.googleusercontent.com/p/AF1QipMJ8Ws_maZnsoaO-0uXUfFNomIbQvhZClF9d7Uk, "
ANYA PREMIER HOTEL QUY NHON,"44 An Dương Vương, Nguyễn Văn Cừ, Quy Nhơn, Bình Định 59000, Việt Nam","4,5",532,13.7525242,108.6386542,Bình Định,Khách sạn,1.040.386 ₫,Không có giảm giá,"Wi-Fi miễn phí, Bữa sáng miễn phí, Đỗ xe miễn phí, Phù hợp cho người khuyết tật, Có điều hòa nhiệt độ, Dịch vụ giặt ủi, Có đường ra bãi biển, Dịch vụ phòng, Nhà hàng, Xe đưa đón ra sân bay, Spa, Trung tâm thể dục, ","https://lh5.googleusercontent.com/p/AF1QipNt6BTZnZ0K1-HPWdEm7wUsCdjeXj3Zo4QFmdnF, https://lh5.googleusercontent.com/p/AF1QipNn43li0HUyI7KQtcsiDikN61HZXxbSkL5szzH8, https://lh5.googleusercontent.com/p/AF1QipNd20M_CKmtxpv6SetM1HuPzgsawT-gBAJhIAcI, https://lh5.googleusercontent.com/p/AF1QipP3410p9iFJMU1XyZU9B0S1RG3x4eqAdRJDjJoB, "
Khách Sạn Mộng Mơ,"nối dài/03 Lê Lợi, Phường Lê Lợi, Quy Nhơn, Bình Định, Việt Nam","3,5",24,13.7690685,108.6546189,Bình Định,Khách sạn,450.000 ₫,Không có giảm giá,,"https://lh5.googleusercontent.com/p/AF1QipNjqZ636Ck76YboI5357_gIPHqbGjHQbkJnFsbD, https://lh5.googleusercontent.com/p/AF1QipNrO6jL-yysRgJFJ11vhoUYeqD6RZGRX1S13LoF, https://lh5.googleusercontent.com/p/AF1QipMB24joKBVhSPow1rKFxGG1BeUcmdseGGdNi0oU, https://lh5.googleusercontent.com/p/AF1QipN400xct5lZEnj53j7NMEHwMMxe06Rw16X3pcbD, "
ANYA HOTEL QUY NHƠN (Công Ty Cổ phần Đầu Tư Phát Triển Du Lịch - Dịch Vụ Quy Nhơn),"03 Nguyễn Trung Tín, Nguyễn Văn Cừ, Quy Nhơn, Bình Định, Việt Nam","4,4",759,13.7543871,108.6382519,Bình Định,Khách sạn 4 sao,921.000 ₫,Không có giảm giá,"Wi-Fi miễn phí, Bữa sáng miễn phí, Đỗ xe miễn phí, Phù hợp cho người khuyết tật, Bể bơi, Có điều hòa nhiệt độ, Dịch vụ giặt ủi, Có đường ra bãi biển, Dịch vụ phòng, Nhà hàng, Xe đưa đón ra sân bay, Bồn tắm nước nóng, Spa, Trung tâm thể dục, ","https://lh5.googleusercontent.com/p/AF1QipMnJHv7ebJaJ9-NzHoTEJrQzLQnlBcC1pHS6Ljy, https://lh5.googleusercontent.com/p/AF1QipOjBoMPHK1ErpO89lySgz1V51Dx0S0w8F-JMmqT, https://lh5.googleusercontent.com/p/AF1QipP8-r6HN_fIklVqDsgkrvseDzS5U6iprVjScH_k, https://lh5.googleusercontent.com/p/AF1QipPfzPkYWjAF-OnkJnTJVOTXA2dcN5_eqJgeOzZr, "
Khách sạn Thanh Thanh,"88 Tây Sơn, Nguyễn Văn Cừ, Quy Nhơn, Bình Định, Việt Nam","4,1",141,13.7487679,108.636049,Bình Định,Khách sạn 3 sao,349.409 ₫,Không có giảm giá,"Wi-Fi miễn phí, Đỗ xe miễn phí, Có điều hòa nhiệt độ, Dịch vụ giặt ủi, Có đường ra bãi biển, Phù hợp với trẻ em, ","https://lh5.googleusercontent.com/p/AF1QipPSHOa6RiS0jLHRFt26-GXp51wBvt1qmEAmus3Q, https://lh5.googleusercontent.com/p/AF1QipPai2iDqMmqHSv9taE2Db3tVz8X11w_sI720K4q, https://lh5.googleusercontent.com/p/AF1QipOgkmuDsI_JMhz4HdTr_5HQGeEaq2TskrWF3tBz, https://lh5.googleusercontent.com/p/AF1QipPZ2K5jXjk9biHZLlkVMZ1aLkR0e7WDOvd678vF, "
Ohana Village Quy Nhon,"Km17, Đường DT 639 Khu Phố, Phương Phi, Phù Cát, Bình Định 55319, Việt Nam","4,4",308,13.9580818,108.6673685,Bình Định,Khách sạn 3 sao,825.000 ₫,Không có giảm giá,"Wi-Fi miễn phí, Bữa sáng miễn phí, Đỗ xe miễn phí, Bể bơi ngoài trời, Có điều hòa nhiệt độ, Dịch vụ giặt ủi, Có đường ra bãi biển, Phù hợp với trẻ em, Nhà hàng, Bếp trong tất cả các phòng, Xe đưa đón ra sân bay, Spa, ","https://lh5.googleusercontent.com/p/AF1QipNUFkj7vAT2AP22i-W4ZK8_cpWSbVLJdSX-ZdN-, https://lh5.googleusercontent.com/p/AF1QipMkWCQWJXxITOsKLbS59dSaB3-ElNirBueC0L27, https://lh5.googleusercontent.com/p/AF1QipOljJxGUA7szQbPlp4mONIxtHR8H7vDNvnADoq6, https://lh5.googleusercontent.com/p/AF1QipNksdOVChcwoMVerTKi0Iv2vXUhU95RkTvnvNUo, "
Nẫu Ecovalley Farmstay,"commune, Thôn 1, An Lão, Bình Định, Việt Nam","4,8",147,14.5321889,108.1072539,Bình Định,Khách sạn,196.544 ₫,Không có giảm giá,,"https://lh5.googleusercontent.com/p/AF1QipPPuPcntSphHSm0atK48Xl6p2GjsoHb1AzpjRoG, https://lh5.googleusercontent.com/p/AF1QipOVQIs3pOMdjgi3w6v3aDWlAEm00Est4pBWocDs, https://lh5.googleusercontent.com/p/AF1QipM16M83N9KyuVO57M3gFYP3F6D0gowsTO6PVMEe, https://lh5.googleusercontent.com/p/AF1QipNjUIRhHuA1twZcie0b2W_V7tMCD6sKGi2TsEq4, "
Y's Sea House,"190 Xuân Diệu, Trần Phú, Quy Nhơn, Bình Định 70000, Việt Nam","4,6",33,13.7682069,108.6539953,Bình Định,Khách sạn,498.998 ₫,Ít hơn 15% so với bình thường,,"https://lh5.googleusercontent.com/p/AF1QipNW8NPELvym_6fmBEQf2gYOistG2hZ5mZFhNqYo, https://lh5.googleusercontent.com/p/AF1QipM7y09blHOHmIW07CZYtk3w-fjBpV-Kw_yFDEHB, https://lh5.googleusercontent.com/p/AF1QipMFxmItSUqbvKUzuAiyq4sWV68gYnfca0aO6Kyx, https://lh5.googleusercontent.com/p/AF1QipM99ihH2tuOaL97jzh9LdpVTSliWKpMGJjFMuUi, "
HOA TRANG Hotel,"ĐT639B, Hoài Châu Bắc, Hoài Nhơn, Bình Định, Việt Nam","4,2",74,14.5851798,108.4667052,Bình Định,Khách sạn 3 sao,250.000 ₫,Không có giảm giá,"Wi-Fi miễn phí, Đỗ xe miễn phí, Có điều hòa nhiệt độ, Dịch vụ giặt ủi, Chấp nhận vật nuôi, Xe đưa đón ra sân bay, ","https://lh5.googleusercontent.com/p/AF1QipO8MppWi8bAGawU6M80dhfXFoxTSNKzRK0smec, https://lh5.googleusercontent.com/p/AF1QipPrvTApai9XIbYMdVD9cEFr906bVyzUkot2fVC6, https://lh5.googleusercontent.com/p/AF1QipNmQN6gdZ1fhkjer9Wc8jJxmxKCKxAB-XtOs9y2, https://lh5.googleusercontent.com/p/AF1QipPn6hfjsAIBCvyLN1uczlpn-w-r1bTCGI65OGI3, "
Khách sạn Anh Vy,"08 An Dương Vương, Nguyễn Văn Cừ, Quy Nhơn, Bình Định, Việt Nam","3,6",133,13.7556397,108.6405111,Bình Định,Khách sạn,297.527 ₫,Không có giảm giá,"Wi-Fi miễn phí, Đỗ xe miễn phí, Có điều hòa nhiệt độ, Dịch vụ giặt ủi, Có đường ra bãi biển, Phù hợp với trẻ em, Nhà hàng, ","https://lh5.googleusercontent.com/p/AF1QipOcJpxPRQ9qB5ccJRbEZ-MHD4uCTbi66BWcKleg, https://lh5.googleusercontent.com/p/AF1QipMASygcJzGkPYjlX83BrURMVyAcbGtQ07Ql4B2u, https://lh5.googleusercontent.com/p/AF1QipM9B9RlHXGrCxbNcrYkXUQ3npdrUzDT7MRkT4s7, https://lh5.googleusercontent.com/p/AF1QipMJ5-tNuQ9QlVJ4aoAqpkjLi2S7AKGXc5YdKNjT, "
KHÁCH SẠN MOONLIGHT,"26 Nguyễn Viết Xuân, Ghềnh Ráng, Quy Nhơn, Bình Định 55000, Việt Nam","5,0",12,13.7505062,108.6320694,Bình Định,Khách sạn,242.666 ₫,Không có giảm giá,"Wi-Fi miễn phí, Đỗ xe miễn phí, Phù hợp cho người khuyết tật, Có điều hòa nhiệt độ, Dịch vụ giặt ủi, Bếp ở một số phòng, Xe đưa đón ra sân bay, ","https://lh5.googleusercontent.com/p/AF1QipM4zpqrEAdX8FhFWJ3y7777ikIpIPlkIYZaRgIe, https://lh5.googleusercontent.com/p/AF1QipPQdStoKdkkkRHXLurmSuXP6v02u9RvWLg7Qhwv, https://lh5.googleusercontent.com/p/AF1QipOw0cPVJnlIeB8WwztBTq4a0aeZDiONid-u61U9, https://lh5.googleusercontent.com/p/AF1QipP_-d7PxEc7teDqPYnmx8v01u2wZKJ4Je8Etx8g, "
Khách Sạn Thiên Hải 2,"360 Xuân Diệu, Trần Phú, Quy Nhơn, Bình Định, Việt Nam","3,7",170,13.7642874,108.6484435,Bình Định,Khách sạn 3 sao,350.000 ₫,Không có giảm giá,"Wi-Fi miễn phí, Đỗ xe miễn phí, Có điều hòa nhiệt độ, Dịch vụ giặt ủi, Có đường ra bãi biển, Xe đưa đón ra sân bay, ","https://lh5.googleusercontent.com/p/AF1QipPah5NEnns3woXjTrkxe92RVd2UoKzj3cRMZK7l, https://lh5.googleusercontent.com/p/AF1QipOVNWBFn1mg5CrwV_R-t89E1ULqHPTSC-IdovC_, https://lh5.googleusercontent.com/p/AF1QipPS7WAJLU4IbYISUh_JiK6PJgNc8TQEeghTxPTF, https://lh5.googleusercontent.com/p/AF1QipOiYjLGi3kp9u8aMnIzifeXLlRN5Mbw09UvoZPH, "
Golden hotel.,"QL1A, TT. Bình Định, Tuy Phước, Bình Định, Việt Nam","3,9",106,13.8875476,108.5451446,Bình Định,Khách sạn 2 sao,269.102 ₫,Không có giảm giá,"Wi-Fi miễn phí, Đỗ xe miễn phí, Có điều hòa nhiệt độ, Dịch vụ giặt ủi, Chấp nhận vật nuôi, ","https://lh5.googleusercontent.com/p/AF1QipO1TB9WlwYawWGs_CKrsCNRp66wB5EpYKozi-Vc, https://lh5.googleusercontent.com/p/AF1QipNemIzGYN7H0XYXc40JEdeJ3nuy-bfxiIepSve_, https://lh5.googleusercontent.com/p/AF1QipMp8xRzVrfUUQ33oixFPqg79Os7XiVKGWfQL7Fl, https://lh5.googleusercontent.com/p/AF1QipPuQpdLyBPJtj1a1jvgIWaO8nX_aCKtvqu_CIg0, "
Khách sạn misa,"102 Tây Sơn, Nguyễn Văn Cừ, Quy Nhơn, Bình Định, Việt Nam","4,2",54,13.7496149,108.6353911,Bình Định,Khách sạn 3 sao,213.797 ₫,Không có giảm giá,"Wi-Fi miễn phí, Đỗ xe miễn phí, Có điều hòa nhiệt độ, Dịch vụ giặt ủi, Chấp nhận vật nuôi, Có đường ra bãi biển, ","https://lh5.googleusercontent.com/p/AF1QipMKmCcO13n6c5Xybb1uDgPiHHbbUcaL5u1NYwsU, https://lh5.googleusercontent.com/p/AF1QipPgT5mwjNVkg2VOxjpt2Pyc2OTFXncRg9f3_3_O, https://lh5.googleusercontent.com/p/AF1QipPWlGEZC5E2nBcVgAl8d30o4j26JFvOcSGx5pWa, https://lh5.googleusercontent.com/p/AF1QipPLsdxDf-gTwx4km6kMuvPDqtY7gMoUBJAyAhur, "
L'Amor Boutique Hotel Quy Nhơn - Khách sạn gần biển view 360 toàn thành phố,"1H1 Nguyễn Thị Định, Nguyễn Văn Cừ, Quy Nhơn, Bình Định 55000, Việt Nam","4,7",476,13.7551953,108.6359155,Bình Định,Khách sạn 4 sao,878.885 ₫,Không có giảm giá,"Wi-Fi miễn phí, Bữa sáng miễn phí, Đỗ xe miễn phí, Phù hợp cho người khuyết tật, Bể bơi ngoài trời, Có điều hòa nhiệt độ, Dịch vụ giặt ủi, Trung tâm thương mại, Có đường ra bãi biển, Dịch vụ phòng, Phù hợp với trẻ em, Nhà hàng, Bếp ở một số phòng, Xe đưa đón ra sân bay, Spa, Trung tâm thể dục, Quán bar, Không hút thuốc, ","https://lh5.googleusercontent.com/p/AF1QipNYrtveP9hWrVqSSpFJAPU6DbJiwSl4wNuVgRJI, https://lh5.googleusercontent.com/p/AF1QipO8_ylbjHn-W0N2rOAEza-k752t_BaplmIFgFXv, https://lh5.googleusercontent.com/p/AF1QipOIKy_wGH2aan6wiJ2HWFMQlbNkhxytFkX65M99, https://lh5.googleusercontent.com/p/AF1QipMqi7veTcoC062OzT3_3wlYMaFf_kmxPo7CQ2s8, "
ODIN HOTEL QUY NHON,"6 Trần Cao Vân, Phường Lê Lợi, Quy Nhơn, Bình Định, Việt Nam","4,5",148,13.7708845,108.6540786,Bình Định,Khách sạn,630.785 ₫,Không có giảm giá,"Wi-Fi miễn phí, Bữa sáng, Đỗ xe miễn phí, Phù hợp cho người khuyết tật, Bể bơi ngoài trời, Có điều hòa nhiệt độ, Dịch vụ giặt ủi, Có đường ra bãi biển, Dịch vụ phòng, Nhà hàng, Bếp ở một số phòng, Xe đưa đón ra sân bay, Spa, Trung tâm thể dục, Quán bar, Không hút thuốc, ","https://lh5.googleusercontent.com/p/AF1QipPJq65cDCcKqBgeBWlAq3qOHKMCx85wRbkn9DaF, https://lh5.googleusercontent.com/p/AF1QipO1Gnzw1Zx2SVCIR5yOSQNajbm7WMTtNCnIkpp4, https://lh5.googleusercontent.com/p/AF1QipOBrzQ_lw8p5wuqegIStDr-QYfx94XlWAkrD6oY, https://lh5.googleusercontent.com/p/AF1QipPfhe8e9InF-FeTwhZmgoaErLYizbo4mgpsGczH, "
Khách sạn Gia Kiên Hotel Quy Nhơn,"270 Xuân Diệu, Trần Phú, Quy Nhơn, Bình Định 55000, Việt Nam","4,4",14,13.7668783,108.6519139,Bình Định,Khách sạn,540.000 ₫,Ít hơn 17% so với bình thường,"Wi-Fi miễn phí, Đỗ xe miễn phí, Có điều hòa nhiệt độ, Dịch vụ giặt ủi, Có đường ra bãi biển, Bếp ở một số phòng, Xe đưa đón ra sân bay, ","https://lh5.googleusercontent.com/p/AF1QipMSv4zdWHFdwRGv4Ulwf8hywDGauJZtC6YmGSln, https://lh5.googleusercontent.com/p/AF1QipMGobALBnQmywhPb_uXVu6kA6GxeyyHyyuAlteq, https://lh5.googleusercontent.com/p/AF1QipPx_Tj5yWMCJP8RXsnn8pEOdPJ_MhOosg9--fMy, https://lh5.googleusercontent.com/p/AF1QipMcX8ZdqxVKJaV9P3Xy2LXiUT0sL-2cWGrbN4kS, "
NEW DAY HOTEL QUY NHƠN,"44 Nguyễn Như Đỗ, P.Nguyễn Văn Cừ. Đường mới này thuộc Hẻm cũ, 34 An Dương Vương, Nguyễn Văn Cừ, Quy Nhơn, Bình Định, Việt Nam","4,1",122,13.753468,108.6381208,Bình Định,Khách sạn 3 sao,225.924 ₫,Không có giảm giá,"Wi-Fi miễn phí, Đỗ xe miễn phí, Có điều hòa nhiệt độ, Dịch vụ giặt ủi, Có đường ra bãi biển, Phù hợp với trẻ em, Xe đưa đón ra sân bay, ","https://lh5.googleusercontent.com/p/AF1QipOhrL4KGrmnvq11q-t8jVaIKMMKL65GmZmZE4lC, https://lh5.googleusercontent.com/p/AF1QipPqiCpIK6AGhyyIAVBGxvLlT3IZJpKS3G4DrgdN, https://lh5.googleusercontent.com/p/AF1QipPNenXwws13Z36iLRjgIpjGBday-wg9dt0D96s, https://lh5.googleusercontent.com/p/AF1QipMCekRZQ80_Dt1PsS5Kolzs-e4TrH_EVgmjrNL3, "
My Hotel,"8 6 An Dương Vương, Nguyễn Văn Cừ, Quy Nhơn, Bình Định, Việt Nam","3,7",52,13.7555675,108.6404266,Bình Định,Khách sạn 2 sao,200.700 ₫,Ít hơn 16% so với bình thường,"Wi-Fi miễn phí, Bữa sáng miễn phí, Có điều hòa nhiệt độ, Dịch vụ giặt ủi, Có đường ra bãi biển, ","https://lh5.googleusercontent.com/p/AF1QipMZVRfhjjufriYFEfmTyvbZn8cIwVnFQFQkz3Ux, https://lh5.googleusercontent.com/p/AF1QipP58t2p9rTutVIANCvzTS6jNvfVS4bVx8TjOMR8, https://lh5.googleusercontent.com/p/AF1QipNyXD_B4Dp_Mpx5d3TgVNdMQmOgCjjzMhxQCc1l, https://lh5.googleusercontent.com/p/AF1QipMYjK52bN_zU7XvmEpkdScfcgy3bo-hzm42nq5o, "
Khách sạn TÂN THI,"140 Nguyễn Huệ, Trần Phú, Quy Nhơn, Bình Định 550000, Việt Nam","4,3",16,13.7645533,108.6466453,Bình Định,Khách sạn,248.596 ₫,Không có giảm giá,"Wi-Fi miễn phí, Đỗ xe miễn phí, Có điều hòa nhiệt độ, Dịch vụ giặt ủi, Có đường ra bãi biển, Bếp ở một số phòng, Xe đưa đón ra sân bay, ","https://lh5.googleusercontent.com/p/AF1QipOue3NFAc0dLz6R7GBvmHYeR5uG_Fdn_GPGvKUl, https://lh5.googleusercontent.com/p/AF1QipORpX9VfsBUJhc-a8H4Oefz_vJs0X2kFYR3WcQn, https://lh5.googleusercontent.com/p/AF1QipMjty5z5nIZfL1jN1NZ58TekY2lHMYdXcp_bCgF, https://lh5.googleusercontent.com/p/AF1QipMMYepEnACMNG2QBfASmL5cr53svv_7WmKSXByn, "
LY KY HOTEL,"368 Xuân Diệu, Trần Phú, Quy Nhơn, Bình Định 053000, Việt Nam","3,7",481,13.7642244,108.6483027,Bình Định,Khách sạn 2 sao,310.520 ₫,Không có giảm giá,"Wi-Fi miễn phí, Bữa sáng miễn phí, Có điều hòa nhiệt độ, Dịch vụ giặt ủi, Có đường ra bãi biển, Phù hợp với trẻ em, Nhà hàng, Xe đưa đón ra sân bay, Quán bar, ","https://lh5.googleusercontent.com/p/AF1QipP8104k2Vitz-J7AdgoSqkqiv6jouUmG6wFaoqx, https://lh5.googleusercontent.com/p/AF1QipPIdbYnAC6qB-qTxjMQZ8B3Z6K1JvKL25G0E7Tn, https://lh5.googleusercontent.com/p/AF1QipMEn71zAMA8uU_CEQ2dpYe2ibD7pMtW5bcewfoV, https://lh5.googleusercontent.com/p/AF1QipPzqF8BNhvZwmz9qCfWCmLp2S7BsQG7ftuuu_Lx, "
Yên Vy 04 Luxury Hotel,"04 Trần Văn Ơn, Nguyễn Văn Cừ, Quy Nhơn, Bình Định, Việt Nam","3,5",146,13.755119,108.6398901,Bình Định,Khách sạn 3 sao,342.675 ₫,Không có giảm giá,"Wi-Fi miễn phí, Bữa sáng miễn phí, Đỗ xe miễn phí, Có điều hòa nhiệt độ, Dịch vụ giặt ủi, Có đường ra bãi biển, Phù hợp với trẻ em, Nhà hàng, Xe đưa đón ra sân bay, ","https://lh5.googleusercontent.com/p/AF1QipO6KKv5dIf4K9is19l5YlIXzJq6l10FLep0VUuD, https://lh5.googleusercontent.com/p/AF1QipMyVA5ZsNk2idqvqVW1PLzyKpKqTDVJeRBBwJR8, https://lh5.googleusercontent.com/p/AF1QipNXujMzm6VR_m8QoNtGFBV18mnxXWVcimVocY57, https://lh5.googleusercontent.com/p/AF1QipPfh9OxVAn3Clks60yAxruSuYNaSsPlieaj4l-U, "
Khách sạn Sơn Hà Quy Nhơn,"BB2 đường Trần Hoàn, Ghềnh Ráng, Quy Nhơn, Bình Định, Việt Nam","4,6",19,13.751729,108.6307128,Bình Định,Khách sạn,400.000 ₫,Không có giảm giá,,"https://lh5.googleusercontent.com/p/AF1QipMIFmY5U5BliNsrwaizJ6Q7XXwxhkGd0vdc0lHY, https://lh5.googleusercontent.com/p/AF1QipOYAwtzhMJO2CblansOKIbrCOPVfIvgsfZl1pyU, https://lh5.googleusercontent.com/p/AF1QipOjaAqXeJ8qY4JjTBHVU8SIUwoLupZZzOCqlgbW, https://lh5.googleusercontent.com/p/AF1QipMz-aZ-G6B10q-uQ2JLrVLQJ0-ASlj5TVNeB9n-, "
KyCo Peninsula Quy Nhon Resort,"Unnamed, Road, Quy Nhơn, Bình Định, Việt Nam","3,9",142,13.8524204,108.7143396,Bình Định,Khách sạn,1.036.711 ₫,Không có giảm giá,,"https://lh5.googleusercontent.com/p/AF1QipN-rxTscBMhj34ETDJBR-cuKH1vsgOFzP-uT1ZX, https://lh5.googleusercontent.com/p/AF1QipMXO915nZkDAI0Hs4OXmST-tPS5wxnnFFJAkCDl, https://lh5.googleusercontent.com/p/AF1QipOtfeONp45y3SjXMa_nm0G_mb_DowLi0TbbyxZ-, https://lh5.googleusercontent.com/p/AF1QipNbaWhKhv3pUxJwgw3EeBVBwBlwLdBTDjVsBK2e, "
Bluesea Hotel Quy Nhơn - 02 Trần Độc,"02B Trần Độc, Trần Phú, Quy Nhơn, Bình Định 02563, Việt Nam","4,0",108,13.76364,108.6467101,Bình Định,Khách sạn 3 sao,198.204 ₫,Ít hơn 36% so với bình thường,"Wi-Fi miễn phí, Đỗ xe miễn phí, Có điều hòa nhiệt độ, Dịch vụ giặt ủi, Có đường ra bãi biển, Phù hợp với trẻ em, Nhà hàng, Xe đưa đón ra sân bay, ","https://lh5.googleusercontent.com/p/AF1QipM7JphN9rKbq_6GvO7oe9XVE2XLDO5CLbmaMn9Y, https://lh5.googleusercontent.com/p/AF1QipNNc3Z9kuNgdzrArCY4P6W8w9GCTaYcIFfU8RXy, https://lh5.googleusercontent.com/p/AF1QipOMgzvpqedESJ_S2aI_PuBba4h1lYH4DmrR27Dm, https://lh5.googleusercontent.com/p/AF1QipPhsgLfnAv8wH51aOswuwoXgRuSzPevUoWFTPJh, "
FLC City Hotel Beach Quy Nhon,"11 An Dương Vương, Nguyễn Văn Cừ, Quy Nhơn, Bình Định 55100, Việt Nam","4,5",365,13.7545568,108.6397833,Bình Định,Khách sạn 5 sao,937.598 ₫,Không có giảm giá,"Wi-Fi miễn phí, Bữa sáng miễn phí, Đỗ xe miễn phí, Phù hợp cho người khuyết tật, Bể bơi, Có điều hòa nhiệt độ, Dịch vụ giặt ủi, Có đường ra bãi biển, Dịch vụ phòng, Nhà hàng, Xe đưa đón ra sân bay, Spa, Trung tâm thể dục, ","https://lh5.googleusercontent.com/p/AF1QipOSoNMaQoa_9V_N6S4m720ryca03HzcGNUW_0iN, https://lh5.googleusercontent.com/p/AF1QipNofBaySMaFGVrfshrJtDexS89f8_OVUxCtZlGD, https://lh5.googleusercontent.com/p/AF1QipNx2QFLKJaVjaMQ5zzlnuDveMePgii1oLNlyyBy, https://lh5.googleusercontent.com/p/AF1QipMM1s4u5YcvlUgKRIv3PxZoFenqoCM6WkWry8oE, "
The Fancy House,"304 Diên Hồng, Lý Thường Kiệt, Quy Nhơn, Bình Định 591300, Việt Nam","4,8",48,13.7635982,108.6433054,Bình Định,Khách sạn 3 sao,330.000 ₫,Không có giảm giá,"Wi-Fi miễn phí, Đỗ xe miễn phí, Có điều hòa nhiệt độ, Dịch vụ giặt ủi, Xe đưa đón ra sân bay, ","https://lh5.googleusercontent.com/p/AF1QipNNFt6KYbIJ3Bvs4xWfScYWKaYqzNxgP0f6eRyx, https://lh5.googleusercontent.com/p/AF1QipNgSZToU6UaGwvzKjuhOGJCBEwNwy64o5_jXOhz, https://lh5.googleusercontent.com/p/AF1QipMARKceYCXy4MAoWFzaFg2to89ZlfD1g-iyAlp8, https://lh5.googleusercontent.com/p/AF1QipN4a0HNiZGGOLNZmaDLPnmDNRcmjwbqj5X_AZGy, "
Canary Gold Hotel,"94 Xuân Diệu, Hải Cảng, Quy Nhơn, Bình Định 820000, Việt Nam","4,6",358,13.7719607,108.6657283,Bình Định,Khách sạn,774.136 ₫,Ít hơn 19% so với bình thường,"Wi-Fi miễn phí, Bữa sáng miễn phí, Đỗ xe miễn phí, Bể bơi, Có điều hòa nhiệt độ, Dịch vụ giặt ủi, Có đường ra bãi biển, Nhà hàng, Spa, ","https://lh5.googleusercontent.com/p/AF1QipPU6kXOJEuXunApCj2SuQbOWzchNT28bAFQ990, https://lh5.googleusercontent.com/p/AF1QipOsqSaYze8Uh26HaUiWOKZue_SZWbuUWLGKnjk, https://lh5.googleusercontent.com/p/AF1QipMH4SQ_RiYgHmPavQcXeXPm-xM_yOsq7fv-IBIP, https://lh5.googleusercontent.com/p/AF1QipPMYM2DzSJDOOKLBuq_n1CDxhqJTIKotDw8XGA, "
Khach san Yen Vy 32,"32 Chương Dương, Nguyễn Văn Cừ, Quy Nhơn, Bình Định, Việt Nam","3,6",158,13.7529624,108.6368286,Bình Định,Khách sạn 1 sao,178.200 ₫,Không có giảm giá,"Wi-Fi miễn phí, Đỗ xe miễn phí, Có điều hòa nhiệt độ, Dịch vụ giặt ủi, Có đường ra bãi biển, Phù hợp với trẻ em, Nhà hàng, Xe đưa đón ra sân bay, ","https://lh5.googleusercontent.com/p/AF1QipNOwEOkHpADDoZrgzHGHOpw_jyFg1tg7NldRu67, https://lh5.googleusercontent.com/p/AF1QipO787XO59fmfa6T-j6LWjXQmFKbd8euajrOI_ao, https://lh5.googleusercontent.com/p/AF1QipNZkCBGZeaq2hDa3KccJQqQjpLJTneE7teTysbi, https://lh5.googleusercontent.com/p/AF1QipNaY1WkbSBlvzabSASYeo_NrjeB1b3lDdZHIm3s, "
Khách Sạn Khải Hoàn ( Khải Hoàn Hotel),"02 Nguyễn Tư, Lý Thường Kiệt, Quy Nhơn, Bình Định, Việt Nam","4,0",50,13.7652895,108.6437033,Bình Định,Khách sạn,350.000 ₫,Không có giảm giá,"Wi-Fi miễn phí, Dịch vụ giặt ủi, ","https://lh5.googleusercontent.com/p/AF1QipOa2zkgPxvi_8ONz19hygNuvQlcKJVUYgpu9eAi, https://lh5.googleusercontent.com/p/AF1QipNGGnN-ZhCr4ihcGoRu4dUALyjnfSVDP-Mlq2OR, https://lh5.googleusercontent.com/p/AF1QipM6bK-RC_CzR6zwzUzHIeM-OLjaYvhapkDg1Nz8, https://lh5.googleusercontent.com/p/AF1QipPD62nb0lU94V1_5zCTno3axmXLM7S0SRB1F2F8, "
La Cactus Hotel 1,"220 Nguyễn Thị Định, Nguyễn Văn Cừ, Quy Nhơn, Bình Định 55000, Việt Nam","4,2",58,13.7559429,108.6359913,Bình Định,Khách sạn,221.480 ₫,Không có giảm giá,"Wi-Fi miễn phí, Đỗ xe miễn phí, Có điều hòa nhiệt độ, Dịch vụ giặt ủi, Dịch vụ phòng, Phù hợp với trẻ em, Xe đưa đón ra sân bay, Không hút thuốc, ","https://lh5.googleusercontent.com/p/AF1QipPTXU98VAJODXVrbjVUgzboGfjr-IbKL6CO7VNt, https://lh5.googleusercontent.com/p/AF1QipM4x4-5blo9ubSDP4BUs54S_-fIzIjNIhT9bBWc, https://lh5.googleusercontent.com/p/AF1QipPPNSFhF9fHu5DtnjSsQLMSDkL6p8z0eKBbMh6g, https://lh5.googleusercontent.com/p/AF1QipOrajY5qhgoR8a1CbALwVXaYrgO4k5mNXWZObwV, "
SALAH HOTEL,"09 Lê Lai, Lý Thường Kiệt, Quy Nhơn, Bình Định 55000, Việt Nam","4,2",57,13.7631371,108.6435066,Bình Định,Khách sạn 2 sao,355.394 ₫,Không có giảm giá,"Wi-Fi miễn phí, Bữa sáng miễn phí, Đỗ xe miễn phí, Có điều hòa nhiệt độ, Dịch vụ giặt ủi, Dịch vụ phòng, Nhà hàng, Quán bar, Không hút thuốc, ","https://lh5.googleusercontent.com/p/AF1QipPFZwZt3BPi3FQo583k1D2RYw53exSxVCJ4ep_k, https://lh5.googleusercontent.com/p/AF1QipP3NK5riPpbUdVLtgMa0dC0ruVIBCxpWv6id7Xc, https://lh5.googleusercontent.com/p/AF1QipOV-ha2GqDU95Xvc1J12S9QsCRDdCdi19btkwgG, https://lh5.googleusercontent.com/p/AF1QipPrbRBZl3D8UsvexYUSyholSoZthnmhEZ3w2M6G, "
HẢI ÂU BIÊN CƯƠNG,"08 Biên Cương, Ngô Mây, Quy Nhơn, Bình Định, Việt Nam","4,4",144,13.7637458,108.6400651,Bình Định,Khách sạn,464.415 ₫,Ít hơn 22% so với bình thường,"Wi-Fi miễn phí, Bữa sáng miễn phí, Bãi đỗ xe, Có điều hòa nhiệt độ, Dịch vụ giặt ủi, Nhà hàng, Xe đưa đón ra sân bay, ","https://lh5.googleusercontent.com/p/AF1QipMrzsCaTdQKZQqj-4EvyHqrDqWTUSLWlL4LHkPS, https://lh5.googleusercontent.com/p/AF1QipNLUhYQRRtWnQVFERJSy-hB5BjBBerkAc1flFOh, https://lh5.googleusercontent.com/p/AF1QipO-43-v1_qdF2hBGDbroGdroMcKFtVbGHkwwHVJ, https://lh5.googleusercontent.com/p/AF1QipM1xFIrxV-ku3KRsquB66TENJTBrGYOVnbY_IU5, "
ANNY Hotel,"98 Trần Anh Tông, Nguyễn Văn Cừ, Quy Nhơn, Bình Định, Việt Nam","3,6",41,13.7528481,108.6360129,Bình Định,Khách sạn 2 sao,268.884 ₫,Không có giảm giá,"Wi-Fi miễn phí, Bữa sáng có tính phí, Đỗ xe miễn phí, Phù hợp cho người khuyết tật, Có điều hòa nhiệt độ, Dịch vụ giặt ủi, Dịch vụ phòng, Xe đưa đón ra sân bay, Spa, ","https://lh5.googleusercontent.com/p/AF1QipNqe2vIDtQ5DMncqrdslPJ9lIJ3xqRnmgAd9ZZ9, https://lh5.googleusercontent.com/p/AF1QipMTc3noPaofqvCm6_kPo1o5zgZ3v5-dZ6C467Mm, https://lh5.googleusercontent.com/p/AF1QipMBMZR2Efk_-bsn1muUC10hkx01gwdnBSyjaHph, https://lh5.googleusercontent.com/p/AF1QipOszcbVoR2ju56RKlvkhxCHyDvC1mhl8ElVob71, "
Khách Sạn Sea Harmony Quy Nhơn,"24-25 Đường Bùi Tư Toàn, Nguyễn Văn Cừ, Quy Nhơn, Bình Định 820000, Việt Nam",Chưa xét,0,13.7544212,108.6365176,Bình Định,Khách sạn,262.119 ₫,Ít hơn 29% so với bình thường,,
LYS HOTEL - Khách sạn Nhơn Lý,"V7JQ+XXW, Nhơn Hoà, Quy Nhơn, Bình Định, Việt Nam","4,0",1,13.8824972,108.7131646,Bình Định,Khách sạn,400.000 ₫,Không có giảm giá,"Wi-Fi miễn phí, Đỗ xe miễn phí, Dịch vụ giặt ủi, Có đường ra bãi biển, ","https://lh5.googleusercontent.com/p/AF1QipNA7KVkNauMSDKuvIiN93TQQrLn4KtmNSx9tyIs, https://lh5.googleusercontent.com/p/AF1QipPt1PzHTFnPa8i7rVwoDPb0eP8EeFcG-toc92Ui, https://lh5.googleusercontent.com/p/AF1QipPUqki5dSN5ssriD4Qmf17J686UqxmYQMLz7FER, https://lh5.googleusercontent.com/p/AF1QipNaqOxJFv0xSUxHnxHUzZLhlSQ0fdfAWyEYTI3e, "
LUXURY T&T HOTEL,"09 Võ Thị Yến, Nguyễn Văn Cừ, Quy Nhơn, Bình Định, Việt Nam","3,9",8,13.7566365,108.6386451,Bình Định,Khách sạn,387.000 ₫,Không có giảm giá,,"https://lh5.googleusercontent.com/p/AF1QipOQ_vBEyQ8nhW8XAPjl9h7FB7ueXo8Z_TbA5MvR, https://lh5.googleusercontent.com/p/AF1QipP80Q0zvW1AdszbW4GOXsvisvNRdnzZMQjRPCBu, https://lh5.googleusercontent.com/p/AF1QipOxu3WhDW9HuAjSvxMF_xbluatz-_ckqSgEatUr, https://lh5.googleusercontent.com/p/AF1QipPH5trl_Q-uKvgzgoGZp6-PBUmHb-TwXJU-E_Pe, "
Khách sạn Phú Tài Center,"56 Âu Cơ, Bùi thị Xuân, Quy Nhơn, Bình Định, Việt Nam","3,9",69,13.7685168,108.572421,Bình Định,Khách sạn 1 sao,152.822 ₫,Không có giảm giá,"Wi-Fi miễn phí, Đỗ xe miễn phí, Có điều hòa nhiệt độ, Dịch vụ giặt ủi, Xe đưa đón ra sân bay, ","https://lh5.googleusercontent.com/p/AF1QipNLbJ9AF93jzMOI3xxHEy3dLxXY4lEuX0yETN4, https://lh5.googleusercontent.com/p/AF1QipNMJ7b3PhCohqEXqweyFSGWa_8RGvaOGQKpnaE, https://lh5.googleusercontent.com/p/AF1QipMcu-16c-hPRF5bNAbipd5cmqZ7T85_wET4keI, https://lh5.googleusercontent.com/p/AF1QipMaw4F8UwwDZr5dtXVaC5Xb6NS4HIuUgvBwiMm7, "
Mento Hotel,"411 Nguyễn Huệ, Trần Phú, Quy Nhơn, Bình Định 891300, Việt Nam","4,4",350,13.7641085,108.6465674,Bình Định,Khách sạn 3 sao,675.751 ₫,Không có giảm giá,"Wi-Fi miễn phí, Bữa sáng miễn phí, Đỗ xe miễn phí, Bể bơi ngoài trời, Có điều hòa nhiệt độ, Dịch vụ giặt ủi, Có đường ra bãi biển, Phù hợp với trẻ em, Nhà hàng, Spa, Trung tâm thể dục, ","https://lh5.googleusercontent.com/p/AF1QipMEnpStZhFwK1bqjuH4lCKfsqJryimEubxUkmss, https://lh5.googleusercontent.com/p/AF1QipPHqRZhlROG9RDubpA_GsqF5ABLOsaSdcn_rtf-, https://lh5.googleusercontent.com/p/AF1QipPsxcjdfX6kS_4T8-uL7u_4ROF1kivJiunrv3eq, https://lh5.googleusercontent.com/p/AF1QipPs3beC1LTs8yCA_N9SUHMR3LgmgvffuOfGRq7T, "
Lake View Quy Nhơn Hotel,"44 Bình Hà, Thị Nải, Quy Nhơn, Bình Định 590000, Việt Nam","4,4",141,13.7813068,108.6561571,Bình Định,Khách sạn 3 sao,513.516 ₫,Không có giảm giá,"Wi-Fi miễn phí, Bữa sáng miễn phí, Đỗ xe miễn phí, Có điều hòa nhiệt độ, Dịch vụ giặt ủi, Dịch vụ phòng, Phù hợp với trẻ em, Nhà hàng, Xe đưa đón ra sân bay, ","https://lh5.googleusercontent.com/p/AF1QipPVMNOQkCjfN3L93h_CY4EkGqVBZWI9LrGrSlD5, https://lh5.googleusercontent.com/p/AF1QipNdsL0NjZwcq1oQvHKmdiZGVrcPCB7lgIOZEDCz, https://lh5.googleusercontent.com/p/AF1QipPT1mBbzqmowFkvLCPUvCOFEQGHPpmcWx1rh8TB, https://lh5.googleusercontent.com/p/AF1QipPFwH0LqqLI0Qq0RmxIML8QFiDbtYwBB7vZtjqN, "
Khách sạn Bình Minh,"26 An Dương Vương, Nguyễn Văn Cừ, Quy Nhơn, Bình Định, Việt Nam","3,6",31,13.7549835,108.6402428,Bình Định,Khách sạn,250.000 ₫,Không có giảm giá,"Wi-Fi miễn phí, Có điều hòa nhiệt độ, Dịch vụ giặt ủi, Có đường ra bãi biển, Phù hợp với trẻ em, Bếp ở một số phòng, Xe đưa đón ra sân bay, ","https://lh5.googleusercontent.com/p/AF1QipPo6dkRhGeq8CdIAzClDzXIDlSvi0MFU1QNZgCg, https://lh5.googleusercontent.com/p/AF1QipPCqY_i5S8oNhcmy9MqSAD_1Eku6ALLWES7vVS_, https://lh5.googleusercontent.com/p/AF1QipMpNomYtTtikbWkXuuxpxdOzNE4AiayuZ3zLyVN, https://lh5.googleusercontent.com/p/AF1QipPwIAXT2iC19FkMnMuiOyCQbrGjlOCfbM0_5Od5, "
Khách sạn Osaka Quy Nhơn,"98a Mai Xuân Thưởng, Lý Thường Kiệt, Quy Nhơn, Bình Định, Việt Nam","4,0",140,13.7749912,108.6474188,Bình Định,Khách sạn 3 sao,581.882 ₫,Không có giảm giá,"Wi-Fi miễn phí, Bữa sáng miễn phí, Đỗ xe miễn phí, Có điều hòa nhiệt độ, Dịch vụ giặt ủi, Phù hợp với trẻ em, Nhà hàng, Xe đưa đón ra sân bay, ","https://lh5.googleusercontent.com/p/AF1QipPYY5UKBYIMgISm0r-BSgUIymSbMmv6xfVh8KC-, https://lh5.googleusercontent.com/p/AF1QipNAfAGSrOBEDU8-EjUuIX3h_RnRycGFUbzaDBeF, https://lh5.googleusercontent.com/p/AF1QipM_jz68QqMTub0cQkMJ3gxUfdzC6ki8AFNXRD4y, https://lh5.googleusercontent.com/p/AF1QipNWP43HdO-iZjUtSHK4lYlpYXs2wKfP8RPoL-Bj, "
Anh Thảo hotel,"171 Cần Vương, Nguyễn Văn Cừ, Quy Nhơn, Bình Định, Việt Nam","3,9",41,13.7548544,108.6346271,Bình Định,Khách sạn 3 sao,486.000 ₫,Không có giảm giá,"Wi-Fi miễn phí, Bữa sáng miễn phí, Đỗ xe miễn phí, Có điều hòa nhiệt độ, Dịch vụ giặt ủi, Nhà hàng, Bếp ở một số phòng, ","https://lh5.googleusercontent.com/p/AF1QipMdzsUX2v1GteddfG-1bC8f2ubgRfV1aYpuMznx, https://lh5.googleusercontent.com/p/AF1QipP_G8cc1c3sIiQY1P5BjO90HsLUt7VGbWzzdxKn, https://lh5.googleusercontent.com/p/AF1QipOCMNwetQjZ17byZ8vj-s98D0r4rl_hnEYxxL0, https://lh5.googleusercontent.com/p/AF1QipM-ZWVwREfgsxdVLbL7svXe7ua7DC1BtIMyVLng, "
Khách sạn Nhơn Lý Toàn Yến,"V7MP+588, Đường số 4, Hưng Lương, Quy Nhơn, Bình Định, Việt Nam","5,0",15,13.8829154,108.7090733,Bình Định,Khách sạn,545.956 ₫,Không có giảm giá,,"https://lh5.googleusercontent.com/p/AF1QipMgFkVysKkD9xxeJh-G84nx1E79Pp7PiA1NNFul, https://lh5.googleusercontent.com/p/AF1QipNNuNd_262XQxg9nc7VJVFQjC3klLLSHwb14MOx, https://lh5.googleusercontent.com/p/AF1QipMmpmrIxWCvM7ZCkfmDCpF0dCocDWkRQ_HKb6fu, https://lh5.googleusercontent.com/p/AF1QipMGVkmWI3NBYX9_qZwYFpiFt2fthwT0miLim1l-, "
Khách Sạn Hồng Phúc,"376 Xuân Diệu, Trần Phú, Quy Nhơn, Bình Định 55000, Việt Nam","5,0",4,13.7637775,108.6477039,Bình Định,Khách sạn,350.000 ₫,Không có giảm giá,"Wi-Fi miễn phí, Đỗ xe miễn phí, Có điều hòa nhiệt độ, Dịch vụ giặt ủi, Có đường ra bãi biển, Dịch vụ phòng, Không hút thuốc, ","https://lh5.googleusercontent.com/p/AF1QipNlIfgkGr4sqZy5M_eSFrNDEbFPT8D9Xk49eK44, https://lh5.googleusercontent.com/p/AF1QipOKS0oLUF5O-t-gp8QgzYxGZH-WYLqHhE1o83I4, https://lh5.googleusercontent.com/p/AF1QipMIHg5_LfK0IXvjVsjQjzS_MBVrk8LlNV0ekWcH, https://lh5.googleusercontent.com/p/AF1QipO44_BDAYTzmO4UnOfcRiHxrJVp061kybUgowHC, "
La Beaute Hotel,"143 Lê Đức Thọ, Trần Hưng Đạo, Quy Nhơn, Bình Định 55000, Việt Nam","4,5",31,13.7784988,108.6556389,Bình Định,Khách sạn,384.325 ₫,Không có giảm giá,"Wi-Fi miễn phí, Đỗ xe miễn phí, Có điều hòa nhiệt độ, Dịch vụ giặt ủi, Chấp nhận vật nuôi, Xe đưa đón ra sân bay, ","https://lh5.googleusercontent.com/p/AF1QipMmJsiSpO7eN_GHUl-emgSaHlUcLbY073lO2Cr2, https://lh5.googleusercontent.com/p/AF1QipPtsGhK2qOF6xFkn_d8pQx7xAvmN0-vWhxj0Vln, https://lh5.googleusercontent.com/p/AF1QipMV1yl6SZoiupCRsRkl6Z8vv7xymJEj630ZrVMM, https://lh5.googleusercontent.com/p/AF1QipPZUnkt1apxRiwy0i9F4rq59c_HAdKy2tF4uVeM, "
KHÁCH SẠN HỒNG GẤM,"28A Chương Dương, Nguyễn Văn Cừ, Quy Nhơn, Bình Định, Việt Nam","5,0",13,13.7530128,108.6369473,Bình Định,Khách sạn,400.000 ₫,Không có giảm giá,,"https://lh5.googleusercontent.com/p/AF1QipNdb2yOyXKJ6DCTqGexYkprSdsS7eNSm4H457bk, https://lh5.googleusercontent.com/p/AF1QipOG9K22RGMXaTnR2-QMxXGHqMFkfuDeXTqnZL8G, https://lh5.googleusercontent.com/p/AF1QipPEsv7oE61Z0NlAUmQv7MHam5hJDJSa9uqezRJ-, https://lh5.googleusercontent.com/p/AF1QipO0qG69W3IumBhbxVbthOcZQS3eYZ13WhRgft6T, "
KHÁCH SẠN NGỌC THƯƠNG,"51 Phó Đức Chính, Phường Lê Hồng Phong, Thành phố, Phó Đức Chính, Lê Hồng Phong, Quy Nhơn, Bình Định, Việt Nam","4,5",22,13.7770256,108.6462014,Bình Định,Khách sạn 2 sao,350.000 ₫,Không có giảm giá,"Wi-Fi miễn phí, Đỗ xe miễn phí, Có điều hòa nhiệt độ, Dịch vụ giặt ủi, ","https://lh5.googleusercontent.com/p/AF1QipOoKpMUPadzXuy2e4-rzp2VGvr2XorzOaaazH9H, https://lh5.googleusercontent.com/p/AF1QipNFM4aUOvh82kE3Ls-FwwwTLdXl0UtWJa1EivHf, https://lh5.googleusercontent.com/p/AF1QipMyLIoh1xFCPWJRxjwXN_UcvN1au0gollUfZ8mz, https://lh5.googleusercontent.com/p/AF1QipMq7LGYL7h5zjmkEObBYnmb3VYqW0IMT1z8iiVq, "
Hoa Cat Hotel,"11 Ngô Mây, Nguyễn Văn Cừ, Quy Nhơn, Bình Định 591300, Việt Nam","3,5",19,13.7616884,108.6426722,Bình Định,Khách sạn 2 sao,231.580 ₫,Không có giảm giá,"Có điều hòa nhiệt độ, Xe đưa đón ra sân bay, ","https://lh5.googleusercontent.com/p/AF1QipPdqsN5NmCURGuEz82iVWeE9qbswMUKy0_sXcvq, https://lh5.googleusercontent.com/p/AF1QipMHV4JEYpda4PtxwQhhm72VmPCVNU4X2FAZyhFQ, https://lh5.googleusercontent.com/p/AF1QipMdU0IRpr5s_QbwBTu5aCDMMSYVhgEhiYVigvVS, https://lh5.googleusercontent.com/p/AF1QipNEAHKBKqCMZzFigKp1qHGEaOrqRhjcgYSTU-D-, "
Hoàng Yến Hotel - Khách sạn 4 sao,"5 An Dương Vương, Nguyễn Văn Cừ, Quy Nhơn, Bình Định, Việt Nam","3,9",1.251,13.754635,108.6408188,Bình Định,Khách sạn 4 sao,884.371 ₫,Không có giảm giá,"Wi-Fi miễn phí, Bữa sáng miễn phí, Đỗ xe miễn phí, Phù hợp cho người khuyết tật, Bể bơi ngoài trời, Có điều hòa nhiệt độ, Dịch vụ giặt ủi, Có đường ra bãi biển, Dịch vụ phòng, Phù hợp với trẻ em, Nhà hàng, Spa, Trung tâm thể dục, Quán bar, ","https://lh5.googleusercontent.com/p/AF1QipPrs_xda712T5CkSb8PWHw2NqtxpEm7UVjqLze5, https://lh5.googleusercontent.com/p/AF1QipPmoVldYv-870C3kIVs5f-hCKRneWXUOgiFpgB-, https://lh5.googleusercontent.com/p/AF1QipOMl0QYpepzmFTzIJglSe-AGXvmqoQxWkbs1-8a, https://lh5.googleusercontent.com/p/AF1QipMVw0U_hNFyunRiO80TtwqTqTcRVxCkwirY7XFP, "
Yurii Hotel,"107/7 Lê Lợi, Hưng Long, Thành phố Phan Thiết, Bình Thuận 800000, Việt Nam","3,9",165,10.9212773,107.5326706,Bình Thuận,Khách sạn 2 sao,282.608 ₫,Ít hơn 17% so với bình thường,"Wi-Fi miễn phí, Đỗ xe miễn phí, Có điều hòa nhiệt độ, Dịch vụ giặt ủi, ","https://lh5.googleusercontent.com/p/AF1QipM0yLkbbxIn-AydyB0XtKbwSoheUfOyFZi78NVS, https://lh5.googleusercontent.com/p/AF1QipM8tUrc3ySUoWVa16rjt8bujN0lmNcx2tON_a-O, https://lh5.googleusercontent.com/p/AF1QipP_hZuXT7RlV7flyxmHVqMXGndC7dalWRRhU4gd, https://lh5.googleusercontent.com/p/AF1QipM29KigKtiu7xtbOv0yzJxjRVILYbJv_JxW93Yv, "
Hotel Khách Sạn Minh Hằng,"29-31 Lê Lợi, Hưng Long, Thành phố Phan Thiết, Bình Thuận 62000, Việt Nam","4,1",365,10.9195621,107.5315304,Bình Thuận,Khách sạn,382.700 ₫,Không có giảm giá,"Wi-Fi miễn phí, Đỗ xe miễn phí, Có điều hòa nhiệt độ, Dịch vụ giặt ủi, Phù hợp với trẻ em, Nhà hàng, Xe đưa đón ra sân bay, ","https://lh5.googleusercontent.com/p/AF1QipM_lBZwbvTf0p5oNglMIQOhgPCC9hvwQGHHvTvO, https://lh5.googleusercontent.com/p/AF1QipME7B0VzuVulBsH7mK4NrlS2SEpRRKTAyLYa0MM, https://lh5.googleusercontent.com/p/AF1QipMYxjwLRKWrQLTD5gGyAbE5MJsxywDRz1Ana8EF, https://lh5.googleusercontent.com/p/AF1QipNNfk3APiYUcZHrLPlu-KJB-8GtVe_hwLBtdppZ, "
Bali Hotel Phan Rí Thành,"5GWX+CMP, Bình Lễ, Bắc Bình, Bình Thuận, Việt Nam","4,6",23,11.1961552,107.9723709,Bình Thuận,Khách sạn,300.000 ₫,Không có giảm giá,,"https://lh5.googleusercontent.com/p/AF1QipMDkj-PnuwzzSaBXknM9KjvPEn2SjsYIOV86DJP, https://lh5.googleusercontent.com/p/AF1QipMjoZ39V-dyjeQMk0dWptd4wZxR5jBmsznhH3x_, https://lh5.googleusercontent.com/p/AF1QipMZWMPTUiGn_uFdeySZREDmps9ZgUK14N42af04, https://lh5.googleusercontent.com/p/AF1QipM8y6KWfhqIRqscCrz6hZ9NeOlDVdLzDC33CpB6, "
khách Sạn Lahona,"317 Nguyễn Trường Tộ, Tân Thiện, La Gi, Bình Thuận, Việt Nam","4,5",137,10.6796122,107.1841138,Bình Thuận,Khách sạn 2 sao,302.968 ₫,Ít hơn 26% so với bình thường,"Wi-Fi miễn phí, Đỗ xe miễn phí, Có điều hòa nhiệt độ, Dịch vụ giặt ủi, Xe đưa đón ra sân bay, ","https://lh5.googleusercontent.com/p/AF1QipOvMnl-nwGJR2J5BNmsCeH0-cKxIXwvlrpgrn9e, https://lh5.googleusercontent.com/p/AF1QipNk24cMAWdqWdyvH-0uYj_0n_FBNtDeeCIPctcL, https://lh5.googleusercontent.com/p/AF1QipP0sqw4NYhlXn_c3nris9cYcKg95yTqGS2dctDg, https://lh5.googleusercontent.com/p/AF1QipOar9xKQkx0B3gUzlTY-Lei4WtV4ghAjtLBQcQk, "
Emerald Ocean Hotel,"75 Phan Trung, Phú Thuỷ, Thành phố Phan Thiết, Bình Thuận, Việt Nam","3,4",181,10.9306714,107.5416716,Bình Thuận,Khách sạn 3 sao,364.961 ₫,Không có giảm giá,"Wi-Fi miễn phí, Đỗ xe miễn phí, Có điều hòa nhiệt độ, Dịch vụ giặt ủi, Nhà hàng, Xe đưa đón ra sân bay, ","https://lh5.googleusercontent.com/p/AF1QipODqiTVdmHOMzqrgbMGUkS77Y8LjQIE_akVLiOG, https://lh5.googleusercontent.com/p/AF1QipMvQmc9ZuIa5cgGkRNeXNwwUKQMgY1bzR2uazg, https://lh5.googleusercontent.com/p/AF1QipP8Jx8xt3KQXGMkvhvGrZ7gLTYv1XEdMrcQhwci, https://lh5.googleusercontent.com/p/AF1QipPaVf63Ky9ZeCJeJ-5dq4ycQcOe6fFUp_CJpB-y, "
Tiffany Hotel & Restaurant,"D3 79-80, khu đô thị phố biển, Tp. Phan Thiết, Bình Thuận 77100, Việt Nam","4,5",84,10.9304966,107.5439026,Bình Thuận,Khách sạn 3 sao,496.531 ₫,Ít hơn 37% so với bình thường,"Wi-Fi miễn phí, Đỗ xe miễn phí, Có điều hòa nhiệt độ, Dịch vụ giặt ủi, Nhà hàng, Bếp ở một số phòng, Xe đưa đón ra sân bay, ","https://lh5.googleusercontent.com/p/AF1QipPHfiD3AlGt2g_CVQ1gXwk208u8Qzyjx3sn7i_Y, https://lh5.googleusercontent.com/p/AF1QipMfnsbnr7qg2D1rY6NPbqzq-osSY2ROMVb7iq7V, https://lh5.googleusercontent.com/p/AF1QipOGQESiiMIVj4lQQl58ZJk68RF328K4SjWGGd6y, https://lh5.googleusercontent.com/p/AF1QipNjcgjYdBcp-FXqB7W_zEAE3t6FzF5jyx56pdQ0, "
Khách sạn Hoàng Long,"249 Thủ Khoa Huân, Phú Thuỷ, Thành phố Phan Thiết, Bình Thuận, Việt Nam","4,0",738,10.9327274,107.5344657,Bình Thuận,Khách sạn 3 sao,505.105 ₫,Ít hơn 19% so với bình thường,"Wi-Fi miễn phí, Bữa sáng miễn phí, Đỗ xe miễn phí, Phù hợp cho người khuyết tật, Có điều hòa nhiệt độ, Dịch vụ giặt ủi, Trung tâm thương mại, Dịch vụ phòng, Phù hợp với trẻ em, Nhà hàng, Quán bar, ","https://lh5.googleusercontent.com/p/AF1QipOCdpgITnPkUANgDtKLXcWaSeMfmQeazwah41rh, https://lh5.googleusercontent.com/p/AF1QipOK2ReWtQYYMazZWXiKOFL3b69kQ8vrAGiKOUdX, https://lh5.googleusercontent.com/p/AF1QipNW0K2FD6bz2LMFLpbkA2bbNeFx955B3iIfPRSg, https://lh5.googleusercontent.com/p/AF1QipP4wmV6oU3MVC1gK9CHBmCUZeMkcjDkTw1LRQth, "
Khách sạn MiNhon,"210/5 Nguyễn Đình Chiểu, khu phố 2, Thành phố Phan Thiết, Bình Thuận, Việt Nam","4,7",329,10.9537503,107.6672962,Bình Thuận,Khách sạn 2 sao,405.459 ₫,Ít hơn 17% so với bình thường,"Wi-Fi miễn phí, Đỗ xe miễn phí, Bể bơi ngoài trời, Có điều hòa nhiệt độ, Dịch vụ giặt ủi, Có đường ra bãi biển, Nhà hàng, Xe đưa đón ra sân bay, ","https://lh5.googleusercontent.com/p/AF1QipO2XRC21VvBhu1uNBaSpJxdZHqin4f81D7itMVe, https://lh5.googleusercontent.com/p/AF1QipOX0nKEw8KmnTrVCkb1OSJOqM9qEDhS5gNszalI, https://lh5.googleusercontent.com/p/AF1QipM6uJrJ66p1GpgLHPO90ASRe6f6UX4fXX14xvDX, https://lh5.googleusercontent.com/p/AF1QipN_2mmz0bIA9g4f9okzIstL6TLaxqYwBNCJc6QN, "
Khách Sạn Mặt Trăng _ Moon Hotel,"E4 - 58 Khu đô thị du lịch biển, Phú Thuỷ, Thành phố Phan Thiết, Bình Thuận, Việt Nam","4,2",317,10.9327055,107.5466517,Bình Thuận,Khách sạn 3 sao,318.973 ₫,Không có giảm giá,"Wi-Fi miễn phí, Có điều hòa nhiệt độ, Dịch vụ giặt ủi, Có đường ra bãi biển, Phù hợp với trẻ em, Nhà hàng, ","https://lh5.googleusercontent.com/p/AF1QipMbqEzRM418rk3xO6V7XJBX4m5UQcRvJo8JFbwz, https://lh5.googleusercontent.com/p/AF1QipPzZMmBDe4yxhy7O9jYc0umYwYpSdMpSQpWUuCC, https://lh5.googleusercontent.com/p/AF1QipPDooWkNjg5uX1wf202HweBVt5OooOpXRUoQsWJ, https://lh5.googleusercontent.com/p/AF1QipMRxXB0yu7HNEuCJMHTKEilbEubOUKcDkdfS4OA, "
Khách sạn Ngọc Quỳnh,"JPQ9+5VX, Nguyễn Du, Tân Phước, La Gi, Bình Thuận, Việt Nam","3,9",46,10.9327055,107.0522669,Bình Thuận,Khách sạn,232.191 ₫,Không có giảm giá,"Wi-Fi miễn phí, Đỗ xe miễn phí, Có điều hòa nhiệt độ, Dịch vụ giặt ủi, ","https://lh5.googleusercontent.com/p/AF1QipOOolBium1t8tyeD7NKUQrgzaCOgTh6y7wvOre3, https://lh5.googleusercontent.com/p/AF1QipMPw4IucqlsSc9G20zDi8Zb7DWPFneiRH84OOCr, https://lh5.googleusercontent.com/p/AF1QipMm27jAVwD-kPWzwkvktnre_vTdbatotgFILk-z, https://lh5.googleusercontent.com/p/AF1QipNIrumok-IFUQzREjiPSY0TthB8xMzxBb47F4ca, "
Khách Sạn Đồi Dương,"209 Lê Lợi, Hưng Long, Thành phố Phan Thiết, Bình Thuận, Việt Nam","4,0",2.019,10.9243602,107.5368897,Bình Thuận,Khách sạn 3 sao,682.174 ₫,Không có giảm giá,"Wi-Fi miễn phí, Bữa sáng miễn phí, Đỗ xe miễn phí, Bể bơi ngoài trời, Có điều hòa nhiệt độ, Dịch vụ giặt ủi, Có đường ra bãi biển, Dịch vụ phòng, Phù hợp với trẻ em, Nhà hàng, Spa, ","https://lh5.googleusercontent.com/p/AF1QipPLrcjkRK4-V7fPta05oy5IZtnK0aoBXLv8x8o, https://lh5.googleusercontent.com/p/AF1QipMVk5cWP3wBrwJWyXzGBcUeWrwg5OyPe7ecKjME, https://lh5.googleusercontent.com/p/AF1QipMNh03Dv0SWxpq2F4IRqHYMYhefIAj0ipgomWpA, https://lh5.googleusercontent.com/p/AF1QipMCiKXEehmj4F07HupSKbVh1lBe3Udz571EyAM2, "
Khách Sạn Minh Hùng - Minh Hung Hotel,"147 Nguyễn Đình Chiểu, khu phố 2, Thành phố Phan Thiết, Bình Thuận, Việt Nam","3,7",213,10.9538335,107.6405639,Bình Thuận,Khách sạn 2 sao,266.267 ₫,Không có giảm giá,"Wi-Fi miễn phí, Đỗ xe miễn phí, Có điều hòa nhiệt độ, Dịch vụ giặt ủi, Có đường ra bãi biển, Phù hợp với trẻ em, ","https://lh5.googleusercontent.com/p/AF1QipMgpmivrMcNmmb8gdHg7KBZ-hOXeqCHVuA3lAgD, https://lh5.googleusercontent.com/p/AF1QipOMUw86svNzdZEpHitXvS9JD-o2TpavDchGANBW, https://lh5.googleusercontent.com/p/AF1QipPwAQwHJyJv2i39sGTseYem47qhbc4L8SGAE4gK, https://lh5.googleusercontent.com/p/AF1QipO4n-8VEaoSZPcNLwMxqixshtyinJCND4HXc-ou, "
Wanderlust Hotel,"375 Nguyễn Đình Chiểu, Phường Hàm Tiến, Thành phố Phan Thiết, Bình Thuận, Việt Nam","4,7",116,10.953923,107.6709108,Bình Thuận,Khách sạn,273.498 ₫,Ít hơn 27% so với bình thường,,"https://lh5.googleusercontent.com/p/AF1QipMVfwNFrukuzt2SB06B-ZfnelGecccbxGTdfu2v, https://lh5.googleusercontent.com/p/AF1QipMonyChL9LyInQliMHJLAkN8nV033j7zKKEABxY, https://lh5.googleusercontent.com/p/AF1QipO4HsUE7aZvUDKCDSQ31vOQWlLEmBT6oOSOCiWU, https://lh5.googleusercontent.com/p/AF1QipNWBMjR-1m6JMsPsT3V0Mcylj0mjF5cgTPqzXRQ, "
iHome Backpacker Resort,"Quarter 2 City Hòa Bình Street Ward, Bình Thuận 800000, Việt Nam","4,5",513,10.9533427,107.6649816,Bình Thuận,Khách sạn,261.870 ₫,Không có giảm giá,"Wi-Fi miễn phí, Đỗ xe miễn phí, Bể bơi ngoài trời, Dịch vụ giặt ủi, Chấp nhận vật nuôi, Có đường ra bãi biển, Nhà hàng, ","https://lh5.googleusercontent.com/p/AF1QipP_3r_63dYcMP0xwUAzucmFu8ymELOnkVh1BiWA, https://lh5.googleusercontent.com/p/AF1QipPvUjSRn_KCIBnV0iDHwA4oD2h3G7bBuz-AQJOR, https://lh5.googleusercontent.com/p/AF1QipNbzN7t9HGi_xTvk3kWITsTsUwXa6cbR97Toe-I, https://lh5.googleusercontent.com/p/AF1QipPUwQnlEzCRoJqw6fokWINsYRiUNtKRiURSP9Cn, "
Khách sạn Saigon - PT,"71 Nguyễn Trãi, Phú Thuỷ, Thành phố Phan Thiết, Bình Thuận, Việt Nam","3,4",224,10.9310976,107.5322213,Bình Thuận,Khách sạn 2 sao,250.000 ₫,Ít hơn 22% so với bình thường,"Wi-Fi miễn phí, Đỗ xe miễn phí, Có điều hòa nhiệt độ, Dịch vụ giặt ủi, Phù hợp với trẻ em, Nhà hàng, ","https://lh5.googleusercontent.com/p/AF1QipN8g3COXx6YuTNqsySIPU7VaSvchV_HCclcOpqR, https://lh5.googleusercontent.com/p/AF1QipN2cHZYMPJaLTLy-1m6KAdjwlofoFZLblpKKph-, https://lh5.googleusercontent.com/p/AF1QipMtsiHaj0vtuxNgVtpIKyqm1GkJmQYWMlRJ-HoO, https://lh5.googleusercontent.com/p/AF1QipPVjRGf8a62p6Wr1iIVl_5mWo5nYoyJXOoSFDd_, "
Ngọc Nam Hotel,"279 Nguyễn Trường Tộ, Tân Thiện, La Gi, Bình Thuận, Việt Nam","4,2",180,10.9310976,107.0378365,Bình Thuận,Khách sạn,349.159 ₫,Không có giảm giá,"Wi-Fi miễn phí, Đỗ xe miễn phí, Có điều hòa nhiệt độ, Dịch vụ giặt ủi, Chấp nhận vật nuôi, Phù hợp với trẻ em, Nhà hàng, Bếp ở một số phòng, Xe đưa đón ra sân bay, ","https://lh5.googleusercontent.com/p/AF1QipNm3qsrLRxTcDRzM5Yb2lLObKVWJmnFBEipCK6r, https://lh5.googleusercontent.com/p/AF1QipMfZ9zGkP4J7kkExYUDA7yv6yDd_Hu6gFjGuR6f, https://lh5.googleusercontent.com/p/AF1QipMbZViNtj3ci09sndQHqjnHIdLPnihW32_HJCjl, https://lh5.googleusercontent.com/p/AF1QipMwcdezcM0A2-sQlOcG4C5noUfCGWenA5h4wODR, "
Khách Sạn Paris,"270 Quang Trung, Phan Rí Cửa, Tuy Phong, Bình Thuận 800000, Việt Nam","4,3",96,11.1790706,107.9995813,Bình Thuận,Khách sạn 3 sao,334.195 ₫,Không có giảm giá,"Wi-Fi miễn phí, Đỗ xe miễn phí, Có điều hòa nhiệt độ, Dịch vụ giặt ủi, Chấp nhận vật nuôi, Có đường ra bãi biển, ","https://lh5.googleusercontent.com/p/AF1QipPxlCgEJ68A_hGZxX_LJi-hfZZ6jdwtj08APpPL, https://lh5.googleusercontent.com/p/AF1QipNKOQOGg2-llV8NHPdwf2HbEfE11mUD1Ud_3J8J, https://lh5.googleusercontent.com/p/AF1QipOlgaaqKZiskxtCzi9cUeUM_OxDmnTzPZUpW-JT, https://lh5.googleusercontent.com/p/AF1QipMXMHe-BQOWy2l8-5KymLjoilfv_4wzjBtO2WC8, "
Sea Night Hotel,"N4-11 Phan Trung, Khu đô thị phố biển, Thành phố Phan Thiết, Bình Thuận 77000, Việt Nam","4,4",153,11.1790706,107.5051965,Bình Thuận,Khách sạn 3 sao,421.200 ₫,Không có giảm giá,"Wi-Fi miễn phí, Đỗ xe miễn phí, Có điều hòa nhiệt độ, Dịch vụ giặt ủi, Bếp ở một số phòng, ","https://lh5.googleusercontent.com/p/AF1QipNb1QTx0BYkDBW5sSi-5pFbcU9ERjArGWf_L4Ai, https://lh5.googleusercontent.com/p/AF1QipPcCehwz4BjhLptP-LuFwVP2y5DQo9YJktEyNJI, https://lh5.googleusercontent.com/p/AF1QipMMoWGxxbT8RAxXmqcA-nOEnW9mwGVyL13_nz5H, https://lh5.googleusercontent.com/p/AF1QipOAsGKruIjBPx4ouam3sq_4LO9KHJ7rlkl9vOkn, "
Minh Kha hotel,"109 Nguyễn Đình Chiểu, Phường Hàm Tiến, Thành phố Phan Thiết, Bình Thuận, Việt Nam","4,4",48,10.9503695,107.6316282,Bình Thuận,Khách sạn,400.000 ₫,Không có giảm giá,,"https://lh5.googleusercontent.com/p/AF1QipMcPmhtC9bF-6-OeGGXQxx5hq4iiMb2WLc1MwyM, https://lh5.googleusercontent.com/p/AF1QipMs0YW4xz0IS3MbkbbBTEVryifbYNcwqW1_J0PX, https://lh5.googleusercontent.com/p/AF1QipMKaFaP8qFD4YiWrH9I9n33MxbPaSSO-uKIqaU, https://lh5.googleusercontent.com/p/AF1QipPxZUjWkBQr2N4bYUSJ8G9tpjpzer5Mb0LLfTs, "
Khách Sạn Nhà Đất,"L37Đặng Thai Mai, Xuân An, Thành phố Phan Thiết, Bình Thuận, Việt Nam","5,0",12,10.943213,107.5338407,Bình Thuận,Khách sạn,283.032 ₫,Không có giảm giá,,"https://lh5.googleusercontent.com/p/AF1QipP-WkoBBqajJf8eG-NCTvCZBTK5jy7jA5y09wEY, https://lh5.googleusercontent.com/p/AF1QipM6FPq6rF4vcaVlcbjgQHEJFB4oOPKn3PojAng5, https://lh5.googleusercontent.com/p/AF1QipMsy2RWwEErybSSbyThWb8bQOsjU1ncWXW3xBmE, https://lh5.googleusercontent.com/p/AF1QipMAdxtlBqzJtJY1AZMSmKMLb8OFTHJK9a5iE8GP, "
Khách sạn Chiêu Chương,"176 Tôn Đức Thắng, Phú Thuỷ, Thành phố Phan Thiết, Bình Thuận, Việt Nam","4,0",84,10.9318754,107.5343722,Bình Thuận,Khách sạn,400.000 ₫,Không có giảm giá,"Wi-Fi miễn phí, Đỗ xe miễn phí, Có điều hòa nhiệt độ, Dịch vụ giặt ủi, ","https://lh5.googleusercontent.com/p/AF1QipO5pJlDI5TlHkuoyUASF7U_D6tpSm2zD8K6MvO0, https://lh5.googleusercontent.com/p/AF1QipNtsvElv2fa4cOnlxup2NpM0auw9Yg2Ix97-HD6, https://lh5.googleusercontent.com/p/AF1QipNbHOzw10yTjXkkimkQgftXaZrb7RcGIPAvZSUV, https://lh5.googleusercontent.com/p/AF1QipNKC6RW5G3xLTSGDIYGytpwXjGqGcsQpQPY40HX, "
Hotel Đức Lưu Quang,"DT716b , khu phố Phú Hoà, thị trấn, Phan Rí Cửa, Tuy Phong, Bình Thuận 77000, Việt Nam","4,8",62,11.1639829,107.9720744,Bình Thuận,Khách sạn,413.100 ₫,Không có giảm giá,,"https://lh5.googleusercontent.com/p/AF1QipMI_49FPgDHmtmD2oEmHKd3uzoVKtE7YtVsn05Z, https://lh5.googleusercontent.com/p/AF1QipMIZCkR62nRXZFq1WH7-y1oI-imCWyB0wSSTm4C, https://lh5.googleusercontent.com/p/AF1QipM1PGGuvdylt78X-5bjkounMIkdhIqZvkbvff9o, https://lh5.googleusercontent.com/p/AF1QipMOjz0yzsF5vT_GzWgdu_nRIV9CVk6O4OjIFQ_P, "
Khách sạn Kathy,"533 Thủ Khoa Huân, Thanh Hải, Thành phố Phan Thiết, Bình Thuận, Việt Nam","3,6",96,11.1639829,107.4776896,Bình Thuận,Khách sạn 1 sao,300.000 ₫,Không có giảm giá,"Wi-Fi miễn phí, Đỗ xe miễn phí, Có điều hòa nhiệt độ, Dịch vụ giặt ủi, ","https://lh5.googleusercontent.com/p/AF1QipP6-yWecOIAtrK-taIkhFC9TtXSgoaVSRFZ8gs-, https://lh5.googleusercontent.com/p/AF1QipPxQt-h_KNz5qTqV1PtA7HPUXPFjfHhrPrENVl8, https://lh5.googleusercontent.com/p/AF1QipMGp6b5xtoi3eRHksVktCX2eIZVuyehbFfFrsRk, https://lh5.googleusercontent.com/p/AF1QipMv8EdzUnEo4HNH0o3Dibmrl-v9arQRwBGCuiwV, "
Tony's House Mũi Né Hotel,"18C Nguyễn Tấn Định, Phường Hàm Tiến, Thành phố Phan Thiết, Bình Thuận, Việt Nam","4,7",51,10.9551232,107.6385663,Bình Thuận,Khách sạn,261.000 ₫,Không có giảm giá,,"https://lh5.googleusercontent.com/p/AF1QipO_9XCkkzwJC4gHZnzxbtH8z2WQ3v306ZPhTvTA, https://lh5.googleusercontent.com/p/AF1QipOnh17CRsW4-tdF8KvIdBevyavehCUTAfyltzUY, https://lh5.googleusercontent.com/p/AF1QipO_ow03NZ9JG3Mc2x-BdaG1Jg75cBmw8STwT72V, https://lh5.googleusercontent.com/p/AF1QipOz3ACkdcV1p7HXja4KrrtO4UKbgBzQCMuhW0Ba, "
Khách sạn Khoa Phan Thiết,"F38 Tôn Thất Tùng, Phú Thuỷ, Thành phố Phan Thiết, Bình Thuận 800000, Việt Nam","3,9",69,10.9385794,107.5470992,Bình Thuận,Khách sạn,413.488 ₫,Ít hơn 29% so với bình thường,,"https://lh5.googleusercontent.com/p/AF1QipPZ-Jafgr3rGu0anIaPdatgcJKsNg2ZmPpQIR-6, https://lh5.googleusercontent.com/p/AF1QipMVb5s2nwVZgVxnWp15h1d9CoHmYmNFYYB5H76m, https://lh5.googleusercontent.com/p/AF1QipOVCSV4m816M3FDXBSmKhJzcLHrnBgGlTc3GDU-, https://lh5.googleusercontent.com/p/AF1QipPi3dbzBjK8FkYrdIErKAcT_1E2pr7el5Fy-p3D, "
Damina Boutique Hotel,"36 Huỳnh Thúc Kháng, Phường Hàm Tiến, Thành phố Phan Thiết, Bình Thuận, Việt Nam","4,0",124,10.9509818,107.6789157,Bình Thuận,Khách sạn 2 sao,366.907 ₫,Không có giảm giá,"Wi-Fi miễn phí, Bữa sáng miễn phí, Bãi đỗ xe, Bể bơi, Có điều hòa nhiệt độ, Dịch vụ giặt ủi, Có đường ra bãi biển, Phù hợp với trẻ em, Nhà hàng, ","https://lh5.googleusercontent.com/p/AF1QipNPpmJzsG4rM3LLmvKvbFkxnpHRqVxZXEuFiiE8, https://lh5.googleusercontent.com/p/AF1QipPwlV441WMjLFR8ko96s1aSzkIIA5TVkYqMtYq5, https://lh5.googleusercontent.com/p/AF1QipNeAOtDpZRDVPQRLs3p2MDE-7EfEXkFEdBMWkfO, https://lh5.googleusercontent.com/p/AF1QipPGi8flJTVvi7QQ81nVkoWoz8XGcAzAg_riEOb3, "
Khách Sạn Ha Anh Phan Thiết,"Lô N3-15, Khu Đô Thị Du Lịch Biển, Tp. Phan Thiết, Bình Thuận 77000, Việt Nam","4,3",29,10.9309727,107.5396456,Bình Thuận,Khách sạn,473.610 ₫,Không có giảm giá,,"https://lh5.googleusercontent.com/p/AF1QipMxyEuV8U1cztZB8lAEr1cWBfu2mj94IoXMYEyd, https://lh5.googleusercontent.com/p/AF1QipNRpCFb9KgDwMk7itJqLtvE_cU6JrE-bYaX2ABf, https://lh5.googleusercontent.com/p/AF1QipMN0AdRCzAlq6qgcel2prSmUIp0tq-hnVkymX6n, https://lh5.googleusercontent.com/p/AF1QipOYQ8gNYWTP_UKwpMhHszGbs0g27TtvrpzkyZRM, "
Khách sạn Bảo Tiên,"56 Huỳnh Tấn Phát, Mũi Né, Thành phố Phan Thiết, Bình Thuận, Việt Nam","4,3",4,10.9385035,107.7130543,Bình Thuận,Khách sạn,315.385 ₫,Không có giảm giá,"Wi-Fi miễn phí, Có điều hòa nhiệt độ, Dịch vụ giặt ủi, Nhà hàng, ",
Mandala Cham Bay Mũi Né Hotel,"ĐT716, Mũi Né, Thành phố Phan Thiết, Bình Thuận 77118, Việt Nam","4,1",2.190,11.0028351,107.7699578,Bình Thuận,Khách sạn 5 sao,597.450 ₫,Ít hơn 20% so với bình thường,"Wi-Fi miễn phí, Bữa sáng miễn phí, Đỗ xe miễn phí, Phù hợp cho người khuyết tật, Bể bơi, Có điều hòa nhiệt độ, Dịch vụ giặt ủi, Có đường ra bãi biển, Dịch vụ phòng, Nhà hàng, Bồn tắm nước nóng, Spa, Quán bar, ","https://lh5.googleusercontent.com/p/AF1QipMrOpzuOdGOyEhbIasnmJxGz3u3DC7wx_wuOriV, https://lh5.googleusercontent.com/p/AF1QipOyk8o2XoR5u47-C8KYScXOwgaJ9-5AbvdYujbY, https://lh5.googleusercontent.com/p/AF1QipMc99Y1GNTVc74zh-InHOaYWb4XYzHHEajhwTcl, https://lh5.googleusercontent.com/p/AF1QipOUF5K0gVw7C7Oa_Uu3GQdArKqamIg-kEQhW2jR, "
Khách sạn Ba Thật,"25 Thống Nhất, Phường Phước Hội, La Gi, Bình Thuận, Việt Nam","4,3",22,11.0028351,107.275573,Bình Thuận,Khách sạn 3 sao,380.000 ₫,Không có giảm giá,"Wi-Fi miễn phí, Đỗ xe miễn phí, Có điều hòa nhiệt độ, Dịch vụ giặt ủi, Bếp ở một số phòng, ","https://lh5.googleusercontent.com/p/AF1QipP9To91e0RzZHXM7C7_TjMx2rcBtYHsQ_1S-XG4, https://lh5.googleusercontent.com/p/AF1QipOIk6BGbJyQbLMaQimuL6lusGwGBugUSt80Psa5, https://lh5.googleusercontent.com/p/AF1QipNlqrUw9GfYsaquczI5yHDxPWON0g_Th--TPXqz, https://lh5.googleusercontent.com/p/AF1QipNATVZn476hzIB52GZoSDvFeaOtgfUTo7wFCbYg, "
Hotel Khánh An,"18/15 Tuyên Quang, Bình Hưng, Thành phố Phan Thiết, Bình Thuận 800000, Việt Nam","4,0",62,10.9302885,107.5318786,Bình Thuận,Khách sạn 2 sao,360.000 ₫,Không có giảm giá,"Wi-Fi miễn phí, Có điều hòa nhiệt độ, Dịch vụ giặt ủi, Phù hợp với trẻ em, Nhà hàng, Xe đưa đón ra sân bay, ","https://lh5.googleusercontent.com/p/AF1QipNjOCfACB1nnzVtAt9ae0HOno942jlc8xd1xeGn, https://lh5.googleusercontent.com/p/AF1QipPdFY1l9nJI8zRr1PbywFdMzKsAPCTYwyzFvAXv, https://lh5.googleusercontent.com/p/AF1QipOjiS6TKsPMdErf5t6p4hjyhqYtKDOpRRISSB_E, https://lh5.googleusercontent.com/p/AF1QipN11Kn_x1R5Ow9_5I-oKEhB0En_vJeRlkL7jVoe, "
Hotel BÌNH MINH TRAVEL,"X46C+56F, KDC BẾN LỘI, Hàm Thuận Bắc, Bình Thuận, Việt Nam","3,4",17,10.9604258,107.543769,Bình Thuận,Khách sạn,250.000 ₫,Không có giảm giá,,"https://lh5.googleusercontent.com/p/AF1QipN5Kdh8RrHDHnZFrPrkWD2-NnHRazR2SUA8RXG6, https://lh5.googleusercontent.com/p/AF1QipOgdZSx_8w3XpvN_DxJxADK-UZoUlssURQYc7IC, https://lh5.googleusercontent.com/p/AF1QipOtdx_0oJ3o7RWTuTHNsU6tD21sr4HjUyQzKXbG, "
KHÁCH SẠN QLI,"287A Nguyễn Đình Chiểu, khu phố 2, Thành phố Phan Thiết, Bình Thuận, Việt Nam","4,7",73,10.9547885,107.6645487,Bình Thuận,Khách sạn 3 sao,638.000 ₫,Không có giảm giá,"Wi-Fi miễn phí, Đỗ xe miễn phí, Bể bơi, Có điều hòa nhiệt độ, Dịch vụ giặt ủi, Chấp nhận vật nuôi, Bếp ở một số phòng, Xe đưa đón ra sân bay, ","https://lh5.googleusercontent.com/p/AF1QipPTIcxgG4D3Z-hQv5tuUsGVlF7l7UrQyCMDR1_3, https://lh5.googleusercontent.com/p/AF1QipNc6nFa1xKBvEdnIeHGZN6KcmUA93LyrAhS-ynk, https://lh5.googleusercontent.com/p/AF1QipPA6fc6olmBFt7qLvpbQVbfYq0_A6XG5K3v-sFU, https://lh5.googleusercontent.com/p/AF1QipN6OdtgrKDvtr1-ylBAo42IywzR6dSsn90j4sm5, "
Mui Ne Hills Bliss Hotel,"69b Nguyễn Đình Chiểu, Phường Hàm Tiến, Thành phố Phan Thiết, Bình Thuận 77118, Việt Nam","4,1",937,10.9490963,107.622831,Bình Thuận,Khách sạn 2 sao,243.663 ₫,Ít hơn 33% so với bình thường,"Wi-Fi miễn phí, Bữa sáng có tính phí, Đỗ xe miễn phí, Bể bơi ngoài trời, Có điều hòa nhiệt độ, Dịch vụ phòng, Phù hợp với trẻ em, Nhà hàng, Xe đưa đón ra sân bay, Quán bar, ","https://lh5.googleusercontent.com/p/AF1QipPzVgzFvfumrW8te8CvZP8aGPnPyk-WE9AKzgr0, https://lh5.googleusercontent.com/p/AF1QipP-y87ONgU-ZaCodOyf0YxRHn15sWuQKopkXZFD, https://lh5.googleusercontent.com/p/AF1QipPSpPRCgL9sY0SUPUPdHbQyTO6y5vXyT1zK1gx6, https://lh5.googleusercontent.com/p/AF1QipN9V6GXMRXWyLKkYhavLQ-yvTbbddcoEuwjhbSN, "
Mi Nhon Em Hotel Muine (Mignonne Em),"202 Nguyễn Đình Chiểu Kp 2, Ham Tien Village, Hòa Bình, Street, Tp. Phan Thiết, Bình Thuận 300000, Việt Nam","4,7",86,10.9532282,107.6667503,Bình Thuận,Khách sạn,467.250 ₫,Không có giảm giá,"Wi-Fi miễn phí, Đỗ xe miễn phí, Bể bơi ngoài trời, Có điều hòa nhiệt độ, Dịch vụ giặt ủi, Có đường ra bãi biển, Dịch vụ phòng, Nhà hàng, Xe đưa đón ra sân bay, Quán bar, ","https://lh5.googleusercontent.com/p/AF1QipMJsFW-tqjV95P86kAIibgrXqHSc38ByRXWZsCf, https://lh5.googleusercontent.com/p/AF1QipP6Udn_L8BuD4FxJwzBIr71Xst7QScO1Tyocmb3, https://lh5.googleusercontent.com/p/AF1QipOKlyk2H23tiyRnOzXP0IEtSgAnk0a2JZfNURh2, https://lh5.googleusercontent.com/p/AF1QipPHtDjn8VbScB9hdGxL2gCvmL5oq3AZcP_0wx-R, "
HUY ĐẠT HOTEL,"D4 84 85 KHU PHỐ DU LỊCH BIỂN, Bình Thuận 77000, Việt Nam","3,7",102,10.9312884,107.5441076,Bình Thuận,Khách sạn,439.200 ₫,Không có giảm giá,,"https://lh5.googleusercontent.com/p/AF1QipOU6L7D3Fi9FZ-7bKZaEEKjfNDWYrph1MHsTTHr, https://lh5.googleusercontent.com/p/AF1QipNgGX5-s8qiqh_5I8E9KcQs-4HI135B0ZLpb2w7, https://lh5.googleusercontent.com/p/AF1QipPWg4bxqGUuw66IQ2Hlnpq79U5dQ9atv0Dv6rAG, https://lh5.googleusercontent.com/p/AF1QipNcFVe8ZIvYNZixaE0rI15qw-i0UrYOsDlwViJE, "
T's House Motel,"89 Lê Lợi, Hưng Long, Thành phố Phan Thiết, Bình Thuận 800000, Việt Nam","5,0",118,10.9204047,107.5327849,Bình Thuận,Khách sạn,329.000 ₫,Không có giảm giá,,"https://lh5.googleusercontent.com/p/AF1QipNiJB7In56eBc33QspUb6ktMk38EdVbiCtGNgSS, https://lh5.googleusercontent.com/p/AF1QipPLRxQ31AIfoAYiDn2wNRjHnxOKIcdutOoOlggz, https://lh5.googleusercontent.com/p/AF1QipPwbBx53Bo21WwW7GUhsiWu9p1HlgrxpEVu0aA, https://lh5.googleusercontent.com/p/AF1QipOBZCZKQKNa-H34T_jfAyvYAHle-bjwZvLj5bUF, "
Khách Sạn Gemma Phan Thiết,"104 Thủ Khoa Huân, Bình Hưng, Thành phố Phan Thiết, Bình Thuận 800000, Việt Nam","3,7",50,10.9324042,107.5304169,Bình Thuận,Khách sạn,424.466 ₫,Không có giảm giá,"Wi-Fi miễn phí, Đỗ xe miễn phí, Có điều hòa nhiệt độ, Dịch vụ giặt ủi, ","https://lh5.googleusercontent.com/p/AF1QipO73QABDonaDXdNAHB_Je0vS2mJ88pX9UrBZJgk, https://lh5.googleusercontent.com/p/AF1QipN9mr_ByheCrB9ToNpzvwHO2hLsYrDs1I5iavAv, https://lh5.googleusercontent.com/p/AF1QipNUZe8RryjSSL56OfIIwgQei51QqAzr8mRaYQBE, https://lh5.googleusercontent.com/p/AF1QipOH-rdiG-TtI7HXPgIueDvj2cGyL4zxH5MiyqBC, "
Rang Garden Beach Side,"128a Nguyễn Đình Chiểu, Phường Hàm Tiến, Thành phố Phan Thiết, Bình Thuận, Việt Nam","3,2",358,10.9552485,107.6536477,Bình Thuận,Khách sạn 3 sao,279.254 ₫,Không có giảm giá,"Wi-Fi miễn phí, Bữa sáng miễn phí, Bãi đỗ xe, Bể bơi, Có điều hòa nhiệt độ, Dịch vụ giặt ủi, Có đường ra bãi biển, Phù hợp với trẻ em, Nhà hàng, Xe đưa đón ra sân bay, ","https://lh5.googleusercontent.com/p/AF1QipPfB24aThvdB0QqHcGUpS06u8swEkQy2EoCevvu, https://lh5.googleusercontent.com/p/AF1QipMimG6xUCgknSBKaux7PFd-dszurvIlxBBeTLRM, https://lh5.googleusercontent.com/p/AF1QipM8vpJhSikWw6To0kQSVxabzg4w7vP8J_dpWCX7, https://lh5.googleusercontent.com/p/AF1QipP3eoeddgXbzXdQy8lFWEYWv8jMsdL1G00EB-sq, "
Nhà Nghỉ Hùng Hoa,"188 Hiền Vương, Thanh Hải, Thành phố Phan Thiết, Bình Thuận, Việt Nam","4,4",138,10.9357517,107.5601237,Bình Thuận,Khách sạn,420.000 ₫,Không có giảm giá,"Wi-Fi miễn phí, Đỗ xe miễn phí, Có điều hòa nhiệt độ, Dịch vụ giặt ủi, ","https://lh5.googleusercontent.com/p/AF1QipOO6VmtRlfodRAdOQssm7-6Gnm12VC5s5F8krTe, https://lh5.googleusercontent.com/p/AF1QipMOf56HtSLKUysWrMKlipg7E395kGGFRtZNSHVz, https://lh5.googleusercontent.com/p/AF1QipN7Q-mgqFobT7nCyUhcircYyCpMwDI-IXDo66E3, https://lh5.googleusercontent.com/p/AF1QipOKvK7Ja3Zlwka3Bko0xWKXnd4EFaJa1GCWRgRg, "
Mandala Cham Bay Mũi Né Hotel,"ĐT716, Mũi Né, Thành phố Phan Thiết, Bình Thuận 77118, Việt Nam","4,1",2.190,11.0028351,107.7699578,Bình Thuận,Khách sạn 5 sao,597.450 ₫,Ít hơn 15% so với bình thường,"Wi-Fi miễn phí, Bữa sáng miễn phí, Đỗ xe miễn phí, Phù hợp cho người khuyết tật, Bể bơi, Có điều hòa nhiệt độ, Dịch vụ giặt ủi, Có đường ra bãi biển, Dịch vụ phòng, Nhà hàng, Bồn tắm nước nóng, Spa, Quán bar, ","https://lh5.googleusercontent.com/p/AF1QipMrOpzuOdGOyEhbIasnmJxGz3u3DC7wx_wuOriV, https://lh5.googleusercontent.com/p/AF1QipOyk8o2XoR5u47-C8KYScXOwgaJ9-5AbvdYujbY, https://lh5.googleusercontent.com/p/AF1QipMc99Y1GNTVc74zh-InHOaYWb4XYzHHEajhwTcl, https://lh5.googleusercontent.com/p/AF1QipOUF5K0gVw7C7Oa_Uu3GQdArKqamIg-kEQhW2jR, "
HANAH HOTEL,"Phú Thuỷ, Thành phố Phan Thiết, Bình Thuận, Việt Nam","4,5",112,11.0028351,107.275573,Bình Thuận,Khách sạn 3 sao,522.000 ₫,Không có giảm giá,"Wi-Fi miễn phí, Đỗ xe miễn phí, Có điều hòa nhiệt độ, Dịch vụ giặt ủi, ","https://lh5.googleusercontent.com/p/AF1QipPv7Xrk46Br_u96cuIBs_ZgHgmkRHVHGdm6tBmF, https://lh5.googleusercontent.com/p/AF1QipNWhBvJ7TfyBudCgB-KxaJPaWX6TimrFOLILT2A, https://lh5.googleusercontent.com/p/AF1QipOQrIqSDKbCYKukjeCsHIbD7F4rp0hbQAyl3lQW, https://lh5.googleusercontent.com/p/AF1QipNtxms2A0o9_LPGQ6yu1GCVid5xs0guMBZ34r1o, "
Khách Sạn Ân Cần,"109 Nguyễn Đình Chiểu, Phường Hàm Tiến, Thành phố Phan Thiết, Bình Thuận, Việt Nam","3,9",217,10.9501161,107.6304817,Bình Thuận,Khách sạn 2 sao,222.034 ₫,Ít hơn 18% so với bình thường,"Wi-Fi miễn phí, Bữa sáng miễn phí, Đỗ xe miễn phí, Có điều hòa nhiệt độ, Dịch vụ giặt ủi, Chấp nhận vật nuôi, Có đường ra bãi biển, Nhà hàng, Xe đưa đón ra sân bay, ","https://lh5.googleusercontent.com/p/AF1QipOafIJjOt3YRubfSK-ArF0L8Vv0KhjzOry3yhat, https://lh5.googleusercontent.com/p/AF1QipPKBNKxNy78EVbFfcj_y19jEWnYJC0PV5EJ3761, https://lh5.googleusercontent.com/p/AF1QipM2bLpYmQMLN09JBzEsKkyEsxcAENoYrDV7PVCV, https://lh5.googleusercontent.com/p/AF1QipM4Ls-WWinl3QCj_vbBC-Csu5u1xlrR2rpQ7OFY, "
Minh Hoàng Hotel - Phan Thiết,"H27 Đường Nguyễn Phúc Nguyên, Phú Thuỷ, Thành phố Phan Thiết, Bình Thuận, Việt Nam","4,4",39,10.9412136,107.5327576,Bình Thuận,Khách sạn,319.500 ₫,Không có giảm giá,,"https://lh5.googleusercontent.com/p/AF1QipOZ8rsqGZAtcvLPCx0i39jMpoGm6j1tj80gzAC5, https://lh5.googleusercontent.com/p/AF1QipPn3gjOQXEEiqzXKYJn5l-wBJqaxrEb7xq8Shc0, https://lh5.googleusercontent.com/p/AF1QipNHKLaAjLZ9gbHEKuMsxrHSkENixjdLHXbg07Cv, https://lh5.googleusercontent.com/p/AF1QipMhuin0svi-zPne1ZZHy6z41SjcfF2uGwaYZWpt, "
Khách sạn Ba Thật,"25 Thống Nhất, Phường Phước Hội, La Gi, Bình Thuận, Việt Nam","4,3",22,10.9412136,107.0383728,Bình Thuận,Khách sạn 3 sao,380.000 ₫,Không có giảm giá,"Wi-Fi miễn phí, Đỗ xe miễn phí, Có điều hòa nhiệt độ, Dịch vụ giặt ủi, Bếp ở một số phòng, ","https://lh5.googleusercontent.com/p/AF1QipP9To91e0RzZHXM7C7_TjMx2rcBtYHsQ_1S-XG4, https://lh5.googleusercontent.com/p/AF1QipOIk6BGbJyQbLMaQimuL6lusGwGBugUSt80Psa5, https://lh5.googleusercontent.com/p/AF1QipNlqrUw9GfYsaquczI5yHDxPWON0g_Th--TPXqz, https://lh5.googleusercontent.com/p/AF1QipNATVZn476hzIB52GZoSDvFeaOtgfUTo7wFCbYg, "
Hotel Mai Dung,"Đường Lê Thanh nghị, Khu phố, 11, P, Tp. Phan Thiết, Bình Thuận 77100, Việt Nam","3,7",70,10.9417305,107.5434989,Bình Thuận,Khách sạn 2 sao,400.286 ₫,Không có giảm giá,"Wi-Fi miễn phí, Bữa sáng có tính phí, Đỗ xe miễn phí, Phù hợp cho người khuyết tật, Có điều hòa nhiệt độ, Dịch vụ giặt ủi, Nhà hàng, ","https://lh5.googleusercontent.com/p/AF1QipObe7TxvTELvKKN3G0uYkTqL7kXdG19lId74XUa, https://lh5.googleusercontent.com/p/AF1QipPhzf4ip6F_kzuTjowUhna42p7qcwsdVE64A1Gy, https://lh5.googleusercontent.com/p/AF1QipPFY7zhxnjreoTZd9c9f5kE6SEUeam7gdwyC5wV, https://lh5.googleusercontent.com/p/AF1QipM8rG_6IA16lcxL6J4-kaTE5QhFfaHVYRGQoxmM, "
Hotel Khánh An,"18/15 Tuyên Quang, Bình Hưng, Thành phố Phan Thiết, Bình Thuận 800000, Việt Nam","4,0",62,10.9302885,107.5318786,Bình Thuận,Khách sạn 2 sao,360.000 ₫,Không có giảm giá,"Wi-Fi miễn phí, Có điều hòa nhiệt độ, Dịch vụ giặt ủi, Phù hợp với trẻ em, Nhà hàng, Xe đưa đón ra sân bay, ","https://lh5.googleusercontent.com/p/AF1QipNjOCfACB1nnzVtAt9ae0HOno942jlc8xd1xeGn, https://lh5.googleusercontent.com/p/AF1QipPdFY1l9nJI8zRr1PbywFdMzKsAPCTYwyzFvAXv, https://lh5.googleusercontent.com/p/AF1QipOjiS6TKsPMdErf5t6p4hjyhqYtKDOpRRISSB_E, https://lh5.googleusercontent.com/p/AF1QipN11Kn_x1R5Ow9_5I-oKEhB0En_vJeRlkL7jVoe, "
Khách sạn Tân Phú,"221 Đ. Lê Lợi, Phường Phước Hội, tx. La Gi, Bình Thuận, Việt Nam","3,9",94,10.9302885,107.0374938,Bình Thuận,Khách sạn 2 sao,350.000 ₫,Không có giảm giá,"Wi-Fi miễn phí, Đỗ xe miễn phí, Có điều hòa nhiệt độ, Dịch vụ giặt ủi, Phù hợp với trẻ em, Bếp ở một số phòng, ","https://lh5.googleusercontent.com/p/AF1QipNJKldEb1iAl1Hbd14e_dwV7RbD5GQVBxUoV_GC, https://lh5.googleusercontent.com/p/AF1QipOXhU1LI80QjiaeW4GYz6fdC3qse_SrQvON0LBZ, https://lh5.googleusercontent.com/p/AF1QipN4DTucF9FFem-Xd8ZeJWkfRdyfLc51F76uYUgX, https://lh5.googleusercontent.com/p/AF1QipN7b13l1swhUEnLLxPQuPXCsMXr7I8QKSN5u4OO, "
Hotel BÌNH MINH TRAVEL,"X46C+56F, KDC BẾN LỘI, Hàm Thuận Bắc, Bình Thuận, Việt Nam","3,4",17,10.9604258,107.543769,Bình Thuận,Khách sạn,250.000 ₫,Không có giảm giá,,"https://lh5.googleusercontent.com/p/AF1QipN5Kdh8RrHDHnZFrPrkWD2-NnHRazR2SUA8RXG6, https://lh5.googleusercontent.com/p/AF1QipOgdZSx_8w3XpvN_DxJxADK-UZoUlssURQYc7IC, https://lh5.googleusercontent.com/p/AF1QipOtdx_0oJ3o7RWTuTHNsU6tD21sr4HjUyQzKXbG, "
Khách Sạn Kim Hotel,"304 Võ Văn Kiệt, Thôn Mỹ Khê, Phú Quý, Bình Thuận 77000, Việt Nam","4,5",27,10.5120657,108.3657349,Bình Thuận,Khách sạn,436.765 ₫,Không có giảm giá,"Wi-Fi miễn phí, ","https://lh5.googleusercontent.com/p/AF1QipNa711boqSjV454W7JTwvFSZIHyfFTriJJ59idQ, https://lh5.googleusercontent.com/p/AF1QipOBkEcFN24QB3NuR53MVayo0la5b84M_OaWoFJt, https://lh5.googleusercontent.com/p/AF1QipMeA9mdIsrUIjG014f7i43Ccf_vAVGz9ffNvoyP, https://lh5.googleusercontent.com/p/AF1QipMzEOMpwftPnJece5RYksOqjVSjpQMdlWbgx0kK, "
KHÁCH SẠN QLI,"287A Nguyễn Đình Chiểu, khu phố 2, Thành phố Phan Thiết, Bình Thuận, Việt Nam","4,7",73,10.9547885,107.6645487,Bình Thuận,Khách sạn 3 sao,638.000 ₫,Không có giảm giá,"Wi-Fi miễn phí, Đỗ xe miễn phí, Bể bơi, Có điều hòa nhiệt độ, Dịch vụ giặt ủi, Chấp nhận vật nuôi, Bếp ở một số phòng, Xe đưa đón ra sân bay, ","https://lh5.googleusercontent.com/p/AF1QipPTIcxgG4D3Z-hQv5tuUsGVlF7l7UrQyCMDR1_3, https://lh5.googleusercontent.com/p/AF1QipNc6nFa1xKBvEdnIeHGZN6KcmUA93LyrAhS-ynk, https://lh5.googleusercontent.com/p/AF1QipPA6fc6olmBFt7qLvpbQVbfYq0_A6XG5K3v-sFU, https://lh5.googleusercontent.com/p/AF1QipN6OdtgrKDvtr1-ylBAo42IywzR6dSsn90j4sm5, "
OYO 791 Hoang Anh Hotel,"77 Trần Hưng Đạo, Phú Thuỷ, Ward, Bình Thuận 800000, Việt Nam","3,5",71,10.9396233,107.5269602,Bình Thuận,Khách sạn 2 sao,300.000 ₫,Không có giảm giá,"Wi-Fi miễn phí, Đỗ xe miễn phí, Dịch vụ giặt ủi, ","https://lh5.googleusercontent.com/p/AF1QipPW3w1vw-VFWxZ-q6oiD9nAjjHZrR9mON-kcCED, https://lh5.googleusercontent.com/p/AF1QipMo2kJ7UnYIcwZeZ-R-CX_SLkQxci-_84ypu67R, https://lh5.googleusercontent.com/p/AF1QipOX31447Bj29o4s1iKpCDRgRCJXzjC0U8LYPD1l, https://lh5.googleusercontent.com/p/AF1QipP5bU6Un8HK3V5BMOC-q6VV6j3ebUqYwHEsQJuY, "
Mui Ne Hills Bliss Hotel,"69b Nguyễn Đình Chiểu, Phường Hàm Tiến, Thành phố Phan Thiết, Bình Thuận 77118, Việt Nam","4,1",937,10.9490963,107.622831,Bình Thuận,Khách sạn 2 sao,243.663 ₫,Ít hơn 33% so với bình thường,"Wi-Fi miễn phí, Bữa sáng có tính phí, Đỗ xe miễn phí, Bể bơi ngoài trời, Có điều hòa nhiệt độ, Dịch vụ phòng, Phù hợp với trẻ em, Nhà hàng, Xe đưa đón ra sân bay, Quán bar, ","https://lh5.googleusercontent.com/p/AF1QipPzVgzFvfumrW8te8CvZP8aGPnPyk-WE9AKzgr0, https://lh5.googleusercontent.com/p/AF1QipP-y87ONgU-ZaCodOyf0YxRHn15sWuQKopkXZFD, https://lh5.googleusercontent.com/p/AF1QipPSpPRCgL9sY0SUPUPdHbQyTO6y5vXyT1zK1gx6, https://lh5.googleusercontent.com/p/AF1QipN9V6GXMRXWyLKkYhavLQ-yvTbbddcoEuwjhbSN, "
Mi Nhon Em Hotel Muine (Mignonne Em),"202 Nguyễn Đình Chiểu Kp 2, Ham Tien Village, Hòa Bình, Street, Tp. Phan Thiết, Bình Thuận 300000, Việt Nam","4,7",86,10.9532282,107.6667503,Bình Thuận,Khách sạn,467.250 ₫,Không có giảm giá,"Wi-Fi miễn phí, Đỗ xe miễn phí, Bể bơi ngoài trời, Có điều hòa nhiệt độ, Dịch vụ giặt ủi, Có đường ra bãi biển, Dịch vụ phòng, Nhà hàng, Xe đưa đón ra sân bay, Quán bar, ","https://lh5.googleusercontent.com/p/AF1QipMJsFW-tqjV95P86kAIibgrXqHSc38ByRXWZsCf, https://lh5.googleusercontent.com/p/AF1QipP6Udn_L8BuD4FxJwzBIr71Xst7QScO1Tyocmb3, https://lh5.googleusercontent.com/p/AF1QipOKlyk2H23tiyRnOzXP0IEtSgAnk0a2JZfNURh2, https://lh5.googleusercontent.com/p/AF1QipPHtDjn8VbScB9hdGxL2gCvmL5oq3AZcP_0wx-R, "
HUY ĐẠT HOTEL,"D4 84 85 KHU PHỐ DU LỊCH BIỂN, Bình Thuận 77000, Việt Nam","3,7",102,10.9312884,107.5441076,Bình Thuận,Khách sạn,439.200 ₫,Không có giảm giá,,"https://lh5.googleusercontent.com/p/AF1QipOU6L7D3Fi9FZ-7bKZaEEKjfNDWYrph1MHsTTHr, https://lh5.googleusercontent.com/p/AF1QipNgGX5-s8qiqh_5I8E9KcQs-4HI135B0ZLpb2w7, https://lh5.googleusercontent.com/p/AF1QipPWg4bxqGUuw66IQ2Hlnpq79U5dQ9atv0Dv6rAG, https://lh5.googleusercontent.com/p/AF1QipNcFVe8ZIvYNZixaE0rI15qw-i0UrYOsDlwViJE, "
T's House Motel,"89 Lê Lợi, Hưng Long, Thành phố Phan Thiết, Bình Thuận 800000, Việt Nam","5,0",118,10.9204047,107.5327849,Bình Thuận,Khách sạn,329.000 ₫,Không có giảm giá,,"https://lh5.googleusercontent.com/p/AF1QipNiJB7In56eBc33QspUb6ktMk38EdVbiCtGNgSS, https://lh5.googleusercontent.com/p/AF1QipPLRxQ31AIfoAYiDn2wNRjHnxOKIcdutOoOlggz, https://lh5.googleusercontent.com/p/AF1QipPwbBx53Bo21WwW7GUhsiWu9p1HlgrxpEVu0aA, https://lh5.googleusercontent.com/p/AF1QipOBZCZKQKNa-H34T_jfAyvYAHle-bjwZvLj5bUF, "
Khách Sạn Gemma Phan Thiết,"104 Thủ Khoa Huân, Bình Hưng, Thành phố Phan Thiết, Bình Thuận 800000, Việt Nam","3,7",50,10.9324042,107.5304169,Bình Thuận,Khách sạn,424.466 ₫,Không có giảm giá,"Wi-Fi miễn phí, Đỗ xe miễn phí, Có điều hòa nhiệt độ, Dịch vụ giặt ủi, ","https://lh5.googleusercontent.com/p/AF1QipO73QABDonaDXdNAHB_Je0vS2mJ88pX9UrBZJgk, https://lh5.googleusercontent.com/p/AF1QipN9mr_ByheCrB9ToNpzvwHO2hLsYrDs1I5iavAv, https://lh5.googleusercontent.com/p/AF1QipNUZe8RryjSSL56OfIIwgQei51QqAzr8mRaYQBE, https://lh5.googleusercontent.com/p/AF1QipOH-rdiG-TtI7HXPgIueDvj2cGyL4zxH5MiyqBC, "
Rang Garden Beach Side,"128a Nguyễn Đình Chiểu, Phường Hàm Tiến, Thành phố Phan Thiết, Bình Thuận, Việt Nam","3,2",358,10.9552485,107.6536477,Bình Thuận,Khách sạn 3 sao,279.254 ₫,Không có giảm giá,"Wi-Fi miễn phí, Bữa sáng miễn phí, Bãi đỗ xe, Bể bơi, Có điều hòa nhiệt độ, Dịch vụ giặt ủi, Có đường ra bãi biển, Phù hợp với trẻ em, Nhà hàng, Xe đưa đón ra sân bay, ","https://lh5.googleusercontent.com/p/AF1QipPfB24aThvdB0QqHcGUpS06u8swEkQy2EoCevvu, https://lh5.googleusercontent.com/p/AF1QipMimG6xUCgknSBKaux7PFd-dszurvIlxBBeTLRM, https://lh5.googleusercontent.com/p/AF1QipM8vpJhSikWw6To0kQSVxabzg4w7vP8J_dpWCX7, https://lh5.googleusercontent.com/p/AF1QipP3eoeddgXbzXdQy8lFWEYWv8jMsdL1G00EB-sq, "
Nhà Nghỉ Hùng Hoa,"188 Hiền Vương, Thanh Hải, Thành phố Phan Thiết, Bình Thuận, Việt Nam","4,4",138,10.9357517,107.5601237,Bình Thuận,Khách sạn,420.000 ₫,Không có giảm giá,"Wi-Fi miễn phí, Đỗ xe miễn phí, Có điều hòa nhiệt độ, Dịch vụ giặt ủi, ","https://lh5.googleusercontent.com/p/AF1QipOO6VmtRlfodRAdOQssm7-6Gnm12VC5s5F8krTe, https://lh5.googleusercontent.com/p/AF1QipMOf56HtSLKUysWrMKlipg7E395kGGFRtZNSHVz, https://lh5.googleusercontent.com/p/AF1QipN7Q-mgqFobT7nCyUhcircYyCpMwDI-IXDo66E3, https://lh5.googleusercontent.com/p/AF1QipOKvK7Ja3Zlwka3Bko0xWKXnd4EFaJa1GCWRgRg, "
Khách sạn Phạm Gia - Mũi Né,"371b Nguyễn Đình Chiểu, Phường Hàm Tiến, Thành phố Phan Thiết, Bình Thuận 77000, Việt Nam","4,3",32,10.9541514,107.6704648,Bình Thuận,Khách sạn,250.603 ₫,Ít hơn 17% so với bình thường,"Wi-Fi miễn phí, Bãi đỗ xe, Có điều hòa nhiệt độ, Dịch vụ giặt ủi, Nhà hàng, Xe đưa đón ra sân bay, ","https://lh5.googleusercontent.com/p/AF1QipP6N_Bdba12K-3VkrAF3Ph2pLbDxkolN6JxssL-, https://lh5.googleusercontent.com/p/AF1QipOF_uOZml5bxVh3SHfpOacJLuJPwpB3BUB19mFc, https://lh5.googleusercontent.com/p/AF1QipOgBlNrJKuGCz0DqLCUK6nTiocNwuw15ZD2RLcB, https://lh5.googleusercontent.com/p/AF1QipPppTkqqyuzLsO_nc8d6Hw7cWK48XDrT-m34YTE, "
TTC Hotel - Phan Thiết,"213 Lê Lợi, Hưng Long, Thành phố Phan Thiết, Bình Thuận, Việt Nam","4,3",2.112,10.9258789,107.5379053,Bình Thuận,Khách sạn 4 sao,773.139 ₫,Ít hơn 27% so với bình thường,"Wi-Fi miễn phí, Bữa sáng miễn phí, Đỗ xe miễn phí, Phù hợp cho người khuyết tật, Bể bơi ngoài trời, Có điều hòa nhiệt độ, Dịch vụ giặt ủi, Có đường ra bãi biển, Dịch vụ phòng, Phù hợp với trẻ em, Nhà hàng, Bếp ở một số phòng, Spa, Trung tâm thể dục, ","https://lh5.googleusercontent.com/p/AF1QipNJLCDEaOdPwRZ6szLbsQJxKfSIFwgVMdpT17cg, https://lh5.googleusercontent.com/p/AF1QipM1oxZm23m9O23lqe1jN8ykLw50c7DFIkaJTqGW, https://lh5.googleusercontent.com/p/AF1QipM1EkV4Rq_SSdWp_zPhPfR6fSKBdinSvAyGf5pw, https://lh5.googleusercontent.com/p/AF1QipMMMxFxZgs0g2ow84ls5XlAdW9jlqnd-LK-o1Pc, "
Hotel Cát Tường,"15 Nguyễn Trường Tộ, Tân Thiện, La Gi, Bình Thuận, Việt Nam","3,9",158,10.9258789,107.0435205,Bình Thuận,Khách sạn 2 sao,230.000 ₫,Không có giảm giá,"Wi-Fi miễn phí, Bữa sáng có tính phí, Đỗ xe miễn phí, Phù hợp cho người khuyết tật, Có điều hòa nhiệt độ, Dịch vụ giặt ủi, Chấp nhận vật nuôi, Dịch vụ phòng, Phù hợp với trẻ em, Xe đưa đón ra sân bay, Trung tâm thể dục, Quán bar, ","https://lh5.googleusercontent.com/p/AF1QipMtK2F7dge3gPI3Hk-yVvQ4CajYrn0JjX67b_Jq, https://lh5.googleusercontent.com/p/AF1QipP2blYUf7yUDyLPUygnaeTjD6vXU__m1pM426_J, https://lh5.googleusercontent.com/p/AF1QipNOlW3Tz4q60awbRVnj2QKLoTX_B4Pmr167Xtbw, https://lh5.googleusercontent.com/p/AF1QipPP52yX3rNya7Um8dB7lcdTwSsONbmYQhsNzIhP, "
Y Bon,"10 Cao Thắng, Bình Hưng, Thành phố Phan Thiết, Bình Thuận, Việt Nam","3,7",45,10.927697,107.52761,Bình Thuận,Khách sạn,280.000 ₫,Không có giảm giá,"Wi-Fi miễn phí, Đỗ xe miễn phí, Có điều hòa nhiệt độ, Dịch vụ giặt ủi, Phù hợp với trẻ em, ","https://lh5.googleusercontent.com/p/AF1QipPLKzpHLRZADXShuvOSieS48MIgL3Ktc8xXdxeg, https://lh5.googleusercontent.com/p/AF1QipOD2mReTfgN3B3EvmEIlga9N4fMzBpWL2BzROG8, https://lh5.googleusercontent.com/p/AF1QipN_NGRVFZCqFzEikWOjo4R1w-01ULNr8DvyYgcl, https://lh5.googleusercontent.com/p/AF1QipMFOs5L-YKT8t_0xaijo_Df54EgBo-BilaNWINV, "
Xin Chao Hotel,"129 Nguyễn Đình Chiểu, khu phố 1, Thành phố Phan Thiết, Bình Thuận, Việt Nam","4,2",167,10.9526552,107.6363014,Bình Thuận,Khách sạn 2 sao,522.000 ₫,Không có giảm giá,"Wi-Fi miễn phí, Bữa sáng miễn phí, Đỗ xe miễn phí, Bể bơi ngoài trời, Có điều hòa nhiệt độ, Dịch vụ giặt ủi, Có đường ra bãi biển, Phù hợp với trẻ em, Nhà hàng, ","https://lh5.googleusercontent.com/p/AF1QipM9HbThuaCkAQVMsjMpL-JRj5QVrVhOLNlbyV2f, https://lh5.googleusercontent.com/p/AF1QipO0an-Oj7nD__MPladCR74pH5kK2WuMAG_D8Btn, https://lh5.googleusercontent.com/p/AF1QipMGbX9IkXZjW27mcbURLgkc_gcqCQLSXxIStqU, https://lh5.googleusercontent.com/p/AF1QipNQ34l7ZXQ1WMP6z5Food2R6C7bTozS684ZI4VJ, "
Khách sạn Cà Ty Phan Thiết,"40 Phan Bội Châu, Đức Nghĩa, Thành phố Phan Thiết, Bình Thuận, Việt Nam","3,8",693,10.928625,107.5206969,Bình Thuận,Khách sạn 2 sao,539.095 ₫,Không có giảm giá,"Wi-Fi miễn phí, Bữa sáng miễn phí, Đỗ xe miễn phí, Có điều hòa nhiệt độ, Dịch vụ giặt ủi, Phù hợp với trẻ em, Nhà hàng, ","https://lh5.googleusercontent.com/p/AF1QipMCFsk_1cditgB-TCJQNTH-eh8RUbRMIMiDYKaz, https://lh5.googleusercontent.com/p/AF1QipN0iypBOxmJb6vtqRpvk0JXmAcqqzG_aIz3mYA, https://lh5.googleusercontent.com/p/AF1QipMdN5uEUA9IPA7rOZtKQiu5LBfYoBsENsmJnK_r, https://lh5.googleusercontent.com/p/AF1QipNu7YdoXK8mgbmDHYd-xl78hytoueehop9Us6VN, "
Hung Phuc Mui Ne Hotel,"City, 55 Huỳnh Thúc Kháng, Street, Thành phố Phan Thiết, Bình Thuận, Việt Nam","4,4",169,10.9517759,107.6787617,Bình Thuận,Khách sạn 2 sao,322.723 ₫,Ít hơn 23% so với bình thường,"Wi-Fi miễn phí, Đỗ xe miễn phí, Có điều hòa nhiệt độ, Dịch vụ giặt ủi, Có đường ra bãi biển, Phù hợp với trẻ em, Nhà hàng, Xe đưa đón ra sân bay, ","https://lh5.googleusercontent.com/p/AF1QipP0fCu0FRfPgKnOJYbK-EIH6DpfEmMKTJ7UjVqX, https://lh5.googleusercontent.com/p/AF1QipNG7F-ta9stikWgOsvRss3GZvE14RtOCZo8FzU3, https://lh5.googleusercontent.com/p/AF1QipPL15KmH1hO9B3fzKGU7eOJLDrjqhFJvla9pTHn, https://lh5.googleusercontent.com/p/AF1QipNtHjLXmHLgrp_10QfbcJ71Yo9y7y_c6T0RRomI, "
Khách Sạn Thiên Nga,"47-49 Hai Mươi Ba Tháng Tư, Phường Phước Hội, La Gi, Bình Thuận, Việt Nam","3,2",16,10.9517759,107.1843769,Bình Thuận,Khách sạn,184.379 ₫,Ít hơn 25% so với bình thường,"Wi-Fi miễn phí, Có điều hòa nhiệt độ, Dịch vụ giặt ủi, ","https://lh5.googleusercontent.com/p/AF1QipMA5GReaUoeJDGMeJisGTQDcDRMj65AyitcPtI, https://lh5.googleusercontent.com/p/AF1QipNgQVQDiPaPb4YGfrU-GEDzjiTPWUuo0agT-5S0, https://lh5.googleusercontent.com/p/AF1QipN6XQwH72kClT2MstyGlryi4jXAEYfFqez3L5oE, https://lh5.googleusercontent.com/p/AF1QipNE26TJ5ake9nXjCIZ1QqHYjozHBkHAlZTF5jtj, "
Khách Sạn Huỳnh Tấn 2,"63 Nguyễn Trường Tộ, Tân Thiện, La Gi, Bình Thuận, Việt Nam","3,4",97,10.6656877,107.1910608,Bình Thuận,Khách sạn,485.332 ₫,Không có giảm giá,"Có điều hòa nhiệt độ, ","https://lh5.googleusercontent.com/p/AF1QipMyeJCnHykc6SXGHFaDBvyDZkkOlTc0XtmMA8MI, https://lh5.googleusercontent.com/p/AF1QipNOzVmAhksZ1WRX2VGyxSahK_UMli5P6bdmON4s, https://lh5.googleusercontent.com/p/AF1QipPL0DM9LRbspnS6w52LCvzs6EE7XPJmxs1W7KjA, https://lh5.googleusercontent.com/p/AF1QipMI6k0OzFmOw5UrO6V2mYo5sYj2GlwYaU3R6Aub, "
Hotel Huy Hoàng,"71 Võ Chí Công, Xuân An, Thành phố Phan Thiết, Bình Thuận, Việt Nam","4,7",25,10.944643,107.5300585,Bình Thuận,Khách sạn,375.000 ₫,Không có giảm giá,,"https://lh5.googleusercontent.com/p/AF1QipOWcIHFhDz_dEXHTBOHbrNx9W2F6lygRacEAyvp, https://lh5.googleusercontent.com/p/AF1QipM1Vz0iWjzIEQnDH0R-x0vlTriHPJSdkaTXfDsE, https://lh5.googleusercontent.com/p/AF1QipP6hcKBptWbzzrk1nQUBc-qy_JvJg8ieDhlPhGN, https://lh5.googleusercontent.com/p/AF1QipPucwU5kmhtX9kJ2FD8WTSwQxajhonG5fsEEsti, "
Khách Sạn Đăng Duy Hotel,"34 Nguyễn Du, Tân Phước, La Gi, Bình Thuận, Việt Nam","3,5",106,10.944643,107.0356737,Bình Thuận,Khách sạn,274.186 ₫,Không có giảm giá,"Wi-Fi miễn phí, Đỗ xe miễn phí, Bể bơi, Có điều hòa nhiệt độ, Dịch vụ giặt ủi, Nhà hàng, Xe đưa đón ra sân bay, ","https://lh5.googleusercontent.com/p/AF1QipNyMViu4HaUuRyxuc6Ymb19dxDLNlw9K6RxfTqj, https://lh5.googleusercontent.com/p/AF1QipNa9D5DWtTBQmo9RmFwhH52LayvInZpWoYQonzU, https://lh5.googleusercontent.com/p/AF1QipO-1KChmOCjOmOaue_zFDvvvYK1dldQOJGTThpX, https://lh5.googleusercontent.com/p/AF1QipMRx0IMKaa-f4UAl2Eh_ysK1FiABmp8Wf_K6RV8, "
Khách Sạn Biển Đông,"294 Đường 27/4, Phú Quý, Bình Thuận 77808, Việt Nam","4,1",84,10.5058053,108.3796184,Bình Thuận,Khách sạn,316.445 ₫,Ít hơn 30% so với bình thường,"Wi-Fi miễn phí, Bữa sáng có tính phí, Đỗ xe miễn phí, Phù hợp cho người khuyết tật, Bể bơi, Dịch vụ giặt ủi, Trung tâm thương mại, Chấp nhận vật nuôi, Dịch vụ phòng, Phù hợp với trẻ em, Xe đưa đón ra sân bay, Bồn tắm nước nóng, Trung tâm thể dục, Không hút thuốc, ","https://lh5.googleusercontent.com/p/AF1QipM-LLnEudMxnpQZiFeeySHIeNAAaCKgkFv5Ue4G, https://lh5.googleusercontent.com/p/AF1QipO_HWxjczetTS1fCH9z4UYlcUGvkj2v46Is3kmp, https://lh5.googleusercontent.com/p/AF1QipNB6amA78LkM74l23GkHMzpeZPM6EsljyHYiDRW, https://lh5.googleusercontent.com/p/AF1QipOtq_VYvgPC8rn3gWUrkKWk70iON7y92dVLUEow, "
Hoang Dang Hotel,"62 Võ Thị Sáu, Liên Hương, Tuy Phong, Bình Thuận, Việt Nam","3,8",116,11.2247305,108.1545237,Bình Thuận,Khách sạn 2 sao,300.000 ₫,Không có giảm giá,"Wi-Fi miễn phí, Đỗ xe miễn phí, Có điều hòa nhiệt độ, Dịch vụ giặt ủi, ","https://lh5.googleusercontent.com/p/AF1QipN5PqQuiJJ7Z5OPmwvnceSHX2TQ1wdGSCN4pfVM, https://lh5.googleusercontent.com/p/AF1QipOCz_XWpyX2di5-D3-B8BrsgI17qjojZVfMwNWI, https://lh5.googleusercontent.com/p/AF1QipPHXYX1AtmmX0dA22IZYlacANbjmHXvLIs8aJB9, https://lh5.googleusercontent.com/p/AF1QipPl_vF9tjjEMWX16f1t6d18Rj-WZy7PyvO3sEDC, "
AN HOTEL PHAN THIẾT,"70 Nguyễn Văn Siêu, Phú Tài, Thành phố Phan Thiết, Bình Thuận, Việt Nam","4,3",97,11.2247305,107.6601389,Bình Thuận,Khách sạn,371.356 ₫,Không có giảm giá,"Wi-Fi miễn phí, Có điều hòa nhiệt độ, Dịch vụ giặt ủi, Nhà hàng, Xe đưa đón ra sân bay, ","https://lh5.googleusercontent.com/p/AF1QipNKVVO-Ox6luLUg_jLIZc9Eq1Nsp-F-s1FA2aeu, https://lh5.googleusercontent.com/p/AF1QipMr6LrV0oeS8q80V55KFAwj2FgaKUq69IB8xPR8, https://lh5.googleusercontent.com/p/AF1QipMM7MPmdpZSp7U2xuH64LZbmd0JNGVL3ucTyDrb, https://lh5.googleusercontent.com/p/AF1QipNCXJ2Di6kzvsqBcjhPACsOscH3qOhXAeYaHjg2, "
Flora Hotel - Phan Rí Cửa,"195 Lý Thường Kiệt, Phan Rí Cửa, Tuy Phong, Bình Thuận, Việt Nam","4,2",117,11.1787524,107.99741,Bình Thuận,Khách sạn,361.131 ₫,Không có giảm giá,"Wi-Fi miễn phí, Đỗ xe miễn phí, Có điều hòa nhiệt độ, Dịch vụ giặt ủi, Bếp ở một số phòng, Xe đưa đón ra sân bay, ","https://lh5.googleusercontent.com/p/AF1QipP_Q6OuurEEcCXto84CWOVysyx30iURXIof-5S2, https://lh5.googleusercontent.com/p/AF1QipMLs8hOrgtWFB8RoYCGqvnxORyRVpEB-NbB0GpC, https://lh5.googleusercontent.com/p/AF1QipMmgT31f_7byE379PkEOPxKjAIVhX8KyFSmI7RJ, https://lh5.googleusercontent.com/p/AF1QipOr3dikXS5dVhDxDX9Ou3qfj6H51q_x08aZ16Tz, "
VIPOL MUI NE HOTEL & SPA ( Khách sạn 4 sao ),"29A Nguyễn Đình Chiểu, Phường Hàm Tiến, Thành phố Phan Thiết, Bình Thuận 77117, Việt Nam","4,8",567,11.1787524,107.5030252,Bình Thuận,Khách sạn,936.000 ₫,Ít hơn 19% so với bình thường,"Wi-Fi miễn phí, Bữa sáng miễn phí, Đỗ xe miễn phí, Phù hợp cho người khuyết tật, Bể bơi ngoài trời, Có điều hòa nhiệt độ, Dịch vụ giặt ủi, Trung tâm thương mại, Có đường ra bãi biển, Dịch vụ phòng, Phù hợp với trẻ em, Nhà hàng, Xe đưa đón ra sân bay, Bồn tắm nước nóng, Spa, Trung tâm thể dục, ","https://lh5.googleusercontent.com/p/AF1QipOfiANWSHTnBoE7h1oNxrQO3YqTT3vtz9C9tRaS, https://lh5.googleusercontent.com/p/AF1QipOZOhb45BhZoW6FjRBTT9rhkAiWcnjuYcyzezpw, https://lh5.googleusercontent.com/p/AF1QipM5NUdtG72rhzr5drUNAQhhqherxgJ0TtLGB3nx, https://lh5.googleusercontent.com/p/AF1QipPQBPCrI4QQZMKKlTofKysbHvwaNQrg9z_TZP5y, "
Khách Sạn An Bình,"402 Võ Văn Kiệt, Phú Quý, Bình Thuận 804420, Việt Nam","4,3",45,10.5067894,108.3763161,Bình Thuận,Khách sạn,327.575 ₫,Không có giảm giá,"Wi-Fi miễn phí, Đỗ xe miễn phí, Có điều hòa nhiệt độ, Dịch vụ giặt ủi, Chấp nhận vật nuôi, Dịch vụ phòng, Xe đưa đón ra sân bay, Không hút thuốc, ","https://lh5.googleusercontent.com/p/AF1QipM0gh4b1Jz26hNTasrFm8ddWXaAd6IhGp3IL9TS, https://lh5.googleusercontent.com/p/AF1QipNHp7BWEZ63uUvkJBmGNP6wxYgNOiwpo3GNN3LO, https://lh5.googleusercontent.com/p/AF1QipMhYw6bWC1eNJqqIqgZ9InUZC0xDviBEi79Psl3, https://lh5.googleusercontent.com/p/AF1QipMRfzbcYiYWabjAhFlj_DSo6bqb_4HzYKjrRmUv, "
Mường Thanh Holiday Mui Ne Hotel,"54 Huỳnh Thúc Kháng, Phường Hàm Tiến, Thành phố Phan Thiết, Bình Thuận 800000, Việt Nam","4,1",1.790,10.9497332,107.6810125,Bình Thuận,Khách sạn 4 sao,858.184 ₫,Ít hơn 32% so với bình thường,"Wi-Fi miễn phí, Bữa sáng miễn phí, Đỗ xe miễn phí, Phù hợp cho người khuyết tật, Bể bơi ngoài trời, Có điều hòa nhiệt độ, Dịch vụ giặt ủi, Trung tâm thương mại, Có đường ra bãi biển, Dịch vụ phòng, Phù hợp với trẻ em, Nhà hàng, Xe đưa đón ra sân bay, Bồn tắm nước nóng, Spa, Trung tâm thể dục, Quán bar, ","https://lh5.googleusercontent.com/p/AF1QipOpSZUNKu8xLryxbfoJAf2gnzlrxmwutoVe8eM-, https://lh5.googleusercontent.com/p/AF1QipO0wQCw2dRApsQ8ZFUYjtxb1PDJihhGm1j025s5, https://lh5.googleusercontent.com/p/AF1QipPS2XKv-ZEwcjuHlvchqzeoExbeR112pzZB1wCL, https://lh5.googleusercontent.com/p/AF1QipPZmHM-fCZi0X8W5dA_y6s7DyHsI7rd2wOaGbR2, "
Meraki Oasis,"150 Nguyễn Đình Chiểu, Street, Thành phố Phan Thiết, Bình Thuận 700000, Việt Nam","4,1",819,10.9548024,107.6600437,Bình Thuận,Khách sạn,624.032 ₫,Không có giảm giá,"Wi-Fi miễn phí, Bữa sáng miễn phí, Đỗ xe miễn phí, Bể bơi ngoài trời, Có điều hòa nhiệt độ, Dịch vụ giặt ủi, Có đường ra bãi biển, Phù hợp với trẻ em, Nhà hàng, ","https://lh5.googleusercontent.com/p/AF1QipN5bPWDWpt_pQBghjbDdKaOSgYfX1eSrUXaX5h8, https://lh5.googleusercontent.com/p/AF1QipOXZGO5nrFI8TOaDFtQiaGBfvXlBRR6sAuI-iFJ, https://lh5.googleusercontent.com/p/AF1QipOzYTren6UNdYIC55xlpnom2AlM_QMK4yOeCaYX, https://lh5.googleusercontent.com/p/AF1QipN1caUGYObMooIhbDqU0E86XC4mZHkS2Fq_M30, "
Khách Sạn Hoàn Vũ,"W7QV+VRV, Huỳnh Tấn Phát, Mũi Né, Thành phố Phan Thiết, Bình Thuận, Việt Nam","3,6",41,10.9397317,107.7177739,Bình Thuận,Khách sạn 2 sao,495.000 ₫,Không có giảm giá,"Wi-Fi miễn phí, Bữa sáng miễn phí, Có điều hòa nhiệt độ, Dịch vụ giặt ủi, ","https://lh5.googleusercontent.com/p/AF1QipMxLENYYIuOO9c4xz2sbby78z8C4Ui5Yx3DzSef, https://lh5.googleusercontent.com/p/AF1QipPNc8qmbhdsl8pnFJhS2dWiAsNVDu2NwY1mTSF5, https://lh5.googleusercontent.com/p/AF1QipNP4-_97_kfBi0iEV3uP7YaE0EfZKP7AXSawS1z, https://lh5.googleusercontent.com/p/AF1QipOOtkV-xw2vg4gD0KhyHyNKShXBc9srqP3NAkb5, "
Như Ý hotel,"45 Khu Phố Biển, Rạng Đông, Thành phố Phan Thiết, Bình Thuận, Việt Nam","4,6",7,10.9325384,107.5459626,Bình Thuận,Khách sạn,550.000 ₫,Không có giảm giá,,"https://lh5.googleusercontent.com/p/AF1QipPKuP9t4zNnWHkdETSeVV3DDapXVpC1YpWWcR8h, https://lh5.googleusercontent.com/p/AF1QipPcWLIH3hUNilHr_Zcfvm13JlJLOqnun0mN5Xuw, https://lh5.googleusercontent.com/p/AF1QipMaWR9zj4_HD0I_JBR1KAAsON6Tz5o6PTd2Jznp, https://lh5.googleusercontent.com/p/AF1QipMaWR9zj4_HD0I_JBR1KAAsON6Tz5o6PTd2Jznp, "
Hotel sân vườn,"02 Huỳnh Thúc Kháng, khu phố 4, Thành phố Phan Thiết, Bình Thuận, Việt Nam","3,3",6,10.9530196,107.6724413,Bình Thuận,Khách sạn,223.095 ₫,Không có giảm giá,"Wi-Fi miễn phí, Đỗ xe miễn phí, Có điều hòa nhiệt độ, Dịch vụ giặt ủi, Chấp nhận vật nuôi, Bếp ở một số phòng, Xe đưa đón ra sân bay, ","https://lh5.googleusercontent.com/p/AF1QipO_lZUp2yi2fRxX3vLI2Er1NPD-SYQ3-7DbTejk, https://lh5.googleusercontent.com/p/AF1QipMw12gjMrUAeldIa-N7BT3_UIenFuAn8cf39vl-, https://lh5.googleusercontent.com/p/AF1QipPRtUNE_uelhdIAMuR_lR_L8LfSp6d4prF059wV, https://lh5.googleusercontent.com/p/AF1QipP1IvIXcXNVaKWHP6VURkTCx44lKLnKusI5LuHt, "
VillaSeaWiew Phan Rí-Tuy Phòng-Bình Thuận,"304 Quang Trung, Phan Rí Cửa, Tuy Phong, Bình Thuận, Việt Nam","4,7",15,11.1793459,107.9999681,Bình Thuận,Khách sạn,400.000 ₫,Ít hơn 30% so với bình thường,,"https://lh5.googleusercontent.com/p/AF1QipP9ENAqzWBVXoVBzLow0I3C5XkthRmtzPrhM7k6, https://lh5.googleusercontent.com/p/AF1QipN6pgF0Y-w4iTzszvraW8M6yS88ustLat4dAjmJ, https://lh5.googleusercontent.com/p/AF1QipNgU-dDwiXCW8HhIr-tUkXY60vet199HizKTiKy, https://lh5.googleusercontent.com/p/AF1QipNNcgQaLOPDI7b8X5V-1hYa5A-w9wzh54AHZV42, "
LaGi Sunrise Hotel,"22 Nguyễn Thái Học, Tân An, La Gi, Bình Thuận, Việt Nam","4,3",98,10.6862984,107.1750682,Bình Thuận,Khách sạn 3 sao,275.000 ₫,Không có giảm giá,"Wi-Fi miễn phí, Đỗ xe miễn phí, Có điều hòa nhiệt độ, Dịch vụ giặt ủi, ","https://lh5.googleusercontent.com/p/AF1QipNCIVMpEGYLFtLfTirLLNzLjegTiC85C4jVbrii, https://lh5.googleusercontent.com/p/AF1QipMzDRqMVf_zczwq0KaHifzMCCjqGEKdG2kXpOcq, https://lh5.googleusercontent.com/p/AF1QipOxObyZ5_hcdRkZk42-2hmZlcp5d07M-uTuXwEc, https://lh5.googleusercontent.com/p/AF1QipNAoQnb9_UQliQubk1GJqzmj9mAtdpBhAWX8pac, "
Phạm Gia Phan Thiết Hotel,"W4JC+XGW Công viên Hoa Ban, Phú Thuỷ, Thành phố Phan Thiết, Bình Thuận, Việt Nam","4,8",45,10.9321467,107.5446316,Bình Thuận,Khách sạn,384.750 ₫,Không có giảm giá,,"https://lh5.googleusercontent.com/p/AF1QipNE3iL_DzBvHk_sZp0EaOza_ydrUcqXB4JDU2e2, https://lh5.googleusercontent.com/p/AF1QipOrOR7cq3rDk7dTP3a7Y4ej3whC8Z23kEbRdGwb, https://lh5.googleusercontent.com/p/AF1QipPqeJbOld_eOgxAtDIl8RicDIIOz6xdhH31fQsE, https://lh5.googleusercontent.com/p/AF1QipMrATGrsOaWWl9_0AuOCVWpHTUhuAI0F1Ik0VEo, "
Homestay Hoài Tâm,"Khu Dân Cư A, Thành phố Phan Thiết, Bình Thuận, Việt Nam","4,7",40,10.9355397,107.5598428,Bình Thuận,Khách sạn,290.652 ₫,Không có giảm giá,,"https://lh5.googleusercontent.com/p/AF1QipNcMURD6cP5I2q5HcnbK0bUk2Opr_Otltv9ybYN, https://lh5.googleusercontent.com/p/AF1QipOAkb8CFNfpd4zUkGKg_LyYX4mEKAyaO-NrNRRu, https://lh5.googleusercontent.com/p/AF1QipP2xHK2ej38Gej_icuuARcB1H_kDYEX1IlUpEnu, https://lh5.googleusercontent.com/p/AF1QipOGp2E6x6rA7BWfj69r2yEJHmybjIgr-_23uhJB, "
1991 boutique hotel,"297 Võ Văn Kiệt, Phú Thuỷ, Thành phố Phan Thiết, Bình Thuận, Việt Nam","3,9",46,10.9406959,107.5366711,Bình Thuận,Khách sạn,330.000 ₫,Không có giảm giá,,"https://lh5.googleusercontent.com/p/AF1QipNycU3up8e_o9YoZcl9lubUO1ACiqrsaHTQ1sxj, https://lh5.googleusercontent.com/p/AF1QipNO1xQeV8Or9RSGu5-dEzmryy__mK8OORtLdK3v, https://lh5.googleusercontent.com/p/AF1QipNeYZozVcfd2Ev2YVpIRVI6sEjEV4Vk2-zqIYiw, https://lh5.googleusercontent.com/p/AF1QipMmPVp1bXX-9LCBeNCIiUJCkxbocm2NJWaVKj2i, "
khách sạn Friend ZoneS Hotel,"287 Thủ Khoa Huân, Phú Thuỷ, Thành phố Phan Thiết, Bình Thuận 77000, Việt Nam","4,3",9,10.9327666,107.5361957,Bình Thuận,Khách sạn,385.000 ₫,Không có giảm giá,,"https://lh5.googleusercontent.com/p/AF1QipOA_p77OirBr-ozbgDK5wTRbha5nY-7LS-mBCDR, https://lh5.googleusercontent.com/p/AF1QipM8wULWU8c1Wc5l326RPSqh5l1P-ghKtli4O48M, https://lh5.googleusercontent.com/p/AF1QipOvIE6G1hj8S6FpfjYJGdvnlQoe8rflPUV6fNQV, https://lh5.googleusercontent.com/p/AF1QipOA_p77OirBr-ozbgDK5wTRbha5nY-7LS-mBCDR, "
Khách sạn Hà Thành,"133/1 Lê Lợi, Hưng Long, Thành phố Phan Thiết, Bình Thuận, Việt Nam","5,0",34,10.9216861,107.5334713,Bình Thuận,Khách sạn,400.000 ₫,Không có giảm giá,,"https://lh5.googleusercontent.com/p/AF1QipO8rDIKaPP8ZyypclWm3Ux-KkyJDb0PPXKx2F30, https://lh5.googleusercontent.com/p/AF1QipMWPQCQPFJJF5yFBwHVaFeU9cieK_6-KSmlr_B9, https://lh5.googleusercontent.com/p/AF1QipPIUN7I9myC2RZJ6djg24-0Tw-XucXqO4qz6CjF, https://lh5.googleusercontent.com/p/AF1QipNa_EsC1pXP9V2Gn4BOXLEvUEH4PnrX6BMslk0z, "
Sea Lion Beach Resort,"12 Nguyễn Đình Chiểu, Phường Hàm Tiến, Thành phố Phan Thiết, Bình Thuận 800200, Việt Nam","4,0",431,10.9407793,107.6139341,Bình Thuận,Khách sạn,905.614 ₫,Không có giảm giá,"Wi-Fi miễn phí, Bữa sáng miễn phí, Đỗ xe miễn phí, Bể bơi ngoài trời, Có điều hòa nhiệt độ, Dịch vụ giặt ủi, Có đường ra bãi biển, Dịch vụ phòng, Phù hợp với trẻ em, Nhà hàng, Bếp ở một số phòng, Xe đưa đón ra sân bay, Spa, Trung tâm thể dục, Quán bar, ","https://lh5.googleusercontent.com/p/AF1QipPGsD6vUROSDE6Mp8H6gyzS1knTT20rL5p1TqNy, https://lh5.googleusercontent.com/p/AF1QipOkv1xZtpuq3OsN7Q44NPYRcN3BdZRx9QoWEJ8I, https://lh5.googleusercontent.com/p/AF1QipNGeQy_waxAi1hY9SappZ-0W350cDAneivr7150, https://lh5.googleusercontent.com/p/AF1QipNRROl1HQ-xtKLd01tplUD1VusNJ2o5l5gzJQO6, "
Khách Sạn Kim Thanh,"Hẻm 81 Hồ Xuân Hương, Mũi Né, Thành phố Phan Thiết, Bình Thuận, Việt Nam","3,3",21,10.928986,107.7143126,Bình Thuận,Khách sạn,201.599 ₫,Không có giảm giá,,"https://lh5.googleusercontent.com/p/AF1QipN8SiUrk2eNQxjh1I68YCDaqVoTcVFkj-NYALUX, https://lh5.googleusercontent.com/p/AF1QipMEkUL-41mcd8UOg6-iCJpP2zg8ITcEOtBI-Yzo, https://lh5.googleusercontent.com/p/AF1QipNIrzYJ4sQZPNZCVHucr-X1ganGzixYvuoizTW9, https://lh5.googleusercontent.com/p/AF1QipPKT_QiQx1BSNzTCqMnnQY6MGxVPlrNzE2U0HaK, "
Khách sạn Canary Bảo - Homestay Canary Bảo,"455 Thủ Khoa Huân, Phú Thuỷ, Thành phố Phan Thiết, Bình Thuận, Việt Nam","4,3",35,10.9340468,107.5468635,Bình Thuận,Khách sạn,568.631 ₫,Không có giảm giá,"Wi-Fi miễn phí, Dịch vụ giặt ủi, Bếp ở một số phòng, ","https://lh5.googleusercontent.com/p/AF1QipOXLJM83sa0Qa88NmlNzqX1OYWCNgyk1Pu83sPl, https://lh5.googleusercontent.com/p/AF1QipMce-5YobxZOSLB9UJSGYj3mJ1bAs4GCvB0YtLG, https://lh5.googleusercontent.com/p/AF1QipO0MFtuHnP36nQZGls31O8OviCERJnI6MhDuyY1, https://lh5.googleusercontent.com/p/AF1QipNiBKz7sPTllVuwEtiNrwGdrRhmUJbwSaHEMvK3, "
1991 hotel,"24 Nguyên Hồng, Phú Thuỷ, Thành phố Phan Thiết, Bình Thuận, Việt Nam","3,5",74,10.9403123,107.5351883,Bình Thuận,Khách sạn,330.000 ₫,Không có giảm giá,,"https://lh5.googleusercontent.com/p/AF1QipOMMC_PvEzY8P4gNbu0sTMpEDjhZJ4dzvzeIHv4, https://lh5.googleusercontent.com/p/AF1QipP6SHcdlCw1jCWinbN3NrpP9CRZfr11TDd4ww6Q, https://lh5.googleusercontent.com/p/AF1QipMIlU5_oNWj1mkJ36-1i6Qj55sHRuWxvnMj8y8Z, https://lh5.googleusercontent.com/p/AF1QipPesNiKDuOIUaldZfVK4ofryY1GfbtflPHghIbt, "
Minh Ngoc Guest House Mui Ne,"72 Huỳnh Thúc Kháng, khu phố 4, Thành phố Phan Thiết, Bình Thuận, Việt Nam","4,2",144,10.9494251,107.6835769,Bình Thuận,Khách sạn 2 sao,300.000 ₫,Không có giảm giá,"Wi-Fi miễn phí, Đỗ xe miễn phí, Có điều hòa nhiệt độ, Dịch vụ giặt ủi, Có đường ra bãi biển, Phù hợp với trẻ em, Nhà hàng, Xe đưa đón ra sân bay, ","https://lh5.googleusercontent.com/p/AF1QipMkALubJI4xi6JcOyyNqV5vdtcLdkqxeYK5ndZT, https://lh5.googleusercontent.com/p/AF1QipNNB0MXPMyp4oLmcymhRCwIF9Ql1y5_1HeTN6_S, https://lh5.googleusercontent.com/p/AF1QipOOkYGwf_HhV9_DQTXqLeTp6VxISeFfqtfkfzHq, https://lh5.googleusercontent.com/p/AF1QipPkXbVo-6kH-bvsRHRCJjZxYlCbM9gGviKDWv_X, "
Đồi Dừa Homestay,"Hồ Quang Cảnh, St, Hàm Thuận Bắc, Bình Thuận 77119, Việt Nam","4,8",83,10.9683142,107.6830643,Bình Thuận,Khách sạn,193.586 ₫,Ít hơn 23% so với bình thường,"Wi-Fi miễn phí, Đỗ xe miễn phí, Dịch vụ giặt ủi, ","https://lh5.googleusercontent.com/p/AF1QipP0-MBK46lcZWNpjAnD7VCfTsVmt5syWmvbBuE2, https://lh5.googleusercontent.com/p/AF1QipMhwWpcUtOwuD4sFTg7udZi8hLf3UmqtzVKmWmm, https://lh5.googleusercontent.com/p/AF1QipM8SSEy5XmU5ZGIyY7lJAHLJe0dXdtUAbstDSSS, https://lh5.googleusercontent.com/p/AF1QipPjMM7N-xxo-JnOBQOmqxuOWZfMHmLzyd6dJTpt, "
Khach san Dai Nam,"72 Nguyễn Bỉnh Khiêm, Liên Hương, Tuy Phong, Bình Thuận, Việt Nam","4,2",142,11.225215,108.1509414,Bình Thuận,Khách sạn,243.663 ₫,Không có giảm giá,"Wi-Fi miễn phí, Đỗ xe miễn phí, Có điều hòa nhiệt độ, Dịch vụ giặt ủi, Bếp ở một số phòng, Xe đưa đón ra sân bay, ","https://lh5.googleusercontent.com/p/AF1QipPj02-2H4Vc3dMRYRzJhBxdcApnMqpH--t0401V, https://lh5.googleusercontent.com/p/AF1QipNxsihbCIm7Cz0udcCyDL7ZLSMLeoBTBRET2NBv, https://lh5.googleusercontent.com/p/AF1QipOpKaC3P5AtdX1WG_6Lsy1jYrZa0Jpt2EMiJh54, https://lh5.googleusercontent.com/p/AF1QipPFpxKKMelG2TBpgyQcC1lcslZAAncNV6uxS9CN, "
Hotel Minh Hà,"42 Nguyễn Trường Tộ, Khu Pho 10, La Gi, Bình Thuận, Việt Nam","4,1",22,10.6643447,107.1916454,Bình Thuận,Khách sạn 2 sao,249.000 ₫,Không có giảm giá,"Wi-Fi miễn phí, Đỗ xe miễn phí, Có điều hòa nhiệt độ, Dịch vụ giặt ủi, Xe đưa đón ra sân bay, ","https://lh5.googleusercontent.com/p/AF1QipNOBnxFNcZXTjknqPweoYyljImkvxLZF_2aznkW, https://lh5.googleusercontent.com/p/AF1QipPJkosAjfhKcGP7DNXetIxmAq8k_rj0mRDeyHga, https://lh5.googleusercontent.com/p/AF1QipPJUQAuu28DSdn0URWZS9dB8GPZBHZyLQxjBpe_, https://lh5.googleusercontent.com/p/AF1QipMjBfFjygVmIIOtxofCx_HEMtbD1K56QRF5QC7p, "
Nhà Nghỉ Minh Đức,"142 Lê Lợi, Hưng Long, Thành phố Phan Thiết, Bình Thuận, Việt Nam","3,5",208,10.9223251,107.5349502,Bình Thuận,Khách sạn,399.000 ₫,Không có giảm giá,"Wi-Fi miễn phí, Có điều hòa nhiệt độ, Dịch vụ giặt ủi, Chấp nhận vật nuôi, Có đường ra bãi biển, ","https://lh5.googleusercontent.com/p/AF1QipNYUsX4-oCrNwLHzy9d9HWU1yZAeTPQAujQpSfY, https://lh5.googleusercontent.com/p/AF1QipPd3HIGImvnBA8tB3hz2gqJ6m87OIzNkwoO7lwO, https://lh5.googleusercontent.com/p/AF1QipP5YeJcOxKAswhGEQo9L3Uk4YecNJ53ckgUpSxL, https://lh5.googleusercontent.com/p/AF1QipOpTZxZY5UyV7lfcMEJN2uTh-_H7dceY09U4xol, "
Hòn Cau Resort - Restaurant & Resort Đẹp Ở Bình Thuận,"10 QL1A Vĩnh Hưng, Vĩnh Tân, Tuy Phong, Bình Thuận 77000, Việt Nam","3,9",143,11.329076,108.2637559,Bình Thuận,Khách sạn,708.861 ₫,Không có giảm giá,"Wi-Fi miễn phí, Đỗ xe miễn phí, Bể bơi, Có điều hòa nhiệt độ, Dịch vụ giặt ủi, Có đường ra bãi biển, Nhà hàng, ","https://lh5.googleusercontent.com/p/AF1QipOD_nGxU6_O0CuCt9jLsR8dIPy7f1AHTpzNHFiW, https://lh5.googleusercontent.com/p/AF1QipM5fQOSA6NXDcv8GU62wMbfH3xL6ANgi6Wqjov5, https://lh5.googleusercontent.com/p/AF1QipM-GRe0fb6jgn-6-nTMEnjdbH1qce3BNDdwkaqY, https://lh5.googleusercontent.com/p/AF1QipN-liOj0Ax0x6VDnnHrex_pkBDv2bQbt-4gvKr_, "
Hai Yen Family Hotel - Mũi Né,"132-233, Nguyễn Đình Chiểu, Phường Hàm Tiến, Thành phố Phan Thiết, Bình Thuận, Việt Nam","3,6",304,11.329076,107.7693711,Bình Thuận,Khách sạn 2 sao,330.775 ₫,Không có giảm giá,"Wi-Fi miễn phí, Bữa sáng có tính phí, Đỗ xe miễn phí, Bể bơi ngoài trời, Có điều hòa nhiệt độ, Dịch vụ giặt ủi, Có đường ra bãi biển, Dịch vụ phòng, Phù hợp với trẻ em, Nhà hàng, Bếp ở một số phòng, Xe đưa đón ra sân bay, ","https://lh5.googleusercontent.com/p/AF1QipMEQUDG2b51vd74N0ZSS1goiXGihE-axIyGLGUg, https://lh5.googleusercontent.com/p/AF1QipNEmF06FbJOuwBZhxIJUnReFpXsf91Bzap7HmyP, https://lh5.googleusercontent.com/p/AF1QipNUHz-mR2FrEom_taV6BokUkVXR8_R91oyTg0IB, https://lh5.googleusercontent.com/p/AF1QipO7KHqLyFmSoXBoHgMS00CY2MCpe1e1UDWmDjqS, "
BỜ BIỂN VÀNG HOTEL,"Q279+PJH, Thuận Quí, Hàm Thuận Nam, Bình Thuận, Việt Nam","4,3",61,10.761993,107.4418688,Bình Thuận,Khách sạn,848.970 ₫,Không có giảm giá,,"https://lh5.googleusercontent.com/p/AF1QipObRHOJHVZHXfP2173bZCKhQ97ifWw5ZBiO7hic, https://lh5.googleusercontent.com/p/AF1QipPvwBzWPpk0gsehK9va4v0rLV_9_ZgNXEygxaK0, https://lh5.googleusercontent.com/p/AF1QipPVIZeJxrWC-CXa1gKxkqBXkPTlI1A5wNtzODxZ, https://lh5.googleusercontent.com/p/AF1QipOxRUYLoq6jRqPhaB4WPgz2xpWVSfC5F8DZKEYL, "
Sao Biển,"37 D. 27 Tháng 4, Mỹ Khê, Phú Quý, Bình Thuận, Việt Nam","4,2",51,10.5121432,108.36006,Bình Thuận,Khách sạn,404.800 ₫,Không có giảm giá,"Phù hợp với trẻ em, ","https://lh5.googleusercontent.com/p/AF1QipPvFx4awjcCaqNuiXx29K4vMuHqEGp5do4R9HUf, https://lh5.googleusercontent.com/p/AF1QipO14qs4WVMqFJ3riQq991J5D86N6WxvzwfI-7pH, https://lh5.googleusercontent.com/p/AF1QipPPU1mQ51NXuL4-32MSXY_-bv5vLZaQMvYRZtdr, https://lh5.googleusercontent.com/p/AF1QipMYpbC9Ql4elXQc3yuMxspXuhUB__wGt6UJLCU, "
Kiwi's Homestay & Cafe,"114 Đường Nguyễn Hữu Thọ, Mũi Né, Thành phố Phan Thiết, Bình Thuận, Việt Nam","5,0",25,10.5121432,107.8656752,Bình Thuận,Khách sạn,338.014 ₫,Ít hơn 33% so với bình thường,,"https://lh5.googleusercontent.com/p/AF1QipOXcqX5vKtshmCF8A_8kjntZtIyw2jmcWTwg3do, https://lh5.googleusercontent.com/p/AF1QipN3lPi2aQYm5VSVZcMvuIc6jlKttVAQnBEFyG4q, https://lh5.googleusercontent.com/p/AF1QipPLEan6aGaxqa5lYJH531o2gTDx6EIPCa26gGLB, https://lh5.googleusercontent.com/p/AF1QipNeRqGu5aejN6IWSbxQPnv_SIAc-bdfXk2XkmVw, "
Cocosand Hotel,"119 Nguyễn Đình Chiểu, khu phố 1, Thành phố Phan Thiết, Bình Thuận, Việt Nam","4,5",173,10.9517944,107.6345313,Bình Thuận,Khách sạn 1 sao,297.854 ₫,Không có giảm giá,"Wi-Fi miễn phí, Có điều hòa nhiệt độ, Dịch vụ giặt ủi, Có đường ra bãi biển, Phù hợp với trẻ em, Nhà hàng, Xe đưa đón ra sân bay, ","https://lh5.googleusercontent.com/p/AF1QipNDEdMQzNpHSfeqBpXaj2BbX5wF4b6bH9k9S_m4, https://lh5.googleusercontent.com/p/AF1QipOrYHoBvbI0Dykb8X5KyBLQhO5_qIfGBhvyx-MV, https://lh5.googleusercontent.com/p/AF1QipOxC5xCoQc5RRiFxqFLo9GvZM7bl36c5s_gUkgO, https://lh5.googleusercontent.com/p/AF1QipNrlmaBRsB60ieQPg1J3HDl3ZFFA5UKdN3dZT9c, "
Hodota Cam Bình Lagi Resort & Spa,"Đường Lê Minh Công, Tân Phước, La Gi, Bình Thuận 800000, Việt Nam","4,9",1.828,10.9517944,107.1401465,Bình Thuận,Khách sạn,920.138 ₫,Không có giảm giá,"Wi-Fi miễn phí, Bữa sáng miễn phí, Đỗ xe miễn phí, Phù hợp cho người khuyết tật, Bể bơi ngoài trời, Có điều hòa nhiệt độ, Dịch vụ giặt ủi, Chấp nhận vật nuôi, Có đường ra bãi biển, Dịch vụ phòng, Phù hợp với trẻ em, Nhà hàng, Xe đưa đón ra sân bay, Bồn tắm nước nóng, Spa, Quán bar, Không hút thuốc, ","https://lh5.googleusercontent.com/p/AF1QipN6FS16akwG8SCXFDm-lJ9uZ5iyRiLk6qBJMGO7, https://lh5.googleusercontent.com/p/AF1QipNRLZWY5LxG4Nw5ZuDosdT325t4s5_DVTTns94y, https://lh5.googleusercontent.com/p/AF1QipNTJ57fb0deljd2Ivbaf2H4SsQ5MuMgV7VK7sE8, https://lh5.googleusercontent.com/p/AF1QipNqwcAXgWro5Y117krPv-GQdcEuNZcJgsKKPogL, "
Nhà Nghỉ Ngọc Ánh,"Hẻm 522, Đường Lý Thái Tổ, Thôn Tam Tân, tx. La Gi, Bình Thuận 77650, Việt Nam","4,8",78,10.7097229,107.2758857,Bình Thuận,Khách sạn,487.539 ₫,Không có giảm giá,,"https://lh5.googleusercontent.com/p/AF1QipPPtrf5deuwaJEubWYE6f1i7wULc8Fw2LiPIy0K, https://lh5.googleusercontent.com/p/AF1QipO2R--COgV48YeKiPJBOcOqNUpXFTGF7taXJdQ3, https://lh5.googleusercontent.com/p/AF1QipNY8KpTIMyOJmHrhFPQ7oBfjtiGQCV9eFr27tG4, https://lh5.googleusercontent.com/p/AF1QipOwbEivYpLUIdW2B0TfyFYIastTPmwGUlBsZY43, "
Nhà nghỉ La Gi,"02 Nguyễn Chí Thanh gần ngã tư khu dân cư Hoàng Diệu, Bình Thuận 800000, Việt Nam","4,3",17,10.6845635,107.1833333,Bình Thuận,Khách sạn,235.000 ₫,Không có giảm giá,,"https://lh5.googleusercontent.com/p/AF1QipNReeJx1M-7MhhEw8BNZijxwvs_NjhkcI5DTluy, https://lh5.googleusercontent.com/p/AF1QipOiCPZ9L_SDe2Ww-Ufvmci8CXZZCOYWYfk7OJcW, https://lh5.googleusercontent.com/p/AF1QipNu2OCzhu0knCPZXdiR61ETVVEv-wSdWOzs2Ovn, https://lh5.googleusercontent.com/p/AF1QipOYLOWTSqvuxCBCayjexQoNnS4OS6Arj-wjujbo, "
Khách sạn Apec Mũi Né,"Xuân thuỷ, Hàm Thuận Bắc, Bình Thuận 800100, Việt Nam","3,6",24,11.0026189,107.7712164,Bình Thuận,Khách sạn,873.647 ₫,Không có giảm giá,,"https://lh5.googleusercontent.com/p/AF1QipNoMk-b3OJNqIV9tyycTDfsE6nhc0U8Q-ibUkGa, https://lh5.googleusercontent.com/p/AF1QipOJ6RYwq5OpZw9lkPuCePrIcYM3gVulScEoxYLF, https://lh5.googleusercontent.com/p/AF1QipMjKXJAY6cuvJcxGN8pp6sdwGrLBLBz5RNQMnUk, https://lh5.googleusercontent.com/p/AF1QipPpb2G4-fA8ahqrJe_PS83vc8T39R9kyKeoN8t4, "
Muine Lodge resort,"150 Nguyễn Đình Chiểu, Phường Hàm Tiến, Thành phố Phan Thiết, Bình Thuận, Việt Nam","3,7",384,10.9546416,107.6604523,Bình Thuận,Khách sạn 3 sao,373.149 ₫,Ít hơn 24% so với bình thường,"Wi-Fi miễn phí, Bữa sáng miễn phí, Đỗ xe miễn phí, Bể bơi, Có điều hòa nhiệt độ, Dịch vụ giặt ủi, Chấp nhận vật nuôi, Có đường ra bãi biển, Phù hợp với trẻ em, Nhà hàng, Xe đưa đón ra sân bay, ","https://lh5.googleusercontent.com/p/AF1QipNKIak33Vsm71_wcKy_WevEaSkFMyCZ5iFfxSlz, https://lh5.googleusercontent.com/p/AF1QipP3d-c1Egsmmof580-1FFUnuyBZOfoS3zjNzUZN, https://lh5.googleusercontent.com/p/AF1QipM6OSeAwGkxJ7wW1cjDT7cQX-WOQcc6Vbsg8cq-, https://lh5.googleusercontent.com/p/AF1QipOPVfSOFeLu_gcEXhTApeXNuN583_OFxGtctlCh, "
Khách sạn Hoàng Phú - Phú Quý,"D. 27 Tháng 4, Xã Tam Thanh, Phú Quý, Bình Thuận 77000, Việt Nam","4,8",63,10.5065435,108.3697647,Bình Thuận,Khách sạn,196.544 ₫,Không có giảm giá,,"https://lh5.googleusercontent.com/p/AF1QipNjtICApaLdjHWP2cq7jHZXnzxx4oNTZ3VGeOAg, https://lh5.googleusercontent.com/p/AF1QipNc6Jv_chrOWqCtFxpCW7C8-OYoZw_RqNtxQaSj, https://lh5.googleusercontent.com/p/AF1QipOisCnbmgBpy0owhNFrmBvSEhGqkqzeLYjL20LS, https://lh5.googleusercontent.com/p/AF1QipP2gFLQp7c7-7sa05yexg6B_6yx80qOPsEKiD_5, "
Minh Nhi Hotel,"354-356 Nguyễn Trường Tộ, Tân Thiện, La Gi, Bình Thuận, Việt Nam","3,8",180,10.6800159,107.1831016,Bình Thuận,Khách sạn 2 sao,350.000 ₫,Không có giảm giá,"Wi-Fi miễn phí, Đỗ xe miễn phí, Có điều hòa nhiệt độ, Dịch vụ giặt ủi, Phù hợp với trẻ em, Bếp trong tất cả các phòng, ","https://lh5.googleusercontent.com/p/AF1QipP9zeUQ9KZgjJnMK2J1io9ua5FJwQ8RaYNJGRmW, https://lh5.googleusercontent.com/p/AF1QipNDXkk5vwV5XeQnRdfHd8qSGGc6heJIq9YYJ7wB, https://lh5.googleusercontent.com/p/AF1QipPAZiB9X5kX8rWUbP43sVwGUBHHXAyc5IHg0ium, https://lh5.googleusercontent.com/p/AF1QipP9m-oLrLELyia_HpZz5_7wLtLp64iSEM5C7biH, "
Ngoc Lang Hotel,"259 Lạc Long Quân, Tiến Thành, Thành phố Phan Thiết, Bình Thuận, Việt Nam","3,2",61,10.8196172,107.4558944,Bình Thuận,Khách sạn,720.000 ₫,Không có giảm giá,"Wi-Fi miễn phí, Đỗ xe miễn phí, Có điều hòa nhiệt độ, Dịch vụ giặt ủi, Có đường ra bãi biển, Nhà hàng, Bếp ở một số phòng, ","https://lh5.googleusercontent.com/p/AF1QipM2WoM856_tMufDw2Vq6CmR8wIeeF6CiqFPPH1O, https://lh5.googleusercontent.com/p/AF1QipNMGfp27zIjVdRdMFbFvVHKVwMBK3EEnn2rP7Ej, https://lh5.googleusercontent.com/p/AF1QipOzFe9AtJJDNiaTnSYxOTpl9UJlJ6n68znjSNbP, https://lh5.googleusercontent.com/p/AF1QipMvlhGtykYAYYmiDjVDPDUglneV4f9xVk6bqXA8, "
Lạc House,"149A Nguyễn Đình Chiểu, Phường Hàm Tiến, Thành phố Phan Thiết, Bình Thuận, Việt Nam","4,9",260,10.9538227,107.6407944,Bình Thuận,Khách sạn,302.170 ₫,Ít hơn 25% so với bình thường,,"https://lh5.googleusercontent.com/p/AF1QipN8fSiGMqhGlS94crhnpasbs9nndFbFpHHlPvmJ, https://lh5.googleusercontent.com/p/AF1QipNZ7UaXsiIuTYVe6qjpl8Gj_MxY9kBF6mxO2YQf, https://lh5.googleusercontent.com/p/AF1QipMbUWKw3rtcVEzQGkdJfOd0v5DEhnQySzW_3_Vl, https://lh5.googleusercontent.com/p/AF1QipM9rhtj1x8Vgo9bwVgz8A1QsoltoELgT797AgVx, "
