name,address,score,reviews count,latitude,longitude,province,category,price,discount,services,description images
Mường Thanh Luxury Bắc Ninh Hotel,"395 Đ. Ng. Gia Tự, P.Tiền An, Bắc Ninh, Việt Nam","4,2",1.294,21.1832982,106.0299537,Bắc Ninh,Khách sạn 4 sao,1.496.148 ₫,Ít hơn 46% so với bình thường,"Wi-Fi miễn phí, Bữa sáng miễn phí, Đỗ xe miễn phí, Bể bơi ngoài trời, Có điều hòa nhiệt độ, Dịch vụ giặt ủi, Trung tâm thương mại, Dịch vụ phòng, Phù hợp với trẻ em, Nhà hàng, Xe đưa đón ra sân bay, Spa, Trung tâm thể dục, ","https://lh5.googleusercontent.com/p/AF1QipNOC5enuo842YQokcBhTKBBCoR-jxCTgF33kQYO, https://lh5.googleusercontent.com/p/AF1QipMLrncxvcuxKngmIJefx600y-whDVJ2KzkZLwaZ, https://lh5.googleusercontent.com/p/AF1QipMnlCfpfVwLtwnZPwkpyL_AXUhg99cr48-hMUDy, https://lh5.googleusercontent.com/p/AF1QipPgnSCJW0FqXJVLX3mDVt_HzWqXGVNpECXL1yJQ, "
SKY HOTEL - KHÁCH SẠN BẮC NINH,"36 Nguyễn Quyền, Đại Phúc, Bắc Ninh, 16000, Việt Nam","5,0",76,21.1679993,106.0366491,Bắc Ninh,Khách sạn,333.952 ₫,Không có giảm giá,,"https://lh5.googleusercontent.com/p/AF1QipOWcobWSDQqKWtsa3eiMUaMiYDegyS7HrCCvnq_, https://lh5.googleusercontent.com/p/AF1QipM_KNEjHvUlNIg247tNuJnr5O2RavnwtEZUHSXl, https://lh5.googleusercontent.com/p/AF1QipOFL-_PjPs18NwALVBRQJv9UlzC5AALRf99l0wb, https://lh5.googleusercontent.com/p/AF1QipOT3mitfuEjOxQTtuIldODqPZjhxysrjlUWrz-O, "
Mandala Hotel & Spa Bac Ninh,"Đ. Kinh Dương Vương, Suối Hoa, Bắc Ninh, 220000, Việt Nam","4,4",319,21.18837,106.0406398,Bắc Ninh,Khách sạn 4 sao,1.793.000 ₫,Không có giảm giá,"Wi-Fi miễn phí, Bữa sáng miễn phí, Đỗ xe miễn phí, Bể bơi ngoài trời, Có điều hòa nhiệt độ, Dịch vụ giặt ủi, Dịch vụ phòng, Phù hợp với trẻ em, Nhà hàng, Bếp ở một số phòng, Xe đưa đón ra sân bay, Bồn tắm nước nóng, Spa, Trung tâm thể dục, ","https://lh5.googleusercontent.com/p/AF1QipNdlAemXiybh7rhA79UEt611-u84P5t2QX0rFPB, https://lh5.googleusercontent.com/p/AF1QipOZ3qC5jQovQGYVNwRutTdIX8qu79fbdbI_zZZO, https://lh5.googleusercontent.com/p/AF1QipO1DRiq2vSVJH8FUmM-EWoa_m898965qZLi8YjW, https://lh5.googleusercontent.com/p/AF1QipMlPWhsqu18KjExtYfuyx1CZbHnevjOpiMv4OSv, "
Đèn Chùm Kinh Bắc,"54 Đ. Kinh Dương Vương, p, Bắc Ninh, 79000, Việt Nam","4,1",200,21.1843651,106.0450362,Bắc Ninh,Khách sạn 3 sao,761.149 ₫,Không có giảm giá,"Wi-Fi miễn phí, Bữa sáng miễn phí, Đỗ xe miễn phí, Có điều hòa nhiệt độ, Dịch vụ giặt ủi, Phù hợp với trẻ em, Nhà hàng, Xe đưa đón ra sân bay, ","https://lh5.googleusercontent.com/p/AF1QipMy2mMMWySorcElpNHk0xkEvhL92wEkLLoej6Xn, https://lh5.googleusercontent.com/p/AF1QipM0tWqjNKJYPw3w2UDWWQMxZHmCaLuAS2MniAr2, https://lh5.googleusercontent.com/p/AF1QipN0Nob77Bom4dVpiPEv71ZoVGSKDoh0hTEUxGIg, https://lh5.googleusercontent.com/p/AF1QipNx4iLlNgkcwcQalPPE_8TTorv1zp8alcvf9RH-, "
Le Indochina Hotel Bắc Ninh,"45 Nguyễn Đăng Đạo, Đại Phúc, Bắc Ninh, Việt Nam","4,0",621,21.1794937,106.0346636,Bắc Ninh,Khách sạn 4 sao,1.688.877 ₫,Không có giảm giá,"Wi-Fi miễn phí, Bữa sáng miễn phí, Đỗ xe miễn phí, Phù hợp cho người khuyết tật, Bể bơi ngoài trời, Có điều hòa nhiệt độ, Dịch vụ giặt ủi, Trung tâm thương mại, Dịch vụ phòng, Phù hợp với trẻ em, Nhà hàng, Bếp ở một số phòng, Xe đưa đón ra sân bay, Bồn tắm nước nóng, Spa, Trung tâm thể dục, Quán bar, Không hút thuốc, ","https://lh5.googleusercontent.com/p/AF1QipPZ45nz-h1vUvJPRPTtMgkLXyxdE347beyS5XnC, https://lh5.googleusercontent.com/p/AF1QipMrQJ2BfMQGDiKssEOr4VDXFmzZV5zfxq5FXBu-, https://lh5.googleusercontent.com/p/AF1QipMnUWrcuhO4pb94u77t02L8IZUHUxFg-wru3j9B, https://lh5.googleusercontent.com/p/AF1QipPwkN7RRhhNK1UOPdr0bjVhuM0soCOXDDBTfsPf, "
Phoenix Resort Bac Ninh,"Khu 6 Đồi Pháo Thủ, P. Đáp Cầu, Bắc Ninh, 220000, Việt Nam","4,3",1.076,21.2010456,106.0562114,Bắc Ninh,Khách sạn 4 sao,1.125.585 ₫,Không có giảm giá,"Wi-Fi miễn phí, Bữa sáng miễn phí, Đỗ xe miễn phí, Bể bơi ngoài trời, Có điều hòa nhiệt độ, Dịch vụ giặt ủi, Dịch vụ phòng, Nhà hàng, Bồn tắm nước nóng, Spa, Trung tâm thể dục, ","https://lh5.googleusercontent.com/p/AF1QipNZ08NRsNLgS93p3ybNTHpZwgHaG3q-nfifPJ9y, https://lh5.googleusercontent.com/p/AF1QipO5reH1fW9NmHMi0Ln47jSbeRuaH8bOwpgrl-Ef, https://lh5.googleusercontent.com/p/AF1QipNvd-L1myO-ACWbrFI6GTzjE9GajkwWEHI8SeZ0, https://lh5.googleusercontent.com/p/AF1QipN8PxWPINXtXuJSSb1niy9ml-7CNUqhDGewylIx, "
Khách Sạn Haengbok,"51 P Lê Chân, Đại Phúc, Bắc Ninh, Việt Nam","4,3",47,21.2010456,106.0253124,Bắc Ninh,Khách sạn 3 sao,594.000 ₫,Không có giảm giá,"Wi-Fi miễn phí, Bữa sáng miễn phí, Có điều hòa nhiệt độ, Dịch vụ giặt ủi, ","https://lh5.googleusercontent.com/p/AF1QipOpeDpyal4-9K2Oo5BK-pyOtb787_4IVeMoQrtR, https://lh5.googleusercontent.com/p/AF1QipPOOZzt-Djvo834gKeOHQxI3dRl9kuimD32WJ4g, https://lh5.googleusercontent.com/p/AF1QipO0UpxvdLvzUIAikIUu4_zKO5EYGkYECZ3Ls3aK, https://lh5.googleusercontent.com/p/AF1QipNnfOMw-0zPhqNHR2nfsj1f4Pc7x1YrJzmeE4oU, "
Royal Phoenix Hotel Bac Ninh,"16 Đ. Phù Đổng Thiên Vương, Suối Hoa, Bắc Ninh, 16000, Việt Nam","5,0",56,21.1832782,106.0430223,Bắc Ninh,Khách sạn,819.024 ₫,Ít hơn 51% so với bình thường,"Wi-Fi miễn phí, Bữa sáng miễn phí, Đỗ xe miễn phí, Có điều hòa nhiệt độ, Dịch vụ giặt ủi, Xe đưa đón ra sân bay, Trung tâm thể dục, ","https://lh5.googleusercontent.com/p/AF1QipPTQ2I095JzBsOYdvK0fVq77GB2dyAADizPcbr8, https://lh5.googleusercontent.com/p/AF1QipPiuWwPC3HaSGkw7_8Lisb9PF8dr5lkwWutf6XB, https://lh5.googleusercontent.com/p/AF1QipP-dES-zKDnyse79NEhTdoAeVjG0xGXtWMES_EX, https://lh5.googleusercontent.com/p/AF1QipPpVjbEqtz_aEiflXK2U69F1YgEJvp-3BEPR4rm, "
Center hotel Bắc Ninh,"30 Đ. Kinh Dương Vương, p, Bắc Ninh, 16000, Việt Nam","3,5",19,21.1834131,106.0463458,Bắc Ninh,Khách sạn,731.480 ₫,Không có giảm giá,,"https://lh5.googleusercontent.com/p/AF1QipNxVJClcMa707MZkt284GpUjlGma6QNjvUZ5YbY, https://lh5.googleusercontent.com/p/AF1QipPaIEIChGXcvbxy6nIRORy2P-s27JtGXM00SoY-, https://lh5.googleusercontent.com/p/AF1QipNQn7S-twdFoAzE_Xg0LFmZ__Bou1PLTwBnoqPF, https://lh5.googleusercontent.com/p/AF1QipOPWu5kW1_JfqqzYjry2nkwSi9KtormZzZSBdAE, "
Cát Tường Hotel,"Đường Nguyễn Văn Cừ, Võ Cường, Bắc Ninh, 16000, Việt Nam","4,5",31,21.1834131,106.0154468,Bắc Ninh,Khách sạn 3 sao,800.000 ₫,Không có giảm giá,"Wi-Fi miễn phí, Đỗ xe miễn phí, Bể bơi, Dịch vụ giặt ủi, Nhà hàng, Bếp ở một số phòng, ","https://lh5.googleusercontent.com/p/AF1QipM1fwq56EWgvZVZIRNHIbZL5oV1WjJwjI4je42C, https://lh5.googleusercontent.com/p/AF1QipMatdrYKYlUPi0vdq4xk7BmWHgXsYpo9Rh7aq3Z, https://lh5.googleusercontent.com/p/AF1QipPKvFNPSiYMOgPi8KkS8sMhrZWwAIBes7WEYDcD, https://lh5.googleusercontent.com/p/AF1QipMuKYF38vQOB5MpND69tgX-7-3-tFWqklF9Y7px, "
Charming Hotel,"3 Đ. Lê Thái Tổ, Võ Cường, Bắc Ninh, Việt Nam","4,2",90,21.1718393,106.0257472,Bắc Ninh,Khách sạn 3 sao,822.021 ₫,Không có giảm giá,"Wi-Fi miễn phí, Bữa sáng miễn phí, Có điều hòa nhiệt độ, Dịch vụ giặt ủi, Phù hợp với trẻ em, Nhà hàng, Xe đưa đón ra sân bay, ","https://lh5.googleusercontent.com/p/AF1QipMbe6-odbLYXlI96pUMCfdc5Y4hLafqo12GQW6w, https://lh5.googleusercontent.com/p/AF1QipNfSzXBuNLaEaBOMMModK2o6HmZnQPMBKUBloDb, https://lh5.googleusercontent.com/p/AF1QipNpI8D4Rd5ayulRJqtI9REcLyosJcQ1lcd19I3S, https://lh5.googleusercontent.com/p/AF1QipMfOgyyHYGl3ErV-pSbr-8iXKs41ZeuZTIKIssH, "
LOTUS HOTEL 2 khách sạn bắc ninh,"62-64 P. Tô Hiệu, P.Ninh Xá, Bắc Ninh, Việt Nam","4,6",110,21.1753221,106.0257254,Bắc Ninh,Khách sạn,413.039 ₫,Không có giảm giá,,"https://lh5.googleusercontent.com/p/AF1QipPylQUO0tSlrwiOmcxFl6YR1qThUo87ExAfn16i, https://lh5.googleusercontent.com/p/AF1QipO7t4KM8XD8ECSIiIlZd4xkNBS3PwIDFudTuYZK, https://lh5.googleusercontent.com/p/AF1QipNONyhG5yS8-T_BJXS5OeCRLX0nKb_sfd0NEnqk, https://lh5.googleusercontent.com/p/AF1QipMiwALgNs65DN0WuZ6e8Q224UIEvfgwJqCRaFqq, "
Khách sạn ĐÔNG ĐÔ MINH NGUYỆT ( 东都明月酒店),"25 Đ. Lê Thái Tổ, Võ Cường, Bắc Ninh, Việt Nam","3,8",549,21.1702523,106.023812,Bắc Ninh,Khách sạn,974.652 ₫,Không có giảm giá,"Wi-Fi miễn phí, Bữa sáng miễn phí, Đỗ xe miễn phí, Dịch vụ giặt ủi, Nhà hàng, Xe đưa đón ra sân bay, ","https://lh5.googleusercontent.com/p/AF1QipMdgbOiguh4fxffwjKAl3-EiD2P_gasf7krmqkq, https://lh5.googleusercontent.com/p/AF1QipMjC_iY2hDTf7KY8iTgIdiXGZPaZLi3kq_2SAMN, https://lh5.googleusercontent.com/p/AF1QipPa9uOf1fHmSK0rQt8xvKdiItNYvcjrjgkSWutS, https://lh5.googleusercontent.com/p/AF1QipM8ec1rq9tmCzgdodjSnJHlQarHQRXfp46AgRPQ, "
Violin Bac Ninh Hotel,"26 Đ. Lê Thái Tổ, Võ Cường, Bắc Ninh, 16000, Việt Nam","4,2",57,21.1719846,106.0249553,Bắc Ninh,Khách sạn 3 sao,731.000 ₫,Không có giảm giá,"Wi-Fi miễn phí, Bữa sáng miễn phí, Đỗ xe miễn phí, Có điều hòa nhiệt độ, Dịch vụ giặt ủi, Chấp nhận vật nuôi, Dịch vụ phòng, Xe đưa đón ra sân bay, Không hút thuốc, ","https://lh5.googleusercontent.com/p/AF1QipM5NZJQXC1FcLIUEuDdLP9-xlERtGUcGxEJ_ylf, https://lh5.googleusercontent.com/p/AF1QipO19tica6yk6I-Gthr6jEEBLAeR9m_DPLlUqJ7T, https://lh5.googleusercontent.com/p/AF1QipOy5nNvSzsfrKXsoDf6R5VX1tlSSR-yzAy2s64f, https://lh5.googleusercontent.com/p/AF1QipMDQICarEgyYHuELyO6eLDe5CZmAp07YenDv4xS, "
Atour phoenix Hotel (亚朵酒店),"53MJ+82C, 286 Đ. Hàn Thuyên, Đại Phúc, Bắc Ninh, 220000, Việt Nam","4,5",15,21.1838315,106.0436618,Bắc Ninh,Khách sạn,777.778 ₫,Không có giảm giá,"Wi-Fi miễn phí, Bữa sáng có tính phí, Đỗ xe miễn phí, Có điều hòa nhiệt độ, Dịch vụ giặt ủi, Chấp nhận vật nuôi, Bếp ở một số phòng, Xe đưa đón ra sân bay, Bồn tắm nước nóng, ","https://lh5.googleusercontent.com/p/AF1QipO804eyUF1uXaI4zqahmpgVBkt53g6wdUOu66YE, https://lh5.googleusercontent.com/p/AF1QipPrHf8U7l7v-r5untEFfDGQ7aCMGpeUd1q9I1mi, https://lh5.googleusercontent.com/p/AF1QipPlW0Zl2r1lbsVqaSGL7DYypvKldSXeWApUweid, https://lh5.googleusercontent.com/p/AF1QipNL0uXXJjs1OkeTzyAiyx2QjAhBTBqGJnuI8R_j, "
Orange phoenix hotel 桔子酒店,"286 Đ. Hàn Thuyên, Suối Hoa, Bắc Ninh, Việt Nam","4,0",5,21.1836993,106.0435353,Bắc Ninh,Khách sạn,929.161 ₫,Không có giảm giá,,"https://lh5.googleusercontent.com/p/AF1QipNveEyQbMGYf_6sMqulNfx1Y4Bo-VRg09dQQiGf, https://lh5.googleusercontent.com/p/AF1QipOwNrtWdc2V8VN1WP__mVO0nmeqlSxsFEjBrVTx, https://lh5.googleusercontent.com/p/AF1QipNveEyQbMGYf_6sMqulNfx1Y4Bo-VRg09dQQiGf, "
Smart Hotel 2,"92 Huyền Quang, P.Ninh Xá, Bắc Ninh, Việt Nam","3,9",132,21.1836993,106.0126363,Bắc Ninh,Khách sạn 3 sao,588.277 ₫,Không có giảm giá,"Wi-Fi miễn phí, Bữa sáng miễn phí, Đỗ xe miễn phí, Có điều hòa nhiệt độ, Dịch vụ giặt ủi, Phù hợp với trẻ em, Nhà hàng, Xe đưa đón ra sân bay, ","https://lh5.googleusercontent.com/p/AF1QipNZDXJbyBApvps8Tt-7jUqXqs0pz5KZ_sCAh2-4, https://lh5.googleusercontent.com/p/AF1QipMUq43LBbpWPI8sNawCig4vQNTYtwD-3KXV8dB9, https://lh5.googleusercontent.com/p/AF1QipONMZmfb_4ITvY3Fhozj9-wU9wIkdQyJFX_P3Jb, https://lh5.googleusercontent.com/p/AF1QipMMIsgHGnW_anb9tNoVT_DXc66fBpPjjHn1NW-r, "
Hana 1 Apartment & Hotel Bac Ninh,"Lô 6, 7-8 Võ Cường, Khu đô thị HUD, Tp. Bắc Ninh, 220000, Việt Nam","4,2",154,21.173071,106.0216847,Bắc Ninh,Khách sạn 3 sao,457.950 ₫,Không có giảm giá,"Wi-Fi miễn phí, Bữa sáng miễn phí, Đỗ xe miễn phí, Có điều hòa nhiệt độ, Dịch vụ giặt ủi, Nhà hàng, Bếp trong tất cả các phòng, ","https://lh5.googleusercontent.com/p/AF1QipMIZa46fW6-livfjGWJZUYm13hggiMF6T5obKR3, https://lh5.googleusercontent.com/p/AF1QipPuNT5RxU6zVUnbuqYjiqNFoCqDUyTg7ErumNns, https://lh5.googleusercontent.com/p/AF1QipNUChJN3bCZRQXOrajPc7m3BbAw22y6XixJYn59, https://lh5.googleusercontent.com/p/AF1QipP1LKDdiEcfpxdowEJSpWNnmhvSf6S1iWXBglnE, "
Khách sạn Dream Bắc Ninh,"Đường Võ Cường 11, Khu dãn dân Hòa Đình, Bắc Ninh, Việt Nam","3,8",153,21.1709204,106.0199711,Bắc Ninh,Khách sạn 2 sao,800.000 ₫,Không có giảm giá,"Wi-Fi miễn phí, Bữa sáng miễn phí, Có điều hòa nhiệt độ, Dịch vụ giặt ủi, Nhà hàng, Xe đưa đón ra sân bay, ","https://lh5.googleusercontent.com/p/AF1QipMiEV96XvW1A3WFQfYbkPwxu8pAhPRjvZoZ4p3-, https://lh5.googleusercontent.com/p/AF1QipN-PZMMC_3mi1Y1d-RnfMYgvpF1DrEoxTB_rWhF, https://lh5.googleusercontent.com/p/AF1QipMU_cwEXw10mrZk_A7WvXz-hjKsX2tw-Mb3C1lb, https://lh5.googleusercontent.com/p/AF1QipOePxNr3Gqs8XbgjFL4dQrCrZn14iby3VMl7FdC, "
Lucky Phoenix Hotel & Apartment,"286 Đ. Hàn Thuyên, Suối Hoa, Bắc Ninh, Việt Nam","3,6",12,21.1837112,106.0435635,Bắc Ninh,Khách sạn,773.184 ₫,Không có giảm giá,"Wi-Fi miễn phí, Đỗ xe miễn phí, Có điều hòa nhiệt độ, Dịch vụ giặt ủi, Bếp trong tất cả các phòng, ","https://lh5.googleusercontent.com/p/AF1QipNRqZmLS0MUek2vCC0Lw8GAnczHgnEly3dIKth4, https://lh5.googleusercontent.com/p/AF1QipPhHMruZlQACwRXjI_KRAIXQ-ChHs0YIcL3ABTh, https://lh5.googleusercontent.com/p/AF1QipPWzcKMMzOAOF6zpeHbzY9uGYbvUPA6KzsUpCU6, https://lh5.googleusercontent.com/p/AF1QipN7wxVLxlBybQKJhkpf39XNyZQAPxNDcnAba2v6, "
Khách sạn Dream Bắc Ninh,"Đường Võ Cường 11, Khu dãn dân Hòa Đình, Bắc Ninh, Việt Nam","3,8",153,21.1837112,106.0126645,Bắc Ninh,Khách sạn 2 sao,800.000 ₫,Không có giảm giá,"Wi-Fi miễn phí, Bữa sáng miễn phí, Có điều hòa nhiệt độ, Dịch vụ giặt ủi, Nhà hàng, Xe đưa đón ra sân bay, ","https://lh5.googleusercontent.com/p/AF1QipMiEV96XvW1A3WFQfYbkPwxu8pAhPRjvZoZ4p3-, https://lh5.googleusercontent.com/p/AF1QipN-PZMMC_3mi1Y1d-RnfMYgvpF1DrEoxTB_rWhF, https://lh5.googleusercontent.com/p/AF1QipMU_cwEXw10mrZk_A7WvXz-hjKsX2tw-Mb3C1lb, https://lh5.googleusercontent.com/p/AF1QipOePxNr3Gqs8XbgjFL4dQrCrZn14iby3VMl7FdC, "
Lucky Phoenix Hotel & Apartment,"286 Đ. Hàn Thuyên, Suối Hoa, Bắc Ninh, Việt Nam","3,6",12,21.1837112,106.0435635,Bắc Ninh,Khách sạn,773.184 ₫,Không có giảm giá,"Wi-Fi miễn phí, Đỗ xe miễn phí, Có điều hòa nhiệt độ, Dịch vụ giặt ủi, Bếp trong tất cả các phòng, ","https://lh5.googleusercontent.com/p/AF1QipNRqZmLS0MUek2vCC0Lw8GAnczHgnEly3dIKth4, https://lh5.googleusercontent.com/p/AF1QipPhHMruZlQACwRXjI_KRAIXQ-ChHs0YIcL3ABTh, https://lh5.googleusercontent.com/p/AF1QipPWzcKMMzOAOF6zpeHbzY9uGYbvUPA6KzsUpCU6, https://lh5.googleusercontent.com/p/AF1QipN7wxVLxlBybQKJhkpf39XNyZQAPxNDcnAba2v6, "
威尔顿国际酒店,"528W+R48, Võ Cường, Bắc Ninh, Việt Nam","4,2",29,21.1837112,106.0126645,Bắc Ninh,Khách sạn,817.433 ₫,Không có giảm giá,,"https://lh5.googleusercontent.com/p/AF1QipNesywYIZr4Ty-n_P7601P8MvLtRikGp-bre8Fj, https://lh5.googleusercontent.com/p/AF1QipNMZTsug8Vc4X1CTamtwLBbQqCXPtLrFET4wyI3, https://lh5.googleusercontent.com/p/AF1QipPugdIyujZzBDTVKYSEKAnaLzYe8y1ytm_-JTZ3, https://lh5.googleusercontent.com/p/AF1QipNFYDr3OZ8GPb6UVCAiwSnblF-DncqP6Mh-7Emx, "
Glory 3 hotel,"166 Ngọc Hân Công Chúa, P.Ninh Xá, Bắc Ninh, Việt Nam","3,9",23,21.1730973,106.02411,Bắc Ninh,Khách sạn,900.000 ₫,Không có giảm giá,"Wi-Fi miễn phí, Bữa sáng miễn phí, Đỗ xe miễn phí, Có điều hòa nhiệt độ, Dịch vụ giặt ủi, Bếp ở một số phòng, Xe đưa đón ra sân bay, Không hút thuốc, ","https://lh5.googleusercontent.com/p/AF1QipO2gOd4mK5BqHOVD6K6srW66RMXij9e4ACByZbD, https://lh5.googleusercontent.com/p/AF1QipM_0mz8FjyPJ-9TB2851r9koSn3TlEUblZ6qczz, https://lh5.googleusercontent.com/p/AF1QipPFdCoV6TP93iRrIoSGFFrWw0zgfNpJiPeVkfgl, https://lh5.googleusercontent.com/p/AF1QipPITl02jfqr1qUn3he4puN2P54sf0gyrXOaFuYG, "
Kinh Bắc Palace Hotel,"15 Đ. Lê Thái Tổ, Võ Cường, Bắc Ninh, Việt Nam","4,2",32,21.1712736,106.0248983,Bắc Ninh,Khách sạn,3.000.000 ₫,Không có giảm giá,"Wi-Fi miễn phí, Đỗ xe miễn phí, Dịch vụ giặt ủi, Nhà hàng, Bếp ở một số phòng, ","https://lh5.googleusercontent.com/p/AF1QipO6URQPA3pixehFcHeqV7sPR8Ju25yBrG0uOOvf, https://lh5.googleusercontent.com/p/AF1QipMkdrw8iS01mrOMvemmGsIITGzGQUCkZZEyW2jk, https://lh5.googleusercontent.com/p/AF1QipPFQsh56qTNsvwCRnngey6kFAws4x629thT5gBy, https://lh5.googleusercontent.com/p/AF1QipMRy27bOGrLiQAukuu4Phidet4IB6HEfHqxS860, "
HaNa 2 Apartment & Hotel Bac Ninh,"Số 7 Đ. Võ Cường 12, Võ Cường, Bắc Ninh, Việt Nam","4,5",111,21.1707287,106.0194125,Bắc Ninh,Khách sạn 3 sao,896.945 ₫,Không có giảm giá,"Wi-Fi miễn phí, Có điều hòa nhiệt độ, Dịch vụ giặt ủi, Nhà hàng, Bếp ở một số phòng, ","https://lh5.googleusercontent.com/p/AF1QipNLN2MoT_pdKp7edX1ph3pPE1Gm4czA8SrmYHMu, https://lh5.googleusercontent.com/p/AF1QipOzoCZkkV6TBk-xnPi7CMThiQKym9tR1HQkzFKb, https://lh5.googleusercontent.com/p/AF1QipO3tcULgjXcH30H-ywXyU5EVwAnfcE88k6YJbiZ, https://lh5.googleusercontent.com/p/AF1QipNiZMXO99MjQ0KHCsgwfghrMbDrlLL08j8pd9ZT, "
Sky Night Hotel,"50 P Hoàng Tích Chù, Võ Cường, Bắc Ninh, 220000, Việt Nam","4,1",56,21.1741738,106.0229514,Bắc Ninh,Khách sạn,411.600 ₫,Không có giảm giá,"Wi-Fi miễn phí, Đỗ xe miễn phí, Có điều hòa nhiệt độ, Dịch vụ giặt ủi, Phù hợp với trẻ em, ","https://lh5.googleusercontent.com/p/AF1QipNbHvP3PnSK4gb8ZvNFoKZskX05iYQEk2044Kuu, https://lh5.googleusercontent.com/p/AF1QipMxJ2erHuV7jAxqhZP8oUROZ_mMPzV1cLsyShDN, https://lh5.googleusercontent.com/p/AF1QipMZOLj2ETxyuyvOXN_B6Ng1ZUfLvl5ajResM_Cm, https://lh5.googleusercontent.com/p/AF1QipPg1mdghcWFkddMgW-KYDcqcNxNa5GxX3qQ5J5T, "
Grand Phoenix Hotel Bac Ninh,"25 Đ. Lý Thái Tổ, Ngã Sáu, Bắc Ninh, 16000, Việt Nam","4,7",1.065,21.1762233,106.0325107,Bắc Ninh,Khách sạn 5 sao,Không có giá,Không có giảm giá,"Wi-Fi miễn phí, Bữa sáng miễn phí, Đỗ xe miễn phí, Phù hợp cho người khuyết tật, Bể bơi ngoài trời, Có điều hòa nhiệt độ, Dịch vụ giặt ủi, Trung tâm thương mại, Dịch vụ phòng, Phù hợp với trẻ em, Nhà hàng, Bếp ở một số phòng, Xe đưa đón ra sân bay, Bồn tắm nước nóng, Spa, Trung tâm thể dục, Quán bar, Không hút thuốc, ","https://lh5.googleusercontent.com/p/AF1QipMni4OVIvvCUM1uFPz8fy9BO2_MYDr1FxyKKstw, https://lh5.googleusercontent.com/p/AF1QipOC8XgC12ku3sTt4-HR3x_TJ6lgw2irH6W_IfCa, https://lh5.googleusercontent.com/p/AF1QipOK5Y1mD4RJ72qbHT0nye92pCXSMxDwaGlxy8g, https://lh5.googleusercontent.com/p/AF1QipMRMpIi5bvB_43pYkk717rtv_Qv9A2n4yVbd5T4, "
4M HOTEL,"318 Ngọc Hân Công Chúa, Võ Cường, Bắc Ninh, Việt Nam","4,0",106,21.1703933,106.0195995,Bắc Ninh,Khách sạn,512.781 ₫,Ít hơn 20% so với bình thường,,"https://lh5.googleusercontent.com/p/AF1QipMumFu7OMXuYAcj3ASl0SPCIXC2NvejkdI1ie8T, https://lh5.googleusercontent.com/p/AF1QipOA5nIJA_TbnL9F8PkL4efx0TlY4Ht6AVb5fV9r, https://lh5.googleusercontent.com/p/AF1QipMdpOouqq7Mlo9nHvWKpnlVCoGQkZskM9idV63K, https://lh5.googleusercontent.com/p/AF1QipMSqmjo04pwDRh7ZCBB3RMI-UMTK-Y0393Y3PXy, "
Smart Hotel 1,"2 Tô Vĩnh Diện, Đại Phúc, Bắc Ninh, 16000, Việt Nam","3,9",25,21.1782436,106.0328353,Bắc Ninh,Khách sạn 2 sao,593.072 ₫,Ít hơn 42% so với bình thường,"Wi-Fi miễn phí, Có điều hòa nhiệt độ, Dịch vụ giặt ủi, Bếp ở một số phòng, Xe đưa đón ra sân bay, ","https://lh5.googleusercontent.com/p/AF1QipP4BF-TghUUSRNaymjgCviihvsnsNE0ZzxJ1A9V, https://lh5.googleusercontent.com/p/AF1QipMWm9mAOaEg7Ho8YA0wfrGrRWDE07-ObEm_xdcj, https://lh5.googleusercontent.com/p/AF1QipMsW88uqZ8O5D7fE5SvUFBZR_8VHkDuyA45Xcgu, https://lh5.googleusercontent.com/p/AF1QipN7p1U1OE1ntf-4495Qmbtv4T0FLgltxhs8cqHR, "
4M2 HOTEL,"duong Võ Cường - 11, Võ Cường, Bắc Ninh, 20000, Việt Nam","4,8",19,21.1782436,106.0019363,Bắc Ninh,Khách sạn,765.836 ₫,Không có giảm giá,,"https://lh5.googleusercontent.com/p/AF1QipOlWKeQ48gO-s8YAB6VZ3kchdh1z7pEYVtdKDZq, https://lh5.googleusercontent.com/p/AF1QipMFLEjSC6HlBknW4xNflSVYgvre7FCWcpkPHeSD, https://lh5.googleusercontent.com/p/AF1QipN5ip89McSD5TiQ04PyLFBHniDS_pRFGVa_EpBR, https://lh5.googleusercontent.com/p/AF1QipN4CpEJTEoqiYU1dFNfYJm4YS9azNLK39cGfBjk, "
汉庭优佳酒店,"38 Đ. Lê Thái Tổ, Võ Cường, Bắc Ninh, Việt Nam",Chưa xét,0,21.1716499,106.0246507,Bắc Ninh,Khách sạn,589.459 ₫,Không có giảm giá,,"https://lh5.googleusercontent.com/p/AF1QipNljtYTYvp-0hfvLW7QuPLrs0cTgmxJMhlYkCti, https://lh5.googleusercontent.com/p/AF1QipM59Wdq52sg3Ue9mpYzzGFTgqdtcAf32baW8hF7, https://lh5.googleusercontent.com/p/AF1QipNljtYTYvp-0hfvLW7QuPLrs0cTgmxJMhlYkCti, "
MILAK HOTEL,"5394+RXR, Đ. Lê Thái Tổ, Võ Cường, Bắc Ninh, 221240, Việt Nam","4,5",11,21.169662,106.0213789,Bắc Ninh,Khách sạn,656.170 ₫,Không có giảm giá,,"https://lh5.googleusercontent.com/p/AF1QipONSjwDQsoMTjttXu-53fFA7iF4nVKcFOfLTHxx, https://lh5.googleusercontent.com/p/AF1QipO-bUhqCyDq476hVtVKd7GG40UNNvPbFRFfGeIs, https://lh5.googleusercontent.com/p/AF1QipOT17tQVzUTQzzI04SOjac7FjVdqxIVhHE22UUc, https://lh5.googleusercontent.com/p/AF1QipOnAfeIJOT8VyoXEqYFSZ2zsOo9Ka1CXfhFMM53, "
Hoa Mỹ Hotel,"241 Nguyễn Trãi, P.Ninh Xá, Bắc Ninh, Việt Nam","4,8",6,21.1731469,106.0257222,Bắc Ninh,Khách sạn,710.539 ₫,Không có giảm giá,,"https://lh5.googleusercontent.com/p/AF1QipOvvKl8NjB-wSrgHMp4n-ztnV4bG5qryNnpkP39, https://lh5.googleusercontent.com/p/AF1QipP95tSHyi7MBnZMCo4xmExygSjP718lRMTgUFDQ, https://lh5.googleusercontent.com/p/AF1QipOjZejGUMANM3e7Qf-eq-jyCT7MlgBbqNc7Yp7b, https://lh5.googleusercontent.com/p/AF1QipNvykvkvSL2KjBWZi-JGuXQ4H1pcJ1HcXkA9e6O, "
GOLD BUSINESS HOTEL BẮC NINH ( 골드뷰지니스호텔 박닌 ),"24 Ngọc Hân Công Chúa, P.Tiền An, Bắc Ninh, Việt Nam","4,5",13,21.1781957,106.0318131,Bắc Ninh,Khách sạn 3 sao,2.088.721 ₫,Không có giảm giá,"Wi-Fi miễn phí, Bữa sáng miễn phí, Có điều hòa nhiệt độ, Dịch vụ giặt ủi, Nhà hàng, Xe đưa đón ra sân bay, ","https://lh5.googleusercontent.com/p/AF1QipMv0ufWuz_Ms-0Mq5gdgSprHEhwqorSXIcpQQ-i, https://lh5.googleusercontent.com/p/AF1QipN1kGgS16mr16dl7aYvBj7d65c1xa5Vvanh9FNm, https://lh5.googleusercontent.com/p/AF1QipPrjpDnw-MhZSaQJf50zbPurQVWsohHSN3Sl_BB, https://lh5.googleusercontent.com/p/AF1QipOg4PvUb-3mte71UwenMIVPHOeIPSmxjl8oVnSu, "
方盈酒店 Phương Anh Villa 2,"4 P Nguyễn Viết Xuân, P.Ninh Xá, Bắc Ninh, Việt Nam","4,8",6,21.1756644,106.0297675,Bắc Ninh,Khách sạn,464.443 ₫,Không có giảm giá,,"https://lh5.googleusercontent.com/p/AF1QipPTqofdbs_GMdphAU2suw2nkzs6sKOqJx78y_7S, https://lh5.googleusercontent.com/p/AF1QipPAAswKfjknt0ulvq9wb4NtHIcaRAAe-NiHGQd4, https://lh5.googleusercontent.com/p/AF1QipMzywJ2C1J-ajpZVMDvDicYDsoa_23GrockQfY3, https://lh5.googleusercontent.com/p/AF1QipPGitJfvDabmruzFhgdPa8yUU6e62pP5CHb6t2C, "
北宁维也纳皇家酒店,"32 36号, 武强坊, 黎太祖路, Bắc Ninh 220000, Việt Nam",Chưa xét,0,21.1716362,106.0246474,Bắc Ninh,Khách sạn,715.805 ₫,Không có giảm giá,,"https://lh5.googleusercontent.com/p/AF1QipNlWIcm_wFEHg3MvaWLrbjpuLIswrfwLl_8qbwG, https://lh5.googleusercontent.com/p/AF1QipOxDVfeRpxueZrGL86CviLrADwa-4IrtA3kyQQ9, https://lh5.googleusercontent.com/p/AF1QipPLYcK5GXmkw_2gWgI85G_SoAGGvHcpGMiOvMGQ, https://lh5.googleusercontent.com/p/AF1QipOLWS0ipk-9UGAZJOTd9DyA5nS6VVo6Rcf6Ygv0, "
Victory Hotel,"19 Đ Lý Đạo Thành, P.Ninh Xá, Bắc Ninh, Việt Nam",Chưa xét,0,21.1760658,106.0224317,Bắc Ninh,Khách sạn,728.000 ₫,Không có giảm giá,,
Phuc Anh Hotel,"8-10 Nguyễn Cao, P.Tiền An, Bắc Ninh, Việt Nam","3,8",37,21.1797051,106.0299833,Bắc Ninh,Khách sạn 3 sao,1.386.873 ₫,Không có giảm giá,"Wi-Fi miễn phí, Đỗ xe miễn phí, Có điều hòa nhiệt độ, Dịch vụ giặt ủi, Chấp nhận vật nuôi, ","https://lh5.googleusercontent.com/p/AF1QipN6yoWJbsaqA7Pugqp3EQfQBua0wpVdjLSIL-Kx, https://lh5.googleusercontent.com/p/AF1QipNQPjoVvKK3yxrdXCJKVLGrZ13_i-a4JdHlwJ0U, https://lh5.googleusercontent.com/p/AF1QipP4VcG2bAhqpVQCxAPhgkDhU92iqvFGnYCulBay, https://lh5.googleusercontent.com/p/AF1QipNN7UnVes76OAdOpE9xr_x8j5MXDfEflCkFwMc-, "
Khách sạn Hello Bắc Ninh - Hello Hotel Bac Ninh,"tòa nhà thương mại Thống Nhất, Đ. Lê Thái Tổ, Võ Cường, Bắc Ninh, 16000, Việt Nam","4,1",178,21.1797051,105.9990843,Bắc Ninh,Khách sạn 3 sao,Không có giá,Không có giảm giá,"Wi-Fi miễn phí, Bữa sáng miễn phí, Đỗ xe miễn phí, Có điều hòa nhiệt độ, Dịch vụ giặt ủi, Dịch vụ phòng, Phù hợp với trẻ em, Nhà hàng, Xe đưa đón ra sân bay, Quán bar, ","https://lh5.googleusercontent.com/p/AF1QipPPwXRaozZoEyQk9mpfdNAN3SNy5z2ImJFOnTDO, https://lh5.googleusercontent.com/p/AF1QipM2DdC0uOMJ7A58z5QEnxPf-yDMfalaijYKDo2e, https://lh5.googleusercontent.com/p/AF1QipP7IWY3KumSKAoSeni-XiwI53gthNhMu9N1i7RC, https://lh5.googleusercontent.com/p/AF1QipPLKzOG2JmBBS5rceXyAGs0lP_5K5yMxJGBkNYN, "
K Boss 3,"164 Hai Bà Trưng, Đại Phúc, Bắc Ninh, Việt Nam","4,0",1,21.1793435,106.0326001,Bắc Ninh,Khách sạn,1.159.400 ₫,Ít hơn 41% so với bình thường,"Wi-Fi miễn phí, Đỗ xe miễn phí, Có điều hòa nhiệt độ, Dịch vụ giặt ủi, Bếp ở một số phòng, Xe đưa đón ra sân bay, ",
Luxury Phoenix Hotel Bac Ninh (凤凰明月酒店),"City, 288 Đ. Hàn Thuyên, Suối Hoa, Bắc Ninh, Việt Nam","4,3",38,21.1843508,106.0441633,Bắc Ninh,Khách sạn,Không có giá,Không có giảm giá,,"https://lh5.googleusercontent.com/p/AF1QipNoGS4CgwznY_wezUUrB4eEhxTvOYj5iVc9OBLq, https://lh5.googleusercontent.com/p/AF1QipOEG_QaMQsa-p2Cxz7xjeSSsw3Ox8UyUZXgzCJw, https://lh5.googleusercontent.com/p/AF1QipNmMZAJyhi9h8gdsi5LbTN77oQ--E0tUbkmpBaO, https://lh5.googleusercontent.com/p/AF1QipPe7vFi114japdG7q7-fvwhvkjlMptgnsaVFHCq, "
khách sạn hilton bắc ninh,"Số 32,34,36, 32 Đ. Lê Thái Tổ, Võ Cường, Bắc Ninh, 16000, Việt Nam","5,0",2,21.1843508,106.0132643,Bắc Ninh,Khách sạn,Không có giá,Không có giảm giá,,"https://lh5.googleusercontent.com/p/AF1QipM4-bZXQEZJOk3NczdlSo9chf2F1e97q1AXIZ3c, https://lh5.googleusercontent.com/p/AF1QipMD2W0rbXVmp2bbVM01bVnqJTfGPlLnNHeJTklM, https://lh5.googleusercontent.com/p/AF1QipN59xy7q2q77KOjp9ZRE6etBNRG1LBKgJ_X7VJ8, https://lh5.googleusercontent.com/p/AF1QipM7tsSTRFFsSoeB3_s47UU9sgiBmTBqBDy6O_W5, "
Khang Hotel,"Đ. Lý Thái Tổ, Phù Chẩn, Từ Sơn, Bắc Ninh, Việt Nam","5,0",29,21.0894599,105.9304755,Bắc Ninh,Khách sạn,333.000 ₫,Không có giảm giá,"Wi-Fi miễn phí, Đỗ xe miễn phí, Có điều hòa nhiệt độ, Dịch vụ giặt ủi, Xe đưa đón ra sân bay, Không hút thuốc, ","https://lh5.googleusercontent.com/p/AF1QipP7okzHEOg5Inxt-CIGU08pwC0s9fQ38UUeeRRc, https://lh5.googleusercontent.com/p/AF1QipOAt317JAKkIhkUmzxNqSdOHSjszwqpPj5qWgfk, https://lh5.googleusercontent.com/p/AF1QipOjffngZ2Cc2eL72mF_-_1BD7nIBm5vkCwf7DQI, https://lh5.googleusercontent.com/p/AF1QipOchase99kh_Cxx7wGvFEjhupoFnZqWUItNqjhz, "
维也纳酒店- Khách sạn WEIYENA HUANGJIA,"Số 32, 34, 36, Đ. Lê Thái Tổ, Võ Cường, Bắc Ninh, 16000, Việt Nam","5,0",2,21.172114,106.0254058,Bắc Ninh,Khách sạn,Không có giá,Không có giảm giá,,"https://lh5.googleusercontent.com/p/AF1QipNY4Dl3tZXPSYOvICrKpFzoUeCbV_j0XZ5M9OT6, https://lh5.googleusercontent.com/p/AF1QipNUcXZd4GO4p5rtBcGAPrZ5F0PO-W3kTuoHcS0k, https://lh5.googleusercontent.com/p/AF1QipOBmhHOKsCq1CoBb6AmRqK3Pjhr8nCvwHZeVAVd, https://lh5.googleusercontent.com/p/AF1QipMVwiWorsSFJsIgOol610UCEXld2IpFRhUCU09E, "
THE GRAND HOTEL,"1A Đ. Lê Thái Tổ, Bò Sơn, Bắc Ninh, Việt Nam","4,1",57,21.1717733,106.0256912,Bắc Ninh,Khách sạn 3 sao,Không có giá,Không có giảm giá,"Wi-Fi miễn phí, Bữa sáng miễn phí, Đỗ xe miễn phí, Có điều hòa nhiệt độ, Dịch vụ giặt ủi, Phù hợp với trẻ em, Nhà hàng, Xe đưa đón ra sân bay, ","https://lh5.googleusercontent.com/p/AF1QipMhz1ZdlHaqYEr29VXoi4a1fEacgUe9rOEOClM9, https://lh5.googleusercontent.com/p/AF1QipPV8tcteYOwho8dXOwXLCSfNLSjLv9TgRXCv8_D, https://lh5.googleusercontent.com/p/AF1QipOeNaJ-spLAg5OyN7q7yWlT4epJGU8sKSqQDN6B, https://lh5.googleusercontent.com/p/AF1QipMGKGeXjNV4JrUYEefUqDWS18A8wjC0FLwxXubI, "
BẮC NINH - KHÁCH SẠN V-HOTEL (BACNINH),"37 Đ. Lê Thái Tổ, P.Ninh Xá, Bắc Ninh, 220000, Việt Nam","4,0",279,21.172323,106.0265305,Bắc Ninh,Khách sạn,Không có giá,Không có giảm giá,"Wi-Fi miễn phí, Bữa sáng miễn phí, Đỗ xe miễn phí, Dịch vụ giặt ủi, Dịch vụ phòng, Nhà hàng, Không hút thuốc, ","https://lh5.googleusercontent.com/p/AF1QipMJPRU3jkwN5Ujb4Kcu3HsSNSjOYQJqbcCTosIq, https://lh5.googleusercontent.com/p/AF1QipOTZAEzI9mAY8sPfiLTCvhxT_s47wDs2C6jJsE8, https://lh5.googleusercontent.com/p/AF1QipPa4zHCGXETWIegI-RwZIhMiNLwBvMKAUut8kzx, https://lh5.googleusercontent.com/p/AF1QipMQ0iRroml69yOj-F97vC5EDf0E-xyyFU9NFnwO, "
APA HOTEL BAC NINH-喜悦酒店,"Đ Ng Tất Tố, Võ Cường, Bắc Ninh, Việt Nam","3,7",139,21.1730763,106.0231778,Bắc Ninh,Khách sạn,Không có giá,Không có giảm giá,"Wi-Fi miễn phí, Bữa sáng miễn phí, Có điều hòa nhiệt độ, Dịch vụ giặt ủi, Nhà hàng, ","https://lh5.googleusercontent.com/p/AF1QipOmoeCnOSx5j3y8oS_pb3RO6dCQE_IrGTnWSFwG, https://lh5.googleusercontent.com/p/AF1QipMdxbi7aMsNuyH5xISnAS_i-vafAmjYP-J9rn6z, https://lh5.googleusercontent.com/p/AF1QipNavnpjDrGVqh-mkJOUoiaggj3A2kKApJD4eZV2, https://lh5.googleusercontent.com/p/AF1QipPSnbh3Uec1Vky8FcM8JjXonEbn7b4vYcuxlxZK, "
BACNINH HARMONY HOTEL,"24 Đ. Lê Thái Tổ, Võ Cường, Bắc Ninh, 221240, Việt Nam","3,9",81,21.1719793,106.0250228,Bắc Ninh,Khách sạn 3 sao,Không có giá,Không có giảm giá,"Wi-Fi miễn phí, Bữa sáng miễn phí, Đỗ xe miễn phí, Có điều hòa nhiệt độ, Dịch vụ giặt ủi, Nhà hàng, Xe đưa đón ra sân bay, ","https://lh5.googleusercontent.com/p/AF1QipOnBaNsqyH5ORKF1ID1yugrs9t_JX1XDU3FPcIw, https://lh5.googleusercontent.com/p/AF1QipPYS5cY2qoIiRnvhF_FuoriulWarcQjbog-_IvD, https://lh5.googleusercontent.com/p/AF1QipMcEwb6RdPE6Qkp5Xt9iAO5ea-SWn8rkYXAGf2v, https://lh5.googleusercontent.com/p/AF1QipOI8OPlqnItgfUii_SQXdW6QTNDnF-j-5jKsboK, "
NEW HELLO HOTEL BAC NINH,"Thửa đất số 104, tờ bản đồ, 96 Đ. Lê Thái Tổ, Võ Cường, Bắc Ninh, Việt Nam","5,0",5,21.1684598,106.0195391,Bắc Ninh,Khách sạn,Không có giá,Không có giảm giá,,"https://lh5.googleusercontent.com/p/AF1QipOBvdB1sJkktWqkhOIkc0L4t6k5P4_R8FNleplG, https://lh5.googleusercontent.com/p/AF1QipOSdQwa91NHn1arrAfpRdQGtO3MWYG319-qVams, https://lh5.googleusercontent.com/p/AF1QipMIOWxB2F_mFG3Nyiz9wHfEg1pxAAzHcjsibChA, https://lh5.googleusercontent.com/p/AF1QipMBei07qyQVR2mAT2oQddc1eqF8gGwwHZ8p8A-k, "
MARINA HOTEL,"30 Đ. Lê Thái Tổ, Võ Cường, Bắc Ninh, Việt Nam","4,3",30,21.1714905,106.0244061,Bắc Ninh,Khách sạn,Không có giá,Không có giảm giá,"Wi-Fi miễn phí, Bữa sáng miễn phí, Đỗ xe miễn phí, Có điều hòa nhiệt độ, Dịch vụ giặt ủi, Nhà hàng, Xe đưa đón ra sân bay, ","https://lh5.googleusercontent.com/p/AF1QipNJ8s91xKgRkE9AQ-o9zsAeVZLzD4mN8Z9PIQKy, https://lh5.googleusercontent.com/p/AF1QipNJ8s91xKgRkE9AQ-o9zsAeVZLzD4mN8Z9PIQKy, https://lh5.googleusercontent.com/p/AF1QipMvFsaIf850QCHSCvyE39PHFLCeRE0tGPHSFsvG, https://lh5.googleusercontent.com/p/AF1QipPwoh_dR1p1qsLmBATMpxOjhi9NGevjKhjQgwtQ, "
World Hotel,"66 Đ. Lý Thái Tổ, P.Ninh Xá, Bắc Ninh, Việt Nam","4,0",255,21.1736706,106.0274028,Bắc Ninh,Khách sạn,Không có giá,Không có giảm giá,,"https://lh5.googleusercontent.com/p/AF1QipOHcOnbjxFLUtgjYCfvNTSRgGApjNduZki-Hd_u, https://lh5.googleusercontent.com/p/AF1QipO41hpibbCB596Ywyrlmdt2r40sDPFS5dh9RlQ, https://lh5.googleusercontent.com/p/AF1QipO0XcJQaPm5Fz42sSzpwdiIRZqHPlDVIHNH8Ys, https://lh5.googleusercontent.com/p/AF1QipN3pTfc5BVNOo8l8qke_bEqzKIsAuKVF-382w4x, "
Khách Sạn Hoàng Gia Bắc Ninh,"528V+GR5, Nguyễn Văn Cừ, Võ Cường, Bắc Ninh, Việt Nam","4,1",345,21.1736706,105.9965038,Bắc Ninh,Khách sạn 3 sao,Không có giá,Không có giảm giá,"Wi-Fi miễn phí, Bữa sáng, Bãi đỗ xe, Bể bơi ngoài trời, Có điều hòa nhiệt độ, Dịch vụ giặt ủi, Nhà hàng, Spa, ","https://lh5.googleusercontent.com/p/AF1QipM9DPVDCYUiuAemtMgao6SgXJTiCWuxr601fyqh, https://lh5.googleusercontent.com/p/AF1QipMyU29ZSC0dsaU22gwI_bADdizUZeKKB9uLtDlP, https://lh5.googleusercontent.com/p/AF1QipM-Jt10kqx9uq6_clXpoh1bu5UNcMuAZqBRXX8m, https://lh5.googleusercontent.com/p/AF1QipPJnSiyS-hviqxdVej5ydjVsb3tHYOt8ZaYGFLd, "
Nhà nghỉ Quốc Kiên,"53QH+J5M, Luy Lâu, Suối Hoa, Bắc Ninh, Việt Nam","4,2",42,21.1890769,106.0418655,Bắc Ninh,Khách sạn,436.765 ₫,Không có giảm giá,,"https://lh5.googleusercontent.com/p/AF1QipPTZmEmdE35yc_I_-XkefuoR98rEjhUsnzF26Gz, https://lh5.googleusercontent.com/p/AF1QipP2wVkE3gpxVlB-IiF1i8Zv4hjmv1iTY_rhIdS-, https://lh5.googleusercontent.com/p/AF1QipO8TPtEMBaPA8fFddRnvKG1QiGa1kZiqWNrWkeZ, https://lh5.googleusercontent.com/p/AF1QipOeHzFA6qDTV3UEB_K-7WbNnR-jUd_iU8mTcWVd, "
Khách sạn Phượng Hoàng 3,"17 Hai Bà Trưng, Đại Phúc, Bắc Ninh, 790000, Việt Nam","4,0",133,21.1810222,106.0350191,Bắc Ninh,Khách sạn 3 sao,Không có giá,Không có giảm giá,"Wi-Fi miễn phí, Bãi đỗ xe, Có điều hòa nhiệt độ, Dịch vụ giặt ủi, Nhà hàng, Xe đưa đón ra sân bay, ","https://lh5.googleusercontent.com/p/AF1QipNwoynnTrEGs5h31HgkkhnHgB_PlWWop-coBJQt, https://lh5.googleusercontent.com/p/AF1QipMnPPh6GR-R9QAysP9FZfqe_NPjL6CI6SwHdS5R, https://lh5.googleusercontent.com/p/AF1QipNbhIWWFyhHhehdvaGB04359fE3sAKE2VaxUUwI, https://lh5.googleusercontent.com/p/AF1QipMjQHzmPu5lBlsUEuQdBDVKm5Mk9kD9gzi_C3-Q, "
Khách sạn Queen Hotel,"53F5+7M4, Đ Ng Tất Tố, Võ Cường, Bắc Ninh, Việt Nam","4,5",11,21.1731468,106.0231386,Bắc Ninh,Khách sạn 3 sao,Không có giá,Không có giảm giá,,"https://lh5.googleusercontent.com/p/AF1QipPMS1F-_6wddCkwgmYhtAu6sHnVG9MS3ao3ywNE, https://lh5.googleusercontent.com/p/AF1QipPMS1F-_6wddCkwgmYhtAu6sHnVG9MS3ao3ywNE, https://lh5.googleusercontent.com/p/AF1QipN-7mMPCW1vi1eYZlUPwpUzhJgriXlHVVJMBiGT, https://lh5.googleusercontent.com/p/AF1QipMjQbWgefFFwudTmTrOp4ToT3mcTSHCpMhahOZ_, "
Nhà nghỉ Bình Hiền,"108 Đ Nguyễn Công Hãng, Kinh Bắc, Bắc Ninh, Việt Nam","4,7",25,21.1877483,106.0337998,Bắc Ninh,Khách sạn,450.000 ₫,Không có giảm giá,,"https://lh5.googleusercontent.com/p/AF1QipOEI7pZIhDIa4We89rh-NRAd8J0_O9psdqXJCUk, https://lh5.googleusercontent.com/p/AF1QipOzKKEQIbHDqGwxFmzTGf36TRpEX1NcJlzj3j8i, https://lh5.googleusercontent.com/p/AF1QipMCi5vd0nqxcEVusTGoiJKpm7k9QbbNguaHQ3C3, https://lh5.googleusercontent.com/p/AF1QipPk6UmZ_Qn4ii85uGmGSnXTvPVtOHBNcl_2NsPe, "
PHU GIA HOTEL - KHÁCH SẠN BẮC NINH,"110 Đường Lý Thường Kiệt, P. Thị Cầu, Bắc Ninh, 16109, Việt Nam","4,6",57,21.1940976,106.04527,Bắc Ninh,Khách sạn,Không có giá,Không có giảm giá,"Wi-Fi miễn phí, Đỗ xe miễn phí, Phù hợp cho người khuyết tật, Có điều hòa nhiệt độ, Dịch vụ giặt ủi, Chấp nhận vật nuôi, Xe đưa đón ra sân bay, Spa, Trung tâm thể dục, ","https://lh5.googleusercontent.com/p/AF1QipPd96wrk1pBKlGNhIADU-tjbJhBX1U_6LC5pi-2, https://lh5.googleusercontent.com/p/AF1QipPLd86bF9lGkOFEknm3U6CVLtaexpt2GkbnDwKi, https://lh5.googleusercontent.com/p/AF1QipOmNFG75NPNikkUXSe6J0aoHwncnWA5jyYlqh9c, https://lh5.googleusercontent.com/p/AF1QipPL9P1ZiYvvGov4X7VJ7g_vo_UrYhO9V1BP-lYp, "
KHÁCH SẠN NASA BẮC NINH,"148 Ngọc Hân Công Chúa, P.Ninh Xá, Bắc Ninh, 790000, Việt Nam","4,4",107,21.1940976,106.014371,Bắc Ninh,Khách sạn 3 sao,Không có giá,Không có giảm giá,"Wi-Fi miễn phí, Bữa sáng miễn phí, Có điều hòa nhiệt độ, Dịch vụ giặt ủi, Nhà hàng, Xe đưa đón ra sân bay, ","https://lh5.googleusercontent.com/p/AF1QipPho8tTJeriLG4bI1d_qFatXfSdl5mcJOFmQBFD, https://lh5.googleusercontent.com/p/AF1QipN9jOxEu1NFG_gx94CYDwNru2I3rz5e6lx8qVpY, https://lh5.googleusercontent.com/p/AF1QipOsEufXz4VCiMbIHAh-ek6Y9NCfp_50rBfNSYCX, https://lh5.googleusercontent.com/p/AF1QipP9M0qPSIW7fYSGtmRni_zAUqIbWa9egvWFR_zG, "
Phoenix International Hotel,"Suối Hoa, Bắc Ninh, Việt Nam","4,4",73,21.1909352,106.0392706,Bắc Ninh,Khách sạn 4 sao,Không có giá,Không có giảm giá,"Wi-Fi miễn phí, Bữa sáng miễn phí, Đỗ xe miễn phí, Bể bơi, Có điều hòa nhiệt độ, Dịch vụ giặt ủi, Nhà hàng, ","https://lh5.googleusercontent.com/p/AF1QipOmdvFiSO-fZE_wqWe3NOlv6ereY6s6LjZoqzK_, https://lh5.googleusercontent.com/p/AF1QipPp2cycxQu10oZ0wgFxAJs_kLEvDPRpNJPC1f-1, https://lh5.googleusercontent.com/p/AF1QipNWVc9xA8ecoOeY-PzjJMEI5g7ySnOJJz5qu2MG, https://lh5.googleusercontent.com/p/AF1QipMt20FMiL4YbMNjvS7a4TtoxeEhcOBSbNwNPcTd, "
Khách sạn Nga Việt,"2 Đ. Bình Than, Đại Phúc, Bắc Ninh, Việt Nam","4,3",4,21.1763758,106.0378473,Bắc Ninh,Khách sạn 3 sao,Không có giá,Không có giảm giá,,"https://lh5.googleusercontent.com/p/AF1QipPgQ1hLfcTbWE6yy7wqf1VLZjNjW6yj1EbDd79D, https://lh5.googleusercontent.com/p/AF1QipP_IGBa0wfXUo4A9VvODKjLasDOpK63pcXVXJqH, https://lh5.googleusercontent.com/p/AF1QipPgQ1hLfcTbWE6yy7wqf1VLZjNjW6yj1EbDd79D, "
Nhà nghỉ Như Nguyệt,"636W+V8V, Unnamed Road, Quang Châu, Việt Yên, Bắc Giang, Việt Nam","3,5",4,21.2122463,106.0597442,Bắc Ninh,Khách sạn,545.956 ₫,Không có giảm giá,,"https://lh5.googleusercontent.com/p/AF1QipPZyb2RalOSqzmcL9M2wYnX2Q0wZj1FFZFRfUvS, https://lh5.googleusercontent.com/p/AF1QipPL6X85NlhgDi8eov6aBVmycYlCxWyyYbpye7j8, https://lh5.googleusercontent.com/p/AF1QipPYD0J0JzInGdaeMdnZiAlLFCRmUaP3fExm88V8, "
Từ Sơn Luxury Hotel,"46 Vườn hoa Lê Hồng Phong, Tân Hồng, Từ Sơn, Bắc Ninh 220000, Việt Nam","4,2",253,21.1154929,105.9237904,Bắc Ninh,Khách sạn 3 sao,Không có giá,Không có giảm giá,"Wi-Fi miễn phí, Bữa sáng miễn phí, Đỗ xe miễn phí, Có điều hòa nhiệt độ, Dịch vụ giặt ủi, Phù hợp với trẻ em, Nhà hàng, ","https://lh5.googleusercontent.com/p/AF1QipMK8u5sU_kv4rKSV1EpuBWkdrTce0jjYuI69TMx, https://lh5.googleusercontent.com/p/AF1QipPN_S8Q8BoC7caY3ak8oR_7MVrzZj50c3r0I8e_, https://lh5.googleusercontent.com/p/AF1QipMuFoIRdIwXyVrOGFoAfzjekapghzI_CYc044ZF, https://lh5.googleusercontent.com/p/AF1QipNPtl252pzUyLLqpNX64tNZ9grboudaophkOy8H, "
Khách sạn Hana,"5393+XHF, Đường Võ Cường 18, Võ Cường, Bắc Ninh, Việt Nam","4,9",39,21.1699326,106.0178733,Bắc Ninh,Khách sạn,Không có giá,Không có giảm giá,,"https://lh5.googleusercontent.com/p/AF1QipNohU9yCAPbw0BmidqsEd4PG5mLYe0hkjoiS_Sw, https://lh5.googleusercontent.com/p/AF1QipOQKcebl-EtnNMWaW_BFxu_d1xnZEwioDzH8wYr, https://lh5.googleusercontent.com/p/AF1QipMo1O6juQaO-1yBx9QRbC4uNhdQ6Sy-cHvuynA3, https://lh5.googleusercontent.com/p/AF1QipNPZd3XMLDe_QMA2-AGeUQrMVj1kDmoCK9-0gZ8, "
VIET LONG COMPLEX Residence,"30 Đ. Lý Thái Tổ, P.Ninh Xá, Bắc Ninh, 16000, Việt Nam","4,7",123,21.1752179,106.0296912,Bắc Ninh,Khách sạn,Không có giá,Không có giảm giá,,"https://lh5.googleusercontent.com/p/AF1QipPlYxMW2DvwMW3Ol-82JrzpqOOiPFkVqhGnQmv3, https://lh5.googleusercontent.com/p/AF1QipPZ_7m-dwLC0rJSdt4mbVglc66V3yhj4CYZfCGC, https://lh5.googleusercontent.com/p/AF1QipOU9k0Pq1f1Q5W54MvWCGSFK_f6paxu9R6CUdd6, https://lh5.googleusercontent.com/p/AF1QipOYdbjnJaY2VLiHSro5xxlPmF_AHNDtu_xrc8rz, "
Hoa Viên Hotel,"53G4+2XV, Đ Ng Tất Tố, P.Ninh Xá, Bắc Ninh, Việt Nam","3,8",166,21.1751195,106.0213603,Bắc Ninh,Khách sạn 4 sao,Không có giá,Không có giảm giá,"Wi-Fi miễn phí, Đỗ xe miễn phí, Dịch vụ giặt ủi, Nhà hàng, Spa, ","https://lh5.googleusercontent.com/p/AF1QipPSvxlUREhpy7IY-pO7-SiKPaeFPDDEoqJYEVO0, https://lh5.googleusercontent.com/p/AF1QipPKnrPIkkCz__Z62YTdsW7l7s8N3_s7fgrV02Ai, https://lh5.googleusercontent.com/p/AF1QipOXGJcnUnLhQ6uDCEYZ8WikiMXMqzSBTnjDO5BZ, https://lh5.googleusercontent.com/p/AF1QipM-TIi2mS70rXDpnxPbg9y4aqELTvrZZz-e0mtY, "
Khách sạn Viz Goo,"Khu thanh an, Đ. Hàn Thuyên, Vũ Ninh, Bắc Ninh, 02223, Việt Nam","4,4",18,21.1856453,106.0457451,Bắc Ninh,Khách sạn,Không có giá,Không có giảm giá,"Wi-Fi miễn phí, Đỗ xe miễn phí, Dịch vụ giặt ủi, ","https://lh5.googleusercontent.com/p/AF1QipMqt7_U4uKXh4C7nHrSjNB6rOtAiM8D8CHCk50t, https://lh5.googleusercontent.com/p/AF1QipP_CgFcVYwOOJ9hkmnDjdHTcTBGnaEaQiC72jnM, https://lh5.googleusercontent.com/p/AF1QipPeVcVDtT9uHxe-MPi0DIH1LqU9KUaGVy69Z2k, https://lh5.googleusercontent.com/p/AF1QipN0EbI78MRFd8OYhJWE6E8ahkMpoA2T7k5lecIp, "
Venus hotel Bắc Ninh - 维纳斯酒店,"Lô 15 Đ. Lê Thái Tổ, Võ Cường, Bắc Ninh, Việt Nam",Chưa xét,0,21.1856453,106.0148461,Bắc Ninh,Khách sạn,Không có giá,Không có giảm giá,"Wi-Fi miễn phí, Có điều hòa nhiệt độ, Dịch vụ giặt ủi, Chấp nhận vật nuôi, Nhà hàng, Xe đưa đón ra sân bay, ","https://lh5.googleusercontent.com/p/AF1QipMpEjoiKhVU0eKrFpnQiIjy3pdQygdRbbjafLLA, https://lh5.googleusercontent.com/p/AF1QipMmjcBN-yKHRjiKvw9jnh3u7Njy8exJQU9kaz0t, https://lh5.googleusercontent.com/p/AF1QipN5L0L0WNrigViky2l-q8eBrQBKQOaFhvdlPYJj, https://lh5.googleusercontent.com/p/AF1QipN5L0L0WNrigViky2l-q8eBrQBKQOaFhvdlPYJj, "
Victory Hotel Bac Ninh,"Số 8 phố Hoa Phượng, Đại Phúc, Bắc Ninh, Việt Nam","4,6",9,21.1758323,106.0360899,Bắc Ninh,Khách sạn,Không có giá,Không có giảm giá,,"https://lh5.googleusercontent.com/p/AF1QipMlk4CEoYpMiMUzSvwlt7rrhAstiQhRSWlvf7Ya, https://lh5.googleusercontent.com/p/AF1QipP_4eZJVmN8JlTkBDaS3jgnmZ_ZWxjj-d5ziVoN, https://lh5.googleusercontent.com/p/AF1QipPX9P1kzLaDpIxPnwpcfWKSbx4dtZCH1Jy-b7ZE, https://lh5.googleusercontent.com/p/AF1QipO_UpQuVtZAZ3Q16VW_DqTiuXVICJ7_AfoLTQf8, "
DOMINIC HOTEL,"393 Nguyễn Cao, Võ Cường, Bắc Ninh, Việt Nam","4,3",22,21.1758323,106.0051909,Bắc Ninh,Khách sạn,Không có giá,Không có giảm giá,,"https://lh5.googleusercontent.com/p/AF1QipOGWw416ImqGJJH6BQNqpV3vn1mHjMTPjUdUVer, https://lh5.googleusercontent.com/p/AF1QipOMIKqssFr5YI-A_2NwybiPNCgc8qL0UzopwhWw, https://lh5.googleusercontent.com/p/AF1QipNO2cS3EvFpEASzchoui6jfA1vn8Lx2jG2M9r_Q, https://lh5.googleusercontent.com/p/AF1QipPb-rL1R98sWKm13eVhbqG9-ocQZPS3KoqIYjRz, "
Will hotel,"53C4+4VX, Đ. Hoàng Hoa Thám, Võ Cường, Bắc Ninh, Việt Nam","4,0",40,21.1703551,106.0211879,Bắc Ninh,Khách sạn 2 sao,Không có giá,Không có giảm giá,"Wi-Fi miễn phí, Đỗ xe miễn phí, Có điều hòa nhiệt độ, Dịch vụ giặt ủi, ","https://lh5.googleusercontent.com/p/AF1QipNSieZjOGCIZuQpvEFLGzsqKopT8Dde_kBuaqIu, https://lh5.googleusercontent.com/p/AF1QipPD15SUnE8GXm936wNfj3rGGoG72i5-R79vieot, https://lh5.googleusercontent.com/p/AF1QipNaTUziM5ncjW2_xhBbxXzGZnMxVeCJxU3YYrG9, https://lh5.googleusercontent.com/p/AF1QipPhRnSf_YmR-wh-gg6phBZhQl3xzpsqjjiRBBnl, "
VIENNA HOTEL,"Số 12 Khu K15, Bắc Ninh, Việt Nam","3,8",13,21.1773483,106.0202849,Bắc Ninh,Khách sạn 3 sao,Không có giá,Không có giảm giá,"Wi-Fi miễn phí, Bữa sáng miễn phí, Đỗ xe miễn phí, Có điều hòa nhiệt độ, Dịch vụ giặt ủi, Chấp nhận vật nuôi, Nhà hàng, Xe đưa đón ra sân bay, ","https://lh5.googleusercontent.com/p/AF1QipORb2rOrTQctnCMYjo9_0N4Dt7_fJwFFKjDUwQt, https://lh5.googleusercontent.com/p/AF1QipMCm511ez8rhLdTGcAZs2AfVFmchx0YPbSormKo, https://lh5.googleusercontent.com/p/AF1QipNnFT1uGHioP0G42_qy_SmWGCMeRpBxSv_TFRmq, https://lh5.googleusercontent.com/p/AF1QipMv2Fol2gGm7GI-DAgMvHOqww82u4YwyYg9adXG, "
Khách sạn Hawaii,"23 Đ. Võ Cường 12, Võ Cường, Bắc Ninh, Việt Nam","4,6",12,21.1711214,106.0191095,Bắc Ninh,Khách sạn,Không có giá,Không có giảm giá,,"https://lh5.googleusercontent.com/p/AF1QipOpE6ZKF6SkDWw--6w78xr9nK-EgSym_eGFmSVy, https://lh5.googleusercontent.com/p/AF1QipPynuLihqiLZX8GvWulFJI-Hz02Wdf2BmD9FpuP, https://lh5.googleusercontent.com/p/AF1QipNkR5ljUYySgTVvS-x3Zo4DumI126CBcQ0mmDi7, "
Lavender Hotel & Apartment,"Đ. Lê Thái Tổ, Võ Cường, Bắc Ninh, 221240, Việt Nam","4,1",12,21.169621,106.0213471,Bắc Ninh,Khách sạn,Không có giá,Không có giảm giá,"Có điều hòa nhiệt độ, ","https://lh5.googleusercontent.com/p/AF1QipPjMYepD1_4RaP6EUwXsLjRUonqY0G7dls8H6d8, https://lh5.googleusercontent.com/p/AF1QipOGatfaofkbxZ3qNIkn3eEJL_Zyt3uwiDnp5xCZ, https://lh5.googleusercontent.com/p/AF1QipNYV7V1tr0KKq2AiOL9Y8RyvDXTHpnnImriw-jG, https://lh5.googleusercontent.com/p/AF1QipPjMYepD1_4RaP6EUwXsLjRUonqY0G7dls8H6d8, "
Bacninh Uri Hotel,"456 Nguyễn Văn Cừ, Võ Cường, Bắc Ninh, 16100, Việt Nam","4,0",22,21.1666402,106.0089439,Bắc Ninh,Khách sạn 3 sao,Không có giá,Không có giảm giá,"Bữa sáng, Có điều hòa nhiệt độ, Chấp nhận vật nuôi, Phù hợp với trẻ em, ","https://lh5.googleusercontent.com/p/AF1QipOcmcpROWg4RqByfyQfJgW2USElL5fDJ3Y90MIL, https://lh5.googleusercontent.com/p/AF1QipNSpYIX12Vbs8m_Ecx0sni6BIavZTA4XAg4ZyH5, https://lh5.googleusercontent.com/p/AF1QipNYaaYiyr9bReyPR60EnLpdOjcyVY1kKHYgYYKG, https://lh5.googleusercontent.com/p/AF1QipPPv4IWnrLQMiPZDNn1XOAUWCir0CYqVLMNpNjW, "
Kezan Hotel 3,"10 Giang Văn Minh, Võ Cường, Bắc Ninh, 220000, Việt Nam","4,7",3,21.1690691,106.0189356,Bắc Ninh,Khách sạn,Không có giá,Không có giảm giá,,"https://lh5.googleusercontent.com/p/AF1QipMrSfF4IVE2AMBd0bnOI8-CgdHi2DSAYu2LW0wz, https://lh5.googleusercontent.com/p/AF1QipO6MkUh16cpC7Xdj0sIKA3-VxIFldrCmS7aIaHa, https://lh5.googleusercontent.com/p/AF1QipMrSfF4IVE2AMBd0bnOI8-CgdHi2DSAYu2LW0wz, https://lh5.googleusercontent.com/p/AF1QipMrDqJWdAyPM19kz9H-Bgkp8QLWcELkKJ9crrJ8, "
Khách sạn Khởi Nguyên,"L8 Đ. Hoàng Hoa Thám, Võ Cường, Bắc Ninh, 220000, Việt Nam","4,2",9,21.1699798,106.0212488,Bắc Ninh,Khách sạn 3 sao,Không có giá,Không có giảm giá,,"https://lh5.googleusercontent.com/p/AF1QipMuo04M9NtKf6K_XzZs6VbrN7cVht1dyEKb7n4G, https://lh5.googleusercontent.com/p/AF1QipNxqag9E9vlGbZdUjiUl30pIVDEAubkU3vjuQ4_, https://lh5.googleusercontent.com/p/AF1QipMXYzXm_oXrcOgC4MrE5sbaR1PfaUrILAfzMJIM, https://lh5.googleusercontent.com/p/AF1QipOWsCytuwJS4zCkXFGnpvdXD6VdDibjFRYv_UyK, "
ASIA APARTEMT HOTEL BĂC NINH,"27N10, Đ. Lý Nhân Tông, Võ Cường, Bắc Ninh, Việt Nam","3,8",22,21.171474,106.0224805,Bắc Ninh,Khách sạn 2 sao,Không có giá,Không có giảm giá,"Wi-Fi miễn phí, Đỗ xe miễn phí, Có điều hòa nhiệt độ, Dịch vụ giặt ủi, Phù hợp với trẻ em, Nhà hàng, Bếp ở một số phòng, Xe đưa đón ra sân bay, ","https://lh5.googleusercontent.com/p/AF1QipP4vjkZs25jw7UpjOXaAp9Ys8D_GmG_GOMb_SCS, https://lh5.googleusercontent.com/p/AF1QipOEIJ-SNdkcVbvlAdSr_w4y2jMJPsoCNgVpbH_C, https://lh5.googleusercontent.com/p/AF1QipM3i5DTsQeQotfp4wevzJT6wv3m77pE90Lm0E9j, https://lh5.googleusercontent.com/p/AF1QipPlgFIV_DALMwiGZB_94nk9Ij8ie0z-MXMg5Kld, "
Khách sạn Hương Mãn Lầu,"48 Đ Ng Tất Tố, Võ Cường, Bắc Ninh, Việt Nam","4,2",6,21.1765807,106.0201226,Bắc Ninh,Khách sạn,Không có giá,Không có giảm giá,"Có điều hòa nhiệt độ, Chấp nhận vật nuôi, Xe đưa đón ra sân bay, ","https://lh5.googleusercontent.com/p/AF1QipMp2PAg_XARkMtybfiLz9z_8ElqxNDUFnLNAylg, https://lh5.googleusercontent.com/p/AF1QipM1TF1NdccB0NX7grobUl1dTRIJ3xCsmdaKrxNz, https://lh5.googleusercontent.com/p/AF1QipOw8TcmEKn17EoKqOulHknKJI9i5_cv0NS8mMBZ, https://lh5.googleusercontent.com/p/AF1QipPV3Juz9z5u6zSo_rhiRZqfyjiYoKzZ1osPIA9G, "
Diamond Hotel 1,"33 Đ. Hoàng Hoa Thám, Võ Cường, Bắc Ninh, Việt Nam","4,6",12,21.1718039,106.0200633,Bắc Ninh,Khách sạn 3 sao,Không có giá,Không có giảm giá,"Wi-Fi miễn phí, Đỗ xe miễn phí, Có điều hòa nhiệt độ, Dịch vụ giặt ủi, Nhà hàng, ","https://lh5.googleusercontent.com/p/AF1QipMNuOeum01WFRjqZxXxfywP3u3jt3goEWeApKyJ, https://lh5.googleusercontent.com/p/AF1QipM9YRRkBjtvoghXCfD7bm3Eci8IPuaQPPr_IFyX, https://lh5.googleusercontent.com/p/AF1QipOCJVfjp-xOmcFK-QGAxvtdH_Csf0a0qCbPr8FM, https://lh5.googleusercontent.com/p/AF1QipPHpXcTdseWPDMY7KQuAOYnFovLjLd80tyNBfmf, "
Best hotel Bac Ninh,"Đ Ng Tất Tố, Street, Bắc Ninh, Việt Nam","4,0",2,21.1769815,106.0267128,Bắc Ninh,Khách sạn 2 sao,Không có giá,Không có giảm giá,,"https://lh5.googleusercontent.com/p/AF1QipNqM5292ZLJHv7ObahJGedaCvE-FvX0ZVdN4zX3, https://lh5.googleusercontent.com/p/AF1QipNqM5292ZLJHv7ObahJGedaCvE-FvX0ZVdN4zX3, https://lh5.googleusercontent.com/p/AF1QipNqM5292ZLJHv7ObahJGedaCvE-FvX0ZVdN4zX3, "
Smile hotel,"Đ. Hoàng Hoa Thám, Võ Cường, Bắc Ninh, 220000, Việt Nam","3,5",6,21.1641522,106.0287997,Bắc Ninh,Khách sạn,Không có giá,Không có giảm giá,,"https://lh5.googleusercontent.com/p/AF1QipOZumYXSw7qpA5CkpM7CTr30Juj4Ep2cugPx9at, https://lh5.googleusercontent.com/p/AF1QipMjh5xCogSXoAryqN3xF98sJYJk6kgBmJmmZwQ7, https://lh5.googleusercontent.com/p/AF1QipOZumYXSw7qpA5CkpM7CTr30Juj4Ep2cugPx9at, https://lh5.googleusercontent.com/p/AF1QipNHFMnZuonoH-UJli9_8oS8w8Ob4tP44N87JWf3, "
Khách sạn Sunshine Bắc Ninh,"107 Đường Võ Cường, Võ Cường, Bắc Ninh, Việt Nam","4,4",15,21.1641522,105.9979007,Bắc Ninh,Khách sạn 3 sao,Không có giá,Không có giảm giá,"Wi-Fi miễn phí, Dịch vụ giặt ủi, Nhà hàng, Xe đưa đón ra sân bay, ","https://lh5.googleusercontent.com/p/AF1QipPV8JEwPW4zp0nO60VJp_hB6KThmXDgFYCTGkZB, https://lh5.googleusercontent.com/p/AF1QipMjs77V3iusJv83lqHiKbiAWNsOHum0FSd0B7tx, https://lh5.googleusercontent.com/p/AF1QipORe15eSFELIROrkbfUwmogVEghhBfMmblS_o6z, https://lh5.googleusercontent.com/p/AF1QipMLttZG5eX9cAwkYih0tWet481PcQmsnmA_tA2S, "
Khách Sạn Minh Thư,"Đ. Bình Than, Võ Cường, Bắc Ninh, Việt Nam","3,5",11,21.1610597,106.0188459,Bắc Ninh,Khách sạn,Không có giá,Không có giảm giá,,"https://lh5.googleusercontent.com/p/AF1QipNXffPKr0su9ssLgrfWoVzVfdAogUKH7Wm_k4bL, https://lh5.googleusercontent.com/p/AF1QipNwlcDlu6yg7ILoGPd2b6e0s04WbgQNbB57yv9s, https://lh5.googleusercontent.com/p/AF1QipP39Tsbsd0B9PPVsCqlGq7D98rLwBxLsMrLs4xU, https://lh5.googleusercontent.com/p/AF1QipP3TNV_ITGAtvjQBcsub3ybk53cXFRfn2cmc2ms, "
Glory2hotel,"36 Ngọc Hân Công Chúa, P.Ninh Xá, Bắc Ninh, Việt Nam","4,2",13,21.1780742,106.0314285,Bắc Ninh,Khách sạn 2 sao,Không có giá,Không có giảm giá,"Bữa sáng, Có điều hòa nhiệt độ, Phù hợp với trẻ em, Xe đưa đón ra sân bay, ","https://lh5.googleusercontent.com/p/AF1QipOJn3gJL2p44HiSHoRvPOU7kzDn7srsZFohdnoW, https://lh5.googleusercontent.com/p/AF1QipOyxeIihCZbWkcckJ4-kZtm47AcpQYSSmO258rG, https://lh5.googleusercontent.com/p/AF1QipNqI2D9TJ0-Sei4rWP1bAwNC8h7Aplh-LTgXfPP, https://lh5.googleusercontent.com/p/AF1QipO6lp54hBiz9Uxsd808X-US0JA1l3B7avT5VZNj, "
GLORY HOTEL,"53GC+FQW, Đại Phúc, Bắc Ninh, Việt Nam","4,0",53,21.1762392,106.0359016,Bắc Ninh,Khách sạn 3 sao,Không có giá,Không có giảm giá,"Wi-Fi miễn phí, Bữa sáng miễn phí, Đỗ xe miễn phí, Có điều hòa nhiệt độ, Dịch vụ giặt ủi, Chấp nhận vật nuôi, Nhà hàng, Xe đưa đón ra sân bay, ","https://lh5.googleusercontent.com/p/AF1QipN_Sup_tsVyxOVh27SBVsG7jZKa6nfxoQimJ-lr, https://lh5.googleusercontent.com/p/AF1QipOfqux1iId0_Cm1t3UnH7_pA4u_kL_N1ZaUtTal, https://lh5.googleusercontent.com/p/AF1QipNYuniwA7dTLroubtVTw6jV9sCUW-uCnG_u1co, https://lh5.googleusercontent.com/p/AF1QipNl3bX5cr5TSIXeoqVllgSE73yfaVvWw1gonU0, "
Nga Tây Hotel 3,"53CJ+F25, Đại Phúc, Bắc Ninh, Việt Nam","4,6",12,21.171136,106.0440651,Bắc Ninh,Khách sạn,Không có giá,Không có giảm giá,,"https://lh5.googleusercontent.com/p/AF1QipNoYJwwbigBQhZ2xEyXCEJ_MZgNzUobJrsd8Cz_, https://lh5.googleusercontent.com/p/AF1QipP74UGXS87G8vOq2eziwpExQHKT5AH9CgUz3VAK, https://lh5.googleusercontent.com/p/AF1QipPZ_ZcvVfCj7KchHdYpAFKj7mdCpHQKrxBJjRWZ, https://lh5.googleusercontent.com/p/AF1QipOnJXSWBEiYa-X-iTN0-2X0dTnaxvtW-q9S37Xk, "
Rosana Apartment Hotel,"16 Bùi Xuân Phái, Phường, Bắc Ninh, 220000, Việt Nam","3,9",61,21.171136,106.0131661,Bắc Ninh,Khách sạn,Không có giá,Không có giảm giá,"Wi-Fi miễn phí, Đỗ xe miễn phí, Có điều hòa nhiệt độ, Dịch vụ giặt ủi, Phù hợp với trẻ em, Bếp ở một số phòng, ","https://lh5.googleusercontent.com/p/AF1QipPSndukfFL8iOFg2ZBHbrz_snF3g5ugMVneCVjs, https://lh5.googleusercontent.com/p/AF1QipMAfytmj0IyLLKtOYb6nqVRx0tzxxcWn7WJ2s1C, https://lh5.googleusercontent.com/p/AF1QipO7kGB3IWcuFEHu9A1l3FioprhOkbJX-eul8xvJ, https://lh5.googleusercontent.com/p/AF1QipMPGRkqq80Kc32xme_WYiFNO26RKYS2JQcW0HOO, "
ROSY HOTEL,"1 Đ. Lý Thái Tổ, Võ Cường, Bắc Ninh, 500000, Việt Nam","3,9",24,21.1695624,106.0211136,Bắc Ninh,Khách sạn,Không có giá,Không có giảm giá,"Wi-Fi miễn phí, Bữa sáng miễn phí, Đỗ xe miễn phí, Có điều hòa nhiệt độ, Dịch vụ giặt ủi, Nhà hàng, ","https://lh5.googleusercontent.com/p/AF1QipNa-D-cx4M9v67MqPlaK_6XnGwbFe47L7Cr-D9n, https://lh5.googleusercontent.com/p/AF1QipPExYdU0xDCKdxRDAwJJyFB8xf6gKBUtXM-t49T, https://lh5.googleusercontent.com/p/AF1QipMoWimd7P7hhG0Uhg9bmP_iBEmsn5uLeQ9agGc, https://lh5.googleusercontent.com/p/AF1QipPzbq0B5Okk1Xvez7yez4ibtY4MV3ip9uKgKbWd, "
皇家,"528V+GR5, Nguyễn Văn Cừ, Võ Cường, Bắc Ninh, Việt Nam","3,4",26,21.1662063,106.0084962,Bắc Ninh,Khách sạn,Không có giá,Không có giảm giá,,"https://lh5.googleusercontent.com/p/AF1QipMwAgImdM6OTF5z24f85Kcb-EMQchRXQVI9QrxT, https://lh5.googleusercontent.com/p/AF1QipMs-PC3HMdJjDucha3LJu-4ZKd3ednFt6sRldLd, https://lh5.googleusercontent.com/p/AF1QipNHtNc-EYBlqsqpv5fXzwyuZ6Dd_VmN-eKHVrCd, https://lh5.googleusercontent.com/p/AF1QipMKbduOrbqLuB6FyM3RZYfQe0C4q42d2VUth4Ol, "
BANI HOTEL - Khách sạn Từ Sơn Bắc Ninh,"12 P. Ngoại Thương, Tân Hồng, Từ Sơn, Bắc Ninh, Việt Nam","4,3",20,21.1170302,105.9232586,Bắc Ninh,Khách sạn,Không có giá,Không có giảm giá,,"https://lh5.googleusercontent.com/p/AF1QipPqwSgMdLBc6wzCLzVamA7yHzunZ7YfJvC0FDP0, https://lh5.googleusercontent.com/p/AF1QipPDS5R3SgkO6TMzMUHceT8O7nqksq0KZV8shmPS, https://lh5.googleusercontent.com/p/AF1QipNw6rrC74vRTxmEmPk4cuKLi8BGCH30vQsl95nY, https://lh5.googleusercontent.com/p/AF1QipOB9bhpnJ3apuufhr8t1m6MEukWOCxg09HRzwHg, "
Galaxy Hotel - khách sạn Ngân Hà,"12N9 Ngọc Hân Công Chúa, Đại Phúc, Bắc Ninh, Việt Nam","4,0",1,21.1781152,106.0322442,Bắc Ninh,Khách sạn 3 sao,493.262 ₫,Ít hơn 28% so với bình thường,"Wi-Fi miễn phí, Đỗ xe miễn phí, Có điều hòa nhiệt độ, Dịch vụ giặt ủi, ",
Khách Sạn Anh Tuấn,"Võ Cường, Bắc Ninh, Việt Nam","5,0",2,21.1781152,106.0013452,Bắc Ninh,Khách sạn,Không có giá,Không có giảm giá,,
Anh Hoang Phuc Hotel,"16 Vo Cuong 1, street, ward, Bắc Ninh, Việt Nam",Chưa xét,0,21.15937,106.0201411,Bắc Ninh,Khách sạn,Không có giá,Không có giảm giá,,
bắc ninh,"53HC+7CC, Đại Phúc, Bắc Ninh, Việt Nam",Chưa xét,0,21.1781766,106.0349766,Bắc Ninh,Khách sạn,2.463.314 ₫,Không có giảm giá,,
汉庭酒店,"36 Ngọc Hân Công Chúa, P.Tiền An, Bắc Ninh, Việt Nam",Chưa xét,0,21.1779463,106.031662,Bắc Ninh,Khách sạn,Không có giá,Không có giảm giá,,
Chang Cheng Hotel,"5394+WX4, Đ. Lý Thái Tổ, street, Bắc Ninh, 221240, Việt Nam","4,5",2,21.169761,106.0214053,Bắc Ninh,Khách sạn 3 sao,Không có giá,Không có giảm giá,"Phù hợp với trẻ em, Xe đưa đón ra sân bay, ","https://lh5.googleusercontent.com/p/AF1QipNEoQYfYF2PqaJLCBJRViNgC2Ek5iQBNo3ouFg5, https://lh5.googleusercontent.com/p/AF1QipPBFQFwU5VVstbOK1lTkqTed2yoionNtdx_V0Os, https://lh5.googleusercontent.com/p/AF1QipOsgdPsbSqqIDofdCWdl4YviFkdUcN5Viv4HCSv, https://lh5.googleusercontent.com/p/AF1QipOxBc8b2s3npqY5Unwpc6u8hDmccq6lvfmq-wfg, "
Khách Sạn Nara Bắc Binh,"05 Đ. Lê Thái Tổ, Võ Cường, Bắc Ninh, Việt Nam",Chưa xét,0,21.1690871,106.0214549,Bắc Ninh,Khách sạn,Không có giá,Không có giảm giá,"Xe đưa đón ra sân bay, ",
Dream House,"111 Đ. Bình Than, Đại Phúc, Bắc Ninh, 790000, Việt Nam","3,9",11,21.1710991,106.039288,Bắc Ninh,Khách sạn 2 sao,Không có giá,Không có giảm giá,"Wi-Fi miễn phí, Đỗ xe miễn phí, Dịch vụ giặt ủi, Xe đưa đón ra sân bay, ","https://lh5.googleusercontent.com/p/AF1QipOQrx8u-0bQUBwfyHyKy7keveqxbcNYZZmYxKeI, https://lh5.googleusercontent.com/p/AF1QipOQrx8u-0bQUBwfyHyKy7keveqxbcNYZZmYxKeI, https://lh5.googleusercontent.com/p/AF1QipOuyA77GLU0Uzm0wIUsOrFfaJud5-PvWKdu2bsk, "
Crown Hotel,"5492+5FJ, Đ. Chu Mẫu, Vân Dương, Bắc Ninh, Việt Nam",Chưa xét,0,21.1679602,106.0651004,Bắc Ninh,Khách sạn,Không có giá,Không có giảm giá,,
Khách Sạn Yên Bình,"170 Đ Lý Đạo Thành, P.Ninh Xá, Bắc Ninh, 160000, Việt Nam","3,8",13,21.1679602,106.0342014,Bắc Ninh,Khách sạn,Không có giá,Không có giảm giá,,"https://lh5.googleusercontent.com/p/AF1QipML0HWI9cWj1VIMnLZSWjSxeOELthKrG8PmF8ap, https://lh5.googleusercontent.com/p/AF1QipNN-Je7rGIddVB86U4jYdMjnaurMXukK2itJucB, https://lh5.googleusercontent.com/p/AF1QipPDQa0ZLJhiHtwU0lPF3ur48ALi2x0R4UqCKKrL, https://lh5.googleusercontent.com/p/AF1QipNLjcYrJfZo6PhcXB9HA3YRXPDsJZxMXDaK0b4Q, "
nhà khách lutos 2,"64 P. Tô Hiệu, P.Ninh Xá, Bắc Ninh, Việt Nam","5,0",5,21.1753005,106.0257289,Bắc Ninh,Khách sạn,Không có giá,Không có giảm giá,,
SPOT ON 767 Ruby Hotel,"Võ Cường, Bắc Ninh, Việt Nam","3,6",33,21.1746921,106.0222801,Bắc Ninh,Khách sạn 2 sao,Không có giá,Không có giảm giá,,"https://lh5.googleusercontent.com/p/AF1QipNLoFP47vaGX9HW-TreuCb3ST2Vl04rd1yTZzU3, https://lh5.googleusercontent.com/p/AF1QipNRBO-QOfO8aDHExNY-rkiVO5XkdhOcwQTYdZtT, https://lh5.googleusercontent.com/p/AF1QipNOoEd1lCgoZnhozwTJ-ZbYC6esBvNr52Bo1Wf0, https://lh5.googleusercontent.com/p/AF1QipNfj7smpnJLPZOe13EaqV2coBG5mCt9rP2pRLR3, "
Hotel Anh Tuấn,"Xuân Ổ B, Bắc Ninh, Việt Nam","3,3",23,21.1746921,105.9913811,Bắc Ninh,Khách sạn 2 sao,Không có giá,Không có giảm giá,"Wi-Fi miễn phí, Đỗ xe miễn phí, Dịch vụ giặt ủi, ","https://lh5.googleusercontent.com/p/AF1QipPXy0HlbFi6_ssoxauFkwpzeWvCyq0XdT9Xk4tm, https://lh5.googleusercontent.com/p/AF1QipNwBmNui_fUQDKLKLoybnOPTgUcEx_OWfqvdSHB, https://lh5.googleusercontent.com/p/AF1QipNSAGVBoif6D23g2WwAQOLyHEAjVeBVbLQOn0LM, https://lh5.googleusercontent.com/p/AF1QipNBs_Tl6crysA1NnYcWXHU_lHMxNqkP3GqM9Dz3, "
Công ty TNHH Indochina Legend,"Ngoc Xanh project, Le Thai To Str, Lô 05, dự án Ngọc Xanh, Lê Thái Tổ, Võ Cường, Bắc Ninh 16000, Việt Nam",Chưa xét,0,21.1719563,106.0238076,Bắc Ninh,Khách sạn,Không có giá,Không có giảm giá,"Xe đưa đón ra sân bay, ","https://lh5.googleusercontent.com/p/AF1QipMK2vMGKyGo2MIrnWeGbkdXxbVt6TNR5ICdeaSo, https://lh5.googleusercontent.com/p/AF1QipMK2vMGKyGo2MIrnWeGbkdXxbVt6TNR5ICdeaSo, https://lh5.googleusercontent.com/p/AF1QipMK2vMGKyGo2MIrnWeGbkdXxbVt6TNR5ICdeaSo, "
City Hotel,"53G4+WRQ, P.Ninh Xá, Bắc Ninh, Việt Nam","4,6",9,21.1773473,106.0210718,Bắc Ninh,Khách sạn,Không có giá,Không có giảm giá,,"https://lh5.googleusercontent.com/p/AF1QipMs8H6svjkG7fiIMuw0AxXKehEVvt8TazELhfg9, https://lh5.googleusercontent.com/p/AF1QipMs8H6svjkG7fiIMuw0AxXKehEVvt8TazELhfg9, "
Amy Hotel,"53F7+MP2, Đ. Lý Thái Tổ, P.Ninh Xá, Bắc Ninh, 220000, Việt Nam","5,0",2,21.1741758,106.0282453,Bắc Ninh,Khách sạn,Không có giá,Không có giảm giá,"Wi-Fi miễn phí, Bữa sáng miễn phí, Đỗ xe miễn phí, Phù hợp cho người khuyết tật, Có điều hòa nhiệt độ, Dịch vụ giặt ủi, Bếp ở một số phòng, Xe đưa đón ra sân bay, ","https://lh5.googleusercontent.com/p/AF1QipOIi_nWnroA9fyizV-7HcCPwy0AQlTGR4iPtCM_, https://lh5.googleusercontent.com/p/AF1QipMxthBbp19m8wvUMtyf6TTtx2ivdNFN2n5sEd2X, https://lh5.googleusercontent.com/p/AF1QipPCIEqkmrn4G9jLsO-kvYE6g8vN_5VA3NPKBPUB, https://lh5.googleusercontent.com/p/AF1QipOa8I6JQYutJt2g-2yhjNdX3NIkh5mcGsADLWpJ, "
Lien Son Apartment,"18-20 Nguyễn Cao, street, Bắc Ninh, Việt Nam","4,1",7,21.1795363,106.0298632,Bắc Ninh,Khách sạn 3 sao,Không có giá,Không có giảm giá,"Wi-Fi miễn phí, Bữa sáng miễn phí, Đỗ xe miễn phí, Có điều hòa nhiệt độ, Dịch vụ giặt ủi, Chấp nhận vật nuôi, Bếp ở một số phòng, Xe đưa đón ra sân bay, ","https://lh5.googleusercontent.com/p/AF1QipOmun9YTfCDVnYgpiP-Bzxe3mJyD2QhSRI0Ej9W, https://lh5.googleusercontent.com/p/AF1QipPkZKbcQUAQB8eQZ44rR2hdFD6YxkPRgh49J72j, https://lh5.googleusercontent.com/p/AF1QipP39TLI_ZsgE-n8El6O_oZYJyrkGL4rmKP6bQpI, https://lh5.googleusercontent.com/p/AF1QipNcrcKiu9JakB7K6DrXywDr5y5CxuYWBbhqSdLf, "
hotel ngoc han,"66 Nguyễn Văn Trỗi, P.Ninh Xá, Bắc Ninh, Việt Nam","4,5",2,21.1742419,106.0254476,Bắc Ninh,Khách sạn,Không có giá,Không có giảm giá,,"https://lh5.googleusercontent.com/p/AF1QipPEKMyshGhd4FekoRjbqPvQHAo6700Mg71lFUu6, https://lh5.googleusercontent.com/p/AF1QipN4rCa2amz-jp3Haa-C8B-cTjbPqiNbwhoEWtzd, https://lh5.googleusercontent.com/p/AF1QipNjw2Z11dxNs32W5nGi0jPwyQdCMAI6nqASocsv, "
NHÀ TRỌ HD- NAM SƠN,"11 Đ. Đàm Văn Lễ, Nam Sơn, Bắc Ninh, Việt Nam","4,4",15,21.1483899,106.076909,Bắc Ninh,Khách sạn,Không có giá,Không có giảm giá,,"https://lh5.googleusercontent.com/p/AF1QipMQvK-htvuu_B07cC4LP6KYfDBWn_Wd1mqPSrXj, https://lh5.googleusercontent.com/p/AF1QipMQvK-htvuu_B07cC4LP6KYfDBWn_Wd1mqPSrXj, "
Nhà Nghỉ Skyline,"53GF+W98, Đại Phúc, Bắc Ninh, Việt Nam","3,1",7,21.1772883,106.0374182,Bắc Ninh,Khách sạn,Không có giá,Không có giảm giá,"Có điều hòa nhiệt độ, ","https://lh5.googleusercontent.com/p/AF1QipMqnhwqI2CA704Svp_KR-1nEgG7EW3ME_mlvZ5-, https://lh5.googleusercontent.com/p/AF1QipOm9ZkIUiZN3ZDqfH9dWSi8znpZzXB4dZWXA9Z8, https://lh5.googleusercontent.com/p/AF1QipO8SOtR0YVz13hgAMdYVpXOFk8ZENMxKnY_Wl0J, https://lh5.googleusercontent.com/p/AF1QipP97CmEYqhWrl5s8Z5xbPGpDxI-pAAiRcXuFO1y, "
khách san việt hàn,"đạo ngạn, Quang Châu, Việt Yên, Bắc Giang 002101, Việt Nam",Chưa xét,0,21.205494,106.0565427,Bắc Ninh,Khách sạn,Không có giá,Không có giảm giá,,
Praha Hotel & Coffee,"36 Đ. Kinh Dương Vương, p, Bắc Ninh, 790000, Việt Nam",Chưa xét,0,21.1836734,106.0461674,Bắc Ninh,Khách sạn,Không có giá,Không có giảm giá,,
Moon Hotel Từ Sơn,"69 Lê Hồng Phong, P, Từ Sơn, Bắc Ninh 16306, Việt Nam","4,5",4,21.114442,105.9236549,Bắc Ninh,Khách sạn,Không có giá,Không có giảm giá,,
Capital O 1056 Nasa Hotel,"148, Ngoc Han Princess, 100000, Việt Nam",Chưa xét,0,21.173748,106.0250611,Bắc Ninh,Khách sạn,Không có giá,Không có giảm giá,,
An Viet Motel,"C46- C48 Hàn Thuyên, Khu đô thị An Huy, Bắc Ninh, Việt Nam","4,7",3,21.1848466,106.0450441,Bắc Ninh,Khách sạn 3 sao,Không có giá,Không có giảm giá,,"https://lh5.googleusercontent.com/p/AF1QipMBjnf4HMFRP8jMkcLrpTaAweG8_230ovY1N3R_, https://lh5.googleusercontent.com/p/AF1QipM9fVA5yhscU32TDV4zXyV6tkuRDJwLjyIOBW5G, https://lh5.googleusercontent.com/p/AF1QipOOTwZJbObiMRBTQRXxpUGactcDMiJ-JwTOBQwX, https://lh5.googleusercontent.com/p/AF1QipMCzHFwq0xxBHX9zjPf9Y5Q5hGSNHENItkQnWcg, "
Nhà Nghỉ Trà My,"53CX+3HX, QL18, Vân Dương, Bắc Ninh, Việt Nam","4,2",13,21.1702414,106.0629469,Bắc Ninh,Khách sạn,Không có giá,Không có giảm giá,,"https://lh5.googleusercontent.com/p/AF1QipPYb3aWL820f18KGEi8s4837w4R7HxExRbJY9a9, https://lh5.googleusercontent.com/p/AF1QipOsjB8HNFixN2Q_ldnFuwoYvtwfw2LQHwX2yfOQ, https://lh5.googleusercontent.com/p/AF1QipNFXwKZ33FpzpbIsmmgztOV1HB498xI66Re3NRo, https://lh5.googleusercontent.com/p/AF1QipPp-9jLcgWiW2HNY1OBvE862HNuksdtfm0xSDAp, "
Nhà Nghỉ Đông Á,"272 Nguyễn Văn Cừ, Võ Cường, Bắc Ninh, Việt Nam","4,3",22,21.1714426,106.0148095,Bắc Ninh,Khách sạn,Không có giá,Không có giảm giá,,"https://lh5.googleusercontent.com/p/AF1QipMR-Dc1MG2zmJ6CrqOKdsfnCsg-wHFX1fDzzR0q, https://lh5.googleusercontent.com/p/AF1QipMw19TjgjQs6DcNfxMf-ir8VtNp2mLZl4fEY-2q, https://lh5.googleusercontent.com/p/AF1QipONd-EA0O1ohSzk0EyI_kuF6V4AzLkJNeb4eoWL, https://lh5.googleusercontent.com/p/AF1QipNya_hvWj8LRignudE3LkXsxkvj585di0sRpe86, "
Nhà Nghỉ Xuân Hòa,"29 Hàn Mặc Tử, Kinh Bắc, Bắc Ninh, Việt Nam","4,4",38,21.1859883,106.0296003,Bắc Ninh,Khách sạn,Không có giá,Không có giảm giá,"Wi-Fi miễn phí, Có điều hòa nhiệt độ, Dịch vụ giặt ủi, Chấp nhận vật nuôi, ","https://lh5.googleusercontent.com/p/AF1QipPCOGJDGWx_LgO0kT6U_mpkQOZsQUKTqBzJtNfz, https://lh5.googleusercontent.com/p/AF1QipODxfl7J2nNbn4jg4hXj0VLOC1k5cW67yC1aetD, https://lh5.googleusercontent.com/p/AF1QipPDiMTVxUQeYjctOdPO0cHkC76d3XjjBTwr-nc, https://lh5.googleusercontent.com/p/AF1QipOh3OpNRUsI138tonPUYCP3EkYqMSTsZGz67oLx, "
Nhà nghỉ Quênhomestay,"53CF+GJ6, Unnamed Road, Bắc Ninh, Việt Nam","4,0",1,21.1712973,106.0379782,Bắc Ninh,Khách sạn 2 sao,Không có giá,Không có giảm giá,,"https://lh5.googleusercontent.com/p/AF1QipOd1QgJAQjiMogeTIg-3zcvbY14cj_8uo2Rnbuy, https://lh5.googleusercontent.com/p/AF1QipOd1QgJAQjiMogeTIg-3zcvbY14cj_8uo2Rnbuy, https://lh5.googleusercontent.com/p/AF1QipOd1QgJAQjiMogeTIg-3zcvbY14cj_8uo2Rnbuy, "
SPRING HOTEL,"27D Đ. N2, Lái Thiêu, Thuận An, Bình Dương 75000, Việt Nam","4,3",155,10.9059752,106.4222244,Bình Dương,Khách sạn 3 sao,332.860 ₫,Không có giảm giá,"Wi-Fi miễn phí, Có điều hòa nhiệt độ, Dịch vụ giặt ủi, Phù hợp với trẻ em, ","https://lh5.googleusercontent.com/p/AF1QipMsRxAXwbD7ARbzphVObpi_8Gq-wJQGw_Fw-mx2, https://lh5.googleusercontent.com/p/AF1QipPa-Mm438uPNpYGj8ssQaCRjGAs78Ug2tkoMYe2, https://lh5.googleusercontent.com/p/AF1QipODT-14qvZG5ivfzRvU7H2Nk7twHgYxdCNSkm0p, https://lh5.googleusercontent.com/p/AF1QipNMgX56dw1i14AERUc1SgxrSpK9eNCkjr_he_QQ, "
Thịnh Gia Hotel Bến Cát,"Lô 95 - 96a Đường NF1, khu phố 7, Bến Cát, Bình Dương 75900, Việt Nam","4,9",134,11.1404938,106.3410059,Bình Dương,Khách sạn,381.044 ₫,Không có giảm giá,"Wi-Fi miễn phí, Đỗ xe miễn phí, Có điều hòa nhiệt độ, Dịch vụ giặt ủi, Bếp ở một số phòng, ","https://lh5.googleusercontent.com/p/AF1QipPpLUPcN7YPukO1DD69CNpdwiJ78KRcMBeCICR2, https://lh5.googleusercontent.com/p/AF1QipMBQuCqtnt5_1CyEw5TteTrCYVnFClSQmU3l_ZM, https://lh5.googleusercontent.com/p/AF1QipNSMd-6_vlrPab0yZ1xE-6DR0HvhdXF6QYQ73H_, https://lh5.googleusercontent.com/p/AF1QipMKwUUpaIv8QWe69ZqWBf34VyMdp4hl0FvRA9Tp, "
Âu Lạc Hotel - 欧乐酒店,"Đường DA 1-2, Mỹ Phước, Bến Cát, Bình Dương, Việt Nam","3,9",285,11.1320016,106.3262102,Bình Dương,Khách sạn 2 sao,178.029 ₫,Ít hơn 21% so với bình thường,"Wi-Fi miễn phí, Đỗ xe miễn phí, Có điều hòa nhiệt độ, Dịch vụ giặt ủi, Chấp nhận vật nuôi, Nhà hàng, ","https://lh5.googleusercontent.com/p/AF1QipN728eH10FuRjx22b13MHKlqkp3x5Y7Zmt-CSXw, https://lh5.googleusercontent.com/p/AF1QipO2Hv9FT6tnkJ8AjuGS8eT9U2yTtSkx5yVmOK6c, https://lh5.googleusercontent.com/p/AF1QipM1fxKHYYgvG1Pxb_OuNvMLgUr5vDSL5MnI7AkP, https://lh5.googleusercontent.com/p/AF1QipPR0Xk_K1KI7_caFJg-yiA8dMM3IS6-YysYB92Z, "
KHÁCH SẠN HƯNG PHƯỚC,"95 - 97 Đường D1, Khu Công Nghiệp Mỹ, Bến Cát, Bình Dương, Việt Nam","3,9",205,11.1300614,106.3149714,Bình Dương,Khách sạn 2 sao,495.417 ₫,Không có giảm giá,"Wi-Fi miễn phí, Bữa sáng miễn phí, Đỗ xe miễn phí, Có điều hòa nhiệt độ, Dịch vụ giặt ủi, Nhà hàng, Xe đưa đón ra sân bay, ","https://lh5.googleusercontent.com/p/AF1QipOUr9xpbwMuNQGZUNaL7sd3rhE27wdknE3jrIza, https://lh5.googleusercontent.com/p/AF1QipNJX52TDwnLOGw78bOOChcmMF4md0oXdzsQg-a6, https://lh5.googleusercontent.com/p/AF1QipO3A43v48V8RujLfX6YXFLQK8qKoP0G_4zg3QCg, https://lh5.googleusercontent.com/p/AF1QipNCnduJFEhPKvjvWQ8eiJo3apxq7c-deWL8vhh4, "
Khai Hoan Luxury Hotel,"TC1, Mỹ Phước 2, Bến Cát, Bình Dương 825560, Việt Nam","4,8",112,11.1249319,106.3262805,Bình Dương,Khách sạn 2 sao,370.000 ₫,Không có giảm giá,"Wi-Fi miễn phí, Đỗ xe miễn phí, Có điều hòa nhiệt độ, Dịch vụ giặt ủi, Bếp ở một số phòng, Xe đưa đón ra sân bay, ","https://lh5.googleusercontent.com/p/AF1QipMNEmGpe0MPL6sf9tpJcB8BFMs5-X8-lDEh2Vvd, https://lh5.googleusercontent.com/p/AF1QipP0cpLVVnHHe24oQ8MqOE72QZBNAYixx6oaUcpO, https://lh5.googleusercontent.com/p/AF1QipOeILkxQkR-jyhcCyYP3Xtt4iTVlR1hdpoAlVof, https://lh5.googleusercontent.com/p/AF1QipPM44m7f1o3WYMH3HzZqpb_gLFatpnIdsDLGyRs, "
"Khách Sạn Long Bảo Châu ( Thủ Dầu Một, Bình Dương )","9 Đường D10, Chánh Nghĩa, Thủ Dầu Một, Bình Dương 821130, Việt Nam","3,9",320,10.972514,106.3747832,Bình Dương,Khách sạn 3 sao,424.150 ₫,Không có giảm giá,"Wi-Fi miễn phí, Bữa sáng miễn phí, Đỗ xe miễn phí, Có điều hòa nhiệt độ, Dịch vụ giặt ủi, Dịch vụ phòng, Phù hợp với trẻ em, Nhà hàng, Xe đưa đón ra sân bay, Trung tâm thể dục, Quán bar, Không hút thuốc, ","https://lh5.googleusercontent.com/p/AF1QipOcF9HMYGcFWMYz7OgYyVBmvnOK8255vAAgZkuG, https://lh5.googleusercontent.com/p/AF1QipMYokwv7jgTXVT7bFx_Kf_cu6c2OtvufJbgD-0t, https://lh5.googleusercontent.com/p/AF1QipOlCeEPTpCVG2xifjVvroccLDf9GVXCiV9vJxnb, https://lh5.googleusercontent.com/p/AF1QipOrV8kfAnrRjaOONYNIdr-r4-3U6fH6bwTzHZT0, "
Hotel Hoàng Minh Châu,"39 NE8, Phường, Bến Cát, Bình Dương 75900, Việt Nam","3,7",106,11.0969733,106.3496289,Bình Dương,Khách sạn,240.644 ₫,Không có giảm giá,"Wi-Fi miễn phí, Đỗ xe miễn phí, Có điều hòa nhiệt độ, Dịch vụ giặt ủi, Dịch vụ phòng, ","https://lh5.googleusercontent.com/p/AF1QipOBhDaKOKqz1llzvMjGn6hCNJHFI32XrTcBLJEk, https://lh5.googleusercontent.com/p/AF1QipN3D4BfcQy1cTYkbBf6mpA8cAZxqloLGMCcE5jt, https://lh5.googleusercontent.com/p/AF1QipOL7lnwufLKUBF5jZCU6T77qFlrev4XkbXDk_cu, https://lh5.googleusercontent.com/p/AF1QipNStCpSZmazTLXU6u_sMt8FG6gRCiYRqD1gJRdo, "
Khai Hoan Hotel 2,"DA1-1, Mỹ Phước, Bến Cát, Bình Dương, Việt Nam","4,8",141,11.1397228,106.3238594,Bình Dương,Khách sạn,495.000 ₫,Không có giảm giá,,"https://lh5.googleusercontent.com/p/AF1QipOk7sHDkbzz7L5RTyf1GgR2PBIHxZ6L1cTmYIut, https://lh5.googleusercontent.com/p/AF1QipNQz5mWRqpOxd5KHDIXKtqUh6DGNNwd9fyq-IgD, https://lh5.googleusercontent.com/p/AF1QipPaXOwtA-MjDEh4XIkuTv9rMwKisgZLSwrYTlAZ, https://lh5.googleusercontent.com/p/AF1QipNa_fV6HhT2-8ttQ7LqMqojz_XX2joWAartST8T, "
Khách Sạn Khang Điền,"L6 An Dương Vương, Phú Chánh, Thủ Dầu Một, Bình Dương 820000, Việt Nam","4,5",73,11.0722376,106.3946313,Bình Dương,Khách sạn,635.000 ₫,Không có giảm giá,"Wi-Fi miễn phí, Đỗ xe miễn phí, Có điều hòa nhiệt độ, Dịch vụ giặt ủi, ","https://lh5.googleusercontent.com/p/AF1QipOeORdqt6v55g_GXHDnT4ilurbAvmfvb54py9ZE, https://lh5.googleusercontent.com/p/AF1QipOyeR0yqXVL54dt8VyZa4UUZCGrpEFXy6c1j7cN, https://lh5.googleusercontent.com/p/AF1QipM9e5axuo3EwL5sjjkSlWu_W-tYX4tkq7H5PX1W, https://lh5.googleusercontent.com/p/AF1QipN_o41NbKYfwx8JdOP5BtRuzbuQGaSK5U6RHu4U, "
The Mira Hotel,"555B Đại lộ Bình Dương, Hiệp Thành, Thủ Dầu Một, Bình Dương, Việt Nam","4,3",2.064,10.9869557,106.3763696,Bình Dương,Khách sạn 5 sao,1.140.000 ₫,Không có giảm giá,"Wi-Fi miễn phí, Bữa sáng miễn phí, Đỗ xe miễn phí, Phù hợp cho người khuyết tật, Bể bơi ngoài trời, Có điều hòa nhiệt độ, Dịch vụ giặt ủi, Dịch vụ phòng, Phù hợp với trẻ em, Nhà hàng, Xe đưa đón ra sân bay, Bồn tắm nước nóng, Spa, Trung tâm thể dục, ","https://lh5.googleusercontent.com/p/AF1QipM9dFJAEt4OI6fDHswTxAZnFOGcsVHlGWga-FXW, https://lh5.googleusercontent.com/p/AF1QipMIlWYRBVSGT09riiaf48EtRyDf4NZkfca1QWVB, https://lh5.googleusercontent.com/p/AF1QipO1Iqex4g9otSbwCg3DLWvWpW0gonZBSm4-Jcs-, https://lh5.googleusercontent.com/p/AF1QipPOAg0RYetzkjxufcklJQ7L7m0QmFkjK552sFRg, "
Elizabeth Hotel,"39A Trần Văn Ơn, Phú Hoà, Thủ Dầu Một, Bình Dương 75000, Việt Nam","4,4",405,10.9739125,106.3865016,Bình Dương,Khách sạn,1.058.702 ₫,Không có giảm giá,"Wi-Fi miễn phí, Bữa sáng miễn phí, Đỗ xe miễn phí, Phù hợp cho người khuyết tật, Bể bơi ngoài trời, Có điều hòa nhiệt độ, Dịch vụ giặt ủi, Trung tâm thương mại, Dịch vụ phòng, Phù hợp với trẻ em, Nhà hàng, Bếp ở một số phòng, Xe đưa đón ra sân bay, ","https://lh5.googleusercontent.com/p/AF1QipOcL09DgUy9_7xXVhy2YgUjkmm1ZmrX4kJlGS_m, https://lh5.googleusercontent.com/p/AF1QipPGYH_6AVhSK0lyNe__XEi4ULHVDjMz-ChHsJ5d, https://lh5.googleusercontent.com/p/AF1QipP6zbypYfdD_ineCaKcEJCc2YSq4WgGUk6DAJ66, https://lh5.googleusercontent.com/p/AF1QipMGfmLNwctZq2EAXZILyGUuyRofPpRjouo6iLNs, "
Anna Hotel,"NE8 Duong KL3, Mỹ Phước, Bình Dương, 75000, Việt Nam","4,2",22,11.0968039,106.3449595,Bình Dương,Khách sạn,459.000 ₫,Không có giảm giá,"Wi-Fi miễn phí, Dịch vụ giặt ủi, Chấp nhận vật nuôi, Dịch vụ phòng, Bếp ở một số phòng, Quán bar, ","https://lh5.googleusercontent.com/p/AF1QipNoCzuNq_EwQ5mRb0ftk-Tm-Em2YqBNmLQwZ2h4, https://lh5.googleusercontent.com/p/AF1QipNjQlzzxsGv0t1FPMpf8zs2zFpFsqWGyRZ5PXlt, https://lh5.googleusercontent.com/p/AF1QipO4xeau9gFPyvNMZNLpUxbj5LCL1U1mDOofNbSu, https://lh5.googleusercontent.com/p/AF1QipNLGVVjvyv4TwZx9aWs4k9Q8YFTnTObQh0CPdEh, "
Khách Sạn K'MY,"104/6 Đại lộ Bình Dương, Phú Hoà, Thủ Dầu Một, Bình Dương 75000, Việt Nam","4,5",94,10.9702112,106.3897207,Bình Dương,Khách sạn,300.000 ₫,Không có giảm giá,"Wi-Fi miễn phí, Đỗ xe miễn phí, Có điều hòa nhiệt độ, Dịch vụ giặt ủi, Dịch vụ phòng, ","https://lh5.googleusercontent.com/p/AF1QipOktYpLKo51ukiOhQJMfMwtxUBzc8X1-dYq__AW, https://lh5.googleusercontent.com/p/AF1QipMQAfGDx8oX1rGExZk3xbX9pcfO7FnG8HBzwlpL, https://lh5.googleusercontent.com/p/AF1QipOF0Ct0Furw9y5_25-dbppsImZiVj0GXXNqb1rZ, https://lh5.googleusercontent.com/p/AF1QipObM-RNKDaXxIWPv3X6yAzz20t2MxxOUjlYlmOu, "
Becamex Hotel Thu Dau Mot,"230 Đại lộ Bình Dương, Phú Hoà, Thủ Dầu Một, Bình Dương, Việt Nam","4,2",1.111,10.976177,106.3828077,Bình Dương,Khách sạn 4 sao,1.289.522 ₫,Không có giảm giá,"Wi-Fi miễn phí, Bữa sáng miễn phí, Đỗ xe miễn phí, Phù hợp cho người khuyết tật, Bể bơi ngoài trời, Có điều hòa nhiệt độ, Dịch vụ giặt ủi, Trung tâm thương mại, Dịch vụ phòng, Phù hợp với trẻ em, Nhà hàng, Bếp ở một số phòng, Xe đưa đón ra sân bay, Trung tâm thể dục, ","https://lh5.googleusercontent.com/p/AF1QipOHrAV6_tlfe8UbOn_4mI3kmh0lRgnE_HuHuoZZ, https://lh5.googleusercontent.com/p/AF1QipMzwXOI9NvhEtmG7AsJXNLJWbmKJT92wXHHeA1G, https://lh5.googleusercontent.com/p/AF1QipPolSO0b-Es--jxh4s_2CvQeR5zqIlJDN5yXpyu, https://lh5.googleusercontent.com/p/AF1QipNBTAdrcF1nE7qqCiyE0qx0A6Ec9DZL-VtUd0sT, "
ANH KHOA HOTELS MỸ PHƯỚC,"Đường DA1-1, Mỹ Phước, Bến Cát, Bình Dương 75900, Việt Nam","4,8",151,11.1483719,106.3231659,Bình Dương,Khách sạn,250.000 ₫,Không có giảm giá,"Wi-Fi miễn phí, Bữa sáng có tính phí, Đỗ xe miễn phí, Dịch vụ giặt ủi, Dịch vụ phòng, Quán bar, ","https://lh5.googleusercontent.com/p/AF1QipMH-pMmTYTZGCig69fGhvOFVMBdHv6xZqxvjHws, https://lh5.googleusercontent.com/p/AF1QipMu8H-h08oCechGo2lBmnyq6OhsyJ9TmVsK_-7p, https://lh5.googleusercontent.com/p/AF1QipMIoH-PxfY1ighfbwM-dXUEtJVt5kpR7OyYaCh8, https://lh5.googleusercontent.com/p/AF1QipOUn33-JS-jLMz17clyIiM7A-VAhtZnoS4zb7l4, "
Khách sạn Hoàng Phúc,"Đường số 13, Đường Khu Tái Định Cư, Định Hoà, Thủ Dầu Một, Bình Dương 590000, Việt Nam","4,3",182,11.0428079,106.3718112,Bình Dương,Khách sạn 1 sao,350.000 ₫,Không có giảm giá,"Wi-Fi miễn phí, Bữa sáng có tính phí, Đỗ xe miễn phí, Có điều hòa nhiệt độ, Dịch vụ giặt ủi, Dịch vụ phòng, Phù hợp với trẻ em, Nhà hàng, Xe đưa đón ra sân bay, Bồn tắm nước nóng, Quán bar, Không hút thuốc, ","https://lh5.googleusercontent.com/p/AF1QipMnPPU6m0hy-GbZWEd8n-wXHpAfu5-_PBv-szt4, https://lh5.googleusercontent.com/p/AF1QipPc0hPjMXNqEzttgKryqFHwwvR-s-sGENTSm_bW, https://lh5.googleusercontent.com/p/AF1QipNcIsS8s6T3RxCUs5iVoVrJYM61MckZY0wt73f_, https://lh5.googleusercontent.com/p/AF1QipNwXuH_fzKsKCcnk3OoM0UTu4aYwA1XDwnC9Yqh, "
Hotel Thiên đường Xanh/ Green Paradise bungalows,"đường tỉnh ĐT742, ấp 5, Vĩnh Tân, Tân Uyên, Bình Dương, Việt Nam","4,3",148,11.1105676,106.4179747,Bình Dương,Khách sạn,250.000 ₫,Không có giảm giá,"Wi-Fi miễn phí, Đỗ xe miễn phí, Bể bơi ngoài trời, Có điều hòa nhiệt độ, Dịch vụ giặt ủi, Phù hợp với trẻ em, Nhà hàng, Bếp ở một số phòng, Xe đưa đón ra sân bay, ","https://lh5.googleusercontent.com/p/AF1QipPkPJd6F5_ptBACM6Ts2QFqs8pz-VFt4M1y1fuC, https://lh5.googleusercontent.com/p/AF1QipNKuU3BxNA1SylZc6cngYjvHHp7yKRF1hjMcXrV, https://lh5.googleusercontent.com/p/AF1QipM3Bfz2EuiVv56eoJ2Scl4Vglg_rIlsKww4iWxq, https://lh5.googleusercontent.com/p/AF1QipMJZHIimgqdj3PLlTedWUv22hSI4eFa1XtbxiQD, "
BCONS BINH DUONG HOTEL,"50 Bạch Đằng, Phú Cường, Thủ Dầu Một, Bình Dương 821480, Việt Nam","4,1",543,10.9802894,106.3616476,Bình Dương,Khách sạn 4 sao,637.442 ₫,Không có giảm giá,"Wi-Fi miễn phí, Bữa sáng miễn phí, Đỗ xe miễn phí, Bể bơi ngoài trời, Có điều hòa nhiệt độ, Dịch vụ giặt ủi, Phù hợp với trẻ em, Nhà hàng, Spa, Trung tâm thể dục, ","https://lh5.googleusercontent.com/p/AF1QipNz7kguqBbu183FcpuBC2IlJZxA9xe42ckeDpDY, https://lh5.googleusercontent.com/p/AF1QipNgQ0Xc_4ANGubtWfIZIPV1qBKNOVRc8S8nR4S-, https://lh5.googleusercontent.com/p/AF1QipOz1K5uL-FiEyK3ug8rCbIAmPG72EueSruIktG5, https://lh5.googleusercontent.com/p/AF1QipPdqk0_mGzoOuWC19NTsjDLCpYwH9nv5YVUHGBg, "
Lucky Life HOTEL,"Đường D5a, kp4, Bến Cát, Bình Dương, Việt Nam","4,8",30,11.1013205,106.3140378,Bình Dương,Khách sạn,360.000 ₫,Không có giảm giá,"Wi-Fi miễn phí, Bữa sáng có tính phí, Đỗ xe miễn phí, Có điều hòa nhiệt độ, Dịch vụ giặt ủi, Dịch vụ phòng, Xe đưa đón ra sân bay, Bồn tắm nước nóng, Không hút thuốc, ","https://lh5.googleusercontent.com/p/AF1QipMP6vafBcyF0nZC6Ijlzale9ByszupNtBGeSC_u, https://lh5.googleusercontent.com/p/AF1QipMbzoGfmQbUeCGDjYGCVBtDRvbSG79ay8yAF1OC, https://lh5.googleusercontent.com/p/AF1QipNMfr1oWLC1T-ZDtoja60XARcMyVIBZOg5yG_-k, https://lh5.googleusercontent.com/p/AF1QipNVNNqaVrkbf86UgdFhguJNIlIL_8rr5dBLQWO-, "
Khách Sạn Khang Điền,"445 Đ. Nguyễn Văn Trỗi, Hiệp Thành, Thủ Dầu Một, Bình Dương 820000, Việt Nam","4,3",147,10.9971465,106.3734368,Bình Dương,Khách sạn 4 sao,400.000 ₫,Không có giảm giá,"Wi-Fi miễn phí, Bữa sáng có tính phí, Đỗ xe miễn phí, Bể bơi trong nhà và ngoài trời, Có điều hòa nhiệt độ, Dịch vụ giặt ủi, Chấp nhận vật nuôi, Dịch vụ phòng, Xe đưa đón ra sân bay, Không hút thuốc, ","https://lh5.googleusercontent.com/p/AF1QipON9_pexH-S1cTs933HLgMnah-aQw00Pg1dqNDj, https://lh5.googleusercontent.com/p/AF1QipO-x--KAvBCiIPZEeK576H94V0SQ3XnlkVxd_VA, https://lh5.googleusercontent.com/p/AF1QipNfWAyj6KWFXOsz0gyrUa1RYD9GhAHE4dRRR0F5, https://lh5.googleusercontent.com/p/AF1QipNtzwwtKsjxLXThucfYyz3iveXPPyKDasMR444, "
Khách sạn Hoàng Hùng,"trung tâm hành chính, 79 Đ. số 10, Dĩ An, thành phố, Bình Dương 820000, Việt Nam","4,6",130,10.8933885,106.4718926,Bình Dương,Khách sạn 3 sao,476.643 ₫,Không có giảm giá,"Wi-Fi miễn phí, Đỗ xe miễn phí, Bể bơi ngoài trời, Có điều hòa nhiệt độ, Dịch vụ giặt ủi, Nhà hàng, Bếp ở một số phòng, ","https://lh5.googleusercontent.com/p/AF1QipM8POpABE2bDXQSBqk23jUgMkUc3RdNSRKl6zDO, https://lh5.googleusercontent.com/p/AF1QipPf4f2LlwL2hU165S7TXbc_VtpV3y6yo7IWavP2, https://lh5.googleusercontent.com/p/AF1QipM773MQlvmUbaAYgNHt2maJQBF19_2R7qt2UsTt, https://lh5.googleusercontent.com/p/AF1QipOTb_iEgCQdO34TUGqzmI5MdccmJNdvs7sR_gOB, "
Khách sạn Hoàng Phúc,"Đường số 13, Đường Khu Tái Định Cư, Định Hoà, Thủ Dầu Một, Bình Dương 590000, Việt Nam","4,3",182,11.0428079,106.3718112,Bình Dương,Khách sạn 1 sao,350.000 ₫,Không có giảm giá,"Wi-Fi miễn phí, Bữa sáng có tính phí, Đỗ xe miễn phí, Có điều hòa nhiệt độ, Dịch vụ giặt ủi, Dịch vụ phòng, Phù hợp với trẻ em, Nhà hàng, Xe đưa đón ra sân bay, Bồn tắm nước nóng, Quán bar, Không hút thuốc, ","https://lh5.googleusercontent.com/p/AF1QipMnPPU6m0hy-GbZWEd8n-wXHpAfu5-_PBv-szt4, https://lh5.googleusercontent.com/p/AF1QipPc0hPjMXNqEzttgKryqFHwwvR-s-sGENTSm_bW, https://lh5.googleusercontent.com/p/AF1QipNcIsS8s6T3RxCUs5iVoVrJYM61MckZY0wt73f_, https://lh5.googleusercontent.com/p/AF1QipNwXuH_fzKsKCcnk3OoM0UTu4aYwA1XDwnC9Yqh, "
Khách Sạn Trần Long - CN Bình Dương,"3MCM+Q7J, Lô K, Khu phố thương mại Uni town, An Dương Vương, Phú Chánh, Thủ Dầu Một, Bình Dương, Việt Nam","3,8",325,11.0719673,106.3947511,Bình Dương,Khách sạn 2 sao,417.913 ₫,Không có giảm giá,"Wi-Fi miễn phí, Đỗ xe miễn phí, Có điều hòa nhiệt độ, Dịch vụ giặt ủi, Nhà hàng, ","https://lh5.googleusercontent.com/p/AF1QipPYI_OjdIUw11y_916LdYaLreo1keZqqrQUTWwC, https://lh5.googleusercontent.com/p/AF1QipOERAi6XuwlK3Y-edaIXwcrRr60ycgTJuaKBrjh, https://lh5.googleusercontent.com/p/AF1QipN9Monj00u5WZqpuiy7yk-3EQZUFj67119rMsfe, https://lh5.googleusercontent.com/p/AF1QipNYQQ1V6yjdieXfBxdl1YrKvh5S7Ei09bsswNH9, "
KHÁCH SẠN TRƯỜNG GIANG,"Lô j56, NE8, Phường, Bến Cát, Bình Dương 820000, Việt Nam","4,1",32,11.0975172,106.3503565,Bình Dương,Khách sạn,250.000 ₫,Không có giảm giá,,"https://lh5.googleusercontent.com/p/AF1QipMiN5PEmIJBf-bAEzVmT7vBfFmOp_hqlb9eVckw, https://lh5.googleusercontent.com/p/AF1QipNql_y3GYz4zTrDSGUfoUNlKzTmE7PiqdI9E-il, https://lh5.googleusercontent.com/p/AF1QipOMFYa57XrOHkkD8hUL9nrDd-3J-v3CGBpYbOO-, https://lh5.googleusercontent.com/p/AF1QipNLpULsAoV5OHmD2v8lD0xqQwelZuByEpc0llb5, "
Tuyết Minh Hotel,"NA3, Ấp 7, Bến Cát, Bình Dương, Việt Nam","5,0",29,11.1401777,106.3467379,Bình Dương,Khách sạn,250.000 ₫,Không có giảm giá,,"https://lh5.googleusercontent.com/p/AF1QipPhPKFptBaIoG5D9p-udmPyr6uEiONem6K68BHW, https://lh5.googleusercontent.com/p/AF1QipNYeU-ltnwzT4IgrOLLCphCVk77RB1BvjpQMeM, https://lh5.googleusercontent.com/p/AF1QipP5OefnKpUazZkmn1VCVaevEetj_C2nYW1o6ZIr, https://lh5.googleusercontent.com/p/AF1QipNcHF31WInOl6Jqv3WlfDEOwRnF459CjNv0eT4, "
Becamex Hotel Thu Dau Mot,"230 Đại lộ Bình Dương, Phú Hoà, Thủ Dầu Một, Bình Dương, Việt Nam","4,2",1.111,10.976177,106.3828077,Bình Dương,Khách sạn 4 sao,1.289.522 ₫,Không có giảm giá,"Wi-Fi miễn phí, Bữa sáng miễn phí, Đỗ xe miễn phí, Phù hợp cho người khuyết tật, Bể bơi ngoài trời, Có điều hòa nhiệt độ, Dịch vụ giặt ủi, Trung tâm thương mại, Dịch vụ phòng, Phù hợp với trẻ em, Nhà hàng, Bếp ở một số phòng, Xe đưa đón ra sân bay, Trung tâm thể dục, ","https://lh5.googleusercontent.com/p/AF1QipOHrAV6_tlfe8UbOn_4mI3kmh0lRgnE_HuHuoZZ, https://lh5.googleusercontent.com/p/AF1QipMzwXOI9NvhEtmG7AsJXNLJWbmKJT92wXHHeA1G, https://lh5.googleusercontent.com/p/AF1QipPolSO0b-Es--jxh4s_2CvQeR5zqIlJDN5yXpyu, https://lh5.googleusercontent.com/p/AF1QipNBTAdrcF1nE7qqCiyE0qx0A6Ec9DZL-VtUd0sT, "
HOTEL HAPPY,"79 Đường NK 9, KP - 3A, Bến Cát, Bình Dương, Việt Nam","4,9",49,11.0896305,106.3513449,Bình Dương,Khách sạn,255.000 ₫,Không có giảm giá,,"https://lh5.googleusercontent.com/p/AF1QipMCvcL5OM7r0hXDMURooPlOSleljuV3ra3l9I_3, https://lh5.googleusercontent.com/p/AF1QipM9D6uQZrMx_8GlTP2ypiQAeTfl8lKpuU7Qnepk, https://lh5.googleusercontent.com/p/AF1QipPBvPHkxq7IcuiiA495hhWWDHYPsEWMYX0j1B5k, https://lh5.googleusercontent.com/p/AF1QipNuJZXy9Oi1639JHff9vfvFfDdSiDHS-VrrJ0wc, "
Citadines Central Binh Duong,"328C Đại lộ Bình Dương, Khu phố Hưng Lộc, Thuận An, Bình Dương 820000, Việt Nam","4,5",627,10.9480647,106.4182912,Bình Dương,Khách sạn 4 sao,798.160 ₫,Không có giảm giá,"Wi-Fi miễn phí, Bữa sáng có tính phí, Đỗ xe miễn phí, Phù hợp cho người khuyết tật, Bể bơi ngoài trời, Có điều hòa nhiệt độ, Dịch vụ giặt ủi, Dịch vụ phòng, Phù hợp với trẻ em, Nhà hàng, Bếp trong tất cả các phòng, Xe đưa đón ra sân bay, Trung tâm thể dục, Sân gôn, ","https://lh5.googleusercontent.com/p/AF1QipNoDPUl8Qh0qp9VOPbGCmoPSZuIy72Gx6HsyF6k, https://lh5.googleusercontent.com/p/AF1QipN_B1RaEOK7OBlC6ovZBb1fSDSIKGUKz06DDuvC, https://lh5.googleusercontent.com/p/AF1QipPJhVgJ8LEno81zHr4Vym0pu1I7irzlaQ03PxgT, https://lh5.googleusercontent.com/p/AF1QipPMKafJgC4nwWSscXuixZV0kg_FYFUWBmHN_AmX, "
Khách sạn Hoàng Nam 150.000₫,"KCN Kim Huy, Tân Hiệp 52Road, Xã Tân Hiệp, Tân Uyên, Bình Dương, Việt Nam","4,1",43,11.0387923,106.4255349,Bình Dương,Khách sạn,276.363 ₫,Không có giảm giá,,"https://lh5.googleusercontent.com/p/AF1QipPPSg-YBs3TZ4Oc21b5btXASRZBMZIQvdVTwR_f, https://lh5.googleusercontent.com/p/AF1QipNcyltj2tczHtcSD0PAwXGXxfxkBriOLx0aiBql, https://lh5.googleusercontent.com/p/AF1QipNZIqUUNlCilS_XTZml0ltQU2MddqZxnBYmuLaz, https://lh5.googleusercontent.com/p/AF1QipMwcJTPUtEmPnKJmBvxoCVvb_m3fyjc28WC37HK, "
Amanda Boutique Hotel,"38 Đường D4, Chánh Nghĩa, Thủ Dầu Một, Bình Dương, Việt Nam","4,6",52,10.9759614,106.3776219,Bình Dương,Khách sạn,638.694 ₫,Không có giảm giá,"Wi-Fi miễn phí, Đỗ xe miễn phí, Có điều hòa nhiệt độ, Dịch vụ giặt ủi, Chấp nhận vật nuôi, Bếp trong tất cả các phòng, Xe đưa đón ra sân bay, Spa, Quán bar, ","https://lh5.googleusercontent.com/p/AF1QipNtyfpMPiynohzhLBPP5HqoZIeSN7KKtM2PHXng, https://lh5.googleusercontent.com/p/AF1QipNAfww0CSt9c-zn23uC7dtxpFDOVej9YmSG-Jg, https://lh5.googleusercontent.com/p/AF1QipMmFA-yxwk4mG61JNPymFACwLcVQpgpl56fl509, https://lh5.googleusercontent.com/p/AF1QipNrA_mj3jBp8nOzb2ALhNYin0pKw_Aa9pi-4G-d, "
Feliz Hotel Binh Duong,"80 Đ. D8, Chánh Nghĩa, Thủ Dầu Một, Bình Dương 820000, Việt Nam","4,1",10,10.9720614,106.3759396,Bình Dương,Khách sạn,620.071 ₫,Không có giảm giá,"Wi-Fi miễn phí, Đỗ xe miễn phí, Có điều hòa nhiệt độ, Dịch vụ giặt ủi, Xe đưa đón ra sân bay, ","https://lh5.googleusercontent.com/p/AF1QipP9kmHl_ma8fsdJ33u6Ih3Vi2QZ1olLDBRxDUOq, https://lh5.googleusercontent.com/p/AF1QipMu6cC0DLJIqZ8Ni34xi66RhjDcvwIAWwxG9UIJ, https://lh5.googleusercontent.com/p/AF1QipMx8JE6mT9-pSnVKfW9bTQgjqlcmxLD5MT0ZyBE, https://lh5.googleusercontent.com/p/AF1QipMsfMVwgwwdHBD5DyJhWEi2PCXKG_CIT8wDZBCV, "
Becamex Hotel New City,"B2 Đường Hùng Vương, Phú Chánh, Thủ Dầu Một, Bình Dương, Việt Nam","4,5",1.375,11.0563016,106.3957957,Bình Dương,Khách sạn 4 sao,1.370.000 ₫,Ít hơn 17% so với bình thường,"Wi-Fi miễn phí, Bữa sáng miễn phí, Đỗ xe miễn phí, Phù hợp cho người khuyết tật, Bể bơi ngoài trời, Có điều hòa nhiệt độ, Dịch vụ giặt ủi, Dịch vụ phòng, Phù hợp với trẻ em, Nhà hàng, Xe đưa đón ra sân bay, Bồn tắm nước nóng, Spa, Trung tâm thể dục, ","https://lh5.googleusercontent.com/p/AF1QipN_YeVTCpjPqzWtdj_HNheheWQEXdwj2Gzzyl2l, https://lh5.googleusercontent.com/p/AF1QipOE-a_um2_wz86o7wdgjhZw9D-6b0ImR3Hep9cr, https://lh5.googleusercontent.com/p/AF1QipPdzTZ5UiajY_gXlAdES05l9jeuRU6Tgsgdy_b7, https://lh5.googleusercontent.com/p/AF1QipNkhXsXietnuVLkIBoTnUYvQXO_820AWAkrFPJS, "
Khách Sạn Diamond Hotel (Bình Dương),"153 Đường Hoàng Văn Thụ, Chánh Nghĩa, Thủ Dầu Một, Bình Dương 700000, Việt Nam","4,8",258,10.972891,106.3777489,Bình Dương,Khách sạn,489.506 ₫,Ít hơn 20% so với bình thường,"Wi-Fi miễn phí, Có điều hòa nhiệt độ, Dịch vụ giặt ủi, ","https://lh5.googleusercontent.com/p/AF1QipOI1Igs_rfcBWTVRZVMhLtWqqD_QpUAXMx8r1pW, https://lh5.googleusercontent.com/p/AF1QipO1bmvfD9QblBI_VsKHHk8AnI-qVMi5wAUFx1d5, https://lh5.googleusercontent.com/p/AF1QipP-TdC38KTIBLPcNxY43xqlmSQlMY5p1q4D9Hs2, https://lh5.googleusercontent.com/p/AF1QipPOHKOnrQAvw-WmLMqzr-ifmeB7MwRcmyqXdyZ3, "
Khách sạn 179 Bình Dương,"453/40/10, Lê Hồng Phong, Phú Hoà, Thủ Dầu Một, Bình Dương, Việt Nam","4,3",16,10.9725332,106.3959954,Bình Dương,Khách sạn,330.000 ₫,Không có giảm giá,,"https://lh5.googleusercontent.com/p/AF1QipP2cltltqX1dqOLsQ9AblD0WTaOulEdV9ZZ_ty5, https://lh5.googleusercontent.com/p/AF1QipPu8qOUMuHzLFsk8YDms4KEZF-gJqJ6JzIajTXN, https://lh5.googleusercontent.com/p/AF1QipMlkQJDm66166_6LA0l2hSuQCq8r5rqCWgjZaIy, "
Hotel Hoa Cúc Phương,"Số 7 Đường số 3, khu dân cư 19, 8, KP tây B, Dĩ An, Bình Dương 75300, Việt Nam","4,5",247,10.8908247,106.4902667,Bình Dương,Khách sạn,201.125 ₫,Ít hơn 17% so với bình thường,"Wi-Fi miễn phí, Bữa sáng có tính phí, Đỗ xe miễn phí, Phù hợp cho người khuyết tật, Có điều hòa nhiệt độ, Dịch vụ giặt ủi, Chấp nhận vật nuôi, Dịch vụ phòng, Bếp ở một số phòng, Xe đưa đón ra sân bay, Trung tâm thể dục, ","https://lh5.googleusercontent.com/p/AF1QipPlqI4SGiUtiyX24fYnq1D-jvrDGryTw4jpWmmF, https://lh5.googleusercontent.com/p/AF1QipNLysGJ_Cuil1gaFqQbOwkXys3Qx3uZ4ISSNxSX, https://lh5.googleusercontent.com/p/AF1QipOCSskt2WI2yaUOoWuus6w47WEBQgFjXo9NLGSw, https://lh5.googleusercontent.com/p/AF1QipN5U-e02kQz0PujjX0INkMIHXyFS8kbZTVjwb6r, "
HIIVE by Fusion Binh Duong,"Boulevard, 10B Hữu Nghị, VSIP 1, Thuận An, Bình Dương 75000, Việt Nam","4,7",84,10.9246193,106.427443,Bình Dương,Khách sạn,1.221.684 ₫,Không có giảm giá,"Wi-Fi miễn phí, Bữa sáng, Đỗ xe miễn phí, Có điều hòa nhiệt độ, Dịch vụ giặt ủi, Nhà hàng, Bếp ở một số phòng, Xe đưa đón ra sân bay, Quán bar, ","https://lh5.googleusercontent.com/p/AF1QipNlGmmLr5OKRO9alkkJ40sNaD73thBTaFm33FFR, https://lh5.googleusercontent.com/p/AF1QipPW1Pd6apYO1HMPGMb5mpPTVW4o3u2JAjQlhaHO, https://lh5.googleusercontent.com/p/AF1QipOvWTgYSh-P8u__GeGr8O0Lil9rhndyQDTul1HT, https://lh5.googleusercontent.com/p/AF1QipPcH8Y4nUXD6YJTPmtnP2a6NfKwR8L4-k66pHap, "
KHÁCH SẠN KIM THÀNH(giá bình dân),"Đ. 30 Tháng 4/272/82 tổ 9, khu 12, Thủ Dầu Một, Bình Dương, Việt Nam","4,3",90,10.972089,106.3794912,Bình Dương,Khách sạn,335.774 ₫,Không có giảm giá,,"https://lh5.googleusercontent.com/p/AF1QipOZy-eGv86ksozW1TmCjOJvMP5Hsoc9P8LFI5Eg, https://lh5.googleusercontent.com/p/AF1QipNL5-h_5IPyPk6DOuaAKV3EHAN8u0OURS18K0Gu, https://lh5.googleusercontent.com/p/AF1QipMMlxjbDXnAkg35DgGRxkhaQDN5qpaYFxoImgbh, https://lh5.googleusercontent.com/p/AF1QipPiUlyWGOYIE3B8cjpiKWURUk7Qe_aT-wMHdTWj, "
HIIVE by fusion Binh Duong New City,"City, 32A7 Tao Luc 5 street, Vietnam-Singapore Industrial Park 2, Tp. Thủ Dầu Một, Bình Dương 820000, Việt Nam","4,8",63,11.0723009,106.3901774,Bình Dương,Khách sạn,1.643.943 ₫,Không có giảm giá,,"https://lh5.googleusercontent.com/p/AF1QipMsgquoURUVxI9dFI1U7wJ7PY9grxWZyYEnquvc, https://lh5.googleusercontent.com/p/AF1QipMGaucOrxoAXLDIPN3G_7oxhebtuyWHUlabC081, https://lh5.googleusercontent.com/p/AF1QipMtx0rsmzALHZVm-EG0G0rTNn_NaBenIQIw_IyL, https://lh5.googleusercontent.com/p/AF1QipNnHkpZ911IFQET57cUkN_iktRvS3nLdMpWq9Qu, "
CitiGo HOTEL,"TTTM Biconsi, Tầng 4-5, Uyên Hưng, Tân Uyên, Bình Dương 820000, Việt Nam","3,8",26,11.0611211,106.5069741,Bình Dương,Khách sạn,905.331 ₫,Không có giảm giá,"Wi-Fi miễn phí, Bữa sáng miễn phí, Đỗ xe mất phí, Phù hợp cho người khuyết tật, Có điều hòa nhiệt độ, Dịch vụ giặt ủi, Dịch vụ phòng, Nhà hàng, Xe đưa đón ra sân bay, Bồn tắm nước nóng, Không hút thuốc, ","https://lh5.googleusercontent.com/p/AF1QipOdot2a-ftdAQOa2uhkr3iJ3-pITnUN7xqjLhR0, https://lh5.googleusercontent.com/p/AF1QipOXCLmBd6CD5ElGMBX4pjqYUycwUxMq5cCMpkpO, https://lh5.googleusercontent.com/p/AF1QipO-ZAnkrX1ffnoxMCabcmbgBGfDLHBBuf2V7WNT, https://lh5.googleusercontent.com/p/AF1QipOP6pwOpMVVv1RuBV-rrLUX8MdDsQltDORuzMo7, "
KHÁCH SẠN HỘI NGHĨA - KHÁCH SẠN TÂN UYÊN,"Đường D1, KDC Thành Phố Đẹp, Tân Uyên, Bình Dương 75112, Việt Nam","4,7",54,11.0893782,106.481776,Bình Dương,Khách sạn,378.986 ₫,Không có giảm giá,"Wi-Fi miễn phí, Bữa sáng miễn phí, Đỗ xe miễn phí, Phù hợp cho người khuyết tật, Bể bơi ngoài trời, Dịch vụ giặt ủi, Trung tâm thương mại, Chấp nhận vật nuôi, Dịch vụ phòng, Phù hợp với trẻ em, Nhà hàng, Bếp ở một số phòng, Xe đưa đón ra sân bay, Bồn tắm nước nóng, Spa, Trung tâm thể dục, Không hút thuốc, ","https://lh5.googleusercontent.com/p/AF1QipPTmZDF_Uoid2JIDN0sFdwkvdP5K7ZRZKRFI0NQ, https://lh5.googleusercontent.com/p/AF1QipOARU10GIKNHW1SfdptmUkzGBMLVwYBCCsjJRYr, https://lh5.googleusercontent.com/p/AF1QipPA4-m26ivKbZhblN-hTbD0lfbNzu_lGT21ho-6, https://lh5.googleusercontent.com/p/AF1QipPe2uAR_jSxrwJY0H5_QEiwNLb-AIpA5F8pHO4S, "
Khách sạn Phi Long 2,"kp 7/Hẻm 31 Đại lộ Bình Dương, Phú Hoà, Thủ Dầu Một, Bình Dương 00000, Việt Nam","5,0",23,10.9644267,106.3965752,Bình Dương,Khách sạn,320.734 ₫,Không có giảm giá,,"https://lh5.googleusercontent.com/p/AF1QipO1hfMOStgRp3wHrJsJL8uN0QvQFFAEaFMjWg0u, https://lh5.googleusercontent.com/p/AF1QipNFIoLza5wEGieYJbeprVBzLUZyKAHdKgZ7ASxG, https://lh5.googleusercontent.com/p/AF1QipMCRIvOn-p0jIe0UcblupO2wGovw1WFJ1jiVzwZ, https://lh5.googleusercontent.com/p/AF1QipNH_pADj78STPEHnPNA68txS1_HZNrhn3rqW4D9, "
Ruby Hotel,"Hội Nghĩa, Tân Uyên, Bình Dương, Việt Nam","4,6",47,11.0984125,106.4826558,Bình Dương,Khách sạn,378.000 ₫,Không có giảm giá,,"https://lh5.googleusercontent.com/p/AF1QipPdlTvWMJdidL_33reX2kPrzXQCp-9pNOWwDO4k, https://lh5.googleusercontent.com/p/AF1QipMJ4mSbTeOXEJaYaNyjRSvTEh1Pm0uXq7729Dou, https://lh5.googleusercontent.com/p/AF1QipPVvJXFMHMdcv_h0wFAEmDkgP1KKFJytsGdjUdj, https://lh5.googleusercontent.com/p/AF1QipO4hEM5pDADc5wjzEJe3i3h5IkiiaFNznHe9puY, "
Khách sạn New Hotel,"86 Đường Trần Bình Trọng, Phú Thọ, Thủ Dầu Một, Bình Dương, Việt Nam","3,9",20,10.9671849,106.3876535,Bình Dương,Khách sạn 2 sao,448.965 ₫,Không có giảm giá,"Wi-Fi miễn phí, Có điều hòa nhiệt độ, Dịch vụ giặt ủi, Chấp nhận vật nuôi, Nhà hàng, Xe đưa đón ra sân bay, ",
Khách Sạn Thanh Vân,"WP4V+23X, Dĩ An, Bình Dương, Việt Nam","4,1",21,10.9051126,106.4543314,Bình Dương,Khách sạn,249.580 ₫,Không có giảm giá,,"https://lh5.googleusercontent.com/p/AF1QipONi94xgBR8u2tPBmFjjqeVt7AMBt3zYQMN0oQf, https://lh5.googleusercontent.com/p/AF1QipPtuBLmYPleHxL3gDVRLTS03qWcUO703TksbZHm, https://lh5.googleusercontent.com/p/AF1QipMp_2Tp6tudOVw8ri61OqZ4u_9tt8kLaUKuD1bX, https://lh5.googleusercontent.com/p/AF1QipNnYKVb5y0sOsgp_WWXPs02NblbGF9CagSt8TZs, "
Thùy Dương Em Hotel,"DL14, Khu Phố 3B, Bến Cát, Bình Dương, Việt Nam","3,9",9,10.9051126,106.207139,Bình Dương,Khách sạn,272.978 ₫,Không có giảm giá,,"https://lh5.googleusercontent.com/p/AF1QipNQUAaMhN9awCJRVklB90s3zOzWHalMKSUSJAo, https://lh5.googleusercontent.com/p/AF1QipOFwyzqSG9zXVsxPIxxlAxLqX9mSsCCQwOj2WWZ, https://lh5.googleusercontent.com/p/AF1QipOFwyzqSG9zXVsxPIxxlAxLqX9mSsCCQwOj2WWZ, https://lh5.googleusercontent.com/p/AF1QipNQUAaMhN9awCJRVklB90s3zOzWHalMKSUSJAo, "
BIDECO Hotel,"131 Đường Trần Phú, Chánh Nghĩa, Thủ Dầu Một, Bình Dương, Việt Nam","3,7",60,10.9731612,106.376954,Bình Dương,Khách sạn 1 sao,400.000 ₫,Không có giảm giá,"Wi-Fi miễn phí, Đỗ xe miễn phí, Có điều hòa nhiệt độ, Dịch vụ giặt ủi, ","https://lh5.googleusercontent.com/p/AF1QipM7IsUgycZ4Z6oZ6F5rgQX8Ly8gYR2vOS5E1yXl, https://lh5.googleusercontent.com/p/AF1QipPLGOho3b49sCdxvtGPIAutr36B1t9pP9pPdzwt, https://lh5.googleusercontent.com/p/AF1QipNnxxXGnlgSDyDBdvn7fBo4Ef17mLuiPom1vVcI, https://lh5.googleusercontent.com/p/AF1QipPawspMa2s--cDVUN7bPsGJIkfLfUCMS65RTmRe, "
Victoria Hotel And Apartment,"12 Huỳnh Thúc Kháng, Phú Chánh, Thủ Dầu Một, Bình Dương, Việt Nam","4,6",5,11.0532512,106.3962861,Bình Dương,Khách sạn,409.057 ₫,Không có giảm giá,,"https://lh5.googleusercontent.com/p/AF1QipPpduo91H7W7FMZzBi6zXC1s_4hexJ7RMV277xp, https://lh5.googleusercontent.com/p/AF1QipN34nb8XFRQ3KqKfh92SYHqMus3XjHdaTFpGrFp, https://lh5.googleusercontent.com/p/AF1QipPcBw3nLcfW13Hp4W4MYhbl-K7qBJXkasa0SPkI, https://lh5.googleusercontent.com/p/AF1QipPpduo91H7W7FMZzBi6zXC1s_4hexJ7RMV277xp, "
Khách Sạn Bình,"28 Đ. Khánh Bình 28, Khánh Bình, Tân Uyên, Bình Dương 75400, Việt Nam","5,0",3,11.0453821,106.4663519,Bình Dương,Khách sạn,377.337 ₫,Không có giảm giá,,"https://lh5.googleusercontent.com/p/AF1QipNnIyMw24ebzo2aHhhhIGQmt-GvrKoAzq40BwB-, https://lh5.googleusercontent.com/p/AF1QipOafXOG4AwET61NxMrzyogELyiK2-ZFyMQihmmn, https://lh5.googleusercontent.com/p/AF1QipNnIyMw24ebzo2aHhhhIGQmt-GvrKoAzq40BwB-, https://lh5.googleusercontent.com/p/AF1QipOafXOG4AwET61NxMrzyogELyiK2-ZFyMQihmmn, "
CÔNG TY TNHH MTV THIÊN HÀ-KHÁCH SẠN THIÊN HA,"SỐ 58 Đường D9, KDC, Thủ Dầu Một, Bình Dương 820000, Việt Nam","3,6",206,10.9713922,106.3754878,Bình Dương,Khách sạn,330.524 ₫,Không có giảm giá,"Wi-Fi miễn phí, Bữa sáng miễn phí, Đỗ xe miễn phí, Có điều hòa nhiệt độ, Dịch vụ giặt ủi, Phù hợp với trẻ em, Nhà hàng, Xe đưa đón ra sân bay, ","https://lh5.googleusercontent.com/p/AF1QipOGts1pODkNFfbWto6o6IOj689frPn5Q-08QBrs, https://lh5.googleusercontent.com/p/AF1QipOhLiLi71fIm0A7M3nAOJFwijDgsSyLxVwvFOIp, https://lh5.googleusercontent.com/p/AF1QipOOaoIQvR_DlXw_W-n6HLbI3j9ITyYzPwfPd1rM, https://lh5.googleusercontent.com/p/AF1QipPzQQBHt4PSW74TKRse0aLC0jNwkDNn4AlcKLdo, "
Khách Sạn Hoàng Anh,"108 GS3, Đông Hoà, Dĩ An, Hồ Chí Minh, Việt Nam","4,0",51,10.8909076,106.4836178,Bình Dương,Khách sạn 2 sao,254.655 ₫,Ít hơn 16% so với bình thường,"Wi-Fi miễn phí, Đỗ xe miễn phí, Có điều hòa nhiệt độ, Dịch vụ giặt ủi, Dịch vụ phòng, Không hút thuốc, ","https://lh5.googleusercontent.com/p/AF1QipMByPe5wrBJR5V07w3cbziWUDWEJ6gc0upCrSTP, https://lh5.googleusercontent.com/p/AF1QipP4O6r_O1-dnlNcDJUoMKAhU6MuKjq-PrTsCoYv, https://lh5.googleusercontent.com/p/AF1QipNZNulHSttosmNEQ5Nt862MXsGHu-yNT5IJ4xAZ, https://lh5.googleusercontent.com/p/AF1QipM8aifnSgYH-a4tduDTWFsFJRRZljz4vtuhdt8, "
LAVENDER HOTEL,"Đường D5, Phú Thọ, Thủ Dầu Một, Bình Dương, Việt Nam","3,8",134,10.8909076,106.2364254,Bình Dương,Khách sạn 2 sao,547.488 ₫,Không có giảm giá,"Wi-Fi miễn phí, Bữa sáng miễn phí, Đỗ xe miễn phí, Có điều hòa nhiệt độ, Dịch vụ giặt ủi, Nhà hàng, Xe đưa đón ra sân bay, ","https://lh5.googleusercontent.com/p/AF1QipMw_hVdx3Vm5ybRi9JMpBxIbzNoy9VRhDBQpTwf, https://lh5.googleusercontent.com/p/AF1QipPVTjN2hQ3IFCD-Vu1SnnAD_VdU0MHkO_aPnVRH, https://lh5.googleusercontent.com/p/AF1QipNQ4FQBDCyzCI0TXAGze2SzPquBLtgS24CEchrU, https://lh5.googleusercontent.com/p/AF1QipNhqXpOuQG4H7B0Ur3J9jBPw2mmZhJ2TZ0xk1WZ, "
Khách sạn Milan,"30 GS2, Đông Hoà, Dĩ An, Bình Dương, Việt Nam","4,1",118,10.8896443,106.4855816,Bình Dương,Khách sạn,320.000 ₫,Không có giảm giá,"Wi-Fi miễn phí, Đỗ xe miễn phí, Phù hợp cho người khuyết tật, Có điều hòa nhiệt độ, Dịch vụ giặt ủi, Chấp nhận vật nuôi, ","https://lh5.googleusercontent.com/p/AF1QipPX3hxmD1YDlgLpXTC-RmIvd327nOqB-uoxtIv-, https://lh5.googleusercontent.com/p/AF1QipNHV2N9UQHLzeMJh2Dr3hjnPmafUqO330fPJAGD, https://lh5.googleusercontent.com/p/AF1QipNxTl6xUkQA84Z3HpH7yfts5HnWAo6yDd1-0bpt, https://lh5.googleusercontent.com/p/AF1QipNCXYUuBlF7KDLb_H2O9whE2Ji41YXuqMqxHU7d, "
Khách sạn Kim Băng - Bình Dương,"22 Đường Trần Phú, Chánh Nghĩa, Thủ Dầu Một, Bình Dương 75000, Việt Nam","4,0",185,10.8896443,106.2383892,Bình Dương,Khách sạn 2 sao,450.000 ₫,Không có giảm giá,"Wi-Fi miễn phí, Bãi đỗ xe, Có điều hòa nhiệt độ, Dịch vụ giặt ủi, Phù hợp với trẻ em, ","https://lh5.googleusercontent.com/p/AF1QipPA8e32nOHrSCtAEch6gtuyHvIUVZsuBMZh-Fr-, https://lh5.googleusercontent.com/p/AF1QipNMgdSNb6gxhStzEUTZCU8l66173eBG00jrfwgm, https://lh5.googleusercontent.com/p/AF1QipNwmAIy_s7TX4LwF_CV4bX2SEVYjoQCSMi8SlNQ, https://lh5.googleusercontent.com/p/AF1QipMSXsZz2zZk4bWBcI1pJWoCD1tV4kbpn6alR_UG, "
Khách Sạn Thanh Vân,"39 Đường D22, Khu Dân Cư Viet Sing, Thuận An, Bình Dương, Việt Nam","4,6",28,10.9474509,106.445791,Bình Dương,Khách sạn,268.800 ₫,Không có giảm giá,"Wi-Fi miễn phí, Đỗ xe miễn phí, Phù hợp cho người khuyết tật, Có điều hòa nhiệt độ, Dịch vụ giặt ủi, Chấp nhận vật nuôi, Spa, ","https://lh5.googleusercontent.com/p/AF1QipO2mg6wDiqFD5caC4C9kpUQIY5zp7IvPYOKpTzE, https://lh5.googleusercontent.com/p/AF1QipNxIwKYqrLcrdOjegvVqmMjU4oEBAvU6pfqD10R, https://lh5.googleusercontent.com/p/AF1QipPSl8mq4m2HdIHHcTRXpRon8vrbnYjojGM92l_s, https://lh5.googleusercontent.com/p/AF1QipOHgLUkD2fFmMbXaTtw2xQWa9o5MuiQHP80j5bt, "
Sun Hotel,"Hẻm 1 Trần Bình Trọng, Phú Thọ, Thủ Dầu Một, Bình Dương, Việt Nam","4,2",117,10.9680831,106.3896845,Bình Dương,Khách sạn,330.000 ₫,Không có giảm giá,"Wi-Fi miễn phí, ","https://lh5.googleusercontent.com/p/AF1QipOmg-6zCZpYzL7iWm-wigE3ZvbZYV0g5wFXHvSO, https://lh5.googleusercontent.com/p/AF1QipMew3I8GPlf6Co-poAPbL3yFISzKK8aI5rbse1h, https://lh5.googleusercontent.com/p/AF1QipNJNhUkDHJ3n8NumBqYfiHOqihEc0ILzs74g9hT, https://lh5.googleusercontent.com/p/AF1QipNXmp8p0vxWYcosXd3Qu1T-Ce_mJVvijSrrYh_n, "
Hưng Phát Hotel,"Tổ 3 Khu Phố Bình Hòa 1, Tân Phước Khánh, Tân Uyên, Bình Dương, Việt Nam","4,9",15,10.9975717,106.4217474,Bình Dương,Khách sạn,281.526 ₫,Không có giảm giá,,"https://lh5.googleusercontent.com/p/AF1QipMNYy3sYU2yBe3dhR-1GWCW4Lf1KjGHdQjCsKuC, https://lh5.googleusercontent.com/p/AF1QipNEWZUnSjMtkT8ghs_ZMZQptOgW4wobk9Gdz-DX, https://lh5.googleusercontent.com/p/AF1QipPIzphOOSAlK_sMvsnE8vdzRdXBjO9h3-SpQeDm, https://lh5.googleusercontent.com/p/AF1QipM_NIqVg-C31UT2FJHlvPLtMkThmXmAsDrOqPMl, "
Hoang Yen Hotel,"CITY, 11/16 Đại lộ Bình Dương, AVENUE, WARD, Bình Dương, Việt Nam","3,8",207,10.8697299,106.4260455,Bình Dương,Khách sạn 3 sao,609.757 ₫,Không có giảm giá,"Wi-Fi miễn phí, Bữa sáng miễn phí, Đỗ xe miễn phí, Có điều hòa nhiệt độ, Dịch vụ giặt ủi, Phù hợp với trẻ em, Nhà hàng, Xe đưa đón ra sân bay, Spa, ","https://lh5.googleusercontent.com/p/AF1QipPMxCL6elADSE8UisTpwuhaIWUSHeEdTDXQOGlY, https://lh5.googleusercontent.com/p/AF1QipN6fejblj3rERYu2XTmUgQZMI-wsPEBc49M38Q, https://lh5.googleusercontent.com/p/AF1QipOD6OnIiITeX1WcT3i4iFhaT-vRJFimrLxMPRS-, https://lh5.googleusercontent.com/p/AF1QipNBPuz1EPVe1mJIbC8HlJaNPyUCBcvFBd7YMucf, "
Capybara Hotel,"03 đường N 4, khu đô thị TMDV The Seasons, KP, Đông Nhì, thành phố, Thuận An, Bình Dương, Việt Nam","4,3",39,10.9047839,106.4217038,Bình Dương,Khách sạn 2 sao,342.000 ₫,Không có giảm giá,"Wi-Fi miễn phí, Đỗ xe miễn phí, Có điều hòa nhiệt độ, Dịch vụ giặt ủi, Bếp ở một số phòng, ","https://lh5.googleusercontent.com/p/AF1QipOlHcE72IIhOFFHlZv7cYXfmsIcXTVNEGxXBLcI, https://lh5.googleusercontent.com/p/AF1QipNvqJbUOXcfwELHCGzSkMcxN499At9UKV5_RkI, https://lh5.googleusercontent.com/p/AF1QipOxm7IqqelUujhW2u3zfyTOBDDZSR9EyqyHRDp1, https://lh5.googleusercontent.com/p/AF1QipO-1PCd8heHxfZp6CfgTWpmfm_kWTeGWMLveEZX, "
THE MIRA BOUTIQUE HOTEL,"318A Đại lộ Bình Dương, Phú Hoà, Thủ Dầu Một, Bình Dương, Việt Nam","4,2",404,10.9810938,106.3803278,Bình Dương,Khách sạn 3 sao,1.027.754 ₫,Không có giảm giá,"Wi-Fi miễn phí, Bữa sáng miễn phí, Đỗ xe miễn phí, Có điều hòa nhiệt độ, Dịch vụ giặt ủi, Phù hợp với trẻ em, Nhà hàng, Xe đưa đón ra sân bay, ","https://lh5.googleusercontent.com/p/AF1QipPtX8NAjFRw0_gQgoj1THB1qNP5rK8RH_tf5OMm, https://lh5.googleusercontent.com/p/AF1QipNIszi4ly3MAK6HMlA-HzLj1yBVoB0jot-KcDX_, https://lh5.googleusercontent.com/p/AF1QipNY18xnIQK6tVgsMf2nEC_pM3YTV-lkJQMTIQrQ, https://lh5.googleusercontent.com/p/AF1QipPm11qvjH8nToQDdhFFhbsJFCfzqNFeCeXQeL2O, "
Hoàng Triều ( Marina Hotel Bình Dương ),"150 Nguyễn Hữu Cảnh, Phú Thọ, Thủ Dầu Một, Bình Dương 590000, Việt Nam","3,9",50,10.9677806,106.3858915,Bình Dương,Khách sạn,790.000 ₫,Không có giảm giá,,"https://lh5.googleusercontent.com/p/AF1QipPa6xWhmNlnJwXlT-zwojsUpgohFxUCt3_8wo67, https://lh5.googleusercontent.com/p/AF1QipM_LZaLn6i2g0gCn7LwvB4Okye0zY8nrybaxA9_, https://lh5.googleusercontent.com/p/AF1QipNi_k563U-iQnYtgMhHp1t2ig4WfCjabdwXSjnX, https://lh5.googleusercontent.com/p/AF1QipMKkUaBOAeUNlC-lt4zZRFbtmxWIS__Afl1P5d1, "
Khách Sạn Tràng An,"1182 Đ. Cách Mạng Tháng Tám, Phú Thọ, Thủ Dầu Một, Bình Dương 55000, Việt Nam","4,5",26,10.9630537,106.3841411,Bình Dương,Khách sạn,330.000 ₫,Không có giảm giá,,"https://lh5.googleusercontent.com/p/AF1QipPwpTp-3DOQY6gEXiGquvWH6SmcN5QHV4_RxAtv, https://lh5.googleusercontent.com/p/AF1QipPzrqHipoXUoSbRJP8vsmmZCtDL2KEUlAYcn766, https://lh5.googleusercontent.com/p/AF1QipPwpTp-3DOQY6gEXiGquvWH6SmcN5QHV4_RxAtv, https://lh5.googleusercontent.com/p/AF1QipOz9fPj8BkoPfRy29TvRF7_B8seFSWHbfUOadMg, "
Khách Sạn Dạ Lan,"45 - 281 Quốc lộ 1K, Kdc 19/8, Dĩ An, Bình Dương, Việt Nam","4,6",28,10.8910618,106.4908906,Bình Dương,Khách sạn,251.140 ₫,Không có giảm giá,,"https://lh5.googleusercontent.com/p/AF1QipPi7nWvRaYjxr8CVVzczYx0gh3Fhx30_09SUVIl, https://lh5.googleusercontent.com/p/AF1QipOyXgCd8wvfKyDvxVY3DJEbWMbK6dwGuxcQw8P3, https://lh5.googleusercontent.com/p/AF1QipNzVZBX6AUtJ5xSAANVDFmIFiTEIE_9s9YQCNy9, https://lh5.googleusercontent.com/p/AF1QipM6imBhfY6q6KEJQ3CVQLrklaPr6WRN7ECOgzU-, "
Hồng Trang Motel,"153 Đường DX-085, Xã Hiệp An, Thủ Dầu Một, Bình Dương 820000, Việt Nam","3,8",9,10.8910618,106.2436982,Bình Dương,Khách sạn,256.993 ₫,Không có giảm giá,,"https://lh5.googleusercontent.com/p/AF1QipPQKReOeM7-Patl6OZANCdlwq9mUX24ahuB8uZG, https://lh5.googleusercontent.com/p/AF1QipOWi07VkgjkkH-d4JsEXHK2k6KY3UmeXYkqQgEc, https://lh5.googleusercontent.com/p/AF1QipO5D8pJ00sqwsEbLlIjemo64FnaTA9oZy8qDhU, https://lh5.googleusercontent.com/p/AF1QipN1QUOi6eCoa3yMQH1F2aJLTYGdEpe6q5jH1W07, "
Khách sạn Thảo Ngân,"79 Đ. Lào Cai, Chánh Nghĩa, Thủ Dầu Một, Bình Dương 820000, Việt Nam","4,0",8,10.9642808,106.3729597,Bình Dương,Khách sạn,327.574 ₫,Không có giảm giá,,"https://lh5.googleusercontent.com/p/AF1QipMxqakwV0w-766gzTka861kLOunBrvzCNZvm21i, https://lh5.googleusercontent.com/p/AF1QipPRvLtCHy9mbL5CymH9QTpSAYHMaJ6N8F0v5JuN, https://lh5.googleusercontent.com/p/AF1QipMzAoA_DYsJ63B4G_qHK-uLE9W4D9EAhexHjIPd, https://lh5.googleusercontent.com/p/AF1QipNfOspBsv_YUDhj523xnbicsQvhC6jXRYcCOqH1, "
Ánh Dương Motel,"đường 25, tổ 1, ấp 2, Bàu Bàng, Bình Dương 75707, Việt Nam","5,0",21,11.3460176,106.3379457,Bình Dương,Khách sạn,171.055 ₫,Không có giảm giá,,"https://lh5.googleusercontent.com/p/AF1QipPvDhAArbNdCacnlodwDZHeeX7fP2_VnPFXtn6F, https://lh5.googleusercontent.com/p/AF1QipNHsEpawQ0RU1Q5fFp62Jtf9BuTHgmz_Uj9qPcX, https://lh5.googleusercontent.com/p/AF1QipMVtnakMIVBQ7bMq7QiCyn0Ui-qRUO77NCQKK8U, https://lh5.googleusercontent.com/p/AF1QipMNOdpllNG9cDhOTvAdCdA5eAZE3Ht1ShbGSmEg, "
Japanese Restaurant & Hotel Sakura Phạm Vân,"Binh Nhâm, Thuận An, Bình Dương, Việt Nam","4,2",259,10.9336399,106.4218056,Bình Dương,Khách sạn,1.056.064 ₫,Ít hơn 16% so với bình thường,"Wi-Fi miễn phí, Bữa sáng miễn phí, Đỗ xe miễn phí, Có điều hòa nhiệt độ, Dịch vụ giặt ủi, Nhà hàng, Xe đưa đón ra sân bay, ","https://lh5.googleusercontent.com/p/AF1QipNpyt6TXc980FNzWppYmYJJ9p0RPl90wThQOu9X, https://lh5.googleusercontent.com/p/AF1QipOQQaFQn4y6uyL6UBh-qFacI-bxGhwHt6y0lVc4, https://lh5.googleusercontent.com/p/AF1QipNJuLjnCDLtCW734R_wYqjR4APv4wCcm1jRc_N-, https://lh5.googleusercontent.com/p/AF1QipNeHv6DiFnQrkP6CjSqP93S3r5Y5eEO2Yr29F3G, "
Hotel Hoàng Triều 皇朝商务会所,"304/9 Đường Đồng Khởi, Phú Mỹ, Thủ Dầu Một, Bình Dương, Việt Nam","3,8",8,11.0521756,106.3965233,Bình Dương,Khách sạn,525.757 ₫,Không có giảm giá,"Wi-Fi miễn phí, Đỗ xe miễn phí, Có điều hòa nhiệt độ, Chấp nhận vật nuôi, Bếp ở một số phòng, Xe đưa đón ra sân bay, Bồn tắm nước nóng, Không hút thuốc, ","https://lh5.googleusercontent.com/p/AF1QipMXs8IoE0a31K9e2nozbmtLUWSKcsGwfmVuTPGc, https://lh5.googleusercontent.com/p/AF1QipOSAgesvAmtzXbZLrsAeu6hRBnVQYXDrBRm3GWv, https://lh5.googleusercontent.com/p/AF1QipMXs8IoE0a31K9e2nozbmtLUWSKcsGwfmVuTPGc, https://lh5.googleusercontent.com/p/AF1QipPPG990Zi7fMgsBMzZUO2rug9FnKo1fRzjKdRhq, "
Tiamo Homes,"XM25+CQF, Lý Tự Trọng, Phú Thọ, Thủ Dầu Một, Bình Dương, Việt Nam","4,3",103,10.9510517,106.3710357,Bình Dương,Khách sạn,291.913 ₫,Không có giảm giá,,"https://lh5.googleusercontent.com/p/AF1QipMQ8kCtkObG8kN-Q3nMStVk8j59LUiMjvuDQAjS, https://lh5.googleusercontent.com/p/AF1QipMAuU0emZLYcJOJ11phmBQksKmD4BD0q2LKpnwq, https://lh5.googleusercontent.com/p/AF1QipMmbbUxerJU4qRR6JjMFUopiTDQznlEY3AlL8NW, https://lh5.googleusercontent.com/p/AF1QipNSkNO58uy-dy6pEcbQb8gH9ZFK5gwInBvQ1lAF, "
Vạn Huệ Homestay Bình Dương,"12C Bùi Hữu Nghĩa, Binh Hoà, Thuận An, Bình Dương 75000, Việt Nam","3,4",21,10.9211725,106.425308,Bình Dương,Khách sạn,400.000 ₫,Không có giảm giá,"Wi-Fi miễn phí, Bữa sáng miễn phí, Đỗ xe miễn phí, Dịch vụ giặt ủi, Trung tâm thương mại, Chấp nhận vật nuôi, Dịch vụ phòng, Nhà hàng, Bếp ở một số phòng, Quán bar, ","https://lh5.googleusercontent.com/p/AF1QipOBR4ZtHmg849lkDp3Qfpm8raWzlpkRnlYA-XPR, https://lh5.googleusercontent.com/p/AF1QipOCEj8T6SwzfVdWGJOrCVJnMpmvaJT4JvuK4vS-, https://lh5.googleusercontent.com/p/AF1QipNPNeDFVmDCKzTSqlKbONSWcjtZR7VRLBOomKI, https://lh5.googleusercontent.com/p/AF1QipNLmQuSd5QFntZA7Xp-jeQWu6RVotp5TD7-hsLf, "
Khách sạn Băng Boutique,"29 Đường Trần Phú, Chánh Nghĩa, Thủ Dầu Một, Bình Dương, Việt Nam","4,2",19,10.976021,106.3760082,Bình Dương,Khách sạn,430.286 ₫,Không có giảm giá,,"https://lh5.googleusercontent.com/p/AF1QipOctjB29aVMHLyAW1-IYQyw9FeC4GtibdXAAukz, https://lh5.googleusercontent.com/p/AF1QipP6voMmQjAeSRBcEfauwXuMBR31mrZ8rpHeeZNa, https://lh5.googleusercontent.com/p/AF1QipOF-P14PEIkv9hez0ylAwNzONcHqhqwFbfxvo-S, https://lh5.googleusercontent.com/p/AF1QipPgTnv2Za5lAKW0CuQ3yIWid-EO7uj-a5DpCuPG, "
Khách sạn Hoàng Yến,"66 Nguyễn Chí Thanh, Xã Hiệp An, Thủ Dầu Một, Bình Dương, Việt Nam","4,3",7,11.0072439,106.3562071,Bình Dương,Khách sạn 2 sao,489.123 ₫,Không có giảm giá,"Wi-Fi miễn phí, Có điều hòa nhiệt độ, Dịch vụ giặt ủi, Chấp nhận vật nuôi, Nhà hàng, Xe đưa đón ra sân bay, ","https://lh5.googleusercontent.com/p/AF1QipNQ4UfYUVKROitWAAIsNzce2dEcKHf7OZTlqQ3o, https://lh5.googleusercontent.com/p/AF1QipNJbGcPyZNCgTSFDfo3UemYGkLsUPC1wvq6GmFh, https://lh5.googleusercontent.com/p/AF1QipOvq0fPFcOeMjvDBMa4KPfcTRXwCIZSvTK76PGV, https://lh5.googleusercontent.com/p/AF1QipNQ4UfYUVKROitWAAIsNzce2dEcKHf7OZTlqQ3o, "
Amely Hotel Bình Dương,"Đ. XC2, Mỹ Phước, Bến Cát, Bình Dương, Việt Nam","4,4",43,11.1384014,106.3203577,Bình Dương,Khách sạn,Không có giá,Không có giảm giá,,"https://lh5.googleusercontent.com/p/AF1QipOENAxjAfiG4hYjM6jZ4rHynRrTTZE3LYNIGFQF, https://lh5.googleusercontent.com/p/AF1QipNwfzwV5CqXQlNxghlFUnp1hypszQjVbdxExzr9, https://lh5.googleusercontent.com/p/AF1QipMiB_92EqPazu7Cq-9EPLo0anNC_KZ1hGJnIzHY, https://lh5.googleusercontent.com/p/AF1QipPYDMc21919iRnyOKnMqMj7NySKHpU4kPp_lR41, "
Hotel Trieu Nguyen,"Vĩnh Tân, Thành phố Tân Uyên, Bình Dương, Việt Nam","4,0",23,11.1178669,106.4135661,Bình Dương,Khách sạn,3.990.552 ₫,Không có giảm giá,,"https://lh5.googleusercontent.com/p/AF1QipPlmTQ0xP3lTqwpj5ocuobC1fnSmJI1eDGF_wOW, https://lh5.googleusercontent.com/p/AF1QipN18Lm8TwwBAw177Ch-ssMjcEBoUbQoFGq1LGg, https://lh5.googleusercontent.com/p/AF1QipOWI9FrPpNfq3_C7um4mkoGGPhbuqto9zssCas, https://lh5.googleusercontent.com/p/AF1QipN1DFkwnrZtd2fQ2XbaiXSUMXqjXoEPKEG-3DVa, "
Hotel Hương Thiên Phú,"111 11, Kp Tây A, Dĩ An, Bình Dương, Việt Nam","4,8",160,10.8995907,106.4921028,Bình Dương,Khách sạn,350.000 ₫,Không có giảm giá,"Wi-Fi miễn phí, Đỗ xe miễn phí, Có điều hòa nhiệt độ, Dịch vụ giặt ủi, Chấp nhận vật nuôi, Dịch vụ phòng, ","https://lh5.googleusercontent.com/p/AF1QipMjyX6DxC-caEqt5j33TS29tug81x0FC8Ff92YF, https://lh5.googleusercontent.com/p/AF1QipPp3hoR68d416lxdxzvbC-IAV6kD2PmGg9qI9TT, https://lh5.googleusercontent.com/p/AF1QipPTI86IRwhpHlAp_TtIn9oq5XW-Z3kz08cYJWFZ, https://lh5.googleusercontent.com/p/AF1QipPY-qflBFHv-hkwWGUdaAWjhx7sLrSTApz8GHeB, "
Khách Sạn Cúc Phương,"28 GS2, Đông Hoà, Dĩ An, Bình Dương 75000, Việt Nam","3,7",124,10.8895707,106.4856776,Bình Dương,Khách sạn 3 sao,580.000 ₫,Không có giảm giá,"Wi-Fi miễn phí, Bữa sáng miễn phí, Bãi đỗ xe, Có điều hòa nhiệt độ, Dịch vụ giặt ủi, Nhà hàng, Xe đưa đón ra sân bay, ","https://lh5.googleusercontent.com/p/AF1QipN_heb9MsuTzLPs3nEXnMJ_xEiZ7DlYXvU_ZLs5, https://lh5.googleusercontent.com/p/AF1QipPhw7qul8_Wp0g80dsWuWBFIcLfrj3rBiosYDfX, https://lh5.googleusercontent.com/p/AF1QipNaLIpt5rDqCWykIvdQvmgAH3IYvkXRZDhwgUCN, https://lh5.googleusercontent.com/p/AF1QipPLm3Fp9eLJZfhMEtORPRECyOUmmCnZXWAmGyBP, "
Nhà Nghỉ Ngô Tình,"141A Đường Số 51, Phú Tân, Thủ Dầu Một, Bình Dương 820000, Việt Nam","5,0",22,11.0556463,106.4151329,Bình Dương,Khách sạn,239.212 ₫,Không có giảm giá,,"https://lh5.googleusercontent.com/p/AF1QipNM1wT7BuBAtNB8WhNQO08_ehPvzn8fgS8bMPzy, https://lh5.googleusercontent.com/p/AF1QipPCfALbUN6swCWdMqlaie19Xx5Nouo1AgjfgJ_k, https://lh5.googleusercontent.com/p/AF1QipP2jklxdd5ryHCIsoBiYX1bXA5Ny6ij2M3M99DF, https://lh5.googleusercontent.com/p/AF1QipOv0unDv9MST6bGc15SgUE5nb9lx3DgtGVde2k6, "
Khách sạn Minh Thư DA7,"Hotel Minh Thư, Đ. DA 7, kp Hoà Lân 2, Thuận An, Bình Dương, Việt Nam","4,0",40,10.9404778,106.4309049,Bình Dương,Khách sạn,262.690 ₫,Không có giảm giá,,"https://lh5.googleusercontent.com/p/AF1QipPY1kxiJ1kzQFx3p_YMq_xtfZQ_ZQx7Xoo5BCs, https://lh5.googleusercontent.com/p/AF1QipOwfCzafW3GKSIol6w5aeDW7Z5xHGtqo6WzGyL-, https://lh5.googleusercontent.com/p/AF1QipMPe2wKAi0fYOJMpYbHLOyS8DHX9paUNpxeUbJb, "
Khách sạn Phúc Thịnh,"328C Đại lộ Bình Dương, Khu Phố, Thuận An, Bình Dương, Việt Nam","3,8",67,10.9480638,106.4182905,Bình Dương,Khách sạn,776.812 ₫,Không có giảm giá,"Wi-Fi miễn phí, Dịch vụ giặt ủi, ","https://lh5.googleusercontent.com/p/AF1QipOACSiSZFT-cjUVtuXQnmyE33d5sm61CM9O9XGq, https://lh5.googleusercontent.com/p/AF1QipMo5RGWhhJrJpGKRAEhc2XmdHT7JxtOvGxYGkQq, https://lh5.googleusercontent.com/p/AF1QipOACSiSZFT-cjUVtuXQnmyE33d5sm61CM9O9XGq, "
Hotel Spa Anh Đức,"XMC8+CQJ, Đại lộ, Thủ Dầu Một, Bình Dương, Việt Nam","3,7",39,10.9710831,106.3784964,Bình Dương,Khách sạn,479.395 ₫,Không có giảm giá,"Wi-Fi miễn phí, Bãi đỗ xe, Có điều hòa nhiệt độ, Dịch vụ giặt ủi, Nhà hàng, ","https://lh5.googleusercontent.com/p/AF1QipNZKSFHK5bDoLmU5r2L4UOgH5KzzJv_SCQ4M0sA, https://lh5.googleusercontent.com/p/AF1QipMYdD71VMgwbIBlsZKNOk6Dxalg5QVN23UpzOD3, https://lh5.googleusercontent.com/p/AF1QipNfue366ehJ3ys_r5dFaKdw4TmCN_idozL7iRs2, https://lh5.googleusercontent.com/p/AF1QipO8IuL9ncEKnkzmIQHb17w2MEWs7AbIraXotPAG, "
Nhà nghỉ VENUS 6,"124 Đường Trần Phú, Kp bàu bàng, Thủ Dầu Một, Bình Dương, Việt Nam","4,4",40,10.9733476,106.3766269,Bình Dương,Khách sạn,369.215 ₫,Không có giảm giá,,"https://lh5.googleusercontent.com/p/AF1QipNjRGk0_9RaZExTwJ2cMFDPjDPq-n-D3XjkTCK5, https://lh5.googleusercontent.com/p/AF1QipPjZACXwqde3ZVzSPwm6BmCC5OX2gvS06bBKhiF, https://lh5.googleusercontent.com/p/AF1QipP2eI3HaBVP8hQbW6tWSV0bwOmA5DLvjYjWuwfX, https://lh5.googleusercontent.com/p/AF1QipORq6t9hrkonKhubfTTRHUiVYkYaa4zb3MdHcZc, "
Hotel Sao Băng,"62 Đ. D8, Chánh Nghĩa, Tp, Bình Dương, Việt Nam","3,6",48,10.9724451,106.3757597,Bình Dương,Khách sạn 2 sao,540.000 ₫,Không có giảm giá,"Wi-Fi miễn phí, Đỗ xe miễn phí, Phù hợp cho người khuyết tật, Có điều hòa nhiệt độ, Dịch vụ giặt ủi, Dịch vụ phòng, Phù hợp với trẻ em, Xe đưa đón ra sân bay, Không hút thuốc, ","https://lh5.googleusercontent.com/p/AF1QipN5iSdUXCu6lhIkI7AULWrso4VwAZh1M1qIC3is, https://lh5.googleusercontent.com/p/AF1QipNx7g7j9bbo0AEUQPmWTK9V9ojWrYY52ZEVdb15, https://lh5.googleusercontent.com/p/AF1QipMs0zRHM5Nk8RkTTq--USLk7QtGyGZmMmI8osq0, https://lh5.googleusercontent.com/p/AF1QipNwV8BZfGSxDgirxMhQBH9ILDsoQmbo4TQMB7xI, "
Nhà nghỉ Hà Anh,"101 Đ. D20, An Phú, Bình Dương, 75000, Việt Nam","4,8",10,10.9464187,106.4407782,Bình Dương,Khách sạn,186.300 ₫,Không có giảm giá,,"https://lh5.googleusercontent.com/p/AF1QipMrQinIkaOsMSc-WnZwcVniT0ZAu3Z9VS7l6q0Q, https://lh5.googleusercontent.com/p/AF1QipN7rlCwTH_WzyEoYVLLcqUcF9t_Yw-tMnSQqoRG, https://lh5.googleusercontent.com/p/AF1QipM6KhgQNo801MXuGXjCs_jUnx0B80aDEiHNQYFd, https://lh5.googleusercontent.com/p/AF1QipO6UgPfoLJ3KZDYwNsyIsemdHu9t2ayx2tUOh-i, "
Thuỷ Quỳnh Hotel,"568 ĐT744, An Tây, Bến Cát, Bình Dương, Việt Nam","4,2",58,10.9464187,106.1935858,Bình Dương,Khách sạn,240.221 ₫,Không có giảm giá,"Wi-Fi miễn phí, Đỗ xe miễn phí, Bể bơi, Có điều hòa nhiệt độ, Dịch vụ giặt ủi, Bếp ở một số phòng, ","https://lh5.googleusercontent.com/p/AF1QipOBT9C_6L57MeZMnqHCcXlxvdAbMHTsZXaXZCSD, https://lh5.googleusercontent.com/p/AF1QipOAgrnbLgdN26u4kvxs-9aO4Trw1txuukQB_kx0, https://lh5.googleusercontent.com/p/AF1QipMkIHkfdBakyTr5gjNuC6XiZmQjeJ0Pbd4QRhCf, https://lh5.googleusercontent.com/p/AF1QipNMdyuow_KAyd4Ues3XkkcsADC5sjRs_PhRcjU6, "
Nhà Nghỉ Kỳ Phú,"Đường An Phú 06, An Phú, Thuận An, Bình Dương, Việt Nam","4,4",31,10.9445327,106.4530194,Bình Dương,Khách sạn 1 sao,333.980 ₫,Không có giảm giá,"Wi-Fi miễn phí, Đỗ xe miễn phí, Có điều hòa nhiệt độ, Dịch vụ giặt ủi, Bếp ở một số phòng, ","https://lh5.googleusercontent.com/p/AF1QipMcgcivg1KE7hxwVCCmXRLQ_lWAWiND0v70EsOS, https://lh5.googleusercontent.com/p/AF1QipNaAGKKupOa36UTmPykgQO2kvjyTAu__7Rpgbe0, https://lh5.googleusercontent.com/p/AF1QipMCUNzBKW5i5g1Z1tdeYiuMs-Dk4dusqZEPcSGy, https://lh5.googleusercontent.com/p/AF1QipOo-Q9_1EfMsqx-73_7ZtDOfO9gh_qM9Xcmrd8C, "
HOÀNG GIA HOTEL,"1224 Đ. Cách Mạng Tháng Tám, Phú Thọ, Thủ Dầu Một, Bình Dương 75108, Việt Nam","3,6",9,10.9624404,106.3852444,Bình Dương,Khách sạn,509.400 ₫,Không có giảm giá,,"https://lh5.googleusercontent.com/p/AF1QipM8TThMFLJTlzcXKSsS8mlcvquITK0162lAVDdY, https://lh5.googleusercontent.com/p/AF1QipPWwSqGQXK6U8muondIEGbUJWDULJfjdIZxmz4b, https://lh5.googleusercontent.com/p/AF1QipMA-d2AyR1BSDrTRvXDBQqRwz6zCBa3DQihN8RA, https://lh5.googleusercontent.com/p/AF1QipPz7PmdRTtAJKS3mYRJd7ul3QUFFSZb24nNzCCx, "
Nhà Nghỉ VIVA,"401 Lê Hồng Phong, Phú Hoà, Thủ Dầu Một, Bình Dương, Việt Nam","4,1",134,10.9755146,106.3936881,Bình Dương,Khách sạn,385.362 ₫,Không có giảm giá,"Wi-Fi miễn phí, Đỗ xe miễn phí, Có điều hòa nhiệt độ, Dịch vụ giặt ủi, Dịch vụ phòng, ","https://lh5.googleusercontent.com/p/AF1QipNlZIbGnjByuYloQbWDKrHZo6UdJLTHW5Oy4dTt, https://lh5.googleusercontent.com/p/AF1QipNyMcbW8vgW_ZUN58cXsRbjjGCHiVQgB93tA_Bo, https://lh5.googleusercontent.com/p/AF1QipOgPO-6fqBpXwjZWzKIczdM-p0JWN0wLRLyp_70, https://lh5.googleusercontent.com/p/AF1QipMVmHbpi4ViO55--VV2E2T27er6C-rMmKSEg_Eq, "
HANZ Anh Duc 1 Hotel Binh Duong,"219 Đường Hoàng Văn Thụ, Chánh Nghĩa, Thủ Dầu Một, Bình Dương, Việt Nam","4,0",2,10.9710412,106.3785135,Bình Dương,Khách sạn,439.195 ₫,Không có giảm giá,"Wi-Fi miễn phí, Có điều hòa nhiệt độ, Dịch vụ giặt ủi, Chấp nhận vật nuôi, Nhà hàng, Xe đưa đón ra sân bay, ",
Nhà Nghỉ Bảo Trân 2,"WPWP+7PG, D19, An Phú, Thuận An, Bình Dương, Việt Nam","3,2",243,10.9456847,106.4484386,Bình Dương,Khách sạn,292.576 ₫,Không có giảm giá,,"https://lh5.googleusercontent.com/p/AF1QipNSCv0QJbnzlvrgmf6dYeYGQOjwWoUis4g_5TM0, https://lh5.googleusercontent.com/p/AF1QipNPqdppLc1OUuSIWZF9B-XZi0KOUcN35_j1uQSy, https://lh5.googleusercontent.com/p/AF1QipNOerPr700ULQZYhKlYWAbVR1n3t7UiVQAmYNgV, https://lh5.googleusercontent.com/p/AF1QipMqfVR2R0gMs07P_-4qWYr-M-N0_dETGGOb4PRv, "
Bảo Trâm Korea Motel,"WQC5+9MG, Đ. Chiêu Liêu, Tân Đông Hiệp, Dĩ An, Bình Dương, Việt Nam","4,9",16,10.9209573,106.4708461,Bình Dương,Khách sạn,304.963 ₫,Không có giảm giá,,"https://lh5.googleusercontent.com/p/AF1QipOR8YcD6wrO0AqyHSaqQ8QlN0jVWgwm7Cotj9YL, https://lh5.googleusercontent.com/p/AF1QipMAkZPdNmQ3eL2lNFaMxYA91JrA-QgWy0V8eMN5, https://lh5.googleusercontent.com/p/AF1QipOB0LFCbDJSWirtH7EHWxpv9n517kaEpKYZOVFa, https://lh5.googleusercontent.com/p/AF1QipOPciO1en9fJ8oCJtRoVhhzg7eOPeRfe-SKvUTE, "
Pt House,"212 Đường Trần Phú, Chánh Nghĩa, Thủ Dầu Một, Bình Dương 82000, Việt Nam","5,0",2,10.97099,106.3778389,Bình Dương,Khách sạn,1.485.077 ₫,Không có giảm giá,,"https://lh5.googleusercontent.com/p/AF1QipPtwK1mq3RbSeMaSE3S59HL6lIZN3uUe32kX3Ph, https://lh5.googleusercontent.com/p/AF1QipPtwK1mq3RbSeMaSE3S59HL6lIZN3uUe32kX3Ph, https://lh5.googleusercontent.com/p/AF1QipPtwK1mq3RbSeMaSE3S59HL6lIZN3uUe32kX3Ph, "
"Phương Nam Resort - Thuận An, Bình Dương","VPG3+3CX, 15/12 đường Vĩnh Phú 21, QL13, KP Trung, Thuận An, Bình Dương 10000, Việt Nam","4,4",627,10.8752408,106.4152273,Bình Dương,Khách sạn,1.047.231 ₫,Không có giảm giá,"Wi-Fi miễn phí, Bữa sáng miễn phí, Đỗ xe miễn phí, Phù hợp cho người khuyết tật, Bể bơi ngoài trời, Có điều hòa nhiệt độ, Dịch vụ giặt ủi, Nhà hàng, Bếp ở một số phòng, Xe đưa đón ra sân bay, Bồn tắm nước nóng, Spa, Trung tâm thể dục, ","https://lh5.googleusercontent.com/p/AF1QipOGWTtEnxJ3mQIuIiatnex4fLfiHUyRxr9VcFs0, https://lh5.googleusercontent.com/p/AF1QipNtojwXKZrZZGULilEPMPACWuvGlC21X6EcEua0, https://lh5.googleusercontent.com/p/AF1QipPBOoH7U6IJlrbQIysW-L7Kqy5dMie7nJB7zaCq, https://lh5.googleusercontent.com/p/AF1QipPm2nn5V0qtFb6OQx9N7QPkCfEYeI5vUsuEC1F2, "
Nhà nghỉ Nam Phương,"1255/11 Đ. Cách Mạng Tháng Tám, Phú Thọ, Thủ Dầu Một, Bình Dương, Việt Nam","4,0",39,10.9632514,106.3842242,Bình Dương,Khách sạn,300.000 ₫,Không có giảm giá,,"https://lh5.googleusercontent.com/p/AF1QipNZk1GWuVQadT2AjavVL8GbBeQfrpA0C0_ZsnmJ, https://lh5.googleusercontent.com/p/AF1QipMdzkBNDil44IwSNbccsoin0nmX9ISxefy0DRvi, https://lh5.googleusercontent.com/p/AF1QipOv0KH6HUvgDQj7uXmxb8YNKs6T0BTzVV8O-geb, https://lh5.googleusercontent.com/p/AF1QipP8EBZDi3xaWny-r4yoXjXhOK6mLm8dGO0mt_D4, "
Nhà nghỉ Phương Nam 10,"16 Đường N2, Khu Phố Thống Nhất 1, Dĩ An, Bình Dương 75000, Việt Nam","4,4",48,10.9060137,106.4548474,Bình Dương,Khách sạn,270.000 ₫,Không có giảm giá,,"https://lh5.googleusercontent.com/p/AF1QipPjBmDqet4_23tyHaOJiF2canHPvBE5ctCPYZ7l, https://lh5.googleusercontent.com/p/AF1QipNC7995mIZyy3SIPYhh_hcj6BVRExMjcUgjUv17, https://lh5.googleusercontent.com/p/AF1QipP0CPqv35BMAo2_QmmFCcyBjjV3QV_xCjSUuNA, https://lh5.googleusercontent.com/p/AF1QipOs4ufOFV7bvjpmBcYEmAl5XRZ-ev35xVfVw3of, "
Nhà nghỉ Đế Vương,"Hẻm 93 Nguyễn Thị Minh Khai, Phú Hoà, Thủ Dầu Một, Bình Dương 75000, Việt Nam","3,8",26,10.9820421,106.4042464,Bình Dương,Khách sạn,342.000 ₫,Không có giảm giá,"Wi-Fi miễn phí, Đỗ xe miễn phí, Dịch vụ giặt ủi, Bếp ở một số phòng, ","https://lh5.googleusercontent.com/p/AF1QipPEcPVT1yHCVn20dTak0D_Gj0vvj-chNKlHmoJY, https://lh5.googleusercontent.com/p/AF1QipPEcPVT1yHCVn20dTak0D_Gj0vvj-chNKlHmoJY, "
An Lam Retreats Saigon River,"21/4 Trung Street Vinh Phu Ward Thuan An City, Bình Dương, Việt Nam","4,4",1.099,10.8709526,106.4107242,Bình Dương,Khách sạn 5 sao,4.183.620 ₫,Không có giảm giá,"Wi-Fi miễn phí, Bữa sáng miễn phí, Đỗ xe miễn phí, Bể bơi ngoài trời, Có điều hòa nhiệt độ, Dịch vụ giặt ủi, Dịch vụ phòng, Phù hợp với trẻ em, Nhà hàng, Xe đưa đón ra sân bay, Bồn tắm nước nóng, Spa, Trung tâm thể dục, ","https://lh5.googleusercontent.com/p/AF1QipPHA9sP613kPdOKNYxHeKeviFPMSzE_cJXU22a1, https://lh5.googleusercontent.com/p/AF1QipMVi6Tfr2jU2eGa8CziYUciyxlZljyrPlRM9w0L, https://lh5.googleusercontent.com/p/AF1QipObTAZ54_kB_ki76FSGdIv2_UABRaL1GARRKpw1, https://lh5.googleusercontent.com/p/AF1QipO3mWl_D-M6FchyLD4ULKQyHRiBUf_UiBHRu-nB, "
Công Ty Tnhh Khách Sạn Nữ Hoàng Elizabeth,"17/41 Trần Văn Ơn, khu Phố 4, Thủ Dầu Một, Bình Dương, Việt Nam",Chưa xét,0,10.972208,106.3868185,Bình Dương,Khách sạn,1.182.314 ₫,Không có giảm giá,,
Nhà nghỉ Hương Giang,"63 Đ. Trương Định, Hiệp Thành, Thủ Dầu Một, Bình Dương, Việt Nam","3,5",32,10.9959043,106.3730883,Bình Dương,Khách sạn,262.059 ₫,Không có giảm giá,,"https://lh5.googleusercontent.com/p/AF1QipOaM-Ruomko-zl41t0mlBqnOK6CIbivdgOd0_g, https://lh5.googleusercontent.com/p/AF1QipMR0USBiiLBhdhrVuabPzZ0kIA_RWLeH9F9Ga4, https://lh5.googleusercontent.com/p/AF1QipMepErIHHyNNpeq5KGr5iUY5MDIAWm6FLRRkSak, https://lh5.googleusercontent.com/p/AF1QipO8V3UPuAY1aL3lUZQIAH0hBozY1fkAL6u5u9Jd, "
Fairfield by Marriott South Binh Duong,"City, No 5 Huu Nghi Avenue Vietnam-Singapore, Industrial Park (Vsip, Ward, Bình Dương 820000, Việt Nam","4,5",311,10.9238888,106.4295353,Bình Dương,Khách sạn 3 sao,Không có giá,Không có giảm giá,"Wi-Fi miễn phí, Bữa sáng có tính phí, Đỗ xe miễn phí, Phù hợp cho người khuyết tật, Bể bơi ngoài trời, Có điều hòa nhiệt độ, Nhà hàng, Trung tâm thể dục, Quán bar, Không hút thuốc, ","https://lh5.googleusercontent.com/p/AF1QipPcSCJ0teE9Nq0pNR91aT4pbsaZfBH5bLTlvEfr, https://lh5.googleusercontent.com/p/AF1QipMGR2TpRQbaoBuo-Bim9yfj2-oaB_yRZ-3RzilW, https://lh5.googleusercontent.com/p/AF1QipMzVkqw531Cjh5B82MwJ-SngfdGqKdKXIgekxwk, https://lh5.googleusercontent.com/p/AF1QipNPWsL4o3jwJL7FsVtZWYiFoTZj1nVz5BFBPTD0, "
Dai Nam Hotel Binh Duong,"1765A Bình Dương, Boulevard, Ward, Bình Dương, Việt Nam","4,1",206,11.0346092,106.3418691,Bình Dương,Khách sạn,Không có giá,Không có giảm giá,"Wi-Fi miễn phí, Bữa sáng miễn phí, Đỗ xe miễn phí, Bể bơi ngoài trời, Có điều hòa nhiệt độ, Dịch vụ giặt ủi, Phù hợp với trẻ em, Nhà hàng, Xe đưa đón ra sân bay, ","https://lh5.googleusercontent.com/p/AF1QipN8dzXvFkyLZa5wx6KlqcyGXKMsJpB2eVxj6jxp, https://lh5.googleusercontent.com/p/AF1QipOpiilBx7-ZpE4N_nEsmTuquM-8nGcdaGek4tSE, https://lh5.googleusercontent.com/p/AF1QipP6BWwrZNYwc5wIeSAuzIddhPJ4K53nW33u30fO, https://lh5.googleusercontent.com/p/AF1QipNf6dQgcsMIa-8hegKKdMG1LJansFo9OS6_PXk0, "
Minh Phương Hotel | Khách sạn Bình Dương,"24 Đường D4, Kp.3, Tp. Thủ Dầu Một, Bình Dương 75114, Việt Nam","4,1",7,11.0651114,106.3766223,Bình Dương,Khách sạn,Không có giá,Không có giảm giá,"Wi-Fi miễn phí, Không hút thuốc, ","https://lh5.googleusercontent.com/p/AF1QipP9DtsOotJfTHqmpUYCEaqKLXY0DUHYQghNFCgH, https://lh5.googleusercontent.com/p/AF1QipOKZc9f9D4pW1HXM2nLS2wAgM2PKLklNft6f2D-, https://lh5.googleusercontent.com/p/AF1QipN_AQSmskM3jB1cp4H2inexX-f80fkeRa6pK9ta, https://lh5.googleusercontent.com/p/AF1QipMWJKeUS9dqSEGcm6zuGPRt-dbZFQkttAHJj5uP, "
ANMY HOTEL,"18 Đ. DX-004, Khu 8, Thủ Dầu Một, Bình Dương, Việt Nam","4,4",88,11.0392273,106.3939453,Bình Dương,Khách sạn,Không có giá,Không có giảm giá,"Wi-Fi miễn phí, Đỗ xe miễn phí, Có điều hòa nhiệt độ, Dịch vụ giặt ủi, Xe đưa đón ra sân bay, ","https://lh5.googleusercontent.com/p/AF1QipNSZEkAbDAjrW4Hk04VwpeDWYhRbQxvNCfsM1FQ, https://lh5.googleusercontent.com/p/AF1QipOsRyWTpjmY3yha4nYHL2NNYQyjzGmQMSTcTKco, https://lh5.googleusercontent.com/p/AF1QipMlUS0XNZUu95r_w5PXqVEmrDs71FlOfXTXF7Hl, https://lh5.googleusercontent.com/p/AF1QipPnFS4ww8CRZE9f3gDlCZaVWYxONbO7y_s8OSjQ, "
Hotel UP GARDEN,"Nguyễn Văn Thành, Hoà Lợi, Bến Cát, Bình Dương, Việt Nam","4,3",12,11.0917433,106.3759551,Bình Dương,Khách sạn,371.394 ₫,Không có giảm giá,,"https://lh5.googleusercontent.com/p/AF1QipPxVqnBnVrDR0u7TOBN2G-S8mC3RQfcLBv7g38, https://lh5.googleusercontent.com/p/AF1QipO8u4grklsWWaBl84hFcmV73sE1Fi7hYGcgvfg, https://lh5.googleusercontent.com/p/AF1QipP-qxo6WjxY4ngQIlUnIM52RYCUgXitF_LprZmV, https://lh5.googleusercontent.com/p/AF1QipOCRt8pfy5s84FaeSsi9ls5JJqrNQCBzUAFYOU, "
Hoàng Gia Hotel,"Đường 16, Dân Chủ, Đại Lộ, Tân Uyên, Bình Dương, Việt Nam","4,4",43,11.1117946,106.4136122,Bình Dương,Khách sạn,Không có giá,Không có giảm giá,,"https://lh5.googleusercontent.com/p/AF1QipOosxQGZZfVj1OrWdggRwyHJunZSShJ-GCWh4Gm, https://lh5.googleusercontent.com/p/AF1QipOyg-t-2X5TQuUzgbkrNfzcgWMYyBryvtjuhG8t, https://lh5.googleusercontent.com/p/AF1QipN8cbWbPGZRf34Keff1hpbCN-Jty7f0DbnEYnfQ, https://lh5.googleusercontent.com/p/AF1QipOmXeaecysCN1bhPq07tYlOtGOtZNL-PES08ApZ, "
HOTEL TÂN KHỞI ĐẠT,"Thái Hoà, Tân Uyên, Bình Dương 75000, Việt Nam","4,1",52,11.1346394,106.4007874,Bình Dương,Khách sạn 3 sao,Không có giá,Không có giảm giá,"Wi-Fi miễn phí, Dịch vụ giặt ủi, Bếp ở một số phòng, ","https://lh5.googleusercontent.com/p/AF1QipOPU8CumK44YnBIXGpg2ou1AaPM5XUqogz6_gHm, https://lh5.googleusercontent.com/p/AF1QipMf1qHnh7qUt8umet-BxlrEd-adkuN_vR8QJ1C4, https://lh5.googleusercontent.com/p/AF1QipNygljm7PG3MVMRKfX6DPLyrbFciYe-uqY3wf8R, https://lh5.googleusercontent.com/p/AF1QipNfJ5LOIdNj6sp6GNiMyy1Zae_UgwPv0FZ5xxx1, "
Khách sạn Đông Hòa,"Tờ bản đồ 59, 152 ĐT747, Uyên Hưng, Tân Uyên, Bình Dương, Việt Nam","4,7",116,11.0870736,106.4904676,Bình Dương,Khách sạn,Không có giá,Không có giảm giá,,"https://lh5.googleusercontent.com/p/AF1QipNlrcBsmDeJhXmiIuKXb3S1UtbtKepPtLerzX0A, https://lh5.googleusercontent.com/p/AF1QipMUTzjaRMqXS3dHK5vZUXsq6St9uvxKp-d8gFzr, https://lh5.googleusercontent.com/p/AF1QipM6ZaAFhMhijwEgmvl3JQpGfuxwdJqv3lRUmmGr, https://lh5.googleusercontent.com/p/AF1QipOAKtkrVO6BspSr1fyJObu3bGY-DWvP8r5iHd-M, "
THÀNH PHỐ MỚI HOTEl,"2 Đường N25, Khu Phố 1, Thủ Dầu Một, Bình Dương, Việt Nam","4,9",36,11.0414652,106.4012679,Bình Dương,Khách sạn,Không có giá,Không có giảm giá,"Wi-Fi miễn phí, Đỗ xe miễn phí, Phù hợp cho người khuyết tật, Có điều hòa nhiệt độ, Chấp nhận vật nuôi, Xe đưa đón ra sân bay, Không hút thuốc, ","https://lh5.googleusercontent.com/p/AF1QipMnEvBXOSFaZ4v0Yu2Fw0HdZlcjp6ICK-PvdY3j, https://lh5.googleusercontent.com/p/AF1QipPrEF71azjg_upgV1rC6GiDb4cVagmSRjFL65qA, https://lh5.googleusercontent.com/p/AF1QipNfPZUzywWQ0pOnbkBRltk9U9YHd3jZA0NNfAE2, https://lh5.googleusercontent.com/p/AF1QipP2nRIf__GunOB7jeyItnqz8CF1YGYZNaSJWK9k, "
Khách sạn GIA PHONG PHÁT,"34 lô 2 NA3, Khu Phố 7, Bến Cát, Bình Dương 82000, Việt Nam","4,8",5,11.1402866,106.345485,Bình Dương,Khách sạn,Không có giá,Không có giảm giá,,"https://lh5.googleusercontent.com/p/AF1QipP2EUtxwr4mPbJels-9HeR0i1BKlgq3dqHBkTR5, https://lh5.googleusercontent.com/p/AF1QipPNj74uUCbI8k0XRcKWa3n2GP8oOyR8TZ1gY82c, https://lh5.googleusercontent.com/p/AF1QipP2EUtxwr4mPbJels-9HeR0i1BKlgq3dqHBkTR5, https://lh5.googleusercontent.com/p/AF1QipMG4UnnIEqOHcO19fOZjBl_JhILf5tuDrkFGGDs, "
Hotel Trang Huy,"Đường NA5, Khu Dân Cư Việt Sing, Thuận An, Bình Dương 75000, Việt Nam","4,6",43,10.9428728,106.4336546,Bình Dương,Khách sạn,Không có giá,Không có giảm giá,,"https://lh5.googleusercontent.com/p/AF1QipOR5edUhOJWSfk7GJW9baPX_j0vdPqarNJrhO4s, https://lh5.googleusercontent.com/p/AF1QipO0leyEZ9s-8x6kolsLLLE4cA6tAGHooWx2INJs, https://lh5.googleusercontent.com/p/AF1QipPbO2hlctymaX-wKEdvsH7wvDnN1txm17BR2SSl, https://lh5.googleusercontent.com/p/AF1QipPn-mP_RJHf4zFUOuFPG67qG3kfda3XK52jTlwv, "
Khách sạn Thuỳ Dương,"39 Đường D3, Dĩ An, Bình Dương, Việt Nam","4,3",59,10.9050793,106.4535686,Bình Dương,Khách sạn 2 sao,Không có giá,Không có giảm giá,"Wi-Fi miễn phí, Đỗ xe miễn phí, Dịch vụ giặt ủi, Bếp ở một số phòng, ","https://lh5.googleusercontent.com/p/AF1QipOoSAdAnkUBQwsVhTYykmPMGST8HZom9E6s_zXn, https://lh5.googleusercontent.com/p/AF1QipMBPeThWDCzajfUl2ie6zoRNEo35CGf9aT1ca56, https://lh5.googleusercontent.com/p/AF1QipO3PTkMVz3gJLX_ZWHB2tTdUkUuhJvqRHrQgOUc, https://lh5.googleusercontent.com/p/AF1QipP0-VZAImIyNJp3TzgWt7Ue2JGm-RLH6IFqfxQ8, "
Khách Sạn Hồ Tây,"XMF8+786, Đường Hoàng Văn Thụ, Chánh Nghĩa, Thủ Dầu Một, Bình Dương, Việt Nam","3,6",47,10.9731692,106.3773691,Bình Dương,Khách sạn,Không có giá,Không có giảm giá,"Wi-Fi miễn phí, Có điều hòa nhiệt độ, Dịch vụ giặt ủi, ","https://lh5.googleusercontent.com/p/AF1QipNvRntsvWl-YfOG4eSDBNMLRIPlAp1e9ypAdgqD, https://lh5.googleusercontent.com/p/AF1QipN5QDf-hsvb7d5qshgfA6EHNryaZESmsGkctyjw, https://lh5.googleusercontent.com/p/AF1QipNmda2SrlhNl-cn75iBkPOuYyrFBpD4pCA0vm2v, https://lh5.googleusercontent.com/p/AF1QipOziAvP4hbDBw7msUs83Rx669T05pvxL6-odAGa, "
Khách sạn Royal,"VQC5+M64, Bình Đường, An Bình, Dĩ An, Bình Dương, Việt Nam","4,4",5,10.8716454,106.4696777,Bình Dương,Khách sạn,Không có giá,Không có giảm giá,,"https://lh5.googleusercontent.com/p/AF1QipNTlk_r-s7S75uPEa_UIGKgcoxPRY6LtQ_wZ4sa, https://lh5.googleusercontent.com/p/AF1QipNTlk_r-s7S75uPEa_UIGKgcoxPRY6LtQ_wZ4sa, https://lh5.googleusercontent.com/p/AF1QipPktSfrorQOoz6f-5aXUmBGipf0hVrgI8sq3YoS, "
KHÁCH SẠN NEWSKY1,"Đường DJ5, Thới Hoà, Bến Cát, Bình Dương 75911, Việt Nam","5,0",1,11.1022662,106.3491038,Bình Dương,Khách sạn,Không có giá,Không có giảm giá,,"https://lh5.googleusercontent.com/p/AF1QipO-C6ZH8CqObRqdur-q-Hy3f_ygEyOWYUSlj-JG, https://lh5.googleusercontent.com/p/AF1QipO-C6ZH8CqObRqdur-q-Hy3f_ygEyOWYUSlj-JG, https://lh5.googleusercontent.com/p/AF1QipPiNdG9vJE32Xe_zlS9IXctusCFQpquQvAopKhN, https://lh5.googleusercontent.com/p/AF1QipO-C6ZH8CqObRqdur-q-Hy3f_ygEyOWYUSlj-JG, "
Khách sạn Happy House thành phố mới bình dương,"D09 Huỳnh Thúc Kháng, Phú Chánh, Thủ Dầu Một, Bình Dương 820000, Việt Nam","4,5",26,11.0528438,106.3964972,Bình Dương,Khách sạn,Không có giá,Không có giảm giá,"Wi-Fi miễn phí, Phù hợp cho người khuyết tật, Có điều hòa nhiệt độ, Dịch vụ giặt ủi, Không hút thuốc, ","https://lh5.googleusercontent.com/p/AF1QipMn7HEHN7IH0CImdrDNvwcikXwnzP-K0zYfPu5z, https://lh5.googleusercontent.com/p/AF1QipN-FudQm-uY1T-rmmJJX5Lwsvo2P30-HHyYzxp3, https://lh5.googleusercontent.com/p/AF1QipOSMqJcXtCutrAJwROML1guStXYJR2ExWztjk72, https://lh5.googleusercontent.com/p/AF1QipNTJGUjaTx2Zjg9HfO0LA6iZj46IWV4s1jLNhpH, "
Khách Sạn Trúc Xanh,"Lê Hồng Phong, Phú Hoà, Tp. Thủ Dầu Một, Bình Dương, Việt Nam","3,8",107,10.9761291,106.3942878,Bình Dương,Khách sạn 2 sao,Không có giá,Không có giảm giá,"Wi-Fi miễn phí, Đỗ xe miễn phí, Có điều hòa nhiệt độ, Dịch vụ giặt ủi, ","https://lh5.googleusercontent.com/p/AF1QipPinpiAgZ5X6_8PkO5Wwq6y3RepwzCr69pHXBC4, https://lh5.googleusercontent.com/p/AF1QipPOO3bIwZVYVG0Y6PhHn2TQGzUB6SiRmIICNljo, https://lh5.googleusercontent.com/p/AF1QipMCJKjzRtRIW2k6XlyjuqtZiw3JUX61mc4Bk-J6, https://lh5.googleusercontent.com/p/AF1QipO35AonvySkp0fGMmFkYiE4H7vNc7n3uF5Zf9qI, "
Khách sạn Lan Rừng - Thành phố mới Bình Dương,"257/4 Đồng Khởi, Phú Mỹ, Thủ Dầu Một, Bình Dương, Việt Nam","4,1",78,11.051142,106.3958656,Bình Dương,Khách sạn,Không có giá,Không có giảm giá,"Wi-Fi miễn phí, Đỗ xe miễn phí, Có điều hòa nhiệt độ, Dịch vụ giặt ủi, ","https://lh5.googleusercontent.com/p/AF1QipP8KN0j1_tiBVslGtcJUgYE-NulgP10bn7NHeXY, https://lh5.googleusercontent.com/p/AF1QipNKw5U1w5s-jK6x0mZHKvSW1CR-kXC0bunlRl36, https://lh5.googleusercontent.com/p/AF1QipPCqVj50FIwrG01iCb4RETk663pfcZZe_RZaR0N, https://lh5.googleusercontent.com/p/AF1QipM1RS7ClNmkRfZh8sH4G494i7Ij8E-Az3C8hGa9, "
Khách Sạn Lina,"45 Đường N2, Dĩ An, Bình Dương, Việt Nam","3,8",89,10.9079462,106.4552176,Bình Dương,Khách sạn,Không có giá,Không có giảm giá,"Wi-Fi miễn phí, Bữa sáng miễn phí, Đỗ xe miễn phí, Có điều hòa nhiệt độ, Dịch vụ giặt ủi, Dịch vụ phòng, Xe đưa đón ra sân bay, ","https://lh5.googleusercontent.com/p/AF1QipNcTUgeMeXGcMqdydJlkYnxl7yCz0Ya6huvycyq, https://lh5.googleusercontent.com/p/AF1QipPy6kb2jRCwiF7sKF4KYlVprww8DBffUTOiVh9q, https://lh5.googleusercontent.com/p/AF1QipMcI18-iddupoz1o53ZrsyIMSmekqnafmdYH6Ut, https://lh5.googleusercontent.com/p/AF1QipMF-ovPdd2Rpg0VJHg2SUbXHcPPWsTV-qXTBs-7, "
Căn hộ Minh Yến,"XC 1, Mỹ Phước, Bến Cát, Bình Dương, Việt Nam","5,0",3,11.1364393,106.3245699,Bình Dương,Khách sạn,Không có giá,Không có giảm giá,,"https://lh5.googleusercontent.com/p/AF1QipONFfsAEk0K_IZdzEZ_HgwR1dyazz3ix94gXtw, https://lh5.googleusercontent.com/p/AF1QipN8h-N_0GOlU8J0OtgJF3TCxzZkM_OxY60mcmI, https://lh5.googleusercontent.com/p/AF1QipO9L6_Y6dco37LKaVrDWPMz1nDEhQirDkYU4wY, https://lh5.googleusercontent.com/p/AF1QipN6T9xnUAT8HyQL-MjJy_io5wtWp1utjDY1dLlb, "
Khách sạn May,"419 QL13, An Thạnh, Thuận An, Bình Dương, Việt Nam","4,1",159,10.9593191,106.408432,Bình Dương,Khách sạn 1 sao,Không có giá,Không có giảm giá,"Wi-Fi miễn phí, Đỗ xe miễn phí, Có điều hòa nhiệt độ, Dịch vụ giặt ủi, ","https://lh5.googleusercontent.com/p/AF1QipN-yy-X1cjrdf3PPStKeXTF_iDQhloUW_rqBFng, https://lh5.googleusercontent.com/p/AF1QipOQXR5gSZxXmWXcq2azALb5YGR_Vilp3_w6CZs, https://lh5.googleusercontent.com/p/AF1QipMSy42zi0h870D3DLBwNP_qLjdu7NiYEuJo8r4g, https://lh5.googleusercontent.com/p/AF1QipNRPcpkH4ZXIz3NkjtiIh-EvznaAuLLfYUHJulq, "
