name,address,score,reviews count,latitude,longitude,province,category,price,services,description images
Quán Cơm 63,"63 Đường Lý Thường Kiệt, Phường 3, Bạc Liêu, Việt Nam","4,1",437,9.2890556,105.6532433,Bạc Liêu,Nhà hàng,100-200 N ₫,"Ăn tại chỗ, Đồ ăn mang đi, ","https://lh5.googleusercontent.com/p/AF1QipNoMb6jMZnywSth6mmPTRHZD-KjNbtHu5YuABU-, https://lh5.googleusercontent.com/p/AF1QipOF_Rq-qWeioe98lmgCXDejrwSieFGQwf6aorjN, https://lh5.googleusercontent.com/p/AF1QipOm-MR37TEReSBsUDyZVVxR8O1mXVNu1rQS0ibk, https://lh5.googleusercontent.com/p/AF1QipM4qM4D6gNu1kSpSovZne9yOQzGYI2INeb0dyCP, "
Bánh Xèo A Mật,"Đường Giồng Nhãn, Hiệp Thành, Bạc Liêu, Việt Nam","4,0",1.759,9.235797,105.6787331,Bạc Liêu,Nhà hàng,100-200 N ₫,"Ăn tại chỗ, Mua hàng ngay trên xe, Giao hàng gián tiếp, ","https://lh5.googleusercontent.com/p/AF1QipNWu3MX0sM0R9Mk_N9D_-9ArCd3zrBgCp3xRoEN, https://lh5.googleusercontent.com/p/AF1QipMg4V6swnPctgbijfoSTHYgNsIjctkmBxB7PfqE, https://lh5.googleusercontent.com/p/AF1QipNLquYtWLt1PQta2WJkbC2AdZC0IR8p96OuS2n-, https://lh5.googleusercontent.com/p/AF1QipP2BmmZ0Y_0rZ_AGsc7MkZF36H258kILYQH0Ekh, "
Nhà Hàng Em Nhỏ Bạc Liêu,"022 Võ Thị Sáu, Phường 8, Bạc Liêu, Việt Nam","4,1",153,9.2871481,105.6472033,Bạc Liêu,Nhà hàng,Không có giá,"Ăn tại chỗ, ","https://lh5.googleusercontent.com/p/AF1QipOCvxmamLiOTzILZ7azpMQYan9eIuEQ0K5-5V2_, https://lh5.googleusercontent.com/p/AF1QipODcKznrrngFzCTqF6sAEY60N_mtfmvJxggSq3d, https://lh5.googleusercontent.com/p/AF1QipNijXuGLxCl_Uc0loZ5G1AsGTEeSKIun0JXYaHs, https://lh5.googleusercontent.com/p/AF1QipNKRHoaV0uATTB9zt2uuZzmlI1-W-Rfc-Ud16yy, "
Nhà hàng Thuyền Trăng Quán,"128 Võ Thị Sáu, Phường 8, Bạc Liêu, Việt Nam","4,1",491,9.293695,105.6385358,Bạc Liêu,Nhà hàng,200-300 N ₫,"Ăn tại chỗ, Đồ ăn mang đi, Giao hàng gián tiếp, ","https://lh5.googleusercontent.com/p/AF1QipNGfTgsJtl6KW0N_52RDP-z5dj9Ej3wnl2kvMWc, https://lh5.googleusercontent.com/p/AF1QipMEqwfEL45088Ygea2YGAmTw-Qr_Euf3Xyu4BKn, https://lh5.googleusercontent.com/p/AF1QipNWhtamyVvL3LriD4_a7OhOqibu8VQTOYX7cuYu, https://lh5.googleusercontent.com/p/AF1QipPOeOAMCC9lqRdFf5gMCsJu8uOKP7RkvsnCEZcv, "
Quán 58 Bạc Liêu,"187 Hoàng Diệu, Phường 1, Bạc Liêu, Việt Nam","4,1",161,9.2910304,105.6605356,Bạc Liêu,Nhà hàng,100-200 N ₫,"Ăn tại chỗ, Đồ ăn mang đi, Giao hàng, ","https://lh5.googleusercontent.com/p/AF1QipPGJXA0tXitD3IDJayYSGwG5NYQtQQITdmmCTTJ, https://lh5.googleusercontent.com/p/AF1QipPQV45M1P-J_sMlUoDCNlCx8qkQ5pkf0TfWCnbJ, https://lh5.googleusercontent.com/p/AF1QipPGJXA0tXitD3IDJayYSGwG5NYQtQQITdmmCTTJ, https://lh5.googleusercontent.com/p/AF1QipPG4_q4tezpfQt93HmpQ3ywW9i0VQdPFlqRvcgU, "
Đặc Sản Bạc Liêu,"6PCQ+H33, Phường Nhà Mát, Bạc Liêu, Việt Nam","4,1",18,9.2213752,105.6655831,Bạc Liêu,Nhà hàng,Không có giá,"Ăn tại chỗ, Đồ ăn mang đi, Giao hàng, ","https://lh5.googleusercontent.com/p/AF1QipMDM28HohU8E3emATtQUV73X2RFNA7wbF1FO8bB, https://lh5.googleusercontent.com/p/AF1QipM6AYcIeLTCPSMMLuSa5ERjxmwWl-jW_0QvAfZv, "
Quán Cơm Nga,"420 Trần Phú, Phường 7, Bạc Liêu, Việt Nam","4,1",54,9.3002983,105.6492772,Bạc Liêu,Quán ăn nhỏ,1-100.000 ₫,"Ăn tại chỗ, Mua hàng ngay trên xe, Giao hàng gián tiếp, ","https://lh5.googleusercontent.com/p/AF1QipPK0DPgUHr3em_PyMo41KtxGgh4S6nYPS6jW5Zr, https://lh5.googleusercontent.com/p/AF1QipO_GT8u-Y9zkA2xkOXL394uahdalXDmsP5F9KbN, https://lh5.googleusercontent.com/p/AF1QipOwqVTMVi2pkmSF4hL4veoS_9ltYB8dEFuDdXnB, https://lh5.googleusercontent.com/p/AF1QipMMX7c0_OecfwpfVOCaWjwIxGJd114u1XNi_97n, "
Bún Bò Cay Bạc Liêu ÁNH NGUYỆT,"119 Cao Văn Lầu, Phường 5, Bạc Liêu, Việt Nam","3,9",491,9.2805584,105.6551301,Bạc Liêu,Nhà hàng,1-100.000 ₫,"Ăn tại chỗ, Đồ ăn mang đi, ","https://lh5.googleusercontent.com/p/AF1QipNNPfbOaFdGaOi9hXPyFcQgycgE6sO0bmcqXzdL, https://lh5.googleusercontent.com/p/AF1QipPiwfb6sg6hdF2_RbYCplD5FnwS9vHlct2zO_1_, https://lh5.googleusercontent.com/p/AF1QipPTwGxRUy-PEcotDsAPqOZSj5YYG_wm25yNDZgW, https://lh5.googleusercontent.com/p/AF1QipMMcX4ECGPjjlABSv8oBTIegVYgBrvcC30yNE10, "
Ẩm thực sân vườn Ba Lúa,"192 23 Tháng 8, Phường 8, Bạc Liêu, Việt Nam","4,0",178,9.295808,105.6375645,Bạc Liêu,Nhà hàng,100-200 N ₫,"Ăn tại chỗ, Đồ ăn mang đi, Giao hàng gián tiếp, ","https://lh5.googleusercontent.com/p/AF1QipN6iTLQE36iF-7FsJk2-mmy5Bvi4xz8O56KCbb-, https://lh5.googleusercontent.com/p/AF1QipO8V0czog8YgKpujeFiFYdu8VDPIb5ku5WDxMgf, https://lh5.googleusercontent.com/p/AF1QipNwh8DMISpZxkALjCaaCNEMXgBy78fpfuD5fmw0, https://lh5.googleusercontent.com/p/AF1QipP_LqtdM3LOAJWf5w8nN0YzCmVDs9z79hhWcc9r, "
Nhà hàng Công tử Bạc Liêu,"13 Điện Biên Phủ, Phường 3, Bạc Liêu, Việt Nam","3,9",28,9.2837958,105.6511708,Bạc Liêu,Nhà hàng,1-100.000 ₫,"Ăn tại chỗ, Đồ ăn mang đi, Giao hàng, ","https://lh5.googleusercontent.com/p/AF1QipOJ7ejU7WH5oiXGmYg-sAbeyKqr803vy9fr9SPg, https://lh5.googleusercontent.com/p/AF1QipN48iDmNADBV-_sJwx_gT4khvjvBBfBBHivYn50, https://lh5.googleusercontent.com/p/AF1QipOqTR57kfRXA3bjLv9U9nLEg08D7X2VD2KmMkQy, https://lh5.googleusercontent.com/p/AF1QipNAkTSUQ1wSFhzYyIz8DtR_6BHowlBMIJb6p9Yt, "
Bún xào nem nướng Băng Tâm (ngon),"516 Võ Thị Sáu, Phường 3, Bạc Liêu, Việt Nam","4,4",305,9.2842849,105.6493895,Bạc Liêu,Nhà hàng,1-100.000 ₫,"Ăn tại chỗ, Đồ ăn mang đi, Giao hàng, ","https://lh5.googleusercontent.com/p/AF1QipP-IpzdYbdhCtdICKKh2oRYPd5PCeFK0PJ21rbr, https://lh5.googleusercontent.com/p/AF1QipO5mzQY03dJ7wwJ5tfIBm_IZDbfmlpr5alKfz0s, https://lh5.googleusercontent.com/p/AF1QipMsFaK8hrMhDgSHiULa2OZ4-JIAKxPkwRaMIUSm, https://lh5.googleusercontent.com/p/AF1QipOR_a1h7kE_5GvzrSgsVxVfmBExvnBXKxlBSmon, "
Cơm Chiên A Chen🍛🍛,"55 Lê Lợi, Phường 3, Bạc Liêu, Việt Nam","4,1",666,9.2881469,105.6553208,Bạc Liêu,Nhà hàng,1-100.000 ₫,"Ăn tại chỗ, Mua hàng ngay trên xe, Giao hàng gián tiếp, ","https://lh5.googleusercontent.com/p/AF1QipNRTksRVoVMRcfQj30dqIBp05MPArhTNqF3Xo8G, https://lh5.googleusercontent.com/p/AF1QipO4qNJSaNU3NVC6u5IWvs8M4jD8WmbBlrlyk-IU, https://lh5.googleusercontent.com/p/AF1QipP1Vnfkw9_5MCRPcXyjs08yFmJHSFPEluDR-6SM, https://lh5.googleusercontent.com/p/AF1QipNKitkfqsMxmwcxJStPt39xy2tAboyChw9pqmDu, "
Bún nước lèo Năm Hớn,"649 Trần Phú, Phường 7, Bạc Liêu, Việt Nam","4,0",230,9.3069093,105.6482783,Bạc Liêu,Quán ăn nhỏ,1-100.000 ₫,"Ăn tại chỗ, Đồ ăn mang đi, ","https://lh5.googleusercontent.com/p/AF1QipPRZh7pJ99LOpjDYtYNrz03MYCKStSdJlKJUSfY, https://lh5.googleusercontent.com/p/AF1QipOwBgOc638bIaTsA-5NAHs7D5u_f-2085LZLWlJ, https://lh5.googleusercontent.com/p/AF1QipPE9g-7PK4vxvkI6sA7X2gJoJ8d--IokCgGsvn2, https://lh5.googleusercontent.com/p/AF1QipNEDGJJR2pd9bR5Ejse4vbvQjQLzXtEJhg1Lgk1, "
Cơm Niêu Cậu Tân Xứ Bạc,"475 Trần Phú, Phường 7, Bạc Liêu, Việt Nam","4,5",93,9.3010418,105.6488385,Bạc Liêu,Nhà hàng,1-100.000 ₫,"Ăn tại chỗ, Mua hàng ngay trên xe, Giao hàng gián tiếp, ","https://lh5.googleusercontent.com/p/AF1QipPioH_UB6FIgzDyqcChxnD2qGSIkF6hobdFjeTS, https://lh5.googleusercontent.com/p/AF1QipP_3-e-sGhi_psbjmsIbaAejWH7WOSeIJk8yV_q, https://lh5.googleusercontent.com/p/AF1QipPuGt6m_o1UfQpMmhZToMY17pleLlf751-1aAhD, https://lh5.googleusercontent.com/p/AF1QipN8Id1wUhbGOPXzcPJ7XHm9qRh4UicZjRZa2ky7, "
Lạc dining - Nhà hàng Âu,"152a/4 Nguyễn Đình Chiểu, Phường 7, Bạc Liêu, Việt Nam","4,7",33,9.2948944,105.6450992,Bạc Liêu,Nhà hàng,200-300 N ₫,"Ăn tại chỗ, Đồ ăn mang đi, Giao hàng gián tiếp, ","https://lh5.googleusercontent.com/p/AF1QipOGbrqzrzgTowsEG_hnJsEpAsLpwijmmCkYdQ_d, https://lh5.googleusercontent.com/p/AF1QipO9YWH6--FVovDcC8yil4aY4mULaSr-E7mmJG6E, https://lh5.googleusercontent.com/p/AF1QipO6JASHtQo1BkqQME9Ba8-NSzD7WpA0mBu5jK2D, https://lh5.googleusercontent.com/p/AF1QipMKCHmDcOgsPooPmP67bAlJ1tZLd_j8Xtv2n7UF, "
Quán Ăn Bò Kho Mai Anh,"413 23 Tháng 8, Phường 8, Bạc Liêu, Việt Nam","4,4",50,9.2968784,105.6244569,Bạc Liêu,Nhà hàng,1-100.000 ₫,"Ăn tại chỗ, Đồ ăn mang đi, ","https://lh5.googleusercontent.com/p/AF1QipM-Wrjlm-rzeejYharCk0B5GxZjK5HGAXL9dqUl, https://lh5.googleusercontent.com/p/AF1QipPYpEUYrGlLJCS2kUUuK6P2jrELJzyZlriTVDQ, https://lh5.googleusercontent.com/p/AF1QipMMKeeSwOU-Nx9ysR-DnAuOsQOmuCWdfluSUZ7U, https://lh5.googleusercontent.com/p/AF1QipNzV3q_RerIm7AzBcGLJNbxjufHNmEwhBlkzCZr, "
Quán cà phê Quảng Trường,"7 Trần Huỳnh, khóm 5, Bạc Liêu, Việt Nam","3,9",236,9.2955417,105.6525889,Bạc Liêu,Quán cà phê,₫₫,"Ăn tại chỗ, Nhận hàng ở lề đường, Giao hàng gián tiếp, ","https://lh5.googleusercontent.com/p/AF1QipNdpmQxJDhHot4gmhX8fk-qbpUPiFzGs6DLx-fM, https://lh5.googleusercontent.com/p/AF1QipPWUXqbY1KOlHR50VKV0yxeV4iq-DJFkMaSJ82A, https://lh5.googleusercontent.com/p/AF1QipN8y_sD3r4b857tN88HSMtOQzjwJcJdrBmgfTJX, https://lh5.googleusercontent.com/p/AF1QipM7jBKCWySAjB5U0HLt2mY1Xx-3Z76yfCVrHmuK, "
Lẩu Mắm Hồng Gấm 2,"Ninh Bình, Phường 2, Bạc Liêu, Việt Nam","4,1",443,9.2715121,105.6533915,Bạc Liêu,Nhà hàng,100-200 N ₫,"Ăn tại chỗ, Mua hàng ngay trên xe, Giao hàng gián tiếp, ","https://lh5.googleusercontent.com/p/AF1QipNwWlfwTolNl5MMtjQVUc1C8Rc2fcykh9nPiMcD, https://lh5.googleusercontent.com/p/AF1QipOevUJIKEOpNVIrMp9SbaXSzQ3M50LKkzE1PZIS, https://lh5.googleusercontent.com/p/AF1QipMWhDch6NfVT3AGwiB8ss-vKX51nuqq7-66ZkxZ, https://lh5.googleusercontent.com/p/AF1QipO7d3H6IBMwlnoG34ak1fHv3FXZ7cF85U9kV59M, "
Ẩm Thực HTV99,"7PXM+X5C, Phường 1, Bạc Liêu, Việt Nam","4,0",200,9.2999415,105.6607909,Bạc Liêu,Nhà hàng,100-200 N ₫,"Ăn tại chỗ, Đồ ăn mang đi, Giao hàng gián tiếp, ","https://lh5.googleusercontent.com/p/AF1QipOsFZwBJ1iouPDzh17_1OAorYLnLDxI8CEk6QM, https://lh5.googleusercontent.com/p/AF1QipMEfhVxRT6NFrVMWvSX53aRwrD84iiiacOEe60u, https://lh5.googleusercontent.com/p/AF1QipN9U3XqZ7K8Kb7bl1_JSWPpeB7fayVoyZBzm16n, https://lh5.googleusercontent.com/p/AF1QipPO0nY8ai3t-Y0f6BrpMrbyAyxIvXXnce82lhFg, "
Soowon BBQ Bạc Liêu Thơm Ngon Mời Bạn Ăn Nha,"23 Ninh Bình, Phường 2, Bạc Liêu, Việt Nam","4,0",106,9.2728466,105.6538244,Bạc Liêu,Nhà hàng thịt bò Hàn Quốc,100-300 N ₫,"Ăn tại chỗ, ","https://lh5.googleusercontent.com/p/AF1QipPp2k3k7gLJmeXioNe9QvkMn74zTndTcircZh-B, https://lh5.googleusercontent.com/p/AF1QipP1qWDkJY7qQ6yXg1upY-bVLLTjRPFgrpoIKKKk, https://lh5.googleusercontent.com/p/AF1QipPFxXpt-fs9Uda8rm6RiPamWaXldmQHsrhMWvp_, https://lh5.googleusercontent.com/p/AF1QipNEHzlJxMi2zKamFNbljG7yOBOcDT6Xku2dtAuv, "
Phở Hà Nội Thịnh Đạt,"137/5 Đ. Võ Văn Kiệt, Phường 1, Bạc Liêu, Việt Nam","4,0",155,9.3019315,105.6511308,Bạc Liêu,Quán ăn nhỏ,1-200.000 ₫,"Ăn tại chỗ, Mua hàng ngay trên xe, ","https://lh5.googleusercontent.com/p/AF1QipM_tzUS5sddxmXXwdDGjQ1bRqQRKa7RCARMKPjU, https://lh5.googleusercontent.com/p/AF1QipO42atWs1_30H-FZA0Ndd6AEv0LES1tcelc5PMA, https://lh5.googleusercontent.com/p/AF1QipN88ZEF_fpijRG1picjN40mMsAZCZYeR9VJ2e_X, https://lh5.googleusercontent.com/p/AF1QipNWGygB_fjnAbLYqUY_N9THgiVF1As5Wx1fKlmX, "
GoGi House Go Bạc Liêu,"TTTM Go, 23 Tháng 8, Phường 7, Bạc Liêu, 260000, Việt Nam","4,7",86,9.2975267,105.6460631,Bạc Liêu,None,100-200 N ₫,"Ăn tại chỗ, ","https://lh5.googleusercontent.com/p/AF1QipO0O4eZLzV4AABhvs1-Nv1845V74nLIibGkH1H-, https://lh5.googleusercontent.com/p/AF1QipNKfZSSnqiLMBdhM055475oe43Kgi-HPWbm0KgM, https://lh5.googleusercontent.com/p/AF1QipMa8Z4tYwcY0amZ5Z5oEQJih0D7VfH8_HdxXPb8, https://lh5.googleusercontent.com/p/AF1QipOTlrMIx14FZXgJErpmrFiGJE9NoRU6yWQNOMVs, "
Quán Nhậu 3ku Beer Bạc Liêu Thơm Ngon Mời Bạn Ăn Nha,"180/5 Đ. Võ Văn Kiệt, khóm 5, Bạc Liêu, Việt Nam","4,5",80,9.2978333,105.6520932,Bạc Liêu,Quán bia,100-200 N ₫,"Ăn tại chỗ, Mua hàng ngay trên xe, Giao hàng gián tiếp, ","https://lh5.googleusercontent.com/p/AF1QipPVN5bGtPOoJwObeFS8DncxmlmtCkUMHBXLA4zQ, https://lh5.googleusercontent.com/p/AF1QipOTe1C486qn9j0xhFYXUU6uD6ohaPyoIdqj9dQB, https://lh5.googleusercontent.com/p/AF1QipPWh6qmhg2XNs1LwDRGnGGzIl4gBaNhaMnKP257, https://lh5.googleusercontent.com/p/AF1QipO4HljzzJh_ybCdzUWdTREesJf4bT9RN0i3gQ-0, "
Quán Sứ,"7PMF+55W, Điện Biên Phủ, Phường 3, Bạc Liêu, Việt Nam","4,0",145,9.2829838,105.650864,Bạc Liêu,Nhà hàng,1-100.000 ₫,"Ăn tại chỗ, Đồ ăn mang đi, ","https://lh5.googleusercontent.com/p/AF1QipOb1kTlXKNbKQsE1rRiMlvxhyrtJMlxmYUPcvWv, https://lh5.googleusercontent.com/p/AF1QipOx-szeS8PFmaSTYjAy7zWH8LYOb_KYp3MbLQoG, https://lh5.googleusercontent.com/p/AF1QipPS_XxkOOGBTCZxvzlNnpxlB7HlvKMMa6VyTQK2, https://lh5.googleusercontent.com/p/AF1QipPim7g4oYIAVgx8UD_Abw3GziyUGZCeEjlWQZDi, "
Quán Cơm- Phở Huỳnh Khoa,"95 Trần Huỳnh, Phường 7, Bạc Liêu, Việt Nam","4,8",15,9.2937955,105.6479113,Bạc Liêu,Nhà hàng,Không có giá,"Ăn tại chỗ, Đồ ăn mang đi, ","https://lh5.googleusercontent.com/p/AF1QipNy0ZL0LHY7cMMcgH0TPM-1vvAMgezjxRy180nb, https://lh5.googleusercontent.com/p/AF1QipOJ4coKqSIM322akXYWwVZlzlwUKj5Q8VaZjkH_, https://lh5.googleusercontent.com/p/AF1QipNPsVLEqGZRUMweSgxl7wMwGJOXOWeGxWQ9tHSA, "
Quán cơm tấm Sườn Nướng-Gà Ta Nướng Tư Hạnh,"300 Võ Thị Sáu, Phường 3, Bạc Liêu, Việt Nam","4,2",94,9.288943,105.6449422,Bạc Liêu,Nhà hàng,1-100.000 ₫,"Ăn tại chỗ, Mua hàng ngay trên xe, Giao hàng, ","https://lh5.googleusercontent.com/p/AF1QipNWWcehsY4fkkb8wUIzfILi-0XpEhmdGMcBD1Se, https://lh5.googleusercontent.com/p/AF1QipO4XLIXVa6RkOCGHNbkM7JAlLBcV5JXzkQzSJY2, https://lh5.googleusercontent.com/p/AF1QipNQIG1w8C0x46_Ut-U8MDbrBrpCvdMCtPxBHsbS, https://lh5.googleusercontent.com/p/AF1QipOfK9poy8sGLJsjOMTvLpD2Y-5ygpa-ygb2ZrcW, "
QUÁN ĂN 97 (97 Hot Beef Food - Bali City - Vietnam) - Cơm phần (box meals),"Ấp cái tràm a1, Long Thạnh, Vĩnh Lợi, Bạc Liêu, Việt Nam","5,0",121,9.288943,105.5831441,Bạc Liêu,Nhà hàng chuyên phục vụ bữa sáng,1-100.000 ₫,"Ăn tại chỗ, Mua hàng ngay trên xe, Giao hàng gián tiếp, ","https://lh5.googleusercontent.com/p/AF1QipOfBEIqQcJ-vatsvi-w9AqrhhGvvOnwcvNTsIoi, https://lh5.googleusercontent.com/p/AF1QipN0GVNVlVtVvyqobPW1OLwFBiD5RPwrxZOv0g2Z, https://lh5.googleusercontent.com/p/AF1QipPXFx5ggpRSBk-USS2HKMHocIZ7tJWVdYGFZz3o, https://lh5.googleusercontent.com/p/AF1QipNVj9r1C7xOeiBiEfCpHCZiGWb4Pl1aEwUDz8il, "
Quán ăn ở bạc liêu,"45c Phan Đình Phùng, Phường 3, Bạc Liêu, Việt Nam",Chưa xét,0,9.2890319,105.6532967,Bạc Liêu,Nhà hàng,Không có giá,"Ăn tại chỗ, Đồ ăn mang đi, ",
Ẩm Thực Bạc Liêu,"38B/4, Khóm 2, Bạc Liêu, Việt Nam","4,6",42,9.2931143,105.643188,Bạc Liêu,Khu ăn uống,Không có giá,"Ăn tại chỗ, Đồ ăn mang đi, ","https://lh5.googleusercontent.com/p/AF1QipN-41sA8g2zeN38PS6CfUqjUo1QpOpvR0R4z346, https://lh5.googleusercontent.com/p/AF1QipNJEspo0UvcZc5a8-xJuf8n0SoYfEgDTiYuMe67, https://lh5.googleusercontent.com/p/AF1QipP-ZTVBw2yUQdqNSYn57wBSPl7T5mp2gaGd4-nQ, https://lh5.googleusercontent.com/p/AF1QipPGVgVK0P3iBOimAfmQTv4rZ6tlaMxn0OgUqZBz, "
Ẩm thưc Phượng Vĩ,"725 Ninh Bình, Phường 2, Bạc Liêu, Việt Nam","4,4",93,9.2765228,105.6525804,Bạc Liêu,Nhà hàng gia đình,100-200 N ₫,"Ăn tại chỗ, Mua hàng ngay trên xe, Giao hàng, ","https://lh5.googleusercontent.com/p/AF1QipMg6ZBIdRCfHF7nG2u2JT2kShY3eyNiF0_UeJw, https://lh5.googleusercontent.com/p/AF1QipMYKJIzg8gXs1IgJlFDu0XxG8hfc5RkfbprowC0, https://lh5.googleusercontent.com/p/AF1QipP-vEAvPlZIMt9-kTyDaBz5q6uxDxoMGX47pw2U, https://lh5.googleusercontent.com/p/AF1QipMg6ZBIdRCfHF7nG2u2JT2kShY3eyNiF0_UeJw, "
Quán Chè Minh Đào,"7PQG+76F, Bà Triệu, Phường 3, Bạc Liêu, Việt Nam","4,2",41,9.2881978,105.6534636,Bạc Liêu,Quán ăn nhẹ,Không có giá,"Ăn tại chỗ, Đồ ăn mang đi, ","https://lh5.googleusercontent.com/p/AF1QipOPOBrdDx1Z9gXnS3Vj1PJP5ikEpc_eWFZtVAgm, https://lh5.googleusercontent.com/p/AF1QipNLoyDYLZ-RTgsQ-Iu_snbpMppPS0A36GTruBfL, "
Caffe Phương Nam,"333 Ninh Bình, Phường 2, Bạc Liêu, Việt Nam","4,6",18,9.268635,105.6556104,Bạc Liêu,Nhà hàng,Không có giá,"Ăn tại chỗ, Đồ ăn mang đi, ","https://lh5.googleusercontent.com/p/AF1QipOu69RCA875pkWYv5YLcnVYIn2_a_dP8KGGV6Rc, https://lh5.googleusercontent.com/p/AF1QipM1VlTWN64XJ8_KFH-BS7wjrP0aJQrryaDpjtl9, "
Quán Mì Ông Chúa,"66 Phan Đình Phùng, Phường 3, Bạc Liêu, Việt Nam","4,3",127,9.2893864,105.6534037,Bạc Liêu,Nhà hàng,1-100.000 ₫,"Ăn tại chỗ, Đồ ăn mang đi, ","https://lh5.googleusercontent.com/p/AF1QipN4l4qH0rXsl-_Tlzuxo8YbotnA_S5yAWBC4_ZE, https://lh5.googleusercontent.com/p/AF1QipPYz_dECQspmVTZW7pLYEnQzi11g7f7Xkq--EiL, https://lh5.googleusercontent.com/p/AF1QipMjmIqd8_gaGlw5IEa3nke0nzH9F3TkkmVQ3L9B, https://lh5.googleusercontent.com/p/AF1QipPbPJR1R_eoaPUz7Glt3nY-fHHHFe_PdALA4VPe, "
Dê Nồi Đất Bạc Liêu,"199 Đ. Võ Văn Kiệt, Phường 1, Bạc Liêu, Việt Nam","4,2",40,9.2982459,105.6515667,Bạc Liêu,Nhà hàng,100-200 N ₫,"Ăn tại chỗ, Đồ ăn mang đi, ","https://lh5.googleusercontent.com/p/AF1QipOcVbPS_9U7yuniG8SSwEUdhJsQAdkhi5hyz8Hr, https://lh5.googleusercontent.com/p/AF1QipMlYoT_SuiVKpvfs16-kpDUKmQWM3AYNmQ6X3to, https://lh5.googleusercontent.com/p/AF1QipMQQJNpc7GjJDY2H0CaGwUxWEjL_zLf18zGJXrC, https://lh5.googleusercontent.com/p/AF1QipOwVIMu8N9QboDUypTrfzVAhQIG0V2eQOYIzEtl, "
Ẩm Thực Chay Nhân Duyên Quán,"17 Nguyễn Đình Chiểu, Phường 7, Bạc Liêu, Việt Nam","4,5",39,9.2951452,105.6450096,Bạc Liêu,Nhà hàng cho người ăn chay,100-200 N ₫,"Ăn tại chỗ, Đồ ăn mang đi, ","https://lh5.googleusercontent.com/p/AF1QipNmvRSBr8ybcRmomVli9qeZpwpPoUvA5L7dZNhg, https://lh5.googleusercontent.com/p/AF1QipPIlzoTzryc7siVUd1u0RGpQDymhBbDdhKSxZL1, https://lh5.googleusercontent.com/p/AF1QipNSvXgfAMPNX4vNWIWmBbHQW6vnaK-n3ekf8mmC, https://lh5.googleusercontent.com/p/AF1QipP8gpZqLBkhiFbi-_euxhTrDqmx32uogKyJxDYI, "
Quán Cơm Nhẫn,"3 Trần Huỳnh, Phường 7, Bạc Liêu, Việt Nam","4,5",6,9.2945704,105.651239,Bạc Liêu,Nhà hàng chuyên phục vụ bữa nửa buổi,Không có giá,"Ăn tại chỗ, Đồ ăn mang đi, Giao hàng, ","https://lh5.googleusercontent.com/p/AF1QipP8BWBbs2xXLXkeXKcjm3w7M_H6o2cdXSPfR3um, https://lh5.googleusercontent.com/p/AF1QipNQAfPsTlDAjaCKS5X5XjjNnakW-XRw4y8RW7PW, https://lh5.googleusercontent.com/p/AF1QipMn46VbNhbqGZ3vyMWEBH1SBCFtT2DRcMcxOFHu, https://lh5.googleusercontent.com/p/AF1QipPrX3NjZSjKQh2qp39-chCDRl9q0tVxCMK4DKOe, "
Hiển Long Quán,"7PHF+2F2, Nguyễn Lương Bằng, Phường 2, Bạc Liêu, Việt Nam","4,1",79,9.2775001,105.6515535,Bạc Liêu,Nhà hàng,100-200 N ₫,"Ăn tại chỗ, Đồ ăn mang đi, ","https://lh5.googleusercontent.com/p/AF1QipNXPebmqxPFaqNwurReZ-L369cwBWJNvv0srJ0B, https://lh5.googleusercontent.com/p/AF1QipPHuQx3TOY0ONu3BFUI9bQVQT5GpD04xtz_-m86, https://lh5.googleusercontent.com/p/AF1QipNypuQBrDX10qCN16_XoCLyRaflqOZsinh9RTpX, https://lh5.googleusercontent.com/p/AF1QipO-eWUGY69Q0zRVO8kAWsrVzs_VsvCEV4K3a1df, "
Khu Hải Sản Bờ Kè,"6P3R+VPC, Nhà Mát, Bạc Liêu, Việt Nam","3,3",25,9.2046903,105.6696615,Bạc Liêu,Quán ăn nhỏ,Không có giá,"Ăn tại chỗ, Đồ ăn mang đi, ","https://lh5.googleusercontent.com/p/AF1QipP0Mid4tjstbeEsrakgSItSATHkjBAkR8yZP2Yf, https://lh5.googleusercontent.com/p/AF1QipPA3HLmeT0FkdHBPwCYVpNBHKuRfWnal1PPkJWz, https://lh5.googleusercontent.com/p/AF1QipMiMEkDq4NzSC8MmkyBYVZIdgmkKiEA9NIKpaq_, "
Nhà Hàng Sài Gòn Bạc Liêu,"6 Hoàng Văn Thụ, Phường 3, Bạc Liêu, Việt Nam","3,8",8,9.2847008,105.651549,Bạc Liêu,Nhà hàng,Không có giá,"Ăn tại chỗ, Đồ ăn mang đi, ","https://lh5.googleusercontent.com/p/AF1QipPVLksBke0E0zygehdHsRqOoKcG8n-3ba6LJNjd, https://lh5.googleusercontent.com/p/AF1QipPBBL3X3KN4pFCv8PogmIb3t9KUvoLqsHRnCVuQ, "
Nhân Quán Hủ tiếu Nam Vang,"8 Trần Phú, Phường 7, Bạc Liêu, Việt Nam","4,1",225,9.3037599,105.649111,Bạc Liêu,Nhà hàng,1-100.000 ₫,"Ăn tại chỗ, Mua hàng ngay trên xe, ","https://lh5.googleusercontent.com/p/AF1QipMrlHkYmWIuJJdqmeA49FkqoYtXpO_W9cTu1XLr, https://lh5.googleusercontent.com/p/AF1QipMSZ5DKHN3TtN-NnSHb01z43Zl0YFus9LS8eYp4, https://lh5.googleusercontent.com/p/AF1QipN9M5hjkk0OG7_DAZZ2p1AseDI0he9_P0D02loq, https://lh5.googleusercontent.com/p/AF1QipO58dN2Sh349Mthm4Co6O2A1SLrjIpukWO6lJU_, "
Chingu Bbq,"15 Trần Phú, Phường 3, Bạc Liêu, Việt Nam","4,7",3,9.2869235,105.6498073,Bạc Liêu,Nhà hàng,Không có giá,"Ăn tại chỗ, ",
Tiệm Cơm Chay Diệu Tâm,"8 Đặng Thùy Trâm, Phường 3, Bạc Liêu, 97000, Việt Nam","4,0",43,9.2842486,105.6486684,Bạc Liêu,Quán ăn nhỏ,1-100.000 ₫,"Ăn tại chỗ, Mua hàng ngay trên xe, ","https://lh5.googleusercontent.com/p/AF1QipMa2T2EBsyXygEty0iHf4kli4o4BifeWC5hwau3, https://lh5.googleusercontent.com/p/AF1QipP_2BiByPiGBTy46CEXNVVLyzn6bawoWxJq8jIh, https://lh5.googleusercontent.com/p/AF1QipNvAJoeJfH-G-rrbGigcAO45p28OByxBrKft1dP, https://lh5.googleusercontent.com/p/AF1QipMZvMCPiFzn5i-U7SyI8whgBxgPcPZ8nVRohdko, "
Mì Cay Seoul Bạc Liêu,"38 Trần Huỳnh, Phường 7, Bạc Liêu, 260000, Việt Nam","2,8",114,9.2925958,105.6449203,Bạc Liêu,Nhà hàng Hàn Quốc,1-100.000 ₫,"Ăn tại chỗ, Đồ ăn mang đi, Giao hàng, ","https://lh5.googleusercontent.com/p/AF1QipOxW0hQJFQbPQS4iIj-1Vd0IIbcg7abF78eDuwz, https://lh5.googleusercontent.com/p/AF1QipOReJt_Vcu5sLh7jUDyDiSSFq8aHTmaU99KCAoP, https://lh5.googleusercontent.com/p/AF1QipNGuq3Kw8mlUC1hxLZ862IIe0EAmLo9MXXRMsE2, https://lh5.googleusercontent.com/p/AF1QipNq_XkeEBIRm3y47MxMA0kEeUHzZD2JRn0lS12n, "
Bún nước lèo Tân Mộng Thường,"166 Võ Thị Sáu, Phường 8, Bạc Liêu, Việt Nam","4,6",76,9.2927389,105.6395164,Bạc Liêu,Quán ăn nhỏ,1-100.000 ₫,"Ăn tại chỗ, Đồ ăn mang đi, ","https://lh5.googleusercontent.com/p/AF1QipNHDxo9ybj8DY9d_w_kytODIw_7UxH_ysGi6PWQ, https://lh5.googleusercontent.com/p/AF1QipPW5fk21qE_Rc8jvweXzmzyShdORT31qYF-Hq0h, https://lh5.googleusercontent.com/p/AF1QipOCQodafNJsJYY4_7Zod3-z0jOrl612xBa0eViz, https://lh5.googleusercontent.com/p/AF1QipNYZhQeiNOw1Xs952UNt-F9WmWdPPLuHI0Howpu, "
Dê Tươi Đức Tuấn,"Phường 7, Bạc Liêu, Việt Nam","4,1",153,9.3063597,105.6483371,Bạc Liêu,Nhà hàng,100-300 N ₫,"Ăn tại chỗ, Mua hàng ngay trên xe, Giao hàng gián tiếp, ","https://lh5.googleusercontent.com/p/AF1QipNWpH5twX8qIkfwK4HXUshLqafGFUpXe43lRAEt, https://lh5.googleusercontent.com/p/AF1QipOb-A8QziXyUsswRrqgR6BHP60qMIK6_-4CUOVM, https://lh5.googleusercontent.com/p/AF1QipOLuczVyBrGlZ1t4RwJRaYNemxxJqtwIIl6K43L, https://lh5.googleusercontent.com/p/AF1QipM9_bqypwhjZuqOiDJuY_m9D6LVab3jAhSgu0dL, "
Cơm Chay Thiện Tâm,"138 Bà Triệu, Phường 3, Bạc Liêu, Việt Nam","4,1",64,9.287492,105.6516009,Bạc Liêu,Quán ăn nhỏ,₫,"Ăn tại chỗ, Đồ ăn mang đi, ","https://lh5.googleusercontent.com/p/AF1QipO9XzJIfdJ0KU6OOJPBmsojlV1PwBl0aWrJhCEG, https://lh5.googleusercontent.com/p/AF1QipMStmt2evhenps6SS0WmQnPZPdJNpvzyX6MjheW, https://lh5.googleusercontent.com/p/AF1QipMeO0iv82ngcpcrJf-8c6jfhWPtzzst2K4p2MUa, https://lh5.googleusercontent.com/p/AF1QipNLFZEsnFDubtKfDI9hBk_bKySEa7QdCSD_wTEd, "
Quán Bánh Xèo 61,"61/2 ấp Giồng Nhãn, Hiệp Thành, Bạc Liêu, Việt Nam","3,8",177,9.2353766,105.6776904,Bạc Liêu,Quán ăn nhỏ,100-200 N ₫,"Ăn tại chỗ, Đồ ăn mang đi, ","https://lh5.googleusercontent.com/p/AF1QipM9jZWCSaBF78v5IMA8cfwMvDOnPiRkdijw5Asx, https://lh5.googleusercontent.com/p/AF1QipMT6tUE2H4nlYxSdLXKXEL7_ypbKMVuRIRfmM2L, https://lh5.googleusercontent.com/p/AF1QipPRj2d5lbQ0kcVQovWGyJkJUNmrVxBL5cRkXIqU, https://lh5.googleusercontent.com/p/AF1QipPfuzzAC9ctHUwN-6JBhHMb7LJsblm7bvKBQ3jO, "
Quán Mỳ Mỹ Dung,"387 khóm 8- đường Cách Mạng, Phường 1, Bạc Liêu, Việt Nam","4,0",81,9.2871383,105.6549368,Bạc Liêu,Quán ăn nhỏ,1-100.000 ₫,"Ăn tại chỗ, Đồ ăn mang đi, ","https://lh5.googleusercontent.com/p/AF1QipNBg9VdCn0xCkgNP1bSOjW3GQWl_CMNg6pYj9tn, https://lh5.googleusercontent.com/p/AF1QipM5q1N-hm0WKIeYwgszECzleL3A3Rs8n1O5KSOu, https://lh5.googleusercontent.com/p/AF1QipNn2tmELlaq2tDpzAHsJYCYhWoCEHzpDrjtcikc, https://lh5.googleusercontent.com/p/AF1QipMP-HXbJrkU6pqWH-Z1tjE9JhirFMqi6DfDB6f_, "
Bún bò cay 577,"341 đường Trung Tâm, Tp, Việt Nam","4,7",76,9.2674967,105.6559638,Bạc Liêu,Quán ăn nhỏ,1-100.000 ₫,"Ăn tại chỗ, Đồ ăn mang đi, ","https://lh5.googleusercontent.com/p/AF1QipMjTxXos9fBIcg74ycN9oAI1JPgxJnxaxZM8LhJ, https://lh5.googleusercontent.com/p/AF1QipOyo9FiJSWmYHIEERtDbPSzWye-3FbzwiYNexF_, https://lh5.googleusercontent.com/p/AF1QipOD8-djCpQ1clM8-lj-sGdoZnUrln7mLNkt3niT, https://lh5.googleusercontent.com/p/AF1QipMk6iWsv25owSIYBVR3kcjirVBSMequEaNFH9yP, "
Bún nước lèo 168 - Bạc Liêu,"168 Võ Thị Sáu, Phường 8, Bạc Liêu, 960000, Việt Nam","3,9",60,9.2925277,105.6399718,Bạc Liêu,Nhà hàng,1-100.000 ₫,"Ăn tại chỗ, Mua hàng ngay trên xe, ","https://lh5.googleusercontent.com/p/AF1QipO0tQ0kvlE5HuX0z5k0iIYlGP-hDuzyYW5qdBq6, https://lh5.googleusercontent.com/p/AF1QipMw76vPHZB1sLJTuADbFoffUzNjllzk16_qoRS5, https://lh5.googleusercontent.com/p/AF1QipPnU-JhAGsnYxcTInbX8HC6D8XHR_wrYvp4hrin, https://lh5.googleusercontent.com/p/AF1QipPsEN3U3WH4C8WYR6wjLXD_vQ_hrbipXKA332gR, "
Kichi Vincom Trần Phú Bạc Liêu,"Lô L3-06, TTTM Vincom Bạc Liêu, khóm 1, Bạc Liêu, 97000, Việt Nam","4,2",47,9.2869731,105.6494695,Bạc Liêu,Nhà hàng,200-300 N ₫,"Ăn tại chỗ, ","https://lh5.googleusercontent.com/p/AF1QipM4IePISxHoQs3mqVPXC-EW6hJkmLO3enHS2inq, https://lh5.googleusercontent.com/p/AF1QipNOyDvT-ZInHqnLtC45Q4WZXjG-G1TVW_4UY8KI, https://lh5.googleusercontent.com/p/AF1QipOt1D0owX4Fn-HwYd7cRZpH5JxXwPD0CR-G0L2u, https://lh5.googleusercontent.com/p/AF1QipP7nFj3oG8BYvvSsAiXcP7dIkkgpvR-BwCj_HX-, "
Ẩm Thực Nam Bộ,"973 Ninh Bình, Phường 2, Bạc Liêu, 97000, Việt Nam","4,8",4,9.2728637,105.6535381,Bạc Liêu,Nhà hàng,Không có giá,"Ăn tại chỗ, Mua hàng ngay trên xe, Giao hàng gián tiếp, ","https://lh5.googleusercontent.com/p/AF1QipPpaObbcg76bSR-CeWi29ZcIfRBGRJMIeEIuEac, https://lh5.googleusercontent.com/p/AF1QipO9ukoNsN6I2ipbw-RaeR6p-9g2dswTNHX5VXVf, https://lh5.googleusercontent.com/p/AF1QipOeSdwJTjDAEMjxI1JDLnPv7yMcJDEhd_UJRJ0R, https://lh5.googleusercontent.com/p/AF1QipOOFStSo5jVbp1rxOUJ5U1jvQUPEXWcHDGVFldI, "
Bún nước lèo Út Phượng (Bạc Liêu),"7PJF+9MW, Khóm 2, Bạc Liêu, Việt Nam","4,6",20,9.2809819,105.6520984,Bạc Liêu,Quán ăn nhỏ,Không có giá,"Ăn tại chỗ, Đồ ăn mang đi, ","https://lh5.googleusercontent.com/p/AF1QipOTyAgp_JyoJTRnPrVq68vR17RelnjxsZK01Tqe, https://lh5.googleusercontent.com/p/AF1QipMR7cYemHaS1Yeg98ZWtDSI_t39-9r1vnvDVrpv, https://lh5.googleusercontent.com/p/AF1QipOLgX3SK73G0ihawKHCheH2Fjq3lfH7miElv50i, "
Linh Cari Bò Kho,"75 Cao Văn Lầu, Phường 2, Bạc Liêu, Việt Nam","4,2",113,9.2817579,105.6546691,Bạc Liêu,Quán ăn nhỏ,1-100.000 ₫,"Ăn tại chỗ, Mua hàng ngay trên xe, ","https://lh5.googleusercontent.com/p/AF1QipPLqTc7YfrZtsZTcjOtQO5nio3veioFrS_iQzKB, https://lh5.googleusercontent.com/p/AF1QipNmewDqTcfjg2Nzk_RilGcKh65SneDNTUlshZWS, https://lh5.googleusercontent.com/p/AF1QipN9FNsdOzRNCHR93EkabOH_4ToV_mwQFW4JlPeI, https://lh5.googleusercontent.com/p/AF1QipOcFmNykOAuKkOVM-vZAoWunVPqwM_AXkuxGTE, "
Mì cay Sasin,"B8 Hòa Bình, Phường 3, Bạc Liêu, Việt Nam","3,8",256,9.2876432,105.6495669,Bạc Liêu,Nhà hàng,1-100.000 ₫,"Ăn tại chỗ, Đồ ăn mang đi, Giao hàng gián tiếp, ","https://lh5.googleusercontent.com/p/AF1QipP68tMCsXTlJdVD7QTZguQpNw8XwLOsizd1dnUy, https://lh5.googleusercontent.com/p/AF1QipPE3FfzLuVMcs6J7dITuYJbiFRkmNoqMzgzB3aA, https://lh5.googleusercontent.com/p/AF1QipO468fgOrhNZM2Eh_-nX4oHuIeqr1I7OFD83sh6, https://lh5.googleusercontent.com/p/AF1QipOPr8WjYlu6qqs8aJUv-IquGIWFcecsYRt13Zi6, "
Tiệm nướng Khói Buffet,"Nguyễn Đình Chiểu, Phường 7, Bạc Liêu, Việt Nam","4,2",69,9.2937387,105.6456896,Bạc Liêu,Nhà hàng món nướng,100-200 N ₫,"Ăn tại chỗ, ","https://lh5.googleusercontent.com/p/AF1QipMAQFkroGDQTZ3FSsQradtquZAtHE46EiO8wqZ5, https://lh5.googleusercontent.com/p/AF1QipNoROz60iljVCfKPOhe3OExZfh_1giTyxoQtkF_, https://lh5.googleusercontent.com/p/AF1QipNdHGMHwY74R-TdiwTPfpvfOqIpcTtZQvhVwJkZ, https://lh5.googleusercontent.com/p/AF1QipNnt9yPKZik40_WBfEP2bSeBybNWwU0stBahTFG, "
KING BBQ Vincom Trần Huỳnh Bạc Liêu,"109 Trần Huỳnh, Phường 7, Bạc Liêu, Việt Nam","3,7",25,9.2926888,105.6462033,Bạc Liêu,Nhà hàng thịt bò Hàn Quốc,200-300 N ₫,"Ăn tại chỗ, ",
Nhà Công tử Bạc Liêu,"13 Điện Biên Phủ, Phường 3, Bạc Liêu, Việt Nam","4,3",2.371,9.2840845,105.6517077,Bạc Liêu,Bảo tàng,Không có giá,,"https://lh5.googleusercontent.com/p/AF1QipN4uzKLDQrGOtgn_2DixMOoHbP1AhLYX1BTzx2q, https://lh5.googleusercontent.com/p/AF1QipMUvquEa8M3wYfLsBNMB6WMAtz01wsWc9uPV3bh, https://lh5.googleusercontent.com/p/AF1QipPHOgnvioEul37F-yf0yfD-eMfnNX34qZK-teA5, https://lh5.googleusercontent.com/p/AF1QipOulpJM7BlH0rAAL9nA9SRgk_YPDEDw3jIi-xKh, "
Bún Quậy 58 Bạc Liêu,"185 Hoàng Diệu, khóm 9, Bạc Liêu, Việt Nam","4,7",21,9.2910911,105.6607156,Bạc Liêu,Quán ăn nhỏ,1-100.000 ₫,"Ăn tại chỗ, Mua hàng ngay trên xe, ","https://lh5.googleusercontent.com/p/AF1QipMZH0bu_SNqPNprvN2dRzgCiHMkStQ4pHzlhz4U, https://lh5.googleusercontent.com/p/AF1QipOwxF2XZevXn0Zph9YgOmNNibUQz_4EHdAnd78Q, https://lh5.googleusercontent.com/p/AF1QipOvZlWCQuymQ2XR7tKPVOPRsIK-GNY3AAlh0t_v, https://lh5.googleusercontent.com/p/AF1QipMZH0bu_SNqPNprvN2dRzgCiHMkStQ4pHzlhz4U, "
Quán Hải Sản Kiều Oanh,"6P4R+2R4, Nhà Mát, Bạc Liêu, Việt Nam","3,7",10,9.2050186,105.6699737,Bạc Liêu,Nhà hàng,Không có giá,"Ăn tại chỗ, Đồ ăn mang đi, ","https://lh5.googleusercontent.com/p/AF1QipMHFLqZ_L83n4mi7UBJ6MW6_RUuXZ4nk9_uPV4Q, https://lh5.googleusercontent.com/p/AF1QipN9frFlAm3H9nmyfZ3jGbftjkmoph8huW8K5z_6, "
Cơm Gà Huy Ký,"Trần Phú, Phường 7, Bạc Liêu, Việt Nam","4,0",62,9.3008668,105.6488176,Bạc Liêu,Nhà hàng,₫₫,"Ăn tại chỗ, Đồ ăn mang đi, ","https://lh5.googleusercontent.com/p/AF1QipMZC2higMcBagWUbRUXT4IMK88OfqWI7eHe3txV, https://lh5.googleusercontent.com/p/AF1QipOoaG71Yw1smuq5TpeKrXKfizpAdxp1Ij7ldx_A, https://lh5.googleusercontent.com/p/AF1QipPN7rTyVvgNVsI7fCXKkgxTOK0TJhZgd2ihj3gM, https://lh5.googleusercontent.com/p/AF1QipP0IZ7NaRiwK3SwKJOAKZBHL4zP9LJWPB89y4WK, "
Dookki Vincom Trần Huỳnh Bạc Liêu,"Vincom Plaza, 109 Trần Huỳnh, Phường 7, Bạc Liêu, Việt Nam","4,1",181,9.292554,105.6464882,Bạc Liêu,Nhà hàng Hàn Quốc,100-200 N ₫,"Ăn tại chỗ, ","https://lh5.googleusercontent.com/p/AF1QipNSJ13ByuljnvvjiYAQELL1IcJRoTCM0zHDlVDI, https://lh5.googleusercontent.com/p/AF1QipNVlYgHD4OJy2AWxGN2Dr8T3eFEWXRG6LSelI25, https://lh5.googleusercontent.com/p/AF1QipOZ32JHSvyibyBOGE11MU6-hS1lm8HX3kMsphMb, https://lh5.googleusercontent.com/p/AF1QipOvn5uTt02x5LuImH023D2DUpcD2K1XVPPaxQkC, "
Mì Ý Huôi,"115 Hòa Bình, Phường 7, Bạc Liêu, Việt Nam","4,0",124,9.2887157,105.6510715,Bạc Liêu,Nhà hàng,1-100.000 ₫,"Ăn tại chỗ, Mua hàng ngay trên xe, ","https://lh5.googleusercontent.com/p/AF1QipM_X18nSrpBJlHsJfkRXQAoki-tC19kpstNOv80, https://lh5.googleusercontent.com/p/AF1QipOWbAXMZSFzdnMqruPrHydrBxDOJJpY9ZZ-_gKq, https://lh5.googleusercontent.com/p/AF1QipMs-lLztQHa1dR1I1fNSvJPfqB10mfFqAuww8-f, https://lh5.googleusercontent.com/p/AF1QipPn0EOkcFXWiU-JKf3rRVUy59PVIbdw2HUuBTRK, "
Quán Nhậu Trường An,"40 Trần Huỳnh, Phường 7, Bạc Liêu, Việt Nam","4,3",14,9.293212,105.647765,Bạc Liêu,Nhà hàng,Không có giá,"Ăn tại chỗ, Đồ ăn mang đi, ","https://lh5.googleusercontent.com/p/AF1QipOCLyzLVU8LJHxce7szPMBQuf0GXcWe9Vzpwt60, https://lh5.googleusercontent.com/p/AF1QipOCLyzLVU8LJHxce7szPMBQuf0GXcWe9Vzpwt60, https://lh5.googleusercontent.com/p/AF1QipOCLyzLVU8LJHxce7szPMBQuf0GXcWe9Vzpwt60, "
Bún nước lèo không tên Bạc Liêu,"328 Võ Thị Sáu, Phường 3, Bạc Liêu, Việt Nam","4,2",35,9.2886488,105.6454983,Bạc Liêu,Quán ăn nhỏ,1-100.000 ₫,"Ăn tại chỗ, Đồ ăn mang đi, ","https://lh5.googleusercontent.com/p/AF1QipPa85YhxQbaI8j59ZQNn9c_Bnd9TpOg96Bw8J-F, https://lh5.googleusercontent.com/p/AF1QipPSRbzHOFZwYTSRNyIpJfjvfSLAt6LfIw43cEIX, https://lh5.googleusercontent.com/p/AF1QipMps8OhId9XPpejrXbeBptNEDLsl69kXfeg2ATR, "
Nem Nướng Tư Vân,"20 Hà Huy Tập, Phường 3, Bạc Liêu, Việt Nam","4,4",240,9.2874511,105.6520126,Bạc Liêu,Nhà hàng,1-100.000 ₫,"Ăn tại chỗ, Đồ ăn mang đi, Giao hàng, ","https://lh5.googleusercontent.com/p/AF1QipPU812z1xLsxtbEdNnvIDRUUflQ3SSq-bkE8P2_, https://lh5.googleusercontent.com/p/AF1QipMk1j8seynrFjjswnENHJ_-aNEHmQ9txVyeI9fT, https://lh5.googleusercontent.com/p/AF1QipOuTyFFcrTdKu3o-VMP5qHHXdDGW4CqG01uHtAD, https://lh5.googleusercontent.com/p/AF1QipPkK2wkWFEywKFS5-A4KJIO1kEw2k0aiPrCcIJh, "
Ẩm thực Thiên Quang,"40 Trần Huỳnh, Phường 7, Bạc Liêu, Việt Nam","3,7",33,9.2930803,105.647813,Bạc Liêu,Nhà hàng quán rượu dành cho người sành ăn,100-200 N ₫,"Ăn tại chỗ, Đồ ăn mang đi, ","https://lh5.googleusercontent.com/p/AF1QipOqZrGtmpKlWTpICH4GXuBN136xvT9yMNesqSgx, https://lh5.googleusercontent.com/p/AF1QipNP5MlBOCynvl7imjFGdhceq3kDILFuFyo7sF2u, https://lh5.googleusercontent.com/p/AF1QipM8AjtxxBh03nbYl9bXBgba0jpUTGT7j4EUiRcG, "
Jollibee Co.opmart Bạc Liêu,"7 Trần Huỳnh, Phường 7, Bạc Liêu, Việt Nam","4,1",131,9.2924501,105.6444727,Bạc Liêu,Nhà hàng ăn nhanh,100-200 N ₫,"Ăn tại chỗ, Đồ ăn mang đi, Giao hàng gián tiếp, ","https://lh5.googleusercontent.com/p/AF1QipOniNuRTP-en9raXEX_2CI8yx6BHTJD-K8XMT9Z, https://lh5.googleusercontent.com/p/AF1QipNn7lDmG6IFZSeL4u_-q9t5Z5r8sgtvTPfAPP8J, https://lh5.googleusercontent.com/p/AF1QipNbOgeRk_adCp-zMYGKtQRACrhk4DlrQ8lIQDFM, https://lh5.googleusercontent.com/p/AF1QipOStQqO0VT5ek6C72HRxG-ONQKF0kwipJxUXly8, "
Jollibee Endcap Bạc Liêu,"128 D. Nguyễn Tất Thành, Phường 7, Bạc Liêu, Việt Nam","4,0",287,9.2905286,105.64995,Bạc Liêu,Nhà hàng ăn nhanh,1-100.000 ₫,"Ăn tại chỗ, Mua hàng ngay trên xe, Giao hàng gián tiếp, ","https://lh5.googleusercontent.com/p/AF1QipO8w8S4nkmKdZUqSGZPcPdnGTApmhS41OVnB6vQ, https://lh5.googleusercontent.com/p/AF1QipMNNS3xF2IiK5H1MUQXcYnGnt7B5wFgNUTTX24_, https://lh5.googleusercontent.com/p/AF1QipOttcBuWpohJfifwzY5m7TduzOZSUg8G07q1mZ7, https://lh5.googleusercontent.com/p/AF1QipPJy4sCWFrh3wU7fE8N2NzRcVzbjEl0u48JWzTk, "
BÚN BÒ CAY KIM CƯƠNG,"598 Trần Phú, Phường 7, Bạc Liêu, Việt Nam","4,0",121,9.3065485,105.6486111,Bạc Liêu,Nhà hàng,Không có giá,"Ăn tại chỗ, Mua hàng ngay trên xe, Giao hàng gián tiếp, ","https://lh5.googleusercontent.com/p/AF1QipPWrQtTNQESXxrh5zg-XYW75AsWy8UdHK0gO8yN, https://lh5.googleusercontent.com/p/AF1QipMo8vWlVAO-zpkjCrGUzNKnAm4uXPJePtW-xg9h, https://lh5.googleusercontent.com/p/AF1QipMpDtPTbJG9A-u85uBKtGCwHANIQzWZaoVuiFj2, https://lh5.googleusercontent.com/p/AF1QipMAYJ-p76LqENAmrz2zElhRGVZIZGlEGt6dS2XY, "
Hải sản Đại Phát 2,"438 Ninh Bình, Phường 2, Bạc Liêu, Việt Nam","3,7",70,9.2740902,105.6537292,Bạc Liêu,Nhà hàng,Không có giá,"Ăn tại chỗ, Đồ ăn mang đi, Giao hàng, ","https://lh5.googleusercontent.com/p/AF1QipOzWfjLK9jmiEWTGRFxM2gNoC1mADmNYfJLKHQS, https://lh5.googleusercontent.com/p/AF1QipNOSylbgjTH3YGpkAznOXquh1wDFxXdlgItoRP2, https://lh5.googleusercontent.com/p/AF1QipP8LT_PgxPR5bzHXiqsT1q-xqCZbXsZoSXTr2Mo, https://lh5.googleusercontent.com/p/AF1QipMkjAqnTcndysbIpoCxzOnSJWbCsBFnj4RJqXlJ, "
Cơm tấm ngon Trường Khoa,"95 Trần Huỳnh, Phường 7, Bạc Liêu, Việt Nam","4,8",14,9.2936514,105.6479698,Bạc Liêu,Nhà hàng cơm,1-100.000 ₫,"Ăn tại chỗ, Đồ ăn mang đi, Giao hàng gián tiếp, ","https://lh5.googleusercontent.com/p/AF1QipPeHWdMwyga8dgZKxT4HzTak_3hmnKgh9mP7d9j, https://lh5.googleusercontent.com/p/AF1QipPYlJFDVNCBtvL94b4ztrXWk4AuUyQW5DBrwNXZ, https://lh5.googleusercontent.com/p/AF1QipOaWx3ZA6pz_hGU5jZqYMZFl1GpbPEft2022ng, https://lh5.googleusercontent.com/p/AF1QipMu5y-_KxOUr8bgNpuG06zTs-Ff05cpkcksU0eJ, "
Quán Nhậu 45,"41 Trần Huỳnh, Phường 7, Bạc Liêu, Việt Nam","4,1",13,9.2936582,105.6486282,Bạc Liêu,Quán ăn nhỏ,Không có giá,"Ăn tại chỗ, Đồ ăn mang đi, ","https://lh5.googleusercontent.com/p/AF1QipPlyvj1JlYQW5ullCA3RHfEMjOwlE3patYxi8n9, https://lh5.googleusercontent.com/p/AF1QipOAdCWFSW5jmYa59buQQEnA5obQKbG9YiWO8aS0, https://lh5.googleusercontent.com/p/AF1QipPlyvj1JlYQW5ullCA3RHfEMjOwlE3patYxi8n9, "
Mì cay ITADA,"59/1 Võ Thị Sáu, Phường 8, Bạc Liêu, Việt Nam","3,7",107,9.2900329,105.643567,Bạc Liêu,Nhà hàng,1-100.000 ₫,"Ăn tại chỗ, Mua hàng ngay trên xe, Giao hàng, ","https://lh5.googleusercontent.com/p/AF1QipOApRjcYrBgGCyrolIIa94d-WFE4UffXN8HdjNw, https://lh5.googleusercontent.com/p/AF1QipOu9AdK-p0CQOGi6mWlXFtnAJ3LuJIVUxN-hb-C, https://lh5.googleusercontent.com/p/AF1QipNxaJkr-3zas4ikAwcgiUU9cf_sChMcJN7a02VR, https://lh5.googleusercontent.com/p/AF1QipM2lZPEfk0t87WSe4JuVcybTp2lggNVP9w5oDSV, "
Bánh Tằm Ngan Dừa (Quê Nội),"259 Trần Huỳnh, Phường 1, Bạc Liêu, Việt Nam","4,7",15,9.2982904,105.6575805,Bạc Liêu,Quán ăn nhỏ,Không có giá,"Ăn tại chỗ, Đồ ăn mang đi, ","https://lh5.googleusercontent.com/p/AF1QipNTcq4ln6yJ40zijJfW4wpOPqHX5AvOiP2-3Qt2, https://lh5.googleusercontent.com/p/AF1QipMP6G9Lb1qMp7aJZiVjCdVlOyYQ8eqCmHCUl3Tr, https://lh5.googleusercontent.com/p/AF1QipNSl12HYyiY_B25IdT4O4N5qNl870gDY30SPOiU, "
Sayaka Vincom Trần Huỳnh Bạc Liêu,"109 Trần Huỳnh, Phường 7, Bạc Liêu, Việt Nam","3,6",14,9.292809,105.6465979,Bạc Liêu,Nhà hàng Nhật Bản,Không có giá,"Ăn tại chỗ, ","https://lh5.googleusercontent.com/p/AF1QipPmXHaayLxyHm9qAxwcGu780S3efCS1-dFug0QR, https://lh5.googleusercontent.com/p/AF1QipNb-kNkRZdJkx8eak7Th3SM9FJR4yLmN3euXQUC, "
Bánh củ cải,"142 Cách Mạng, Phường 1, Bạc Liêu, Việt Nam","4,2",31,9.2915376,105.6583559,Bạc Liêu,Quán ăn tự phục vụ,Không có giá,"Ăn tại chỗ, Đồ ăn mang đi, ","https://lh5.googleusercontent.com/p/AF1QipPOlxeMJzGnKT7_2HBikCdnzOTm-Hj9Q9hrfzWx, https://lh5.googleusercontent.com/p/AF1QipNM0df8DyGduVJmlMBrKkWftUm4143MNGusMYiL, https://lh5.googleusercontent.com/p/AF1QipN72Du-hDXH4TgZQmFxtWqpqkCAFusi_MN4385a, "
My Bún Đậu bạc liêu,"Trần Huỳnh, Phường 7, 61/4, Bạc Liêu, Việt Nam","4,3",10,9.2934337,105.6483908,Bạc Liêu,Nhà hàng,1-100.000 ₫,"Ăn tại chỗ, Mua hàng ngay trên xe, Giao hàng gián tiếp, ","https://lh5.googleusercontent.com/p/AF1QipPh1lifvSG0PLLpBCHEVEz3int3dFKjbg2i5xop, https://lh5.googleusercontent.com/p/AF1QipNlBoYISXyg6rdABOCE75gqj4d4PGIkA-PYaMUF, https://lh5.googleusercontent.com/p/AF1QipNaXPx7E5XKJ45SiLojd95bpnDAOdsTRGEcylZb, https://lh5.googleusercontent.com/p/AF1QipMtk_higvMLNCfOw4_7zCQTHPzcpHmgI9JIfKnv, "
Bún Bò Huế Hương Giang,"512 Võ Thị Sáu, Phường 3, Bạc Liêu, Việt Nam","3,9",86,9.2844802,105.6493635,Bạc Liêu,Quán ăn nhỏ,1-100.000 ₫,"Ăn tại chỗ, Đồ ăn mang đi, ","https://lh5.googleusercontent.com/p/AF1QipOC4DxMHJI8MVoXYe_hzD-0qv6YQH2sRNXKtPn0, https://lh5.googleusercontent.com/p/AF1QipPs07nDtBhpQ22ITO6Z2Vwk6jMqyUCb0K6uJrKL, https://lh5.googleusercontent.com/p/AF1QipNZLVBEttATvmVMiZnXno7VYgaGiDnA_mBoRQHC, https://lh5.googleusercontent.com/p/AF1QipNlh7oaRA2sf8IkcUGKC91kwpEQjTEuOFFPUa4G, "
Phở Tây,"87 Bà Triệu, Phường 3, Bạc Liêu, Việt Nam","4,2",9,9.2872744,105.6515288,Bạc Liêu,Quán ăn nhỏ,Không có giá,"Ăn tại chỗ, Đồ ăn mang đi, ","https://lh5.googleusercontent.com/p/AF1QipPFRTUtHxG5tGC299CDRW3r05n4y-A6gqo4h4pF, https://lh5.googleusercontent.com/p/AF1QipMbJSGWtAB_iiw6kAQqyTHy7dbosXXox4Nd0FpH, https://lh5.googleusercontent.com/p/AF1QipO5s_cvw9RUMKZLQin8n8KiTbF356swWfBHjD0g, https://lh5.googleusercontent.com/p/AF1QipMVXXZBkCnnZ4XLHz_Mprs1X2dIjEekrZWhJyZ3, "
Đệ Nhất Dê 2 Nình Bình,"956 Ninh Bình, Phường 2, Bạc Liêu, Việt Nam","4,2",118,9.2731841,105.6540773,Bạc Liêu,Nhà hàng,Không có giá,"Ăn tại chỗ, Đồ ăn mang đi, Giao hàng gián tiếp, ","https://lh5.googleusercontent.com/p/AF1QipOSx0l0OeD_cn-hARrHFKk0rbOInKX8_EqvZu8E, https://lh5.googleusercontent.com/p/AF1QipM7ZXUiYRhqHPwK-ewRK9rWwwK40lgJnKB4mvhz, https://lh5.googleusercontent.com/p/AF1QipO8GaEWQZRWSSGBaIz0JjuwPWlunp2_d8_p_52l, https://lh5.googleusercontent.com/p/AF1QipMGsbMfpOWDCpgqa3-v4kNKr6dF6hVV7FQVuFmt, "
Bún Đậu Mắm Tôm Xưa Bạc Liêu,"66 Trần Huỳnh, Phường 7, Bạc Liêu, Việt Nam","4,2",80,9.2936266,105.6488043,Bạc Liêu,Nhà hàng,1-100.000 ₫,"Ăn tại chỗ, Đồ ăn mang đi, Giao hàng, ","https://lh5.googleusercontent.com/p/AF1QipNCG2PtdHjZrdPk0EPHMhNrmlF4XGUHanzYkzc, https://lh5.googleusercontent.com/p/AF1QipMGvslu62BCeEZwNabmycq1BHca9Be5GEZVXsYR, https://lh5.googleusercontent.com/p/AF1QipPXklw0Qnu7LWkBPQV4vtpjb_U8DHKq5Y7ThgKp, https://lh5.googleusercontent.com/p/AF1QipPiDccS8PHIXaW8-Jd-IbA8j1WjG3Mjitdi9d1d, "
Trà Tiên Hưởng Gotcha Bạc Liêu (Cafe_Trà_Bánh),"02 Đường Ninh Bình, Phường 2, Bạc Liêu, Việt Nam","4,2",70,9.2791246,105.651564,Bạc Liêu,Trà trân châu,1-100.000 ₫,"Ăn tại chỗ, Đồ ăn mang đi, Giao hàng, ","https://lh5.googleusercontent.com/p/AF1QipMl-Ost48PYcb15yCEgJlqzyv_S7-PU9o8UHW6C, https://lh5.googleusercontent.com/p/AF1QipP0ufk0SPSjVOfZBiGLa70uQNIB0Ix-P4qub7cS, https://lh5.googleusercontent.com/p/AF1QipPFkYS1vkzFtqh4W7Fsyv3LkTXc_zBFOH76iqwT, https://lh5.googleusercontent.com/p/AF1QipMBJWOAdRRCcQ48yMhkUU3on28F_ZwblZqHGZ3V, "
Mì Mỹ Dung Bạc Liêu,"104 Hòa Bình, Phường 3, Bạc Liêu, Việt Nam","4,1",27,9.2882339,105.650668,Bạc Liêu,Quán ăn nhỏ,1-100.000 ₫,"Ăn tại chỗ, Đồ ăn mang đi, ","https://lh5.googleusercontent.com/p/AF1QipN84oIQLcMU0StHlflSwc83FZtA6S45u4w5ZDpY, https://lh5.googleusercontent.com/p/AF1QipNxhRKNZqDOT3PE0X_0FxG4R-oLDGRYhJNK4wuj, "
Hủ Tíu Mực A Vòi,"Hòa Bình, Phường 1, Bạc Liêu, Việt Nam","4,3",86,9.2916922,105.6569016,Bạc Liêu,Nhà hàng,1-100.000 ₫,"Ăn tại chỗ, Đồ ăn mang đi, ","https://lh5.googleusercontent.com/p/AF1QipNE9xfawmWuIygVBa1aIU59ZdsGZS9Vo1lez8ol, https://lh5.googleusercontent.com/p/AF1QipPj7-nvfjs360XoQeN7HpN2DKojyB7T4r6EyaLw, https://lh5.googleusercontent.com/p/AF1QipMCinqrYLGWu6ed8Y_0Jh16XB8nJ-bpINlEao3l, "
Bún Đậu Mắm Tôm MẬP,"3 Lê Duẩn, Phường 1, Bạc Liêu, Việt Nam","4,0",20,9.295651,105.6557876,Bạc Liêu,Quán ăn nhỏ,1-100.000 ₫,"Ăn tại chỗ, Mua hàng ngay trên xe, Giao hàng, ","https://lh5.googleusercontent.com/p/AF1QipObBRNFTxloFXRVlztreiun8piUgWyCU_3UT4a-, https://lh5.googleusercontent.com/p/AF1QipO8icWLDp0F3XN7z_YK2RCA9yP-V9fmb01TM-yF, https://lh5.googleusercontent.com/p/AF1QipO8icWLDp0F3XN7z_YK2RCA9yP-V9fmb01TM-yF, "
Cà Ri Loan cầu số 4,"192 Hòa Bình, Phường 3, Bạc Liêu, Việt Nam","4,3",15,9.2891029,105.6526236,Bạc Liêu,Quán ăn nhỏ,Không có giá,"Ăn tại chỗ, Đồ ăn mang đi, ","https://lh5.googleusercontent.com/p/AF1QipPg5eSo3sXCCAk4TPfUzS0JT2UrlkWRi6-v0iYi, https://lh5.googleusercontent.com/p/AF1QipPb2WnDdLsBO0GRMnI-boWgZQQTa6JkKtTX3oAX, "
Hakimi Bạc liêu,"7PHF+9HX, Phường 2, Bạc Liêu, Việt Nam","3,7",28,9.2784751,105.6518845,Bạc Liêu,Nhà hàng gia đình,100-200 N ₫,"Ăn tại chỗ, Đồ ăn mang đi, Giao hàng, ","https://lh5.googleusercontent.com/p/AF1QipNLgPyXD5pPpGwgvJ7zv4CME9hKttDLufHs6nhD, https://lh5.googleusercontent.com/p/AF1QipNAeqq65BKwJNSR-cwKDBTEEGAdmHy6ZVOu-z9g, https://lh5.googleusercontent.com/p/AF1QipPZBVqJBA_Fj4wJRJ-vtjIBPXAamhUfyIHeS85-, https://lh5.googleusercontent.com/p/AF1QipMUl1AZM-R8iVkRp904oTLqFTR_zg5XexjPrX2M, "
Quán Ba Khía,"7PRC+7XF, D. Nguyễn Tất Thành, Phường 7, Bạc Liêu, Việt Nam","4,3",9,9.2906809,105.6503104,Bạc Liêu,Nhà hàng,Không có giá,"Ăn tại chỗ, Đồ ăn mang đi, ","https://lh5.googleusercontent.com/p/AF1QipPksFl82AK9HHBpA5JaCPM87TWyJbHYCgIa6Uh0, https://lh5.googleusercontent.com/p/AF1QipPksFl82AK9HHBpA5JaCPM87TWyJbHYCgIa6Uh0, "
Quán Bò Kho 93,"cách ẩm thực Miền Tây 20m, 43 Lê Duẩn, Phường 1, Bạc Liêu, Việt Nam","4,4",14,9.297693,105.6542888,Bạc Liêu,Quán ăn nhỏ,Không có giá,"Ăn tại chỗ, Mua hàng ngay trên xe, Giao hàng gián tiếp, ","https://lh5.googleusercontent.com/p/AF1QipNBfDe_pWoATzt03ES7VzAj_OCeIeVbx9UeL78z, https://lh5.googleusercontent.com/p/AF1QipN75qjBEYLLk52xQHNIvcmXdGKxrLhGnAphL060, https://lh5.googleusercontent.com/p/AF1QipNSF1_3MGfswRntuH-uB0jFTj3EjNWNbzlBHyNP, https://lh5.googleusercontent.com/p/AF1QipO40iXCZkrcZ2tDRQGWn2eXGrIjc2yjsZTzFSqU, "
Bún Nước Lèo Kim Liên,"653 Trần Phú, Phường 7, Bạc Liêu, Việt Nam","4,1",39,9.3071537,105.6482379,Bạc Liêu,Nhà hàng,1-100.000 ₫,"Ăn tại chỗ, Mua hàng ngay trên xe, Giao hàng, ","https://lh5.googleusercontent.com/p/AF1QipOgmxfNe0RbHC0eFYazmRwbAUJyWJ5ZL0pfJKf9, https://lh5.googleusercontent.com/p/AF1QipMEEJoPdxzq3VXkqsYl7PlgyRzISmnS1_xldrDK, https://lh5.googleusercontent.com/p/AF1QipMar8OwaWaKITvHRKrDVmZOa5KsTQCm4Elc9ZqS, https://lh5.googleusercontent.com/p/AF1QipMrNffX42fo7QhL4x7uFdb_s6XCgJ5F0wRhkP8-, "
Quán Cơm Bình Dân 120,"120/7, Hòa Bình, Phường 7, Thành Phố Bạc Liêu, Tỉnh Bạc Liêu, Phường 7, Bạc Liêu, Việt Nam","5,0",1,9.2892293,105.6522617,Bạc Liêu,Nhà hàng,Không có giá,"Ăn tại chỗ, Đồ ăn mang đi, ",
Cari vịt cầu số 4,"114 Hòa Bình, Phường 7, Bạc Liêu, Việt Nam","4,3",144,9.2887986,105.6519109,Bạc Liêu,Nhà hàng,1-100.000 ₫,"Ăn tại chỗ, Đồ ăn mang đi, ","https://lh5.googleusercontent.com/p/AF1QipNJwBKb5QEzYVkiQPZCSF5wFG69B-kD--OQNu_w, https://lh5.googleusercontent.com/p/AF1QipMd06yGBfzbMWDBQhtR9C_DqgFPL9STu8YDN5lN, https://lh5.googleusercontent.com/p/AF1QipNJXIUTja8rZKCeYmK6eW696iP09bfqmkbl7Nt7, https://lh5.googleusercontent.com/p/AF1QipNDWbtmq1S3K4RmkOkNYhjnZz4kErHG1d8fbJ70, "
Mì Gia Nguyên Ký,"374Hoàng Diệu, Phường 1, Bạc Liêu, Việt Nam","4,6",12,9.28889,105.6575332,Bạc Liêu,Quán ăn nhỏ,Không có giá,"Ăn tại chỗ, Đồ ăn mang đi, ","https://lh5.googleusercontent.com/p/AF1QipOqTRlnh7JFqCG7f_i7e67iyxP19Ghnqj7Mr21Q, https://lh5.googleusercontent.com/p/AF1QipN8M4JW8vaiKMAU_RyG8t0Aa26PDVRGb50kOmaw, https://lh5.googleusercontent.com/p/AF1QipNlCdrzMt4r_yzilhvum61-p-7p_eYrZrDQCD7F, https://lh5.googleusercontent.com/p/AF1QipOqTRlnh7JFqCG7f_i7e67iyxP19Ghnqj7Mr21Q, "
Bún Bò Huế TỰ,"352 Võ Thị Sáu, Phường 3, Bạc Liêu, Việt Nam","4,1",191,9.2880129,105.6461748,Bạc Liêu,Quán ăn nhỏ,1-100.000 ₫,"Ăn tại chỗ, Mua hàng ngay trên xe, Giao hàng, ","https://lh5.googleusercontent.com/p/AF1QipMljVcSqCH20zA6rHbF_FrtKW4GOG21LLAV74fV, https://lh5.googleusercontent.com/p/AF1QipP3WqexXD0hlHxETrguDrFuzceJMNTa6cBrwdpC, https://lh5.googleusercontent.com/p/AF1QipM1Z8ifpwBl_g1WiYBkp7ptTzFeNbTHY6B8-FpN, https://lh5.googleusercontent.com/p/AF1QipNPuqy0E0xCv_sEbvwuHJjBD7I9Lstl2_fTMKwI, "
Ốc Tô,"7PWG+HM4, 158 Trần Huỳnh, Phường 1, Bạc Liêu, Việt Nam","4,1",74,9.2963877,105.6545818,Bạc Liêu,Nhà hàng hải sản,Không có giá,"Ăn tại chỗ, Mua hàng ngay trên xe, ","https://lh5.googleusercontent.com/p/AF1QipN-cfwSytq9aZFRZPCnaHdqmYUD72GLW17BbBqG, https://lh5.googleusercontent.com/p/AF1QipP8VVT077lMoXOCkOSHy7ytwRnsQFdKuiwmHqq0, https://lh5.googleusercontent.com/p/AF1QipMI08NqHy5Tfc5SnaktzluGO4-Rc-nYpuuBSrf0, https://lh5.googleusercontent.com/p/AF1QipNjSB8MMNIt4QbtT2IRCtJmGso6AOTCJpBrx28y, "
Bánh Tằm Ngan Dừa (Cô Nhãn),"7PVH+MFP, Lê Duẩn, Phường 1, Bạc Liêu, Việt Nam","4,0",72,9.2942119,105.6566062,Bạc Liêu,Nhà hàng,1-100.000 ₫,"Ăn tại chỗ, Mua hàng ngay trên xe, ","https://lh5.googleusercontent.com/p/AF1QipMN0FxSivLgH6xARswaGKJKRCIkzXEAuVeGoH4T, https://lh5.googleusercontent.com/p/AF1QipNhZGcBp9OqXVblB8M_t3IOElcxD7ICxeXiK0SZ, https://lh5.googleusercontent.com/p/AF1QipNpqNWzfsi8xRBlkEIBXYSMQzdjs31Osd35Kx3f, https://lh5.googleusercontent.com/p/AF1QipMIs_QCFXgzd8U1lgxQsfVqrxLnTa9Dc2OMuz94, "
Quản Cơm - Phở Thu Ngân,"90 Võ Thị Sáu, Phường 8, Bạc Liêu, Việt Nam",Chưa xét,0,9.2943387,105.6375029,Bạc Liêu,Nhà hàng,Không có giá,"Ăn tại chỗ, Đồ ăn mang đi, ",
Bún Đậu Cô Ba,"7PV8+55G, 27 Bà Huyện Thanh Quan, Phường 7, Bạc Liêu, Việt Nam","3,7",21,9.2929237,105.6432499,Bạc Liêu,Quán ăn nhỏ,Không có giá,"Ăn tại chỗ, Đồ ăn mang đi, Giao hàng, ","https://lh5.googleusercontent.com/p/AF1QipOecYF6aGWHHPRnuYs4HqyZXroKOEq58hbCLKU, https://lh5.googleusercontent.com/p/AF1QipONSwBVfhrk82BklbeyIQoQxXrpgC25TCZ8hrM, https://lh5.googleusercontent.com/p/AF1QipP2NnWrWl98Ts-ovZm3yTFNBH-ZjGb-eM2Z094, https://lh5.googleusercontent.com/p/AF1QipMYy6Csrz-wTKlnMdb8sUzwpBFowCn_9IuSumAb, "
Bánh Xèo Cao Vinh,"6QQ4+2FM, Hiệp Thành, Bạc Liêu, Việt Nam","3,7",26,9.2375936,105.684063,Bạc Liêu,Nhà hàng,Không có giá,"Ăn tại chỗ, Đồ ăn mang đi, ","https://lh5.googleusercontent.com/p/AF1QipPouRiAi1zHZZAqdo-30KOhmt_Z678rl4ILSks, https://lh5.googleusercontent.com/p/AF1QipM8-l9XPYDDJhS3oGZ0_hW_Bv7d-lkR-rnumDwW, https://lh5.googleusercontent.com/p/AF1QipMushAYczuCcaP6tj9bDCydaiL3cwB5M6btoRqk, https://lh5.googleusercontent.com/p/AF1QipP9SthQJE88Stnw6P6v_mo85q-ghXScSdpABzbK, "
Quán Cơm Tấm Nàng Hương,"34 Hai Bà Trưng, Phường 3, Bạc Liêu, Việt Nam","3,7",10,9.2375936,105.6222649,Bạc Liêu,Quán ăn nhỏ,Không có giá,"Ăn tại chỗ, Đồ ăn mang đi, ",
Phở Sài Gòn,"488 Võ Thị Sáu, Phường 3, Bạc Liêu, Việt Nam","4,7",6,9.2851561,105.6491975,Bạc Liêu,Quán ăn nhỏ,Không có giá,"Ăn tại chỗ, Đồ ăn mang đi, ","https://lh5.googleusercontent.com/p/AF1QipNaKS9w0_ygTIa5yzWlUhuftIRGBPU-iHJ9QL-w, https://lh5.googleusercontent.com/p/AF1QipMl6w7HVREKbat5Jb_j63yofZ480CtZHOK7G6za, https://lh5.googleusercontent.com/p/AF1QipOExtURkBXBU8a-rbz_xQveUSQ3Z_Ni0YM9lNpk, https://lh5.googleusercontent.com/p/AF1QipMNEE5-LSKcE6wrii6rJac-7OCp4oq-FVqphNwl, "
Quán Bún Riêu Loan,"230 Hòa Bình, Phường 3, Bạc Liêu, Việt Nam","4,6",40,9.2895031,105.6538562,Bạc Liêu,Quán mì,1-100.000 ₫,"Ăn tại chỗ, Mua hàng ngay trên xe, Giao hàng, ","https://lh5.googleusercontent.com/p/AF1QipPmFuKz5yzYrbSCQ2BTj3JLY8E1HD9HrcSGkabu, https://lh5.googleusercontent.com/p/AF1QipNXqNhPA9y6sJ1RxQfOE3g6q9jJReWkK5ZJVuOk, https://lh5.googleusercontent.com/p/AF1QipPNnW4stDLRqqhtw33tg8Do3J08nrOJP_SEdja7, https://lh5.googleusercontent.com/p/AF1QipNH2O7VPpjd5ftqi-nwfZ0y2nKyc4b75c-FSTux, "
Quán Chay Ngọc Quyên,"4 Nguyễn Bỉnh Khiêm, Phường 1, Bạc Liêu, Việt Nam","4,4",19,9.291551,105.6560079,Bạc Liêu,Nhà hàng món chay,1-100.000 ₫,"Ăn tại chỗ, Đồ ăn mang đi, ","https://lh5.googleusercontent.com/p/AF1QipNdf-XcbKz261MiTbE6_0h2f-47RHW1zvKbXlbN, https://lh5.googleusercontent.com/p/AF1QipN1yqt4YrtaqF1rjZChkkjEoawpwQdUMPLlQNg, https://lh5.googleusercontent.com/p/AF1QipPEVvrO5e_buQRUFzlkdFSpLDJzi53kBLXBIE7n, "
Quán Phở 76,"ĐT38, Phường 5, Bạc Liêu, Việt Nam","4,4",32,9.290737,105.6709081,Bạc Liêu,Nhà hàng điểm tâm,Không có giá,"Ăn tại chỗ, Đồ ăn mang đi, ","https://lh5.googleusercontent.com/p/AF1QipOwZx_OC4kyGrgczzBqNaMLBt8Nugzv0MxRmQds, https://lh5.googleusercontent.com/p/AF1QipNpRytIE5XZnsalG_ltZFAxLj4ePahJXj-GvcL-, "
Nhà hàng Thanh Thanh,"50/8 Highway 1Award 7Vinh Loi district-(50/8, QL1A, Phường 1, Vĩnh Lợi, Bạc Liêu, Việt Nam","4,5",2,9.317635,105.6589508,Bạc Liêu,Nhà hàng,Không có giá,"Ăn tại chỗ, Đồ ăn mang đi, ",
Cơm gà xối mỡ Lý Hùng,"Phố Trần Huỳnh, Phường 7, Bạc Liêu, Việt Nam","3,2",39,9.2929882,105.6460547,Bạc Liêu,Nhà hàng,Không có giá,"Ăn tại chỗ, Đồ ăn mang đi, Giao hàng, ","https://lh5.googleusercontent.com/p/AF1QipOeIKOfTeRk7gFIpyIWKBZiUMzE4tGUea_l5_jd, https://lh5.googleusercontent.com/p/AF1QipNy7wZMWANzJs2WtnwYcn-HgtjPZpMa-YJ1kHWI, https://lh5.googleusercontent.com/p/AF1QipNYSB9As_ax9Fjb8nEmpol4nL_rBCXuq13Esx84, https://lh5.googleusercontent.com/p/AF1QipP1yNRK7Pb_Ss9gyEc4TNOCAvH4CBT2dmYtZo3Y, "
Quán chay Tuấn ( cầu Võ Thị Sáu),"50 Nguyễn Huệ, Phường 3, Bạc Liêu, Việt Nam","4,5",20,9.2830251,105.6494382,Bạc Liêu,Nhà hàng cho người ăn chay,Không có giá,"Ăn tại chỗ, Đồ ăn mang đi, ","https://lh5.googleusercontent.com/p/AF1QipPIvbHciQymPsVVPAZzRN_BZWlSCfDOOczbxwhG, https://lh5.googleusercontent.com/p/AF1QipOxCar2vyYhT9YpVQrgZZxNVn_bLyGJgJvCL6T6, "
Vịt Quay Trái Ớt,"Số 9 đường 11, KDC, Bạc Liêu, 840291, Việt Nam","4,1",18,9.3055736,105.64167,Bạc Liêu,Quán ăn nhỏ,Không có giá,"Ăn tại chỗ, Đồ ăn mang đi, Giao hàng, ","https://lh5.googleusercontent.com/p/AF1QipMnCX5hnhP0ntf1qfW607mRPZ5egpz1dt98G8aU, https://lh5.googleusercontent.com/p/AF1QipPIG90y2hbt9sLouilkb1Gy8pa_sazgHjlXcvi5, https://lh5.googleusercontent.com/p/AF1QipMTfGMbcDN5cgJg-XCUdlEawzGXZcAcmYZy3cBP, https://lh5.googleusercontent.com/p/AF1QipPFyAX8npDrwOWALuBuaalCOBLRDY90bhmiVZ56, "
Quán Ốc Chill,"120 Nguyễn Thái Học, Phường 1, Bạc Liêu, Việt Nam","4,8",4,9.3002367,105.6587996,Bạc Liêu,Nhà hàng,Không có giá,"Ăn tại chỗ, Đồ ăn mang đi, ","https://lh5.googleusercontent.com/p/AF1QipPMbdAQZakb92SzGvuSczraHlCiQOm6R73HVgR-, https://lh5.googleusercontent.com/p/AF1QipMJdQfloTfcN-w_XiXigDdu7DABuPFlkX_9wieR, https://lh5.googleusercontent.com/p/AF1QipOzW86vKEa0hAT6DjkXfNIBu_wN0uhdUVj0VIRW, "
ĐÔ 1 THÙNG,"102 Hòa Bình, Phường 1, Bạc Liêu, 84291, Việt Nam","4,3",35,9.2914058,105.6569996,Bạc Liêu,Nhà hàng,Không có giá,"Ăn tại chỗ, Mua hàng ngay trên xe, Giao hàng gián tiếp, ","https://lh5.googleusercontent.com/p/AF1QipMvRmTmLnEBJ-_xIBL_FYdduVTp-t3MTVraxWZ1, https://lh5.googleusercontent.com/p/AF1QipOjBSeo3K4mQfRlbF21R42GRZFMZl6qABEVwZw6, https://lh5.googleusercontent.com/p/AF1QipPBK4f0e0KF_obf6is2gDf81XCuvGre-A97iYzg, https://lh5.googleusercontent.com/p/AF1QipN8XJ6y8CNoB0dZycS1v0A-hJk2GuWTtK0VMAF0, "
Bánh Canh Cô Hai,"4 Trần Huỳnh, Phường 3, Bạc Liêu, Việt Nam","5,0",4,9.2928426,105.6455461,Bạc Liêu,Nhà hàng chuyên phục vụ bữa sáng,Không có giá,"Ăn tại chỗ, Đồ ăn mang đi, ","https://lh5.googleusercontent.com/p/AF1QipNnfYbfloVtvZ9Si48XefOHszP71yNhtx59i3md, https://lh5.googleusercontent.com/p/AF1QipPX0CEQFxK3fpg0lpwVIq77IxF6limShWG5QJ07, "
Cháo Lòng Sáu Dễ Bạc Liêu,"29/8 khóm 6, Phường 1, Bạc Liêu, Việt Nam","3,8",4,9.2892607,105.6523311,Bạc Liêu,Quán ăn nhẹ,Không có giá,"Ăn tại chỗ, Mua hàng ngay trên xe, Giao hàng gián tiếp, ","https://lh5.googleusercontent.com/p/AF1QipNKlmH7BeGAO_bXOUnuCpM8wWxZwRXFGe-CmnQL, https://lh5.googleusercontent.com/p/AF1QipNKlmH7BeGAO_bXOUnuCpM8wWxZwRXFGe-CmnQL, "
Hủ tiếu chay Thu,"264 Hòa Bình, Phường 1, Bạc Liêu, Việt Nam","4,2",21,9.2904312,105.6555123,Bạc Liêu,Nhà hàng cho người ăn chay,Không có giá,"Ăn tại chỗ, Đồ ăn mang đi, ","https://lh5.googleusercontent.com/p/AF1QipOI6mSFmyDpjAOMi25qFHoUaIrHMXc6EE9H0rO-, https://lh5.googleusercontent.com/p/AF1QipO7jqQ4DihxNHW8qTycsO0imEh6emYzrnzDVnWZ, https://lh5.googleusercontent.com/p/AF1QipPBJi-K0z4I3Bmr37D6hOtgRdLr0suVwnFux5MT, "
Cô Giàu,"256 Trần Phú, Khóm 5, Bạc Liêu, Việt Nam","5,0",1,9.2953388,105.6495485,Bạc Liêu,Quán ăn nhỏ,Không có giá,"Ăn tại chỗ, Đồ ăn mang đi, ","https://lh5.googleusercontent.com/p/AF1QipML-rKm5q5jd9uBp4R0guk6YMfaTKFlkFRC6t2l, https://lh5.googleusercontent.com/p/AF1QipOzfxxY_8pY2kW28AIa-nBBaXV2naU-ke3zT-gT, "
Khu Du lịch Sinh thái Hồ Nam,"2 Trần Quang Diệu, Khóm 10, Bạc Liêu, Việt Nam","4,1",940,9.3029832,105.6600334,Bạc Liêu,Điểm thu hút khách du lịch,Không có giá,,"https://lh5.googleusercontent.com/p/AF1QipPyX-E4l-yXh_YxmfWPeAhZ35cXYY21T3lZaJWg, https://lh5.googleusercontent.com/p/AF1QipPLGpGg8kZn-XKhMYv4kI7Nvyd4RifGluKVGpUo, https://lh5.googleusercontent.com/p/AF1QipOmb4h2oN2_NWWL9Ouu4W8BklJnSxp5GN8uhcZl, "
Quán Bún Bò Cay,"215 23 Tháng 8, Phường 8, Bạc Liêu, Việt Nam","4,0",2,9.2954671,105.6380262,Bạc Liêu,Quán ăn nhỏ,Không có giá,"Ăn tại chỗ, Đồ ăn mang đi, ","https://lh5.googleusercontent.com/p/AF1QipPYEwfflJJZrn_pB0VHFML7UDtOFO8pcOM0CkvJ, https://lh5.googleusercontent.com/p/AF1QipPYEwfflJJZrn_pB0VHFML7UDtOFO8pcOM0CkvJ, "
Bò Tảng Song Anh,"25 Nguyễn Thái Học, Phường 1, Bạc Liêu, Việt Nam","3,2",15,9.2976132,105.6541154,Bạc Liêu,Nhà hàng món nướng,Không có giá,"Ăn tại chỗ, ",
Cửa hàng Pizza Gold,"442 Đường Võ Thị Sáu, Phường 3, Bạc Liêu, Việt Nam","4,7",42,9.2864988,105.6479385,Bạc Liêu,Nhà hàng pizza,100-200 N ₫,"Ăn tại chỗ, Mua hàng ngay trên xe, Giao hàng gián tiếp, ","https://lh5.googleusercontent.com/p/AF1QipM9Tpd-MYC_z2Ahv0HciVGMN_k9D_qKbFXD0E-K, https://lh5.googleusercontent.com/p/AF1QipNYCFT59dpsRHo1vaSj4Yt4Gd9z8pScGXU_UPA, https://lh5.googleusercontent.com/p/AF1QipOA1fHlUQwp1aaZAAm5MGF8b0BGarHydqU0B9E, https://lh5.googleusercontent.com/p/AF1QipOF31wrl3wdiwNfkQpoM-Dp8j4qhr2YdDCQ03_c, "
Tiệc cưới Hồ Nam,"2 Trần Quang Diệu, Phường 1, Bạc Liêu, Việt Nam","3,9",70,9.3048611,105.6588447,Bạc Liêu,Nhà hàng,Không có giá,"Ăn tại chỗ, ","https://lh5.googleusercontent.com/p/AF1QipOAU77aKT-fQHNj6FZSTqGAekDdNIlTP1Ik9xfz, https://lh5.googleusercontent.com/p/AF1QipM8O8QZuxayyrZCQdKSJHehyQWVXc7OZtAZ-82w, https://lh5.googleusercontent.com/p/AF1QipMtu_tch9XokzGHZV9oXwsjP1Z7t4xFOEzeytxP, https://lh5.googleusercontent.com/p/AF1QipOtYRbO1cGkWIUjQ_ou72IYNi_exIlety6HkKNf, "
Tân Lương Sơn Bắc Ninh,"90 Đ. Lý Nhân Tông, P.Ninh Xá, Bắc Ninh, Việt Nam","4,1",359,21.1741331,105.9844952,Bắc Ninh,Nhà hàng,200-300 N ₫,"Ăn tại chỗ, Mua hàng ngay trên xe, Giao hàng gián tiếp, ","https://lh5.googleusercontent.com/p/AF1QipOBbHXVfloIO3xagGb5A4SaRw5wAXrsivaEXRbs, https://lh5.googleusercontent.com/p/AF1QipOjXbh81yC69gSo9B7wE99511E8y_EdteluHF_4, https://lh5.googleusercontent.com/p/AF1QipNGrzE-21R2kE-fsMfQatHJh1m2SBIEeluu9qb1, https://lh5.googleusercontent.com/p/AF1QipPN0WoYvj1du-kl6oPPDjz2ph6so7ovbVItDzXf, "
Quán Ngon Ba Miền,"1a Cao Lỗ Vương, Đại Phúc, Bắc Ninh, Việt Nam","3,8",358,21.1794688,106.0014912,Bắc Ninh,Nhà hàng,200-300 N ₫,"Ăn tại chỗ, Đồ ăn mang đi, Giao hàng, ","https://lh5.googleusercontent.com/p/AF1QipMX98iTtzHRp6MWKLxsfTYBgY5AthlWauA7KBti, https://lh5.googleusercontent.com/p/AF1QipOqWinwsqEpn0mmQ_tLeuAdCPEsJ91xESL7fOFU, https://lh5.googleusercontent.com/p/AF1QipPKWnXAOtqF7iHBsXzTHmJ-IbFONMScawZZeHZR, https://lh5.googleusercontent.com/p/AF1QipNO5tSVHbvRLgTPNbNA5F6YXoDMcsT66nWtjivK, "
Nhà Hàng M'M Bắc ninh,"60 Đ. Nguyễn Gia Thiều, Suối Hoa, Bắc Ninh, 220000, Việt Nam","4,2",261,21.185887,106.000142,Bắc Ninh,Nhà hàng,1-100.000 ₫,"Ăn tại chỗ, Đồ ăn mang đi, Giao hàng gián tiếp, ","https://lh5.googleusercontent.com/p/AF1QipNlRS7ey_ddiZKGUWHF8K4Dp2xaPZyRENUb9_iG, https://lh5.googleusercontent.com/p/AF1QipMTOzQPNT462AumcaPvDH8xuxuLSSOuC-nGG1-U, https://lh5.googleusercontent.com/p/AF1QipM_H2PlNfpuhhRU7fTJlU98eGDZ-w6E-F1x6l-s, https://lh5.googleusercontent.com/p/AF1QipPr8yq8JyYvM8DXTQHvUNyuCHBmrMsvidgen9VB, "
Quán Ngon Thành Phố,"53W8+GXC, Đ. Lạc Long Quân, Vạn An, Bắc Ninh, Việt Nam","3,7",141,21.1963133,105.9952797,Bắc Ninh,Nhà hàng,₫₫,"Ăn tại chỗ, Đồ ăn mang đi, Giao hàng, ","https://lh5.googleusercontent.com/p/AF1QipPZA20glJLEARfTYAfSGC39QvEYd8ysXl3RsUMz, https://lh5.googleusercontent.com/p/AF1QipN3nDmcA3jAfcRHmK2A_1vkmpAwpsg0xP8fo_z6, https://lh5.googleusercontent.com/p/AF1QipOi5nrU6baw_Su2hN8760x3KawasANLpSKzJ6q2, https://lh5.googleusercontent.com/p/AF1QipMl2IwTSbE1P-Z8IINVwA22IQtFMRmNAAPnl1dq, "
Nhà Hàng Hải Sản Làng Chài Restaurant,"16a Nguyễn Đăng Đạo, Đại Phúc, Bắc Ninh, Việt Nam","4,2",232,21.1810947,105.9977209,Bắc Ninh,Nhà hàng,₫₫,"Ăn tại chỗ, Mua hàng ngay trên xe, Giao hàng gián tiếp, ","https://lh5.googleusercontent.com/p/AF1QipP1TFzwU65TiPZX0YjnjX94RErSGKMnmbb6axr1, https://lh5.googleusercontent.com/p/AF1QipPvzcjgHiYKhbYmydbbAP_NoML-nZNPhjiK6Fze, https://lh5.googleusercontent.com/p/AF1QipOvBPoLwCwa0VG9ANzAuqHpg2SKFNMOuWB1nums, https://lh5.googleusercontent.com/p/AF1QipMpaLs8stdJwaJFyGBKqGSRqlkLDxI7JWzqN05y, "
Trâu Ngon Quán,"Phố Chợ Kinh Bắc, Đ. Lê Quang Đạo, Tân Hồng, Từ Sơn, Bắc Ninh, Việt Nam","4,3",1.886,21.1159758,105.8891789,Bắc Ninh,Nhà hàng,200-300 N ₫,"Ăn tại chỗ, Đồ ăn mang đi, Giao hàng gián tiếp, ","https://lh5.googleusercontent.com/p/AF1QipOWOAjIS44XRgn7VRNeLFQgbMj7C-0mf7UjiXdc, https://lh5.googleusercontent.com/p/AF1QipPIbq3oZmpsWqeYhf0OmQ3YXTu9Ly0O1178pDnt, https://lh5.googleusercontent.com/p/AF1QipNeTWD_RXrGe4bALKDvm99haZtJQR4CuDuMSiBG, https://lh5.googleusercontent.com/p/AF1QipPeuliyui-uziVIb4Rc8fDGGzHxs1Xx5s1dNhPx, "
Bún cá cay Việt Anh,"53P8+RHM, Tô Ngọc Vân, Kinh Bắc, Bắc Ninh, Việt Nam","4,3",239,21.1870901,105.9943321,Bắc Ninh,Nhà hàng,1-100.000 ₫,"Ăn tại chỗ, Đồ ăn mang đi, Giao hàng gián tiếp, ","https://lh5.googleusercontent.com/p/AF1QipMzWhQHXWSSoBUpepCkKZbZH2Q5wqCVfESi2ZNR, https://lh5.googleusercontent.com/p/AF1QipMjNUer3YeT2HM3lCjWSeoOG4TZ0bjhu_62ktfU, https://lh5.googleusercontent.com/p/AF1QipOa1G-WxTFYiBFuF4X35_UreauFnqwgcEajOGpL, https://lh5.googleusercontent.com/p/AF1QipMK_YPZSi5SvYehmQYYTI08rjNvfgklAAhGCP1S, "
Nhà hàng hải sản Dung Cua,"21C4 Trần Quốc Toản, P.Ninh Xá, Bắc Ninh, Việt Nam","4,2",648,21.1762483,105.9935756,Bắc Ninh,Nhà hàng hải sản,Trên 1 Tr ₫,"Ăn tại chỗ, Nhận hàng ở lề đường, Giao hàng gián tiếp, ","https://lh5.googleusercontent.com/p/AF1QipOkdW_9yEJ_SsMBUbvXGM0aBsGv_ksBLo-VSHs, https://lh5.googleusercontent.com/p/AF1QipPZsgMkDq1oJsbOd66LP5hSDzt5q28Yyrae7S4, https://lh5.googleusercontent.com/p/AF1QipOSZcLEh8csEkaWuL-2cwtn6aWWPiz9bX4UPb4J, https://lh5.googleusercontent.com/p/AF1QipONMExvZLyNWpXs4zmPNWXdhAFbcG1fKFgNc9kr, "
Nhà hàng Chim trời Tuấn Giang,"Khu Đô Thị Mới Nam, Bắc Ninh, Việt Nam","4,1",888,21.1624158,105.9932728,Bắc Ninh,Nhà hàng,Không có giá,"Ăn tại chỗ, Đồ ăn mang đi, Giao hàng, ","https://lh5.googleusercontent.com/p/AF1QipMXNTRWB-hrKWOA9mNw_ucjXrRCfMQavwv3kD6q, https://lh5.googleusercontent.com/p/AF1QipPHzIbelLNfZhs0NfH0Qjp_DarbYxibZpeIIWaA, https://lh5.googleusercontent.com/p/AF1QipNya21JOk7W1KXG5Sgcjp40td8aNYWqM3EYqbSd, https://lh5.googleusercontent.com/p/AF1QipNvM1wjJBVGhCvrbvjOykxGqL5tR0EeaEsnW34g, "
Nhà Hàng Cố Đô Hoa Lư - Dê Núi,"Nguyễn Đăng Đạo, Đại Phúc, Bắc Ninh, Việt Nam","4,3",94,21.1683421,106.0024122,Bắc Ninh,Nhà hàng,100-200 N ₫,"Ăn tại chỗ, Đồ ăn mang đi, Giao hàng gián tiếp, ","https://lh5.googleusercontent.com/p/AF1QipORePYGdRbfKNj1l_kd68kLNfPSmmw2fw31qMEl, https://lh5.googleusercontent.com/p/AF1QipOv5esl6qKgRjBQtGeLvJrH-TPkLfNbiHSJZj7U, https://lh5.googleusercontent.com/p/AF1QipPKMo7L2Pq7kDEQtpOWmvIi7Ny5Ob28fbfY2vPV, https://lh5.googleusercontent.com/p/AF1QipNf5z6GFUozVyl2ljgYupxuOOK53D1UX-RARv-a, "
Bếp Ngon - 19 Hai Bà Trưng,"19 Hai Bà Trưng, Đại Phúc, Bắc Ninh, Việt Nam","3,6",91,21.180843,105.9986059,Bắc Ninh,Nhà hàng,Không có giá,"Ăn tại chỗ, Đồ ăn mang đi, Giao hàng, ","https://lh5.googleusercontent.com/p/AF1QipOcNrayFaz-D__mNyhsdukD1yoQerniROeg1mNF, https://lh5.googleusercontent.com/p/AF1QipP_lMf2gSzVd-nJ2_tm0OrjsYaYmvkphiNoGSrq, https://lh5.googleusercontent.com/p/AF1QipMgh63AEZbqOcYQFIez0gHWprYOschnT_e_aoSt, https://lh5.googleusercontent.com/p/AF1QipMyz-iVwjiJuajAbPQEr1ToK_79ubYLVAV1TPfX, "
Nhà Hàng Thùy Linh,"Ngõ 50 Huyền Quang, P.Ninh Xá, Bắc Ninh, Việt Nam","3,9",304,21.1774349,105.9891586,Bắc Ninh,Nhà hàng,200-300 N ₫,"Ăn tại chỗ, Đồ ăn mang đi, Giao hàng, ","https://lh5.googleusercontent.com/p/AF1QipPfpIwkurgRJTzfFtXyK5m9WEokwhwJYmIectDG, https://lh5.googleusercontent.com/p/AF1QipOkz86goYELowp02lLb6d0idZ8V8YBCQnyZtoDN, https://lh5.googleusercontent.com/p/AF1QipPYMjz0Pa7wSN2b1giYoowjjIfOH0MwMOu7vpuS, https://lh5.googleusercontent.com/p/AF1QipOtQeIOLCP1OBvF-Bb00iWCCCAVxtefggQPFQTg, "
Nhà hàng Đông Nam,"Đường Nguyễn Thị Minh Khai, P, Bắc Ninh, Việt Nam","4,1",128,21.1955844,105.9946464,Bắc Ninh,Nhà hàng,₫₫,"Ăn tại chỗ, Đồ ăn mang đi, Giao hàng gián tiếp, ","https://lh5.googleusercontent.com/p/AF1QipN5wbXQYFFrOHJOkMNMPAmM7pugbiQARgPZJsJ6, https://lh5.googleusercontent.com/p/AF1QipP7LdmH5Phzk0MhJbTTlZerFDYemCSnWsX7CR9y, https://lh5.googleusercontent.com/p/AF1QipNHnRX1pJ_SsKcrdatQ8fQY9q2apUeM9DsVbvU, https://lh5.googleusercontent.com/p/AF1QipMyrgUi31zI8lBufhDsh4pXGUWzyptSg1-lusG8, "
Nhà hàng 29,"33 Ngọc Hân Công Chúa, Đại Phúc, Bắc Ninh, 16000, Việt Nam","4,3",215,21.1779862,105.9960061,Bắc Ninh,Nhà hàng,200-300 N ₫,"Ăn tại chỗ, Đồ ăn mang đi, Giao hàng gián tiếp, ","https://lh5.googleusercontent.com/p/AF1QipNxwCHc-9s5amDL07acHQ2lkiJ6h0WgMunnRabx, https://lh5.googleusercontent.com/p/AF1QipOmMhfKdRWdDd-Z9VGruN1usbBetn2Alk4socQI, https://lh5.googleusercontent.com/p/AF1QipPwCan_JoUFIHpKFRUQuYz57XrcncFkU0z9B7Bq, https://lh5.googleusercontent.com/p/AF1QipN_Cg1XoTwX2Ep7-rkSbh3QmU5yuTqNl0vTq2xM, "
Quán Chim Ngon Bắc Ninh,"Hồ Ngọc Lân/37 phường, khu Yna 2, Bắc Ninh, Việt Nam","3,9",252,21.1908784,105.9998877,Bắc Ninh,Nhà hàng,Không có giá,"Ăn tại chỗ, Mua hàng ngay trên xe, Giao hàng gián tiếp, ","https://lh5.googleusercontent.com/p/AF1QipN1_-fpinvruKm4iC7bOT3INlw-eiNrXT383Yl1, https://lh5.googleusercontent.com/p/AF1QipO_rxOEVkTtNpFwWmI_xfvgDB5XPSFwfK-C4A0O, https://lh5.googleusercontent.com/p/AF1QipOFIDWGpKxS10ByU9ge90qGE8pc2f0UUIM9INV9, https://lh5.googleusercontent.com/p/AF1QipOikfKmD1V5VPsaKtMaG8DB24fe3MybemX1uJ3E, "
Manwah Hotpot Bắc Ninh,"Lô CC04, Đ. Lý Thái Tổ, P.Ninh Xá, Bắc Ninh, 220000, Việt Nam","4,4",243,21.1753397,105.9940953,Bắc Ninh,Nhà hàng món lẩu,400-500 N ₫,"Ăn tại chỗ, ","https://lh5.googleusercontent.com/p/AF1QipP1bRYVYg49tXBZH_YMv9lRim3qaiSo9iOTh9st, https://lh5.googleusercontent.com/p/AF1QipOZk1Uf-aN_Vfoo4ROvrNUCrIKQzGKlnb2iD5bB, https://lh5.googleusercontent.com/p/AF1QipNubQUm52ev3CEsHt-kHf3nYffatQMZtBfhg9B_, https://lh5.googleusercontent.com/p/AF1QipNi4KBVmrcphyKV1d_5j8OWG4jmzPLwCxlNtB8t, "
Nhà Hàng Hải Sản Toàn Tình,"99a Nguyễn Quyền, Võ Cường, Bắc Ninh, Việt Nam","4,0",397,21.1648449,105.9923403,Bắc Ninh,Nhà hàng hải sản,₫₫₫,"Ăn tại chỗ, Đồ ăn mang đi, Giao hàng gián tiếp, ","https://lh5.googleusercontent.com/p/AF1QipP5AQBn6PDRbPwWK2pSBSw_kEM0XTV4uehBKt4c, https://lh5.googleusercontent.com/p/AF1QipO_jmkQigerTIQg4pRiFZSaWMR3a-ws4Nqej1AD, https://lh5.googleusercontent.com/p/AF1QipPq-eN6OGgYYC-szG9FizUVmHd922zQn2nXDLFL, https://lh5.googleusercontent.com/p/AF1QipObU9wWO7UTWwaNncrpLHXfbh0ozPAQFrAP5lhT, "
NHÀ HÀNG HÀN QUỐC THE MARU- THE 마루,"55 P. Chế Lan Viên, P.Ninh Xá, Bắc Ninh, Việt Nam","4,4",137,21.175599,105.9876951,Bắc Ninh,Nhà hàng,200-300 N ₫,"Ăn tại chỗ, Đồ ăn mang đi, Giao hàng, ","https://lh5.googleusercontent.com/p/AF1QipNRlangShC33NZWGTTSsL5LpMrp3qxU-UGQpCFJ, https://lh5.googleusercontent.com/p/AF1QipMsH05ATXF_UglTSfNslQLYW4h4OYy3CRsT9YrG, https://lh5.googleusercontent.com/p/AF1QipPmWqirxR1D73xoyxqrTZvd27vsttQQHOukRFT3, https://lh5.googleusercontent.com/p/AF1QipOKdjdoY0niop8KjIB5rzCrAbPQEbpUUFBzHtNl, "
Nhà Hàng Bếp Thơ,"46 Trần Quốc Toản, P.Ninh Xá, Bắc Ninh, 220000, Việt Nam","4,6",29,21.1771807,105.9928692,Bắc Ninh,Nhà hàng,100-200 N ₫,"Ăn tại chỗ, Đồ ăn mang đi, Giao hàng, ","https://lh5.googleusercontent.com/p/AF1QipOnF4KAI-7eNktCrcYGB2f3s5F7mFfYJ3-kcL6k, https://lh5.googleusercontent.com/p/AF1QipMGbRkSM7n1mAFyr4VVT3Ns1ELEmIUEALFuyD4C, "
Bún Chả Bà vạn,"2 Vũ Kiệt, P.Tiền An, Bắc Ninh, Việt Nam","4,0",552,21.1825545,105.9935293,Bắc Ninh,Nhà hàng,1-100.000 ₫,"Ăn tại chỗ, Mua hàng ngay trên xe, Giao hàng gián tiếp, ","https://lh5.googleusercontent.com/p/AF1QipM9AjaaX1vAFrNvvkTt8HJUfCTntC9f9vSSiEZf, https://lh5.googleusercontent.com/p/AF1QipOD89C9e1Xi-_BehER6GGnjPR62Hlj5-_tQfOEM, https://lh5.googleusercontent.com/p/AF1QipOF9CTBG4tMgoolpwtzafNfvJlA33KX-63ixxNw, https://lh5.googleusercontent.com/p/AF1QipOakafDWGOdz6pBpfhmg60N7nof-WNpjT7hbrPn, "
"Cơm niêu KOMBO - 17 Hai Bà Trưng, Bắc Ninh","17 Hai Bà Trưng, Đại Phúc, Bắc Ninh, Việt Nam","4,0",132,21.1810222,105.9989702,Bắc Ninh,Nhà hàng,100-200 N ₫,"Ăn tại chỗ, Mua hàng ngay trên xe, Giao hàng gián tiếp, ","https://lh5.googleusercontent.com/p/AF1QipMVZBziL4HAjiwUbuGb1VxzfN1__isSScnXsCBo, https://lh5.googleusercontent.com/p/AF1QipN-FgzVOWOqDnip1-teeHEqHjNvu4aYe0VbyWI_, https://lh5.googleusercontent.com/p/AF1QipPIrL6XopVbCRkZvAQP3eiNxX32jo37hcm7EmGo, https://lh5.googleusercontent.com/p/AF1QipO7qpWhf98v4L45izqHSfkWNBobUWbNTJ_KfzWI, "
Quán Lá Nghệ Sỹ - Chim Trời BÌNH THẢO,"16 Nguyễn Đăng Đạo, Đại Phúc, Bắc Ninh, Việt Nam","3,8",82,21.1809558,105.9975844,Bắc Ninh,Nhà hàng,300-400 N ₫,"Ăn tại chỗ, Đồ ăn mang đi, Giao hàng gián tiếp, ","https://lh5.googleusercontent.com/p/AF1QipOg3G7TQgMM_PiavWwRR6vuguFeRA4WAYgPJVld, https://lh5.googleusercontent.com/p/AF1QipM604rejFqNS7t8eLuV89YSlSeeykYIomykwlxX, https://lh5.googleusercontent.com/p/AF1QipMhLGAbgrXxLpfelCqlg7HG-hq3R5SHfJ03Bzwq, https://lh5.googleusercontent.com/p/AF1QipOwkGTp_TOln7lHqHotcNIOGvxceilsb1LS92dH, "
Nhà hàng Nam Sơn-15 Bồ Sơn-Võ Cường-TP Bắc Ninh,"15 Phố Bồ Sơn, Võ Cường, Bắc Ninh, Việt Nam","4,1",285,21.1686862,105.9898015,Bắc Ninh,Nhà hàng,200-300 N ₫,"Ăn tại chỗ, Đồ ăn mang đi, Giao hàng, ","https://lh5.googleusercontent.com/p/AF1QipPssTAjVY7S47vfeHIz9a-SKPBdcyrAzCYqY9Qe, https://lh5.googleusercontent.com/p/AF1QipOZd4myTm2ZOCAspA3wVNMjKE1NX8Hcy70PmwBa, https://lh5.googleusercontent.com/p/AF1QipNVGPXXXgDnS6O_y_vtE1ibueKugwxZbcKcZelJ, https://lh5.googleusercontent.com/p/AF1QipOWw6fy7Zg9vVobrMdA0bvoMZ7BtpiTDgE-4wwp, "
Mẹt Tá Lả | Bún đậu mắm tôm Bắc Ninh,"18 Đ. Bình Than, Đại Phúc, Bắc Ninh, Việt Nam","4,2",227,21.1734656,106.0024019,Bắc Ninh,Nhà hàng gia đình,1-100.000 ₫,"Ăn tại chỗ, Đồ ăn mang đi, ","https://lh5.googleusercontent.com/p/AF1QipPi3h3LdJFlWt9iDTOh2UzpQCFDUksbinwCxOA7, https://lh5.googleusercontent.com/p/AF1QipOtg-U92zpqmjzLR4r1qJnmJmo9bUKpOViljzI0, https://lh5.googleusercontent.com/p/AF1QipPBLYsI5UwL4rXZwTEtjFJoGFyVJGzBpmkFUD7D, https://lh5.googleusercontent.com/p/AF1QipMlRfyNgdb_9wpHalM6kiRmCXiC0YpTB_pJekSZ, "
Nhà Hàng Gà Thượng Hạng,"130 Đ Lý Đạo Thành, P.Ninh Xá, Bắc Ninh, Việt Nam","4,0",285,21.1750075,105.9848463,Bắc Ninh,Nhà hàng,100-200 N ₫,"Ăn tại chỗ, Đồ ăn mang đi, Giao hàng, ","https://lh5.googleusercontent.com/p/AF1QipP53q6zNqdGX3qsehiHwSM-shTz6ZDg2uy1o02v, https://lh5.googleusercontent.com/p/AF1QipMGKBcA1V5FZ7hOvAyiRBC-C6Q6WMN-4ATi9lI4, https://lh5.googleusercontent.com/p/AF1QipNk-ZtSN3eBKqz9WiatCVCeN1n_wAr5Zmd5JJeI, https://lh5.googleusercontent.com/p/AF1QipOdpR63ApJ_alaXBK_tZJIznMfIWco4ZWZdzyEp, "
TOKYO TANTAN RAMEN BẮC NINH,"75 Đỗ Trọng Vỹ, P.Ninh Xá, Bắc Ninh, 220000, Việt Nam","4,9",525,21.1774937,105.9948646,Bắc Ninh,Nhà hàng Nhật Bản,100-200 N ₫,"Ăn tại chỗ, Mua hàng ngay trên xe, Giao hàng gián tiếp, ","https://lh5.googleusercontent.com/p/AF1QipNPSjt-RfRKzJF6cVt2QeGKMnep84EColemKBg, https://lh5.googleusercontent.com/p/AF1QipNUoyCxoS8gVFaLH0PXLXX_qMXbG7Xjgwlwj-Jc, https://lh5.googleusercontent.com/p/AF1QipMSdKb_tI17jKFsaloiSPs342v1W01hQoli4CPw, https://lh5.googleusercontent.com/p/AF1QipM8cDsmh7I1YgjNFjR7OfyIAloBhl3JoX91z-E, "
GoGi House,"11 Nguyễn Đăng Đạo, Đại Phúc, Bắc Ninh, 100000, Việt Nam","3,9",532,21.175904,106.0000073,Bắc Ninh,Nhà hàng món nướng Hàn Quốc,₫₫,"Ăn tại chỗ, Giao hàng gián tiếp, ","https://lh5.googleusercontent.com/p/AF1QipPD1OeNj7otNxMu-2Y8F4_niKTo1478zsooHL4S, https://lh5.googleusercontent.com/p/AF1QipO49EsYEfFV9qrsLP5zBqkdGLSYfrWK2Pt57JeT, https://lh5.googleusercontent.com/p/AF1QipPsJFme3nuQhDO4m7DiB_YiquB42DhPNbCDHlh-, https://lh5.googleusercontent.com/p/AF1QipOUMVhoEUqdGLA8YLhtsBwjV9Jpl_-ghIZJEpUW, "
86 BISTRONOMY,"5384+2W, 86-87 Lý Anh Tông, Võ Cường, Bắc Ninh, Việt Nam","4,3",59,21.1649726,105.985035,Bắc Ninh,Nhà hàng Pháp,Trên 1 Tr ₫,"Ăn tại chỗ, Nhận hàng ở lề đường, Giao hàng gián tiếp, ","https://lh5.googleusercontent.com/p/AF1QipPaGxpefGPl2T_X-4l0ASK5opV0gKClBjYTHcZ2, https://lh5.googleusercontent.com/p/AF1QipOZ8-2iB-GZG4kNnKSTHV_igG4bSKGNFZlDmk7j, https://lh5.googleusercontent.com/p/AF1QipP7_ES0O6-5YbtKAZIyz6DfHBp2RKCBpQrDArYf, https://lh5.googleusercontent.com/p/AF1QipMT7E9sg1_SsH507fPtXXBx8n1q7HUkHMEnDBL5, "
"Cháo Cá Tích Nghi-163 Hồ Ngọc Lân, Kinh Bắc, thành phố Bắc Ninh","163 Hồ Ngọc Lân, Kinh Bắc, Bắc Ninh, 16000, Việt Nam","4,1",744,21.1888374,105.9978215,Bắc Ninh,Nhà hàng,1-100.000 ₫,"Ăn tại chỗ, Mua hàng ngay trên xe, Giao hàng gián tiếp, ","https://lh5.googleusercontent.com/p/AF1QipPCUX3FglEIqLRiMT4zP4E7-yCuwow4O6IToHfr, https://lh5.googleusercontent.com/p/AF1QipMSt36tAjkZR20FS10tJMAiN5wyGWyd-fAr17YS, https://lh5.googleusercontent.com/p/AF1QipPnB4OhuGfjRTXxTzuQAeEEownXPIc8uYCFVntN, https://lh5.googleusercontent.com/p/AF1QipMP-1e-K5bIXM4tg_faEuSYzmgnxIzYWXHAt1_I, "
Nhà Hàng Tây Bắc HAISOMA,"95 Đ. Lạc Long Quân, P. Đáp Cầu, Bắc Ninh, Việt Nam","3,7",117,21.1791831,105.9941943,Bắc Ninh,Nhà hàng,Không có giá,"Ăn tại chỗ, Đồ ăn mang đi, Giao hàng, ","https://lh5.googleusercontent.com/p/AF1QipOx5kX4sCKz8UBOVPdlRUEhljEH3Q-hLkvzk1g, https://lh5.googleusercontent.com/p/AF1QipN6ISOIJTgKZjoP5s4mOdypnwr2tpF9bdvaxN4, https://lh5.googleusercontent.com/p/AF1QipNKT48D8TnAgvWQndce_FAAvWVr9eIYWNsFREQ, https://lh5.googleusercontent.com/p/AF1QipPWMJEwHqWUwz3LBmC12pQvS62u_FN_I_XZIB9_, "
Nhà hàng vịt núi Trung Chính,"126 Trần Hưng Đạo, Đại Phúc, Bắc Ninh, Việt Nam","4,1",444,21.1745133,106.0073495,Bắc Ninh,Nhà hàng,100-200 N ₫,"Ăn tại chỗ, Đồ ăn mang đi, Giao hàng gián tiếp, ","https://lh5.googleusercontent.com/p/AF1QipPnjoVgAzgkw6T3WHyvKSKpfHQo1_D3D2JOhSDt, https://lh5.googleusercontent.com/p/AF1QipPKP3QOUDlNYi7GGNxYCaRNDTm82c9fzPKvM6XR, https://lh5.googleusercontent.com/p/AF1QipMc7ig87kWo7SHT0LzK8Vny39qZUVzgyBeO22E, https://lh5.googleusercontent.com/p/AF1QipNLvB79YZ0APGfpaNrNcpuZ0gak3sN59Ns6Bk0c, "
Nhà hàng chay Tâm An Lạc Bắc Ninh (Vegetarian Restaurant),"45 Lê Văn Thịnh, Suối Hoa, Bắc Ninh, 16100, Việt Nam","4,3",32,21.1843888,105.9997843,Bắc Ninh,Nhà hàng,1-100.000 ₫,"Ăn tại chỗ, Đồ ăn mang đi, Giao hàng, ","https://lh5.googleusercontent.com/p/AF1QipOSPcnIqN3UfWE0iIXFG-gfP631_NINEdFV9muB, https://lh5.googleusercontent.com/p/AF1QipM7eSs97zEoJJjcA55rcgk13GqttUbr_PbJX_gC, https://lh5.googleusercontent.com/p/AF1QipMr10UVt8Diqrn5UNHgGyeQ3hWjt2ZLZ9pOyY3j, https://lh5.googleusercontent.com/p/AF1QipMed1CC3jCsoxVBQpV-f-XG5M6YBRkwL8uHV8M, "
Cơm Bà Xuyến,"75 Đ. Ngô Gia Tự, Vũ Ninh, Bắc Ninh, Việt Nam","4,0",245,21.19176,106.0070123,Bắc Ninh,Nhà hàng,100-200 N ₫,"Ăn tại chỗ, Đồ ăn mang đi, Giao hàng, ","https://lh5.googleusercontent.com/p/AF1QipMlN8L4tNvn_GN6EMN0Y1lctvJMZFDWlJd271Av, https://lh5.googleusercontent.com/p/AF1QipP8Rku5j6S9uBF84C34OVVdGoOtMd7KPTV2zjSj, https://lh5.googleusercontent.com/p/AF1QipPCU0V2rFEHCuy6Ojj8hqhGuO_9VVID1lHrsbHp, https://lh5.googleusercontent.com/p/AF1QipORKn9QkPTB5MlQRxbeVACQZffoHFQWTbF7e3L4, "
Nhà Hàng Phương Đông,"136 Nguyễn Đăng Đạo, P, Bắc Ninh, 790000, Việt Nam","4,0",6,21.1697919,106.0018413,Bắc Ninh,Nhà hàng,Không có giá,"Ăn tại chỗ, Đồ ăn mang đi, Giao hàng, ","https://lh5.googleusercontent.com/p/AF1QipMwnh5ce7X0U2RFCnQs4zQjPOi-y1ryugLXRS-D, https://lh5.googleusercontent.com/p/AF1QipMWt_ZaJ-OXJzLcAz2mqvI1amGQ-TLDCXL9Qzdx, https://lh5.googleusercontent.com/p/AF1QipPsP_MM66kZqn5xGNDGBA6KOT0EiJ1l5Duu7f7w, "
BamBam - Nhà Hàng Lẩu Nướng,"19 Lửa Hồng, P.Tiền An, Bắc Ninh, Việt Nam","4,6",138,21.1807664,105.9941487,Bắc Ninh,Nhà hàng,100-200 N ₫,"Ăn tại chỗ, Đồ ăn mang đi, Giao hàng gián tiếp, ","https://lh5.googleusercontent.com/p/AF1QipMlK9VLQX4EHtz4GLE3MEeT-HHwvP4PETXwaGRn, https://lh5.googleusercontent.com/p/AF1QipNt0cRJw9xHuJMpFjeoccFxA80RXy6WdAJjwRUG, https://lh5.googleusercontent.com/p/AF1QipNoViMsSMicLWGyuDRWvW6DTCSA1s0j66IVkjIC, https://lh5.googleusercontent.com/p/AF1QipOb47cpyEEwX9BPNlLDIWYGUDWKFoPp1fvC1PF2, "
Quán Cháo Cá Chín Mười,"35 Đ. Thiên Đức, P.Vệ An, Bắc Ninh, Việt Nam","4,2",262,21.1835828,105.9908519,Bắc Ninh,Quán ăn nhỏ,1-100.000 ₫,"Ăn tại chỗ, Đồ ăn mang đi, Giao hàng gián tiếp, ","https://lh5.googleusercontent.com/p/AF1QipOe81qXDRb0FjJuZxIkQls5UfhX0r2fkavehptt, https://lh5.googleusercontent.com/p/AF1QipNWPtdWD7y5arfhKg8sSDneVByp3_QIee19axJc, https://lh5.googleusercontent.com/p/AF1QipPBvYrkxWjEOXl3NLplUMR_03Qnpgm1V2j2HAIq, https://lh5.googleusercontent.com/p/AF1QipMUjD4T9AH11Q_WIq4yW8zvuMTo0-Ggxp5C2LY4, "
không có tên??????,Không có địa chỉ,Chưa xét,0,21.1835828,105.8981548,Bắc Ninh,None,Không có giá,,
Quán Chay An Lạc,"53G6+6PJ, P Bế Văn Đàn, P.Ninh Xá, Bắc Ninh, Việt Nam","4,4",100,21.1755958,105.9896656,Bắc Ninh,Nhà hàng,1-100.000 ₫,"Ăn tại chỗ, Đồ ăn mang đi, Giao hàng, ","https://lh5.googleusercontent.com/p/AF1QipN54y5TBmLOoJ2huX2sT0LBG17RKqF1jnhE0uw, https://lh5.googleusercontent.com/p/AF1QipP8_p-sgWqNpeluyTz33n_ymayn9hHa6rR3XdV_, https://lh5.googleusercontent.com/p/AF1QipP3ImMcgNiu-naIWl6VtVGXBoKJP-R5MN8B-hc, https://lh5.googleusercontent.com/p/AF1QipN48owCJTpDDMok-KHnDeBu0P-mzNVMvjO0lmHF, "
Mỳ Cay Susin,"7 Lê Văn Thịnh, Suối Hoa, Bắc Ninh, Việt Nam","3,9",125,21.185548,105.9984451,Bắc Ninh,Nhà hàng,1-100.000 ₫,"Ăn tại chỗ, Đồ ăn mang đi, Giao hàng, ","https://lh5.googleusercontent.com/p/AF1QipNSX_XvEjkUTDmfVY6c8becbRJZQwyrB2BePaA2, https://lh5.googleusercontent.com/p/AF1QipO8Z-VDcQsYrFg5YHc1nnUGxvg9dFyY1pd5nab4, https://lh5.googleusercontent.com/p/AF1QipNynCqz0Mw7Rg3BNcxOBUJ_TaZz3VTUyA6bT6Ve, https://lh5.googleusercontent.com/p/AF1QipNynCqz0Mw7Rg3BNcxOBUJ_TaZz3VTUyA6bT6Ve, "
"진로비비큐, JINRO BBQ, 1980s KOREA, Đại Phúc, Bắc Ninh","561 Đ. Hàn Thuyên, Đại Phúc, Bắc Ninh, 16000, Việt Nam","4,8",453,21.1775692,106.0028702,Bắc Ninh,Nhà hàng món nướng,300-400 N ₫,"Ăn tại chỗ, Đồ ăn mang đi, Giao hàng, ","https://lh5.googleusercontent.com/p/AF1QipPmmW7In_KmROiy1Z1w-mPeceduD8bNKyHW6KHo, https://lh5.googleusercontent.com/p/AF1QipPxf9flkQOzMG7q5BZdMlXdYXW4hiMffFLneWdb, https://lh5.googleusercontent.com/p/AF1QipMRPP-x-6NmYc6OPdrBzwVLtbTyLFswfDl-lSid, https://lh5.googleusercontent.com/p/AF1QipMYa55wscL3YvYPlzzx_kxaRbe9k27IVkXgPBJP, "
Nhà Hàng Quán Nón,"127 Huyền Quang, P.Ninh Xá, Bắc Ninh, 790000, Việt Nam","3,8",28,21.1751496,105.9928864,Bắc Ninh,Nhà hàng,Không có giá,"Ăn tại chỗ, Đồ ăn mang đi, Giao hàng, ","https://lh5.googleusercontent.com/p/AF1QipOJ8p46CcXZXozY063IFZ_kFJJeSQXIpJqpvsGu, https://lh5.googleusercontent.com/p/AF1QipMFdsi9cDXddf6epSfjzBcybpKueFnHJj7Rb5hl, https://lh5.googleusercontent.com/p/AF1QipNzeDbhizI8u6QdmoMI1TLip8I_GTrJ8LPJ4ML_, https://lh5.googleusercontent.com/p/AF1QipPdBzrLE4i2xx-v7HAEYbJaILEr_J_Frtzfug1v, "
Nhà hàng Ẩm thực Quan họ Phú Sơn,"Phố Phúc Sơn - Phường Vũ Ninh - TP Bắc Ninh, TP Bắc Ninh, Suối Hoa, Bắc Ninh, Việt Nam","4,1",521,21.1913744,106.0027513,Bắc Ninh,Khách sạn,Không có giá,,"https://lh5.googleusercontent.com/p/AF1QipPAvVXGv0sKwZ_Bby9v8WNtfF3wckO2g-_s4MYT, https://lh5.googleusercontent.com/p/AF1QipMB7MQTjPtglusY4ax2JTBLpSVn11XzjTlHRJaB, https://lh5.googleusercontent.com/p/AF1QipOMH0eDJC2pGBy4fYbnErq0pl5TOHvkIGcbw6Po, https://lh5.googleusercontent.com/p/AF1QipMOXjTD9GgjjBJM4OscHzWe4kIIzYMuhqLW2hZc, "
Nhà hàng nhật bản Sakura Sushi.Cs1,"68 Trần Quốc Toản, P.Ninh Xá, Bắc Ninh, Việt Nam","4,1",199,21.1766113,105.9932401,Bắc Ninh,Nhà hàng,Không có giá,"Ăn tại chỗ, Đồ ăn mang đi, Giao hàng gián tiếp, ","https://lh5.googleusercontent.com/p/AF1QipPc5ZuUJE62Qh2ovAzqLedRygs5p1-ynW95WQoH, https://lh5.googleusercontent.com/p/AF1QipOa1Ww8lRsTXdvIqc20fmqAygcZ3BYrODWhzjqy, https://lh5.googleusercontent.com/p/AF1QipOkWyzDelvKlr6bsOAwn-20s0EXVS2pLVD-lBCx, https://lh5.googleusercontent.com/p/AF1QipNh7ISwnuEoxRk9SzuVFgQRGr0mWbOUyqF7HArc, "
Quán Cơm Đức Tùng,"77 Đ. Ngô Gia Tự, Vũ Ninh, Bắc Ninh, Việt Nam","4,0",18,21.191719,106.0069791,Bắc Ninh,Quán ăn nhỏ,Không có giá,"Ăn tại chỗ, Đồ ăn mang đi, ","https://lh5.googleusercontent.com/p/AF1QipPbdjI-ysbQKy9wH4g7aRzun1HtmNpR0b-HoPvD, https://lh5.googleusercontent.com/p/AF1QipPfIy6GKbJeWMLk8zxlZ23o7EVTI0PCyyi8GR-C, https://lh5.googleusercontent.com/p/AF1QipO7S08lxIjmFGjFaxkAoGHH2e-qzDQ23XfND_0y, "
Nhà hàng Bếp Kinh Bắc - Tp Bắc Ninh,"115 Ngọc Hân Công Chúa, P.Ninh Xá, Bắc Ninh, Việt Nam","3,7",100,21.1739611,105.9897892,Bắc Ninh,Nhà hàng,Không có giá,"Ăn tại chỗ, Đồ ăn mang đi, Giao hàng, ","https://lh5.googleusercontent.com/p/AF1QipMJca_Oz-50Cl44lOpcJ28MVQpOUgzHraPLouru, https://lh5.googleusercontent.com/p/AF1QipM2PUWFEpxTLm6s_eeToEF1tL3fIzWquJQfRWe2, https://lh5.googleusercontent.com/p/AF1QipPosIoPlpfHRYj4Aun01Mz22OxSZzIhviWBYyUV, https://lh5.googleusercontent.com/p/AF1QipO8SlpokHHnykAA_6Rnpv0Xhsu-ZsSXZrInzA9B, "
Nhà hàng Dolphin (Dolphin Restaurant),"Đ Lê Hồng Phong, Kinh Bắc, Bắc Ninh, Việt Nam","4,2",103,21.1917307,105.9925321,Bắc Ninh,Nhà hàng,200-300 N ₫,"Ăn tại chỗ, Đồ ăn mang đi, Giao hàng, ","https://lh5.googleusercontent.com/p/AF1QipM-qoR2TAZBKPe7GCanfnmui1bk7NK354zpLl8w, https://lh5.googleusercontent.com/p/AF1QipPS03I3qr8ut2PPnFfcexQDyQPr0wY-DtAxXkFA, https://lh5.googleusercontent.com/p/AF1QipNYgy2fMsBbMOopBHaFKMVTY8NdiHVGpxTj4nLP, https://lh5.googleusercontent.com/p/AF1QipNk5MxV7AF_NRnsSi7zVl6fPjsTYD9JC3vLmznD, "
"NHÀ HÀNG NHẬT BẢN OSAKA, OSAKA Japanese style BBQ & Sashimi","184 Ngọc Hân Công Chúa, Võ Cường, Bắc Ninh, Việt Nam","4,1",75,21.1726429,105.9874177,Bắc Ninh,Nhà hàng Nhật Bản,Không có giá,"Ăn tại chỗ, Đồ ăn mang đi, Giao hàng, ","https://lh5.googleusercontent.com/p/AF1QipOitPmTWxYqUuX-BAIFP0dXYy7za1cSrKQ3730R, https://lh5.googleusercontent.com/p/AF1QipN8z-dYKM3wgiZv8z6VDunLbX7-9QQ7QUGhaJoP, https://lh5.googleusercontent.com/p/AF1QipPKLfRH9ecIJ46cZGl1m_NpK6ZS15xAkE6Jmsbs, https://lh5.googleusercontent.com/p/AF1QipM46XuxZvQOauR1wp6YFSbRIsbIhWmS-znxQqCw, "
Nhà Hàng Chay Phù Đổng,"2 Đ. Phù Đổng Thiên Vương, Suối Hoa, Bắc Ninh, Việt Nam","4,3",109,21.1889725,106.0002407,Bắc Ninh,Nhà hàng,100-200 N ₫,"Ăn tại chỗ, Đồ ăn mang đi, Giao hàng, ","https://lh5.googleusercontent.com/p/AF1QipPrPOug3tQki9WcEgdXslzNaWmG6syyc8ImeMRd, https://lh5.googleusercontent.com/p/AF1QipOnlklRgSq-TIco75XMy7MXdWhLmLJd85ggl74C, https://lh5.googleusercontent.com/p/AF1QipMgpd-7g_zh6uDKpMzrd-v22zlLH5ikq1e3q0SN, https://lh5.googleusercontent.com/p/AF1QipNB7-M4DLM905ZfqmuXagK2ob5hW5mVKoJ0ArbN, "
Nhà Hàng Hà Phong,"152 Nguyễn Cao, P.Ninh Xá, Bắc Ninh, Việt Nam","4,1",932,21.1741744,105.985726,Bắc Ninh,Nhà hàng,₫₫,,"https://lh5.googleusercontent.com/p/AF1QipN4Tj4nlBowb5ViAQG7YO0oAQwl6oit1dhPQTnl, https://lh5.googleusercontent.com/p/AF1QipNtIc8NRWg5vTwDlNsBcdNW8SYIDPZp-rjY1sIO, https://lh5.googleusercontent.com/p/AF1QipMuKyC1aDYaCuFmpqLe-u2UujO0fsX22YNaZs7P, https://lh5.googleusercontent.com/p/AF1QipPal7jMbSRYH6YsU50oAjFOjGzl_hM5ahNiUv-f, "
Nhà hàng Nhật Bản New Fuji,"2 P Nguyễn Viết Xuân, P.Ninh Xá, Bắc Ninh, Việt Nam","4,3",207,21.1757873,105.9937924,Bắc Ninh,Nhà hàng Nhật Bản,₫₫,"Ăn tại chỗ, Đồ ăn mang đi, ","https://lh5.googleusercontent.com/p/AF1QipMjhbJYyBBlw8j59It3sXc1YMZe0P1nbxoSFNyl, https://lh5.googleusercontent.com/p/AF1QipNXq-nS6P-Lf5eAx8jswy8wQbc0Y3x_3n-kU29P, https://lh5.googleusercontent.com/p/AF1QipNXb_y6jlLQyT9i09ikmtJqSBkTpsS3hFFxOexI, https://lh5.googleusercontent.com/p/AF1QipOlHdZMA4_na_FUNgHgHw0xUp5iolzWFJ2GyoMc, "
Quán Lẩu Vịt Ngọc Thực Vân Đình,"243 Đ. Nguyễn Gia Thiều, P.Tiền An, Bắc Ninh, Việt Nam","4,1",96,21.1814739,105.9946556,Bắc Ninh,Quán ăn nhỏ,100-200 N ₫,"Ăn tại chỗ, Đồ ăn mang đi, Giao hàng, ","https://lh5.googleusercontent.com/p/AF1QipNfYuAZVKl2ZLvmNjL_7KJyjGA0UWWTmdx1inMG, https://lh5.googleusercontent.com/p/AF1QipMpLSdIuowVNh40Cjbcc2W92CAwSZYdoCL-Q5oG, https://lh5.googleusercontent.com/p/AF1QipMYEGnQvt9UKoK7zoyiB9qTsFzd4rF2y_YHE5g, https://lh5.googleusercontent.com/p/AF1QipNTjJY7CyH69MZRGsD_WgNw9Pv6KIJuCwvolMZK, "
KANG BBQ buffet Nướng Lẩu,"28 đường Nguyễn Đăng Đạo, khu 10, Bắc Ninh, 16100, Việt Nam","4,1",82,21.1757506,105.9997612,Bắc Ninh,Nhà hàng,200-300 N ₫,"Ăn tại chỗ, ","https://lh5.googleusercontent.com/p/AF1QipPMPf7gt570YBYjkljwPD_syjijceDp8OJ8i6YF, https://lh5.googleusercontent.com/p/AF1QipNQlNHQPZxB4lpw50va_BLjPJRkPXmriVYJjaJl, https://lh5.googleusercontent.com/p/AF1QipMWkgfHyTlYH3RAzIjDFj3BiXN4OSufztARNPo, https://lh5.googleusercontent.com/p/AF1QipMA16RpSOOyxtAiyqZZltl8trdfaj-y6Pd5E7L5, "
Butoomac Bắc Ninh,"290 Ngọc Hân Công Chúa, Võ Cường, Bắc Ninh, 16118, Việt Nam","4,6",147,21.1709942,105.9844181,Bắc Ninh,Nhà hàng,Không có giá,"Ăn tại chỗ, Đồ ăn mang đi, Giao hàng gián tiếp, ","https://lh5.googleusercontent.com/p/AF1QipN2a1g5OElm_2bS5GbxtO979o7F__u8UswCSfs4, https://lh5.googleusercontent.com/p/AF1QipO3qOJ0gd0H1qB7tVSIyX-NT3Ho7Es7-Aac4tP1, https://lh5.googleusercontent.com/p/AF1QipPn7rkHO9Hljd8Qokf6hThtEsq7zW9YR7h-5e0W, https://lh5.googleusercontent.com/p/AF1QipM8CEdpYF1VRNALRoVrcF6KJvjg1ueEh-ZVHoTi, "
Lẩu Nướng Phương Anh,"61 Đ. Đại Phúc - 05, Đại Phúc, Bắc Ninh, 22000, Việt Nam","4,3",40,21.1767673,105.9989288,Bắc Ninh,Quán ăn nhỏ,100-200 N ₫,"Ăn tại chỗ, Đồ ăn mang đi, Giao hàng gián tiếp, ","https://lh5.googleusercontent.com/p/AF1QipNcg3YuGc_4CuC8AbNBRX7yAmxE4TP8hnL-okSK, https://lh5.googleusercontent.com/p/AF1QipORhMz8YKgbBD6o2SRcVBFDMqJHcC4NUgiJxsWR, https://lh5.googleusercontent.com/p/AF1QipPbZRVUEfQF8RiKsCwfx4iAA3cMsYx_LRicdIPg, https://lh5.googleusercontent.com/p/AF1QipMlQI38aIlydTaOuX4v8jAAC7uF89tTTVbRLjVL, "
Noan Hải Sản Ngon,"90 Ngọc Hân Công Chúa, P.Ninh Xá, Bắc Ninh, Việt Nam","3,8",160,21.1761245,105.9927032,Bắc Ninh,Nhà hàng hải sản,Trên 1 Tr ₫,"Ăn tại chỗ, Nhận hàng ở lề đường, Giao hàng gián tiếp, ","https://lh5.googleusercontent.com/p/AF1QipPmHkMf2yWPZZjeyjlRlFUHkabm_-tQ8hKjEK2Q, https://lh5.googleusercontent.com/p/AF1QipPOs6HecyhXH9JeAeSDCdysNscvl_8fmYv5SXI, https://lh5.googleusercontent.com/p/AF1QipM00cHyvHP6VGHHzvo6uetbSppO7QZGQ_AQs_Ho, https://lh5.googleusercontent.com/p/AF1QipMFN6llXKRbM23C0gpzB2qWGzRxQKcnf0pb6pQ, "
Mỳ Gà Tần,"655 Đ. Ng. Gia Tự, P.Ninh Xá, Bắc Ninh, Việt Nam","3,9",14,21.1791463,105.9881384,Bắc Ninh,Nhà hàng,1-100.000 ₫,"Ăn tại chỗ, Đồ ăn mang đi, Giao hàng, ","https://lh5.googleusercontent.com/p/AF1QipOnr3TRfu1xXZyFyWX3kiLxMUsJE49q1BLQv_a7, https://lh5.googleusercontent.com/p/AF1QipOnr3TRfu1xXZyFyWX3kiLxMUsJE49q1BLQv_a7, "
Trâu Ngon Quán - Yên Phong,"Số 12- LK6 KĐT An Bình, Vọng Đông, Yên Phong, Bắc Ninh 16251, Việt Nam","4,5",157,21.1791463,105.9263403,Bắc Ninh,Nhà hàng Việt Nam,200-300 N ₫,"Ăn tại chỗ, Đồ ăn mang đi, Giao hàng gián tiếp, ","https://lh5.googleusercontent.com/p/AF1QipPFpLSi65KHOOrfTGApdzXd61awfKpA5gIuVK_R, https://lh5.googleusercontent.com/p/AF1QipOM8rohk3sSgUkhJYerPwHxlrWLNxs-xwYtMKLV, https://lh5.googleusercontent.com/p/AF1QipO2FuKpuXubugCQBpaMRT9M_4QUa7Zz9IS1G49h, https://lh5.googleusercontent.com/p/AF1QipOHnNHpVxaxi3LmIah-wwF3yoZtMQWltD5YoD60, "
Quán Ba Cô,"54 P. Nguyễn Hữu Nghiêm, P.Tiền An, Bắc Ninh, Việt Nam","4,6",27,21.1823468,105.9946844,Bắc Ninh,Nhà hàng,Không có giá,"Ăn tại chỗ, Đồ ăn mang đi, Giao hàng, ","https://lh5.googleusercontent.com/p/AF1QipPCMv6A1lT7nsB3XB6P0DAiSHoCi9II4pkcCK6R, https://lh5.googleusercontent.com/p/AF1QipOXQns696ttuzfsq_ERgZZdh0ZpOwDSEaSB1VMW, https://lh5.googleusercontent.com/p/AF1QipNhSWbj83itFYW-PcfKoIsjecx10asrfeq0-muM, https://lh5.googleusercontent.com/p/AF1QipNPqfunUkS3GgamIOr5Wz5fhZm1B0IsuR2ixClI, "
Quán Ngon,"47 Nguyễn Giản Thanh, Suối Hoa, Bắc Ninh, Việt Nam","4,0",3,21.1834922,106.0002119,Bắc Ninh,Quán ăn nhỏ,Không có giá,"Ăn tại chỗ, Đồ ăn mang đi, Giao hàng, ","https://lh5.googleusercontent.com/p/AF1QipMK0kpXN_xE02t9A6Rc7_Q9ctJS35sY8eqXEgnW, https://lh5.googleusercontent.com/p/AF1QipME3_V2QPbIC1QFBTHekhdIOD1VKrZtaz_-9xPQ, https://lh5.googleusercontent.com/p/AF1QipMuT3bCWJBLBASFJ5wqcBhosvXJJDqO3t0_6DmY, https://lh5.googleusercontent.com/p/AF1QipPkb7-EdKc74UXDzV78v7CEdX5B1TlXzxGWJ_fR, "
Don Chicken Bắc Ninh,"Đ. Lý Thái Tổ, P.Ninh Xá, Bắc Ninh, 16000, Việt Nam","4,2",87,21.1766949,105.9960525,Bắc Ninh,Nhà hàng Hàn Quốc,200-300 N ₫,"Ăn tại chỗ, Đồ ăn mang đi, Giao hàng gián tiếp, ","https://lh5.googleusercontent.com/p/AF1QipOttOCvMebmRZRgZHWL0zNR2UuYWjklZkDBOBcH, https://lh5.googleusercontent.com/p/AF1QipOxUlfs0-s-B9nIvmPg1ebazrCZHcTHA2AdicA-, https://lh5.googleusercontent.com/p/AF1QipNdMQ34c3i0c2pNLAVrZPrql_TqrwI3AAZNRL68, https://lh5.googleusercontent.com/p/AF1QipPFMewk0TFa5IgQRYD5rpnJmpDS7Ypa7suREqWi, "
Quán 26,"7 Chợ Tre, Tân Hồng, Từ Sơn, Bắc Ninh, Việt Nam","4,1",57,21.1164406,105.8858445,Bắc Ninh,Nhà hàng,1-100.000 ₫,"Ăn tại chỗ, Đồ ăn mang đi, Giao hàng gián tiếp, ","https://lh5.googleusercontent.com/p/AF1QipMXaCSTvePH8FXvyJWavORdUT7ekX8XHQ4yms_1, https://lh5.googleusercontent.com/p/AF1QipNIVFMaqgQCbqktfmbOlCootcrq6yk-LaKFD1UW, https://lh5.googleusercontent.com/p/AF1QipOUwpL4peVpoYo-yUKEYSB3lH_coonsXlHSDFyQ, https://lh5.googleusercontent.com/p/AF1QipPUw_3ymMbYllFcos8uMRxi_zpefSWhATqHi8iR, "
Nhà sàn Tây Bắc,"135 Hồ Ngọc Lân, Kinh Bắc, Bắc Ninh, Việt Nam","3,9",496,21.1891172,105.998006,Bắc Ninh,Nhà hàng,100-200 N ₫,"Ăn tại chỗ, Đồ ăn mang đi, Giao hàng gián tiếp, ","https://lh5.googleusercontent.com/p/AF1QipPXR3FCt0htCSylkXVrwwn20Izo8OqDDvMXyNZJ, https://lh5.googleusercontent.com/p/AF1QipPW-43OzTKW3A3gYs924lmnAEMPoBaeyZ4TDPpX, https://lh5.googleusercontent.com/p/AF1QipOmpxVzYqk5Jvo4udHD58SMS-AmxbfBOVSHCWFM, https://lh5.googleusercontent.com/p/AF1QipN5UhtTa_pXbpEgHiGGDaioG-V9FtXm390ypYBE, "
Jollibee Vincom Bắc Ninh,"Vincom Ngã 6, Đ. Lý Thái Tổ, Đại Phúc, Bắc Ninh, Việt Nam","4,9",170,21.1783954,106.000164,Bắc Ninh,Nhà hàng thịt gà,1-100.000 ₫,"Ăn tại chỗ, Đồ ăn mang đi, Giao hàng gián tiếp, ","https://lh5.googleusercontent.com/p/AF1QipNc4YKy_yop_uPjDtPedjUZ28XVm5FfnHkpgLA, https://lh5.googleusercontent.com/p/AF1QipPpLg8pcNFq1sKv2W0tBz87NZNlPLaogncrJhU, https://lh5.googleusercontent.com/p/AF1QipNc4YKy_yop_uPjDtPedjUZ28XVm5FfnHkpgLA, https://lh5.googleusercontent.com/p/AF1QipPJfBGF7IvxrVoTFNUhnbbftU4gRbl2v_2PyNQ, "
"Nhà hàng KHÁNH HÙNG QUÁN NGON - chợ Nam Sơn, TP Bắc Ninh","Chợ, Tp. Bắc Ninh, Bắc Ninh, Việt Nam","5,0",2,21.1490479,106.0412147,Bắc Ninh,Nhà hàng bán đồ ăn mang về,Không có giá,"Ăn tại chỗ, Mua hàng ngay trên xe, Giao hàng gián tiếp, ","https://lh5.googleusercontent.com/p/AF1QipOs0UG7RrY6r94lgqSCBgl11FLKzAnzp0zLp3kf, https://lh5.googleusercontent.com/p/AF1QipO1vIq9wIoL-XMGOsbYx5_6lCjwwKuLzvgrKE-1, https://lh5.googleusercontent.com/p/AF1QipMKWM8KZK4O2IoYwenIZYso-oogA-grXa7QRwVI, "
Dookki Bắc Ninh,"53HC+8W7, Đại Phúc, Bắc Ninh, Việt Nam","3,2",168,21.1490479,105.9794166,Bắc Ninh,Nhà hàng tiệc đứng,100-200 N ₫,"Ăn tại chỗ, ","https://lh5.googleusercontent.com/p/AF1QipO2MWei6b3ezrpPpxB7eRre-MTBybcPPfOUFHrP, https://lh5.googleusercontent.com/p/AF1QipPZM2VlMX8A4IUEigQCxMjh-lEXwkc2uvK7-yT9, https://lh5.googleusercontent.com/p/AF1QipNF5J6W9hTEphXBDGFUF-QS3Pjxr61V4TUTM-Dl, https://lh5.googleusercontent.com/p/AF1QipMwZU-6gGzy2weIh-eAXNFYSg_wcZW0uol_96Rb, "
Quán Cơm Hải Suốt,"544J+R72, Giang Liễu, Quế Võ, Bắc Ninh, Việt Nam","3,5",59,21.157023,106.0585565,Bắc Ninh,Nhà hàng,₫,"Ăn tại chỗ, Đồ ăn mang đi, ","https://lh5.googleusercontent.com/p/AF1QipPAywamAWT8zSzvrA9q_5wjin-9YWQ3gkSQ6tq-, https://lh5.googleusercontent.com/p/AF1QipPRxWej111AfUH6psaU0J5OAZuUm2rICG_wXV5b, https://lh5.googleusercontent.com/p/AF1QipOFwNcWjiIu6FRcTUnShij_hxZ3LDwT2Uzft98V, "
The Pizza Company Vincom Bắc Ninh,"TTTM Vincom Plaza, Trần Hưng Đạo, P, Bắc Ninh, Việt Nam","4,3",333,21.157023,105.9967584,Bắc Ninh,Nhà hàng pizza,200-300 N ₫,"Ăn tại chỗ, Đồ ăn mang đi, Giao hàng gián tiếp, ","https://lh5.googleusercontent.com/p/AF1QipN3rSx0afjy6cPXc7dL74dVIrSxXGSoCAG4dMcg, https://lh5.googleusercontent.com/p/AF1QipPKCaAxxERtg-ZQSyc80WWk1CKi810QteCHKgXA, https://lh5.googleusercontent.com/p/AF1QipNaTNHb3JLIkVSU8qTyeeKg-uPxbHYKMsBV8js8, https://lh5.googleusercontent.com/p/AF1QipN8CcqH5u4-KKm2d3Pp9eLGxK1y9DZeAYqq50t5, "
Cơm Gà Hội An Bắc Ninh,"Số 71 P. Nguyễn Đăng, Đại Phúc, Bắc Ninh, 790000, Việt Nam","4,4",42,21.1824829,105.9983642,Bắc Ninh,Nhà hàng,1-100.000 ₫,"Ăn tại chỗ, Đồ ăn mang đi, Giao hàng, ","https://lh5.googleusercontent.com/p/AF1QipMKytp0zxL0qDgwgp2rhN2Gy1i5XSD20zakVmGL, https://lh5.googleusercontent.com/p/AF1QipNkw9F9fAo1nIuN2_QoK5aaPmHr2AmMYj7H4GbG, https://lh5.googleusercontent.com/p/AF1QipNGGMIbS-35Rp5aKK8sb4qbLIK29BU8zM8cr7E3, https://lh5.googleusercontent.com/p/AF1QipPkgtnO2ctaygfiZLdlpMa9yqttOxJ9BwcUCJzZ, "
Quán Cơm 84,"84 Nguyễn Đăng Đạo, Đại Phúc, Bắc Ninh, Việt Nam","3,6",94,21.1733334,106.0006065,Bắc Ninh,Nhà hàng,1-100.000 ₫,"Ăn tại chỗ, Đồ ăn mang đi, Giao hàng, ","https://lh5.googleusercontent.com/p/AF1QipPCAwQn9diUPVU9JnQDZD8QrM_Ln6w2lPe8u9Zt, https://lh5.googleusercontent.com/p/AF1QipPT-ZbHvrEeGzhz9Ju6JMcwsmyfYqRS6RE5oX6V, https://lh5.googleusercontent.com/p/AF1QipM4kS5lYu1-EDYPDMx8de7tHLkAuGNpYFtQY3Y9, https://lh5.googleusercontent.com/p/AF1QipMSMbQn-spg4dg6C1nPsBPF7o4GKx-BYMdrIwKU, "
Khách Sạn & Nhà Hàng Kinh Bắc,"28 Đ. Kinh Dương Vương, Vũ Ninh, Bắc Ninh, Việt Nam","3,9",57,21.1834471,106.0103367,Bắc Ninh,Nhà hàng,₫₫,"Ăn tại chỗ, Đồ ăn mang đi, ","https://lh5.googleusercontent.com/p/AF1QipNH1evvfvEZWOmSHkFF_zvmB5ttLihuGfmm5Qh8, https://lh5.googleusercontent.com/p/AF1QipNJW84XPsIXpMNUclSyCkWb8eGTpD5cbMYlfB3A, https://lh5.googleusercontent.com/p/AF1QipN1ZgTIAtk_lx2CPc5g8BOgMREuO2Jo08UzQ5aD, "
Lòng Hà Nội,"34 Trần Quốc Toản, P.Ninh Xá, Bắc Ninh, 16000, Việt Nam","3,5",17,21.1774297,105.9926815,Bắc Ninh,Nhà hàng,100-200 N ₫,"Ăn tại chỗ, Mua hàng ngay trên xe, Giao hàng gián tiếp, ","https://lh5.googleusercontent.com/p/AF1QipOocs2c_HDoycN8ZCPgQzXrzsHvxH1Oo2PT-KOY, https://lh5.googleusercontent.com/p/AF1QipNlTu9mbLvML6QoLUfFbck3kW-iW2zI-yID8zh6, https://lh5.googleusercontent.com/p/AF1QipNxvfvtN5H0T63ON3cxjjeqtnx_G-CH9p1bg6N_, https://lh5.googleusercontent.com/p/AF1QipOSOg6fIKk6X_f0vu7FtZFCrGMWhZ7gLgELkckj, "
Hotpot Story,"127 Huyền Quang, P.Ninh Xá, Bắc Ninh, 790000, Việt Nam","4,2",162,21.1751496,105.9928864,Bắc Ninh,Nhà hàng món lẩu,300-400 N ₫,"Ăn tại chỗ, ","https://lh5.googleusercontent.com/p/AF1QipNp1T7sFd9CeJRbutXHfuQPfpMYIFWpnA6RXi76, https://lh5.googleusercontent.com/p/AF1QipO41TbuleYHRzlVajEXRw17kNloTdci7Uv1zaNN, https://lh5.googleusercontent.com/p/AF1QipOzjciMpRZNXkdxo9hLhu1dH_4lJx8ZIzoJv_o5, https://lh5.googleusercontent.com/p/AF1QipOtJjd0IvjT85UOtwlOUD_mN3uDsy9INqn_B9pV, "
经典湘菜 - Nhà hàng Phượng Hoàng,"111B Đ. Bình Than, Đại Phúc, Bắc Ninh, Việt Nam","4,1",89,21.1721136,106.0027105,Bắc Ninh,Nhà hàng,Không có giá,"Ăn tại chỗ, Đồ ăn mang đi, Giao hàng, ","https://lh5.googleusercontent.com/p/AF1QipPvGhOxrkTGpdV15HG0uidzCdnhTI5pGkuqK_lc, https://lh5.googleusercontent.com/p/AF1QipO0QiQUuYxtxNStKqDyArbMHjJusl48BMHwwXJW, https://lh5.googleusercontent.com/p/AF1QipMKT9VOELBT_PT0VCdaT2JIgnlrX3GbqSzIR4FG, https://lh5.googleusercontent.com/p/AF1QipMdmoQ1-URRWN6FPXJbf8toCIJsPiYYP5eTaV78, "
"Nhà Hàng Lẩu Ngon, Đường 24, Quế võ","542V+WQC, Đường 24, Mao Trung, Quế Võ, Bắc Ninh 16800, Việt Nam","4,7",29,21.1523013,106.0722886,Bắc Ninh,Nhà hàng Việt Nam,200-300 N ₫,"Ăn tại chỗ, Đồ ăn mang đi, Giao hàng gián tiếp, ","https://lh5.googleusercontent.com/p/AF1QipN-mPLkFeM872aYQJRpp61r-JpSbH_LhvZf5PDX, https://lh5.googleusercontent.com/p/AF1QipNWim9zGTG0-GdOGCiQXIK34uTwFZNzMetnE12G, https://lh5.googleusercontent.com/p/AF1QipPjzBAOV_uIWskmdQRwAXJDHu-zkyaN0sWSYNHR, https://lh5.googleusercontent.com/p/AF1QipOoOF5V8ReWrJk5G2CDyQjjLIA2yHyr9iFvaEFS, "
Lẩu 99k Takuru Bắc Ninh,"53J8+8P7, Lửa Hồng, P.Tiền An, Bắc Ninh, Việt Nam","4,3",14,21.1523013,106.0104905,Bắc Ninh,Nhà hàng,Không có giá,"Ăn tại chỗ, Đồ ăn mang đi, Giao hàng, ","https://lh5.googleusercontent.com/p/AF1QipNQpe6nGgtgmGhUwa0hwN2pAWiaSiYbHfJcGdXE, https://lh5.googleusercontent.com/p/AF1QipNcRuieF7uu4laf12D4N_3Lv-0lCt81uRDWHU3O, "
Nhà hàng Bò Tơ A Bản - 29 Lê Thái Tổ,"Số 29 Đ. Lê Thái Tổ, Võ Cường, Bắc Ninh, Việt Nam","4,2",49,21.1689969,105.9853243,Bắc Ninh,Nhà hàng,200-300 N ₫,"Ăn tại chỗ, Nhận hàng ở lề đường, ","https://lh5.googleusercontent.com/p/AF1QipMYbrk6-LJVGTvBfVSpWHvCH7yE-53d3yDUCLHW, https://lh5.googleusercontent.com/p/AF1QipMteSHdAtevJ0LSqraUKA-crQ9C9nq4vC0pcgFI, https://lh5.googleusercontent.com/p/AF1QipNcxknrtybKJ3T_3J_qkOhYCYlvJwxLp7GxqQkI, https://lh5.googleusercontent.com/p/AF1QipML-0vrfUwBifXEEEtapI5MD_yKh31ai4zDo4qT, "
Nhà Hàng Hương Mãn Lầu,"53F4+7J3, Võ Cường, Bắc Ninh, Việt Nam","3,7",3,21.1731375,105.9844491,Bắc Ninh,Nhà hàng Trung Quốc,Không có giá,"Ăn tại chỗ, Đồ ăn mang đi, ",
Cơm Tấm Vũ Gia,"109 Huyền Quang, P.Ninh Xá, Bắc Ninh, 790000, Việt Nam","4,0",47,21.1761588,105.9920691,Bắc Ninh,Nhà hàng,1-100.000 ₫,"Ăn tại chỗ, Mua hàng ngay trên xe, Giao hàng gián tiếp, ","https://lh5.googleusercontent.com/p/AF1QipNImDfPFMeFWfDf7hMqRiXXYFYSoUma6Y9_McWM, https://lh5.googleusercontent.com/p/AF1QipNUSFtsPA8tCfRqIKGXsOsk7jjS0At-jGvmVeaV, https://lh5.googleusercontent.com/p/AF1QipNk6BmOESJS0plaFFZxzXl6JrejlyjwuAFUPLkn, https://lh5.googleusercontent.com/p/AF1QipOWyihhqSt4iZ9hQLobkQL6QHPZ1Cs9Z2Yo8zML, "
Bầu pizza Bắc Ninh,"110 Đ. Nguyễn Gia Thiều, Suối Hoa, Bắc Ninh, Việt Nam","4,0",61,21.1851273,105.999122,Bắc Ninh,Nhà hàng,100-200 N ₫,"Ăn tại chỗ, Đồ ăn mang đi, Giao hàng gián tiếp, ","https://lh5.googleusercontent.com/p/AF1QipNimYF3qIBBGBGv_ElbIjRrkHFg4Vdi4w0sG7Qb, https://lh5.googleusercontent.com/p/AF1QipN0M-DOEFHIMj0ZpHQuHMiX3l61bmm2Gmhzi6XR, "
Quán Ngon,"Thái Bảo, Nam Sơn, Tp. Bắc Ninh, Bắc Ninh, Việt Nam","5,0",1,21.1505895,106.0361015,Bắc Ninh,Nhà hàng,Không có giá,"Ăn tại chỗ, Đồ ăn mang đi, ",
Uni - đồ ăn vặt ngon,"53 Phố Ngô Miễn Thiệu, đối diện Cấp 2, Bắc Ninh, 790000, Việt Nam","4,2",13,21.1505895,105.9743034,Bắc Ninh,Nhà hàng,Không có giá,"Ăn tại chỗ, Đồ ăn mang đi, Giao hàng, ","https://lh5.googleusercontent.com/p/AF1QipNdTBBJGA_3L4Gm_aygWq7_E5IgNJCCTBL541z-, https://lh5.googleusercontent.com/p/AF1QipN5SglXI1moXzMyLP6nMM82vYEyBpcCJNAfEFum, https://lh5.googleusercontent.com/p/AF1QipOoAFt2CJdjSMloX9bQ1Ln7Im5juIMx9CWHgp6X, https://lh5.googleusercontent.com/p/AF1QipN8NCGM0gBGyVh0kzYeRNrH_adHJzBql5HFDaBj, "
cơm bình dân Nguyệt Ánh,"55 Nguyễn Đăng Đạo, Suối Hoa, Bắc Ninh, Việt Nam","4,5",23,21.1838215,105.9994213,Bắc Ninh,Nhà hàng,Không có giá,"Ăn tại chỗ, Đồ ăn mang đi, Giao hàng, ","https://lh5.googleusercontent.com/p/AF1QipNfPMfpx5dhTFAX7KgOXUNaHxn-eGPJTJ1pdvmx, https://lh5.googleusercontent.com/p/AF1QipPzvNzS1cuPD397ST2yU_-iQBGoUE1ygN2tgznh, https://lh5.googleusercontent.com/p/AF1QipODHHHLuFD6q93r7U54NhjurzqpRtCjOzfa8Hve, "
Nhà Hàng Tuấn Trâu,"Số 8 đường Hoàng Ngân, P.Tiền An, Bắc Ninh, Việt Nam","4,1",12,21.1792166,105.9945421,Bắc Ninh,Nhà hàng,Không có giá,"Ăn tại chỗ, Đồ ăn mang đi, Giao hàng, ","https://lh5.googleusercontent.com/p/AF1QipO9QsZHwtiaYZDnBPdHRProPyDao9TW4GNIqlUV, https://lh5.googleusercontent.com/p/AF1QipPnGNZkuvm24nvGwTM7saFyKDmstXqNGwSGGUbJ, https://lh5.googleusercontent.com/p/AF1QipOa0FOZDWQLrEdCt1HXCJQROg_j4GvAvX5YNbt_, "
Quán Lẩu Thái - Đức Cường,"285 Đ. Ngô Gia Tự, Kinh Bắc, Bắc Ninh, Việt Nam","3,9",42,21.1867426,105.9983843,Bắc Ninh,Nhà hàng,₫,"Ăn tại chỗ, Đồ ăn mang đi, Giao hàng, ","https://lh5.googleusercontent.com/p/AF1QipPYnSr0ouFVpGGU-659bd5Ab5id06xHoqexjZvb, https://lh5.googleusercontent.com/p/AF1QipMVYrJxPbgWdJXCxWHjPhnl2jwr1loNrQnoroEp, "
Nhà Hàng ăn ngon quốc lộ 18,"12 QL18, Việt Hùng, Quế Võ, Bắc Ninh, Việt Nam","3,9",18,21.1447129,106.0990843,Bắc Ninh,Nhà hàng,Không có giá,"Ăn tại chỗ, Đồ ăn mang đi, ",
"Quán Hải Sản Ngọc - 90 Ngọc Hân Công Chúa,TP. Bắc Ninh","48 Ngọc Hân Công Chúa, P.Ninh Xá, Bắc Ninh, Việt Nam","4,0",56,21.1761836,105.9931685,Bắc Ninh,Nhà hàng,Không có giá,"Ăn tại chỗ, Đồ ăn mang đi, Giao hàng, ","https://lh5.googleusercontent.com/p/AF1QipNJ5KISZIVa2jcnMz3J9veS4PCUtkMSfxRGmUHa, https://lh5.googleusercontent.com/p/AF1QipNl1TaQUWbD60mvH-JQqaUFCbP5FHJRqJ3t-ho3, https://lh5.googleusercontent.com/p/AF1QipMtKybnCG1v3nEbIjpRyFWok6bVx6sXAoPuaHio, https://lh5.googleusercontent.com/p/AF1QipMeW9j2NDfUR_kJruWzOqQuI11BjMntoryePAhh, "
Phở gan cháy Đáp cầu,"91 Đấu Mã, P. Thị Cầu, Bắc Ninh, Việt Nam","4,4",43,21.1898236,106.0142479,Bắc Ninh,Nhà hàng,Không có giá,"Ăn tại chỗ, Đồ ăn mang đi, Giao hàng, ","https://lh5.googleusercontent.com/p/AF1QipNGj41cMqVssPnQyajFQIKz01QLtAgpWou-3LzS, https://lh5.googleusercontent.com/p/AF1QipN3l8FSGVH7tZBYgjfq8eCCK0fWIQK_g6IDupQO, https://lh5.googleusercontent.com/p/AF1QipOAYytmg7yxQlClSyJydCDXuI1vchfm1-867Eq9, https://lh5.googleusercontent.com/p/AF1QipNzigm24HhcIwkhzJwfjDwZvi8Crzq0ifcgRTbD, "
Ăn Vặt Quán,"Đường hàng cây, thôn do nha, xã phương liễu, huyện quế võ, Bắc Ninh, Việt Nam","4,0",66,21.1701284,106.0360179,Bắc Ninh,Khu ăn uống,Không có giá,"Ăn tại chỗ, Đồ ăn mang đi, Giao hàng, ","https://lh5.googleusercontent.com/p/AF1QipObBSeA60UCUUo9SkBCEbWECpAh20njifMXy0kg, https://lh5.googleusercontent.com/p/AF1QipPSj-uboW0zS3fygUfUCLKJWNR7FVoCtxt88Jvz, https://lh5.googleusercontent.com/p/AF1QipMYNPCRI2PbB-5Zn5FKqx5zoY4GaO_Pdu8QU0hn, https://lh5.googleusercontent.com/p/AF1QipPdGj_W3ep5Ihv5N7yidHL8h7x2SJ6mg0hJbPdf, "
Cơm rang đại lộc,"63 Hai Bà Trưng, Đại Phúc, Bắc Ninh, Việt Nam","4,0",84,21.1701284,105.9742198,Bắc Ninh,Nhà hàng,1-100.000 ₫,"Ăn tại chỗ, Đồ ăn mang đi, Giao hàng, ","https://lh5.googleusercontent.com/p/AF1QipNEHqJCY6mfZ9Jy6iVG7H78T-gaLtb5UMwIIj6W, https://lh5.googleusercontent.com/p/AF1QipOsIdBeDeqVgWN0yRyPkDpQq-XZ8AVPRaP5MY3V, https://lh5.googleusercontent.com/p/AF1QipPT3hxEHv49cQI5MYYwoKQ70UQUDhQlU244saQB, https://lh5.googleusercontent.com/p/AF1QipPzuxB7g0NWiFpiAoo9vo5rzSCMXJI05zPafrCu, "
Kỳ Lân Quán,"53CF+Q9H, Nguyễn Đăng Đạo, Đại Phúc, Bắc Ninh, Việt Nam","4,5",25,21.1719287,106.0013869,Bắc Ninh,Nhà hàng,Không có giá,"Ăn tại chỗ, Đồ ăn mang đi, Giao hàng, ","https://lh5.googleusercontent.com/p/AF1QipP2A93c53lV29z3UukOPvlHC97r15tYgqEPE1Ae, https://lh5.googleusercontent.com/p/AF1QipOpQUZx2vTdlWEMlZlpNLZ0mR9jlh9HbkCvOHGW, https://lh5.googleusercontent.com/p/AF1QipOb9zhbhOQ56xsg767a0s91stfxP5T3JSl_AhQk, "
Bún cá cay Hải Phòng - Thinh Mai,"71 đường P. Nguyễn Đăng, Đại Phúc, Bắc Ninh, 790000, Việt Nam","4,1",183,21.1823974,105.998443,Bắc Ninh,Nhà hàng,1-100.000 ₫,"Ăn tại chỗ, Đồ ăn mang đi, Giao hàng, ","https://lh5.googleusercontent.com/p/AF1QipPB4Ptr3I7nBnrQ2b204MjYkyMMVZwCp0GP_NBG, https://lh5.googleusercontent.com/p/AF1QipPfbCHKDF1hG1fUzzeM9u0d6JobU3up_WqBYB-I, https://lh5.googleusercontent.com/p/AF1QipNyesvf093czLHIFoOdzS8wb0C23_IMyvMcz3jQ, https://lh5.googleusercontent.com/p/AF1QipPLK704JSReeEUMCN3bF6NqJTOMPYlLksr6Qo0k, "
Bún Bò Huế PHƯƠNG ANH,"53G6+2PX, P. Tô Hiệu, P.Ninh Xá, Bắc Ninh, Việt Nam","4,1",236,21.1751226,105.9897768,Bắc Ninh,Nhà hàng,1-100.000 ₫,"Ăn tại chỗ, Đồ ăn mang đi, Giao hàng, ","https://lh5.googleusercontent.com/p/AF1QipPjmY0VngwGjvXTANcwi03g0cND8bLKzZ16Tspn, https://lh5.googleusercontent.com/p/AF1QipNu6qtdx2wSOTiq2ExW8285kIfOOxEKhEs-GFVO, https://lh5.googleusercontent.com/p/AF1QipNB7ZnGxQQKsZyiE71cjHrgD61Zkt5S0iZ3HQg3, "
Nhà Hàng Quang Thơm,"10 Tô Vĩnh Diện, Đại Phúc, Bắc Ninh, Việt Nam","2,5",4,21.1778591,105.9965711,Bắc Ninh,Nhà hàng,Không có giá,"Ăn tại chỗ, Đồ ăn mang đi, Giao hàng, ",
ROLL STORY- Bò Nướng Đá Vincom Bắc Ninh,"Ngã 6 mặt, Đ. Lý Thái Tổ, Bắc Ninh, Việt Nam","4,1",53,21.1783368,106.0001131,Bắc Ninh,Nhà hàng,Không có giá,"Ăn tại chỗ, Đồ ăn mang đi, Giao hàng, ","https://lh5.googleusercontent.com/p/AF1QipPY3B87mdFVh9j0_T2RbBc6UpkgwINIiWn8F_un, https://lh5.googleusercontent.com/p/AF1QipPfEebaG2dDYZ480Rjr59ZfVLpxTS15rB06tzW4, https://lh5.googleusercontent.com/p/AF1QipN5EEh7Qv6xFOcUqOz9VyaUzyOAK-SO4tkBhjLa, https://lh5.googleusercontent.com/p/AF1QipPbqq0izNiigIx-TBluyclMBA_BfM6kXEBQN9G4, "
NHÀ HÀNG LONG GÀ ĐẠI PHÚC,"Xóm 10, Bắc Ninh, Việt Nam","4,0",257,21.176113,105.9982324,Bắc Ninh,Nhà hàng,100-200 N ₫,"Ăn tại chỗ, Đồ ăn mang đi, Giao hàng gián tiếp, ","https://lh5.googleusercontent.com/p/AF1QipMbir1v2fE6Nyb1S24HgzUxOvhd2-CIDlQJBYmQ, https://lh5.googleusercontent.com/p/AF1QipNj8Vi0mpWtXU4mfaeTaOGkZMSQs184245uVQ--, https://lh5.googleusercontent.com/p/AF1QipM3GcgKgv4oD9Dbo-EKzjcGmXWnJAE6CSEEJArn, https://lh5.googleusercontent.com/p/AF1QipOknLhv8bNjGwLOFIyO2s295qmwJuJXeu3xJfCK, "
Địa điểm ăn ngon bắc Ninh. Nhà hàng Lộc vừng. Chim trời bắc ninh,"Ngõ 72 khu, Nguyễn Công Hằng, Kinh Bắc, Yna, Bắc Ninh, Việt Nam",Chưa xét,0,21.1903375,105.9908779,Bắc Ninh,Nhà hàng,Không có giá,"Ăn tại chỗ, Đồ ăn mang đi, Giao hàng gián tiếp, ","https://lh5.googleusercontent.com/p/AF1QipMFOPXN7PMxAKpLYJVnk38LaMrpe0q6swQYYCCM, https://lh5.googleusercontent.com/p/AF1QipN8tACUmaoaKdfw7o6qezKzeiNfUf26tQUGfRij, https://lh5.googleusercontent.com/p/AF1QipN0GTkl02L7TkxIViqMF0oaRXC1LTDD5owLHQa3, https://lh5.googleusercontent.com/p/AF1QipMqBpsbHTKa212KylHKTOFMCcZNESGNOuQFQ0_I, "
Tiệm Mỳ Indomiee,"P. Yết Kiêu/8 C25, Phường, Bắc Ninh, 160000, Việt Nam","4,3",23,21.1807374,106.0038386,Bắc Ninh,Nhà hàng ăn nhanh,1-100.000 ₫,"Ăn tại chỗ, Nhận hàng ở lề đường, Giao hàng gián tiếp, ","https://lh5.googleusercontent.com/p/AF1QipP4gRzLmdk_2EOoOsJySAvAAFGJNEQnYP9eM_j7, https://lh5.googleusercontent.com/p/AF1QipOY5KhjEgTI5g4qg8A8xzaYtMFRGh4AzMqkuCvx, "
SeoulBN,"136 Đ. Nguyễn Gia Thiều, Suối Hoa, Bắc Ninh, Việt Nam","4,6",31,21.1846092,105.998384,Bắc Ninh,Nhà hàng Hàn Quốc,1-100.000 ₫,"Ăn tại chỗ, Mua hàng ngay trên xe, Giao hàng gián tiếp, ","https://lh5.googleusercontent.com/p/AF1QipOLpVDumJgXlkjPVAcK6q45chNwJiSgEm4Rwncz, https://lh5.googleusercontent.com/p/AF1QipPjpOhCUnd_jYsvvTeKugzp-R4QIKTyYe-9sogM, https://lh5.googleusercontent.com/p/AF1QipNkM8sZtn_H32WDQvjpKBC7R-DZq5upUSCdtq87, "
Bún Đậu Xưa Bắc Ninh,"254 Đ. Nguyễn Gia Thiều, P.Tiền An, Bắc Ninh, 790000, Việt Nam","4,0",60,21.1820377,105.9950423,Bắc Ninh,Nhà hàng Việt Nam,1-100.000 ₫,"Ăn tại chỗ, Đồ ăn mang đi, Giao hàng, ","https://lh5.googleusercontent.com/p/AF1QipPcVqq1d-ObZnukWayecsDDT-rXRxbIaTfoLlFr, https://lh5.googleusercontent.com/p/AF1QipMiMld-MGedQuM2DbJyiJzWP9GtZGbng8Pv-tai, https://lh5.googleusercontent.com/p/AF1QipNteP_jNSo7CPJyVp0QMeDCTrTlkd92GZLB6wXG, https://lh5.googleusercontent.com/p/AF1QipOPp8gx155VaMbt7txE8emuFUBl55OHSg2Ge89z, "
CHIM TRỜI VƯƠNG LOAN,"52 Mai Bang, Kinh Bắc, Bắc Ninh, Việt Nam","3,6",125,21.1871376,105.9977012,Bắc Ninh,Nhà hàng,Không có giá,"Ăn tại chỗ, Đồ ăn mang đi, Giao hàng gián tiếp, ","https://lh5.googleusercontent.com/p/AF1QipMaRquKpZ4OETaQX7Jl4Sdb8nsvtdfoWUB2BEDl, https://lh5.googleusercontent.com/p/AF1QipM8zYUrOjM9291AvpYkFV8qCq30h-dvotbn0xtZ, https://lh5.googleusercontent.com/p/AF1QipPRirluHtmh35gWHDxYKac1VDwyKPuT6oRBnj0A, https://lh5.googleusercontent.com/p/AF1QipPVzNBbWgL9OfkGEaJPbeuUE5n2dYCfw_5dsLj3, "
Kai Sushi Vincom Bắc Ninh,"Đ. Lý Thái Tổ/Ngã 6 Trần Hưng Đạo, Đại Phúc, Bắc Ninh, 16000, Việt Nam","4,3",26,21.1783884,105.9999377,Bắc Ninh,Nhà hàng Nhật Bản,Không có giá,"Ăn tại chỗ, Đồ ăn mang đi, Giao hàng gián tiếp, ","https://lh5.googleusercontent.com/p/AF1QipON7MS3YwKF5ACxDxEMko_sCG1k2ZjZEsNlnUWk, https://lh5.googleusercontent.com/p/AF1QipPFNxv5QuC_Q4wtXfrRt0SY8fSVjFRV0e5bpVqh, https://lh5.googleusercontent.com/p/AF1QipPYmS1uRIrabRYTNe_oVT67sHuUAvIZ7xATOeb5, https://lh5.googleusercontent.com/p/AF1QipPej-cPJfOkm9sEvzfs62O9WnHXISTvSHA6-dlC, "
Quán Cơm Rang Thịnh,"2 Phố Ngô Miễn Thiệu, Kinh Bắc, Bắc Ninh, Việt Nam","4,3",35,21.1841266,105.9950637,Bắc Ninh,Cửa hàng bán đồ ăn nấu sẵn,Không có giá,"Ăn tại chỗ, Đồ ăn mang đi, Giao hàng, ","https://lh5.googleusercontent.com/p/AF1QipMA3Kka1HcSWTNth44RiP7xxP_yqR70rpKe1xvh, https://lh5.googleusercontent.com/p/AF1QipP-k3PPMeGb7JbQqhpiOJD2h-9028cr6eYGYTE5, https://lh5.googleusercontent.com/p/AF1QipObC56A7-_yUFyRRliwDo8aqb0d57aLDiiFsWN7, https://lh5.googleusercontent.com/p/AF1QipMUgsmgivv-xO9VgZYjvb8Gha36qFJ87CI-pczB, "
Khao Lao Vincom Plaza Bắc Ninh,"Đại Phúc, Bắc Ninh, Việt Nam","2,9",38,21.1783315,106.0001613,Bắc Ninh,Nhà hàng,100-200 N ₫,"Ăn tại chỗ, Đồ ăn mang đi, Giao hàng, ","https://lh5.googleusercontent.com/p/AF1QipPvgQ1M-CTOidi6X37ppbk295IP9WAKM2Rmt35k, https://lh5.googleusercontent.com/p/AF1QipPiHuLKD6xfwolyGBeWfksvZ6FPjaR2pNJgkkrz, https://lh5.googleusercontent.com/p/AF1QipNGR1SIV_MrbUujWlgPmJzrhvdHnvVM2JETYb7t, https://lh5.googleusercontent.com/p/AF1QipORr6vyfHjwfktYAM2PiNTVCqVfVFfptDOLsSvR, "
Phở Gan Cháy Đáp Cầu,"67 P. Nguyễn Hữu Nghiêm, P.Tiền An, Bắc Ninh, Việt Nam","4,2",78,21.1823094,105.9946926,Bắc Ninh,Nhà hàng,1-100.000 ₫,"Ăn tại chỗ, Đồ ăn mang đi, ","https://lh5.googleusercontent.com/p/AF1QipONEiofJaWXLb_Q34B78ocrKIJCvFaJwWdF7qFd, https://lh5.googleusercontent.com/p/AF1QipNpJy-_HvjVU5j-oBxZ-_jQemLfxKGhpm_3yOIG, https://lh5.googleusercontent.com/p/AF1QipOZgyzxkadQ7AFO7sYKA8tIDzYYAcRPMDM73-Fj, https://lh5.googleusercontent.com/p/AF1QipMaXmYLMBVawRpZ2JA190iM4GYIISWdkyEUoqib, "
Quán Lẩu Ngon 179,"1 Nguyễn Bỉnh Quân, Đại Phúc, Bắc Ninh, Việt Nam","4,0",32,21.1812402,105.9968968,Bắc Ninh,Nhà hàng,100-200 N ₫,"Ăn tại chỗ, Đồ ăn mang đi, Giao hàng, ","https://lh5.googleusercontent.com/p/AF1QipMwueQ-9JmOD2Kwe_45Ixc-Ybj7uSVaFSV2gnAr, https://lh5.googleusercontent.com/p/AF1QipNqc0_dILt83OQU48ipcwCKceKFaYUklXmY8u1q, https://lh5.googleusercontent.com/p/AF1QipNPUAyHpJE3aGmZPNQUQM1-yIDYX5zl4qWoHBso, https://lh5.googleusercontent.com/p/AF1QipPdh57D-2xGM60PcICH9pi1wBJd53tvfWeddc24, "
Yu Tang Bắc Ninh,"Lô CC04, Đ. Lý Thái Tổ, P.Ninh Xá, Bắc Ninh, 220000, Việt Nam","4,2",100,21.1754384,105.99419,Bắc Ninh,Nhà hàng,100-200 N ₫,"Ăn tại chỗ, Đồ ăn mang đi, Giao hàng, ","https://lh5.googleusercontent.com/p/AF1QipOvZuAVhzkIHb3rlXGOaajJsZ1jdktliLYS1xgE, https://lh5.googleusercontent.com/p/AF1QipNn6wNY77ay_gHCvoooRffq3MYxIsckKmwhW1XZ, https://lh5.googleusercontent.com/p/AF1QipNtHFT3Gkdop96c2IXrwhRuwOIt5FiSETRvq8cL, https://lh5.googleusercontent.com/p/AF1QipMYLgPFe42onA5x06r-u5XzYozpAbX4i77ug0Qa, "
Mỳ Gà Tần,"Kiot A6 , Chợ, Vạn Hạnh, Suối Hoa, Bắc Ninh, Việt Nam","5,0",2,21.1833236,106.0000699,Bắc Ninh,Nhà hàng,Không có giá,"Ăn tại chỗ, Đồ ăn mang đi, Giao hàng, ",
Phở Việt gia truyền,"76 P. Nguyễn Đăng, Suối Hoa, Bắc Ninh, Việt Nam","4,1",200,21.1836934,105.9991631,Bắc Ninh,Nhà hàng chuyên phục vụ bữa sáng,1-100.000 ₫,"Ăn tại chỗ, Đồ ăn mang đi, Giao hàng, ","https://lh5.googleusercontent.com/p/AF1QipMgJCqfX9KCGmIF5APk8ujDvZZRlEoiZdNZyhpu, https://lh5.googleusercontent.com/p/AF1QipOgjHqJqn1lVcS4onexHvqJruew5p5jM_qx0TfT, https://lh5.googleusercontent.com/p/AF1QipP9ws9mgU-ZAptFzkj4OLxN3DtkOxzkMoqW8x1e, https://lh5.googleusercontent.com/p/AF1QipOkUbfmsdM0f5SAbriZo05990BWM0f-gzgdp5gj, "
Quán Ngon,"Giang Liễu, Phương Liễu, Quế Võ, Bắc Ninh, Việt Nam","3,6",25,21.1587324,106.0566575,Bắc Ninh,Nhà hàng,Không có giá,"Ăn tại chỗ, Đồ ăn mang đi, Giao hàng, ",
hải sản bình dân,"53H7+247, P.Ninh Xá, Bắc Ninh, Việt Nam","3,6",5,21.1587324,105.9948594,Bắc Ninh,Nhà hàng,Không có giá,"Ăn tại chỗ, Đồ ăn mang đi, Giao hàng, ","https://lh5.googleusercontent.com/p/AF1QipNtM8inW4kIQzgRarnTHzFpT4WYTBvJk-2QxuEK, https://lh5.googleusercontent.com/p/AF1QipND8KKmaAZ3enX38OvEAOMBXKNNSlLuW8SVBC-c, "
Mixo hotpot buffet,"150 Nguyễn Cao, P.Ninh Xá, Bắc Ninh, Việt Nam","3,8",103,21.1743617,105.986195,Bắc Ninh,Nhà hàng,Không có giá,"Ăn tại chỗ, Đồ ăn mang đi, Giao hàng, ","https://lh5.googleusercontent.com/p/AF1QipMWWqGcFUDXOocxyiOmIUANMLkzF4nKjlHjye9d, https://lh5.googleusercontent.com/p/AF1QipMcrXCG3Jf3iHJUQP9kfkBBkhTrn8qn55v5hMuK, https://lh5.googleusercontent.com/p/AF1QipOBwuBTjd4TB12mN73Oaz01xVoVa_rn2WEBc5WG, https://lh5.googleusercontent.com/p/AF1QipP04cY7uUhdrPPqEfx9Aw9JU-_2gtURpyERX_Td, "
Lẩu Nướng Phương Kún 2,"1 Nguyễn Bá Tuấn, Kinh Bắc, Bắc Ninh, 790000, Việt Nam","4,1",55,21.1893849,105.9996475,Bắc Ninh,Nhà hàng,200-300 N ₫,"Ăn tại chỗ, Đồ ăn mang đi, Giao hàng, ","https://lh5.googleusercontent.com/p/AF1QipN2IEuwTtgdf1ZEGLcx6VGUnwqcb_Llz2KNvCTa, https://lh5.googleusercontent.com/p/AF1QipP6GT1INXVaAtoWAJhr1orjfR_F3k_QHrBN9Yo_, https://lh5.googleusercontent.com/p/AF1QipN6QUBux7NqI5Rup2oaA-aKbQrkcx-VbuYWijUJ, https://lh5.googleusercontent.com/p/AF1QipPZkH1M9Ppfb-8SLWhpsjEq81lTCeCfENfA8XZG, "
Quán ăn đêm Đài Thuỷ,"16 Nguyễn Xuân Chính, Kinh Bắc, Bắc Ninh, Việt Nam","3,7",12,21.1823546,105.9965001,Bắc Ninh,Nhà hàng,1-100.000 ₫,"Ăn tại chỗ, Đồ ăn mang đi, ","https://lh5.googleusercontent.com/p/AF1QipMTjhrtQHBKpoAJkYX2ZxNoAYHoKaj2zvBQfBwg, https://lh5.googleusercontent.com/p/AF1QipNJayOwzFWu5OFr9ctyjmphgeWkQrT6f7-Mec9T, https://lh5.googleusercontent.com/p/AF1QipNaOLiQturUjjLnpJ5-AoeX44dlbQpw6Aq-tAZK, https://lh5.googleusercontent.com/p/AF1QipMhVT_RoNi7gkBKLfxwHzU6xW8vkPg5JEO9l2Vs, "
Phở ngon Hà nội tại Bắc Ninh,"17 Giang Văn Minh, p, Bắc Ninh, Việt Nam","4,4",9,21.1690325,105.9830954,Bắc Ninh,Quán ăn nhỏ,Không có giá,,"https://lh5.googleusercontent.com/p/AF1QipP3cOIn7P38juT_qsKKnCdPDH5RAq1hEMaOeMRL, https://lh5.googleusercontent.com/p/AF1QipNvntKvFw-wFGIlTCRI-gslJvpUgn7sOQuosalB, https://lh5.googleusercontent.com/p/AF1QipNRXnahD13orpfWO1ilx9IfB1E6-SB8R-3dv1_O, https://lh5.googleusercontent.com/p/AF1QipN8HFREX9VItHzPTxgsdj31fGIEyO-6cWCNnVuc, "
Lẩu Ếch Hương Mực,"1 Phố Ngô Miễn Thiệu, Kinh Bắc, Bắc Ninh, Việt Nam","4,9",8,21.1839575,105.9953139,Bắc Ninh,Quán ăn nhỏ,Không có giá,"Ăn tại chỗ, Đồ ăn mang đi, Giao hàng gián tiếp, ","https://lh5.googleusercontent.com/p/AF1QipPWgaP7pvKKSYD743HWwdtC73X8EJHrtzYVnB2K, https://lh5.googleusercontent.com/p/AF1QipNZB5OV7sdtvQQlUwotoIOdQybNu9-kU24KHK_E, https://lh5.googleusercontent.com/p/AF1QipMZ2piKsbJhpv8PGBRdjZsIM7siZYxIK68Ur_oF, https://lh5.googleusercontent.com/p/AF1QipNMsPX3XLCIELNJmrdFx7cUjHSK1_fvSn4utPx-, "
Shogun Bắc Ninh,"9 Nguyễn Đăng Đạo, Đại Phúc, Bắc Ninh, 16000, Việt Nam","3,7",57,21.1759324,105.9999799,Bắc Ninh,Nhà hàng,400-500 N ₫,"Ăn tại chỗ, Giao hàng, ","https://lh5.googleusercontent.com/p/AF1QipP_nN3ZrWSLD2prISeN04NUZTLrYsKVJQCY8Si4, https://lh5.googleusercontent.com/p/AF1QipNUGdHJjKSa6RIhVNRZFgnsySbH5r8-aU_LduBQ, https://lh5.googleusercontent.com/p/AF1QipMu5lQlAaHIaIXTZqVUZdNC8moIgD_pjsbpbpzX, https://lh5.googleusercontent.com/p/AF1QipOArHU8-cFMlEWNWtoML1KlqvxddLeTgIIcAcew, "
Yến Linh,"58 Hồ Ngọc Lân, Kinh Bắc, Bắc Ninh, Việt Nam","4,4",14,21.1885971,105.997046,Bắc Ninh,Nhà hàng,Không có giá,"Ăn tại chỗ, Đồ ăn mang đi, Giao hàng, ","https://lh5.googleusercontent.com/p/AF1QipN8erMZQhqfxp7prHgnRdBJ6rctC4-_uFtcMQ_Q, https://lh5.googleusercontent.com/p/AF1QipOKlq6dS92TAK8yn_BSP3WPoZtrPV66KdZ0vPvb, https://lh5.googleusercontent.com/p/AF1QipPDT0jXEbL1OCdGmZyPBL3pm6NFtOE_aVLyOwzF, "
Quán cơm ngon Cơm suất Cơm văn phòng Cơm rang 30k,"1h Hoàng Quốc Việt, P. Thị Cầu, Bắc Ninh, 790000, Việt Nam","5,0",3,21.1933389,106.0086743,Bắc Ninh,Nhà hàng gia đình,Không có giá,"Ăn tại chỗ, Đồ ăn mang đi, Giao hàng, ",
The B&B Restaurant & coffee,"235 Lý Thái Tông, Đại Phúc, Bắc Ninh, Việt Nam","4,6",21,21.1795542,106.0024375,Bắc Ninh,Nhà hàng gia đình,1-100.000 ₫,"Ăn tại chỗ, Đồ ăn mang đi, Giao hàng, ","https://lh5.googleusercontent.com/p/AF1QipM4Jew_NzusKKZZaO4IlabojfZ3D858IVenUoqN, https://lh5.googleusercontent.com/p/AF1QipMZwP6v7KvFKddDfrkEkq1JfxyUJlpmTrR0INbW, https://lh5.googleusercontent.com/p/AF1QipPqatpd3o3KgfAZCqJLKDIpXynzexbG204b--ZB, https://lh5.googleusercontent.com/p/AF1QipM4Jew_NzusKKZZaO4IlabojfZ3D858IVenUoqN, "
YAKIMONO Bắc Ninh- Quán thịt nướng Nhật Bản,"26 Nguyễn Đăng Đạo, Đại Phúc, Bắc Ninh, 220000, Việt Nam","4,0",48,21.1757496,105.9997585,Bắc Ninh,Nhà hàng Nhật Bản,300-400 N ₫,"Ăn tại chỗ, Đồ ăn mang đi, ","https://lh5.googleusercontent.com/p/AF1QipMEv3MlnFqpErQLdL6_qtwrfw-tw-fTLu_cet9y, https://lh5.googleusercontent.com/p/AF1QipPGauDuvqod_I3Pw4J-IA75PCrzSR6ziFdWvn3H, https://lh5.googleusercontent.com/p/AF1QipMH_aVDH2CK9LVefNOHCJDrDhV--zKLhDg-m6JW, https://lh5.googleusercontent.com/p/AF1QipOWI0CZbjWx4ryZEGmKcqnevSNcjfNGKEC28aGj, "
