name,address,score,reviews count,province,category,price,discount,description images,latitude,longitude
Corgi House Beachstay Danang,"Đà Nẵng, Việt Nam","5,0",0,Đà Nẵng,Homestay,411.125 ₫,Không có giảm giá,"lh3.googleusercontent.com/proxy/Ivce3HuN83I0K5kwgba8v4FAswBiyF5pw4AvDhRLgCvdyymSB99ll6ZrAY6ZLoVItamt3xjnZmSBC_f4UCMfnyvY-xpg_P8sQPjLlN-KTvVZv-VxqDtkUjvO2zdcJjSX-BWLDjiHZAo7dQMQjuZ5E9-h4TmEut8, lh6.googleusercontent.com/proxy/XLK30wKKLK4IuWWNxiQUkBkmzc9sF8GlVqQPPjU2VluM7fIGqycNZoBRYDPYpAhk3PGstnpTT6cWYBjNe7ijrX7oLGEhvP8sPutBaWPpkdv4Z91T8Lm5Lo_dS3oMcb2GRYDw1lNJibEdoh8TJ4Dze0jJawc26lI, lh6.googleusercontent.com/proxy/Kh1xgZuTcI9ZsCxaL4YnJmrI5T_tDNlpzh7aeofIWIry6tK9KV5Zpa9T1JHEatcMyRf-3KDyOytyixyLN_SG8nYQK0vpfpCzAtLusbrC5yC3HFOADUFBhdiMPm72emNOj6vnIZ0-aSJTWOGUL_8iS8ppfZDnew, ",16.05803,108.24379
Y Homestay Đà Nẵng Gần Sân Bay và trung tâm,"Đà Nẵng, Việt Nam",Chưa xét,0,Đà Nẵng,Homestay,1.445.850 ₫,Không có giảm giá,"lh3.googleusercontent.com/proxy/fDasBgFAO9fDFH35ckv9haDTINPelPNOodySzRLYhIBI69weBuLSkbFAG12CXSAL46QErbtwIdBefZ7VRP79jsSic0hHXUru1yU-2lf7KPo3Wzsy_x6zE_2ewBql7kfX0Sdbh25_mv23Ar3BoUlb1iHN9dkjnw, lh5.googleusercontent.com/proxy/ofEOLuGSj1dp8D7XJHURHHaj0L6CJGGjJ7rfgEPU4TNFbulZsoe6BCnwHbYG3xCN95EcWeAdHIS_3z150PGtczVfGKRX9FZ-t_RQzKnkfVCgn0GQNdnHy9gDMh5lzr2lcBtdS0ctXMuojVkFoxjfflcdxlYFRNg, lh4.googleusercontent.com/proxy/HwiDzvxWz8o1Kmm3G3x5y1B9c6drv2mpdopqej83tG78fE_eOsjs3vHClCUi_Tueg0SnxK3RFwMUs8icVn0nAk4MyW0QcToDUWm9uaVCIJjx7ANZfFY9rTq-PDLsP4wBGKIZBQ0WgHWMh10uPNcymhRbIg2fDg, ",16.05151,108.20842
#modern room walk to Da Nang beach,"Đà Nẵng, Việt Nam",Chưa xét,0,Đà Nẵng,Homestay,784.300 ₫,Không có giảm giá,"lh4.googleusercontent.com/proxy/dLtStLJpuu776GCaHx--ILLk2ujEhUXAXfI2VlFW17O7dX0zB9AIT-gaysFbM5oxEFIBUoLztxmmBM0BxA956yuF2whFbN45vtYWDMhOkNqnjsakapIiL7Ljbb16cAB4D8e9j1c-sNGSzimYI2jfZCCR5S7vjDM, lh4.googleusercontent.com/proxy/xnVTqVzq3iUw_BcJk-xWFy9XqHi1LcyhJ0-UUkZV7ZI6ovC543X-mnbO_jv4n6tEsoeo93Axfsot92btTCg6qKwxStx5pGdnhGb_T7SDn64XtMZRaNW0wjNQ_g8mTM3sSxB6KWais8Gh9tM-fjnRKVF_IcB22w, lh5.googleusercontent.com/proxy/tTOL0ir9uGJvCWKuWJ8Bj0tBATZpeaZMYKyYXOpoFLTBPbHdvNuOMIh9ONVaimTPvtsEo9d-POwZEmExh8XUoTmYSvfIqZ-0fJ9pOky5KZ6MhVBNVeE36tQi9wHhLabFEcM7Y02RrlO7no8GVKDaDI-dX8efQw, ",16.07046,108.24281
Homestay Da Nang Full House,"Đà Nẵng, Việt Nam",Chưa xét,0,Đà Nẵng,Homestay,400.878 ₫,Không có giảm giá,"lh6.googleusercontent.com/proxy/AMRFFovPRPPwNwoKo8T_lx5AF0-0s-EGnpXt-H5RFPbD4tiqU_E1KjVhC6VnP94AuEdlYqKOMRR3Dau-9CxUp6YLfhkgMTwgWPu30aOm1VKiMiOKCv6a4ckSz1WFiIX2H9jBt4I3PDS5EmUK9AxWc6fSEglDMQ, lh4.googleusercontent.com/proxy/6I78xHSZdMk1JdD2yE-bjkXLdngCxZkLZozGe5emdf839qhmiZh5Kt9lP4-53P7IfZtp_0OaqreTPnRjbMazLLAOEfNE9mMUAFqkGmbQ_9-9T3Qn5CboasZk2UR5SQZAkeOmjHalmgIVa_aKceHEmJxbrkFXfW0, lh4.googleusercontent.com/proxy/rvXL4LCkGkN0HqzTPq6G6Av3X5vqWOVfw_HERU93WttgQIiF2KqiE_-VeRakowKMTA46b6pA82NuI7DygASohQslYQl_wPMc0SygAkstdzyL54VSV7mVuWsTfw3KDVA6mPPnJOkKe5Z-Xr5U5rPOUixvjYrVMGc, ",16.06027,108.17730
Cosy House Da Nang,"Đà Nẵng, Việt Nam","5,0",0,Đà Nẵng,Homestay,1.184.040 ₫,Không có giảm giá,"lh3.googleusercontent.com/proxy/Fll5bkIC6vDehsBBYdgVcyd4AAJA6JORKQszp61EobfjOr5V1ubgHJp45y1XwcX3pCtO8Rsx6DihsueJua4WKtfk4VocLGD5O5CqPu3K9PLv03TjK7jHF1ON8Y9GFLLMnZUPJP2YtpyFSX-S-9haIglFF_L6Brw, lh5.googleusercontent.com/proxy/Cj3uAFEZPqK1Z_oeVHLBX9pw6x3OCMz7T5qktFzMvGZqUoQ-xu2bA-nL-8IfYCOUatGP6WJ1EwN_tEru1anfO6FIhw7Bha_tQVOd82kF--pIMBkd-ibgcpbe8rgdaZEEiaCX3QMtj3Ji5_ZSllYUtw5Ykg6Q7Q, lh3.googleusercontent.com/proxy/Urxvw9FV8OtVPKtafYotmOJyUBwlG5av0Pfyj0KHmtLtl4xclEL_X9tuBQ77YeFOxy3aBwsW_WU7wuGmOBBN0ncZk9Ef2Xg0fFHbyYo0MSn9kGHggyAfcUR6rpUR8my_5mdtylBKraGBkwyzIcRcva7gl1HZ1Q, ",16.04926,108.20884
Kaia Residence Danang Quiet Garden,"Đà Nẵng, Việt Nam","4,7",0,Đà Nẵng,Homestay,1.109.911 ₫,Không có giảm giá,"lh3.googleusercontent.com/proxy/V_nhO0bsOS6rSuim-OPecGsLF3IXla8p60xtl_O_3fyPkMuUje6K572Y0TEOu50O0aX47MlBra1QiKciXgJcHzJz1AVoymKEcw90ojEDg24pgOMXH0gYmMHgBXkBnlzMw80K5fpqyQWhzcmiQ1dI91Jn9s6HP90, lh4.googleusercontent.com/proxy/-oqgTSgdxzfv_xLgtBc98TuQxU7DaT31Puuuk_petExDPgD5aUL7x7MQ0sqKclUyazGhSTTvXqAefkdlWECSFnvF1f0R8KCsUu3iZDwfegC6B4LC8Z9tcqzEJ-gD-95tOu890gSsGM-65lIlp2hyPsOLELeUgA, lh5.googleusercontent.com/proxy/kQrQSS1KdKjZfK2biokGg-Gpjeo5z72kQJoVsgeDPScuEP0Drn0DFzJTls2jpfVucX1YDc4HjJfjmVzAY9WHpetYkmU9XQt2xMhGACSoWPxu_kSn4ocLd2zBm0F7ekzVbSTZtLzp0u_aYGrfe5TrVZ726GOdef8, ",16.07732,108.21571
Sena home 3rd-Near Danang Dragon bridge-Han river,"Đà Nẵng, Việt Nam",Chưa xét,0,Đà Nẵng,Homestay,455.000 ₫,Không có giảm giá,"lh6.googleusercontent.com/proxy/8riI5zd2ygcBLO4idhyApTN1xPhR9u14hfwr32pdLXQ3zgZKuf2oDY2shkn0D8S1mrtOilKrg6Gj2VH6lH8WuhCTChgX167kFw3JAixHii-3eY99XF4NnOsbtb58O3UZZUonm-vo3eqpWLJpyFhVtIwrOBqIZA, lh5.googleusercontent.com/proxy/2__bh7JR4NEZctPMazfXTcbYRIwp4ucSiLgwr7vsSdLpq56y7CunHgrjCL65LBlSYn1ETi70o-eX4dykdjgIlYyi9dITZwmBsHjNs_8IEQMnO8OPPUS1-ZAcRXiOi_HP6RQUGxaGr_GG7g5l4wa8uJ3O4ONm3vQ, lh5.googleusercontent.com/proxy/TQluEVS1OQ9-9YtxLNiDRCYympJIXrTVMN77fq-tUG95tnDsBch8sr5UvJlhAEF5ZxA6iaLGQnZd0quqjWsoct2EXQssfc1lcfoCEDUcMAN5zoQ3Wf5JHAl2Vipp52FCf2053VLbzd6cQDTJF_6GaDEVXEB0ZRs, ",16.06021,108.23152
CT HomeStay Da Nang,"Đà Nẵng, Việt Nam",Chưa xét,0,Đà Nẵng,Homestay,436.551 ₫,Không có giảm giá,"lh6.googleusercontent.com/proxy/Oqq71VaxjtmhVz6CN9xMv1oOrP26-k2moymd2qNBQTjqdsuMFfgI9f5R8oS1MLzKl8VO0IOD_z2MIMMcj5hRXWYnvlt1GqjXZ4wtyvyfkf-vfkBtqH6flMrE83LQOsIrzsFUrM2mQka0AFW_2bYG1wX_FwBjRw, lh4.googleusercontent.com/proxy/8ufJ44xeL1yp1xqn1Yn0d4ocFupU6VgGFUbCzfM4dlgtVp60i2J3Mj7ryzbUPgaIHUJStCPoct-ouxsiVh6ff8uYChNqVsQCo1c1fuHZ7EtpAiSvQtScjqcR_1l64komyba5-0NwCMT2MqdMa_bu966XdH6cXUU, lh4.googleusercontent.com/proxy/jOA2CDhLcJFOfraDlC8eFF9gCXH55JsRCLo81LBKlPmb7DGoc7d4BYS_KWkvHRUMFkHclk0X6gN5feRHMN0mhhbt7oX79Sk6PZyI4OZ4sjYb0kO1-YdBtpTk20k6J5BA-US2EXfs4kPdsiqsB6AdB0h7wwpkRhQ, ",16.06388,108.23138
Tree Homestay,"Đà Nẵng, Việt Nam","4,5",0,Đà Nẵng,Homestay,509.150 ₫,Không có giảm giá,"lh3.googleusercontent.com/proxy/eQETGcr3m6WWWj-td7eG4_OLCSKl-90oKFRIunl55HiwvwBZ6Ji1U21UypcCGLUDPiVK5pCPeYEPJSrhQMEC9oSnQ4wgc17ePCjDa7y1yG1pHG4UZGd6kngunTksSamqalr7nEs22-3H7Z_LXgt2LdJDn3-oMqQ, lh4.googleusercontent.com/proxy/_1AVOsxu1mutvG5FT-WNPN8eP_Q7RKGT4OSVACInX4QxSlZUcaNvN45RBmDu0WfoIXyzQ2DX4TEiDGU6mfuFZ4yz7mA-TwmAxbrumAMgiC45tnMJnEZGqaoAX2UAWA38s9wkLzNJaUsj-S7d5GVq5Mwf3tYSig, lh5.googleusercontent.com/proxy/ooFPlE8AyiLFSu1LRrHOPTBq9eSn6I_slW_3zEVxvN-6U4dRNDyADiriLcmn12tsiIEEiUYrl0ibkcyRoPmqc8F28VBIklk-dslSN2xRE0cf635xBjWYMYb7-qlpbOxazkA-3CfCZDVWdVyZlCrm6LhW4vfQTiM, ",16.05348,108.23406
Baphu House - The centre of Da Nang,"Đà Nẵng, Việt Nam",Chưa xét,0,Đà Nẵng,Homestay,1.366.200 ₫,Không có giảm giá,"lh3.googleusercontent.com/proxy/utJSnBAINX9Qg4kO_uvoPFvmyPOauglAQLpXAXwROp_d_EwobWntwgj509XFSGhAEh6YhaMB6PqcvQKc89r6ENWQaX6KUMHSrpeICaBykH2V84B7r-besDz501xN6ZSPoaj_m5WfJ3ICk6t9vHwchDnYdT5Ibw, lh4.googleusercontent.com/proxy/dLefDwgA5ja_EIDTbmXI6Dfzf9yAEUW3nX2k7kA2KLxOu0rSZskVQhooYULQBaOF0ycFUaZfMyyXlpdJO8KHcOh-PTdCFxb_p2mAjlvwFrnuUrVhCeTSqRcigCrVEMw8hji6mtC62zXSKnegdWhnVZ_1FreF1g, lh5.googleusercontent.com/proxy/Knz0moQ4uIt94aQvVesYlmO3aOZjTRZKjjUbLJvIPYKfQPPIDKpChbqEp1tYEEhHykzWTQUTO8Py-ky2Wh_evZPLMrvaanlEU23y7U6VC5ZVJceyTa8LjVkQzFIPd7oKd8-5yqzFhOP0eL5PJGX5l9KnhDIbKU4, ",16.07309,108.22117
Nha Binh Homestay,"Đà Nẵng, Việt Nam",Chưa xét,0,Đà Nẵng,Homestay,704.605 ₫,Không có giảm giá,"lh6.googleusercontent.com/proxy/XvdKxoXR1Ko0RAoYa2otjtSA6T70UDydW2vjHfQB4Akq3SmATONvn14EQyB9evsu_OXEnjLdtDPcEndeF0gsUnAuc_doZg183LT0I-OeZ5t48yt3zlYIJOs5vmhsp4Fa05ExWhprqk0bWLMygUWE4Bsm2gkgrA, lh5.googleusercontent.com/proxy/-6d-lrxqCTGiC7AkmG7Dw4Rkd444URyYzbyf5U1ADdFKEIPo9E0gDY5N_lLyLrlcP5WASrz0XIngXIwZhKQjHHuPPVsEg_WxIBOtmCMdQW69A0NL39wArvKi0fjO9_4s8zghnMGoaIksgMCTf5WrUbYH5ovxXk4, lh5.googleusercontent.com/proxy/Ws4qYfhle-uxYEhSq5VWlTMVafmgSxWomq-QOPHIlnNC0zIJVbbcZb-7fiMDJoLvj5fwrLbp-G3-bp0Z8fZiFwexYGWYOFLx_CEsk4AT9glZIVz9nvs9vk6G8LPLeXoAFfJ_dSmNYTh7_LbSxH7OsCcAnxhelyI, ",16.06966,108.23377
NT HOUSE,"Đà Nẵng, Việt Nam",Chưa xét,0,Đà Nẵng,Homestay,568.333 ₫,Không có giảm giá,"lh4.googleusercontent.com/proxy/U6lEFLaNn2Bw9WGhebuNhmvL0Wr220RlE_IU2VSAfKSQ6VhrDeEFZgY2vkO43a3oP0fwN9dM1LzEquQuWBoQ5VkGCCJ9jabLwnYP_vB6-skKGrlhNWWYx1WxVUOmvyLmE24o3LlJKjZMIEAl5d-Rq6VGsx-ve1M, lh4.googleusercontent.com/proxy/6Ntl-1DQLoliXcdt6NcwHsvOFGN1LmteTRvtvFiEKeX5iVB7TBj8wRclORs7irTR_2v0QGtXWDNgHoIIWROkmoUyDv088aYFjf5nT6UBl2YhS6rEgeXWkMVT6fzBskcaVJ8DnGE3vZbU_8aM0ksVQyhAHSF9Gvo, lh5.googleusercontent.com/proxy/rMVs54BZNcjy2A6LmzYzqGlc34AuFobcGAkq0NsjejCWYki0SSQjRyGd7Nk2VTogoXyQkkz_VOEgV9Op5IbQ1Rq6Dr5icgbXwsOWvxOorJSfVsMqHXrQL361D18mU8-s-kEWoxEDR72SsiPL9kQr7CT6WzPUnyc, ",16.06044,108.23753
Siro House Da Nang Homestay,"Đà Nẵng, Việt Nam","4,8",0,Đà Nẵng,Homestay,308.660 ₫,Không có giảm giá,"lh6.googleusercontent.com/proxy/ggV62EhgP2kUjVN35lEiVWg1-DVFaidSDgjzsjBKgG3md-fh_WRGrQFNj-TprolrbWUNf2h6GagdWEO-TFiKikB80JK4oTfY5hvKMTjq-Ocq9P2lFsBZJHRG67P6kOHtEn6_idyyWvYicfcYoLbxc-nLXvpL0jo, lh5.googleusercontent.com/proxy/rM-eKH7u5J1zkr4E-XTtG9AM0NYFcv3f8CmhIGJZTpl0teBVVeRrCCtOU_fG-tMnRMCp8KUeTglTRIVx4MkOiNWAYzfqDrO67f4NVOpwdScELG7QA5wg8EpAzHj09vT2HdW516tSuiQ8YgUB3iB3QLXnKVGs5A, lh3.googleusercontent.com/proxy/3sRgaHKZzF6SR_i4NprLTNGqar_4ZwCtda41VImIe8BOw9CeI_-4XI62oDST26IaTUfVUK3tFSJ8W3JDE0HGgLj_tyQQfPdk2zJ7TE4cRs299sV1pma_PQX_qCAHqSckSRnrjgv2JhFs-JBWf7Wnwj6wq5DJiA, ",16.05425,108.24035
Monarchy Luxury 2 Bedroom Apartment Danang,"Đà Nẵng, Việt Nam",Chưa xét,0,Đà Nẵng,Homestay,1.472.500 ₫,Không có giảm giá,"lh6.googleusercontent.com/proxy/kaRB1P42YmC4BDn28Y0L5bSMTibltRECXuQx73r2R6LKlg15gbIqoj-Oe2O0k9xKUexs0AfhMNWO8ata7mjATdXL9sGidwzJsllxxt2YUMWJKhNEq8hPLBZ2DuZLsKJzQSXMOOuK6_f3e4YvdqPUZFm05-OD4wM, lh5.googleusercontent.com/proxy/cSUddXa54hRZnnQUCjqZbkE2xO3co9wV5pCXe2YY4XeCN3UXTYqJhdpx5V31-056D3iYZc16hfkTkkjHQytALHJuA5fuJ4mk4EDc8tBBzvo0x5QXd5rQgjuMNvpvUgJx6UmODtx0ccfgTIa8qDfHWL62vQGgRA, lh3.googleusercontent.com/proxy/jWiiHPcv_nYesDQ93jAnhU7vhiLvSjXGNv0TI_9mFp6bAvJ4v_0hIrakP_e0dgYurKxc_RktwOCifXcns7JirJ4KWeZzswwgJ2TwC3CcdEkqWSa3ueie8YWnJ3gSvohmcWCpJ_Fno-EJFGK00w7-K1b2uHqhwqE, ",16.05482,108.23300
Moon House Da Nang,"Đà Nẵng, Việt Nam",Chưa xét,0,Đà Nẵng,Homestay,299.552 ₫,Không có giảm giá,"lh4.googleusercontent.com/proxy/HZtEbTlQh2JjjB7fKKe-PvrhV3xmuTVbPqX6nASvTBSs8r_0LDU8hTxBZ9pqR1srcxWx91nCEUQDo94srIoSw8cQvPSwJeJjOlCP9JlIlSfJNAzLXynSCCq_SDgCFoYsJt-U_RwkNYnZmTuEmIvg9xzGYcUi0E8, lh6.googleusercontent.com/proxy/rhEs6fies9qXnY2w1crcAS5tBCI08Zhc7qx9lQKldQOqlZ4W0dIV2ib4xGFbA5xVebZLTiZHYo2tvqYHWkPPBzsYkqkuurACpQYzCmlxae6KnkJAH4t4yBHUpgt9zl9NX562SnyGoXABb2SkkVlFdx3YnNfCKHc, lh4.googleusercontent.com/proxy/j9UR6qOR_ZwhUSp5sPLGb_PWuWWTslf7zWV-80iC0mnNQQ_k6ju125qEFofy1xAHYn-5xz5X6MANTV0c12KTTeOCUAAnko6VI5kRTKPgrGe21Os_GM3WipMKjTL2fW8FBlHMvCOhBiC0055DChdgm3ZBuErxIw, ",16.03066,108.24019
Ly Apartment,"Đà Nẵng, Việt Nam","4,0",0,Đà Nẵng,Homestay,345.345 ₫,Không có giảm giá,"lh5.googleusercontent.com/proxy/Inp1O0kCHB7USVieUAKvR4UAVxGmjfQYQJzFm8jhkLt453MpL60ftAHnLhlJiGJxBEgRT_yidMnKQ4hkA50pzfHONWd3KbgTLJnF5cX01JFdzmf2IW-SjGQ6LP2Crd798m5_2ZcJTt3-Um9SrSAD_9LT3YNOu20, lh6.googleusercontent.com/proxy/-g2HZ-uZJaItWx9tOqyrV3AYty4cyRpsARHzK-v4oQTcaDtnMxuC0D80_CthOU-17shdZam8SUQhb6mXSc84YCyZSFQfI4C99Ha1MxjXjuUvy0xUyFgVOW0qAXGFZsORHE83UkkfGbW6yBZ8NdIpEEI4hNr0_zs, lh5.googleusercontent.com/proxy/mQOWeRd8SatOV-aa94gdjpPwncRZLreK5fog4HTRDHWaOz7yljCKcPuu4E_XoLXuGkuzU9Xig930uuB6WWcq5JU0buPXb3FPQcKiimDf7mAqyh0HfiJMoWSwvK6s1AtCNRte-0z7x9K9WSpFA605NKXMe_Ev-KU, ",16.08950,108.21572
Urban Escape in Villa Indochine by Mỹ Khê Beach,"Đà Nẵng, Việt Nam",Chưa xét,0,Đà Nẵng,Homestay,1.027.180 ₫,Không có giảm giá,"lh3.googleusercontent.com/proxy/LI8NKDTCCxVtuWE0-IU7-iZWcj5RBbDUholfJam5Ez8OvHF5pRHJhqMKXf0-DmhCmF74CNm26SbCvqALtInMb-VlGB-W410V2A56lJVVDtEVRJJL2-WZZKjoph16yBlpqNa6qbFEYvHh2LSe_GvNWrKzG9dVvbY, lh6.googleusercontent.com/proxy/wR-5MLKtsn7kMI18VpLmG4cFMqvCmBHsf9QeixsM_EtlHixdEiIIYnzlCEUhXrBkFNR8Wd-AShlFDZL08pJaoRkeTq0KcH7X6S7rjNUHKEGSL7Lwov9NsQKS0msFpNfEwWjv3OyoM3lJDAZL4YPhMmXRYFr7zg, lh6.googleusercontent.com/proxy/hshO0YT4lccN0l1J8hedduc6hsrMUJYKUpvCmfdMjF-41_nGtU-DMbX0XMQt6FZyk6COS1kWfjtBMCwvxeUor-fBWua4tECzKJzyRSir3hSuXaUFwhCr68aVYTAG90RTRbNrXPVlc24fldHPM3zeN7y8sIKsK8I, ",16.05383,108.23815
Sena home 3*2*Overlooking Danang Dragon bridge,"Đà Nẵng, Việt Nam",Chưa xét,0,Đà Nẵng,Homestay,426.261 ₫,Không có giảm giá,"lh5.googleusercontent.com/proxy/8MznLaIZ8PWWB10FfCR8wuHs8JiC0EFd7QnrsGVNhiJsRMblh2BQoGjFoAMl7LvNiyh5aXa6f8RGKZwL3ubCD6ZwU6oeMMMvfgv0q9ILF8GSp0-f7olRf4EYFCYG1BnTWaz3ujxW4D2v2EKFwnvJ6kg-SKJDDe4, lh6.googleusercontent.com/proxy/66F0jgdxVWr8b5FmoPCbojqx1iweboyl6G5RzA_jwC8ybFJWHuvPznZrb80WFei7yg-P8OhkDngL_vs4akLqsYjUR_fMgHVvPXaqMkxTuApLjfOPPWoHpO_Hh6GdPFUyUByMucl8Dm0bP0Svcm7jrxHWtwpil20, lh3.googleusercontent.com/proxy/rGpQsl-ZBEIODWrv0ZqA4ERaeigrkwCTJ1t8K1WWVGDAkK3fPJFxJ9bjjl3KsZH6wbIjFY1-fMN5Vz26bNr-ndn6znGvMUj2DbhqICRBCmMsiTVTr9l4jpVgx844XPo2XnTiSLolmoJiRhy0HsFG6CEAvUxR1A, ",16.06023,108.23150
Q Apartment Da Nang,"Đà Nẵng, Việt Nam","4,7",0,Đà Nẵng,Homestay,838.062 ₫,Không có giảm giá,"lh4.googleusercontent.com/proxy/Y1IrcImtVDO57iXlDVy5T35W18i3LxGlytHQFBVGnbsWaaHlCK3_LELe3LspdVNAukC4AgI1UN9rjzcngGFHoiJbafPQMti4ldZL8HxPGuN4q9ADpbn1Bvub-sbX1HMtnpf4JAtxn9jTMoISl0idMJWfJ-hcvQ, lh4.googleusercontent.com/proxy/qYbAdG75zLkcQjl-k2a5uEWSOGVzCNIdAHbqqxROfmUe4Xi5tYhy84ficbVPZetNeI2OT9DzGzDFIgpFPZTag-1ZSwmidAuXX4BVnc2zAH5xrPsSMYnCqM6Yh-F00zI7NuZJNH-aduFNDPUQrhxNXiNDEz4PtGU, lh3.googleusercontent.com/proxy/2XN_RztupOL_ln_fQIAMfMbKUtBSLNrNkjhvUKlfSbuzuw7HULjyi2MKqBuJm9yN9pG61xut4FjOEf2hFdCif33vdKy-AzrIRXgpBnSiUm6hfGMSxA70XrSeOc2NIOj41lI16tqRUMevOh0vjwwY2BiOTd5FZQ, ",16.06855,108.22330
Casa Rosa Apartment,"Đà Nẵng, Việt Nam","4,9",0,Đà Nẵng,Homestay,498.157 ₫,Không có giảm giá,"lh3.googleusercontent.com/proxy/GPAuYRogTx4J9NG-E_I-55s_XycKby8PFPrH7sl0l5QLxQPhZBTYDm7OUNaT-4T-8sj9EungPir6jjHJM3-2ZEcDgA7ymvUtvYuN93zRgiv_KzGDOXntTFXKUWbBxI-sAoj0orK0cqCMFlxPiHD0BUcim4JKNFk, lh5.googleusercontent.com/proxy/_B1anmzjXamdfxqB5MW9tJQ6WAmBn_BUZ0aT0WW-tBDopHLLhOiY3z3UUjFHhIXm5KX6RHumZNrJT6vwFPryGON4xqGeOXGgrFDbPGxxlYdaS1KcdbEJ8H8fJeoLd9_WZsTdFIdbuQRjiqoUiLxhwKrS_Z5dCF8, lh4.googleusercontent.com/proxy/G2OAHBdg70XLAoXPg2p-Cqz8GezogzUMs59w_lswVQwNugiGY-IWOaq9CsbX2nVq7bBpHdOWUGnsoYPSM2h9jnfyDGT4UIvTEDA9FBVVeMO0YbPKD4-V1hVJuoCdEivTjKg22MMPpn_jkqadNqA418ytAsPuxA, ",16.05814,108.24459
Beautiful apartment near Pham Van Dong Beach,"Đà Nẵng, Việt Nam",Chưa xét,0,Đà Nẵng,Homestay,695.750 ₫,Không có giảm giá,"lh3.googleusercontent.com/proxy/HI4ZCGp-eEEr5vorUtbIEE9uQxuSQjg_rapn0Bf6h9aGxIDI2X8kJN2_-6x2vb1-wnp7LJ3IhAWvMAQI2aBne0SmdACll00--GzXs51fyYMgrxx53qmSUPKV-DHx2c_AFDshwYejzMoGmIhqqumDFSJYTgnM3qw, lh6.googleusercontent.com/proxy/uais2apUVk0zD2wQuvfA2QKxoiK-o4C9fuLqrLOQ65kkdeCuBTJeW_8uwc8XZnufxq5qcphoYOXFveFXtUaNIcg1dJpuMo0jGYBkDB3aLNI5514vO-dKc43gNGyQ-B5P8GEMtKC0L-j2iz8Te4cvWXwQgrYbBaY, lh4.googleusercontent.com/proxy/YMKjNJUF0BSfuPdXgNyppabC7U1dsLDY_jpWT00clslsjK84-Pp57YEpKZrbVyEim-zRGpMWOSKkgZOdnq_pD3C4LEWBD-QyFMbr5xfHObrj2q5q6WjfWOkfThh4XEn9RMQIEipHlZnTCIcQffwh7zR-YRePCtg, ",16.06725,108.24014
Hotel & Apartment La Vie,"Đà Nẵng, Việt Nam",Chưa xét,0,Đà Nẵng,Homestay,409.451 ₫,Không có giảm giá,"lh5.googleusercontent.com/proxy/0X5HEId-J2TN47B8whY72AK5zXdmcKvs0qSCKt3M701_qEJfyduFP5BLpQD_9bYUHeaxeFG6IYOAv4Mk6HzAFTMXMqnco8NG91cvttpfUhg0DA0xHgZ26Rw8i1q9DvC1XTPBJNlHviQAVR9om-X23IZFOG3DyHs, lh4.googleusercontent.com/proxy/wUjKEDFldXAE9UjqH689Nr1e890tx_EeMFT9qzHsHo50NDpGfmtY0ZSPAg83LxY7pZiOHiKwHaxa6dCXo8lppjnbbl3nl-ghaye1TFvsLleAg-RO_JkEBhYUw6rmk2GnggH_RB9xXJRRw8e6oQDsAzrotCt1aog, lh5.googleusercontent.com/proxy/TtxHNiiEXdywGLOZ8SfYP_sY0SpB2bfqQ_svLltxfLmgd8_Eebq6Rn_31NBUiq4Hh3lS1CiEmkMyUYfzTWMdGtcvTypnrIBcQcFPlVeZi-78GyqCeSd5SD3d05Xlyory83JXa2LzwM8xKQORCJf0pOkumdb7lw, ",16.08723,108.21962
Hana Homestay Danang,"Đà Nẵng, Việt Nam","4,7",0,Đà Nẵng,Homestay,298.666 ₫,Không có giảm giá,"lh3.googleusercontent.com/proxy/IuvmgCqTY6SLsI-BylrGBS8mGpRyykzcspbl0vg-CIUWeZXy4sECPVMLBUg6oRBp_DEGkp7JmC2rYC9PZzzRLUDwAsZs4R3UF1eCSOEkZ6LWfQJp8bYQJKh0zyMMPHp5ZS9MVNhPlMr0EMTgg4wjhA8himQCeA, lh3.googleusercontent.com/proxy/Y-KhzWxUOKT23grsaLu2xOalvOctV1OenicKzFVVNrnJZzYJ3uZGT-Fid5x1jai3Jw3HetQDyYJTYwUNMGG9b88b-GTFw_1jTapF138xragKw0qftK-1AF1X_xgArUGD1NKZMSTpvLTWwEitG2gFbwiKTGR25w, lh6.googleusercontent.com/proxy/OPA345ZUEipq7uN0dwUVdT5XszXmT2C-umoKNDMS9J1B57oViuNVwZklbWCuD-ffGtjoF1Nfi9lU-hhxOBP9iN0M1antNwJ6uiuLj8uSHeZSXDVjnnOW0ih8HFp47nyJ9AXsvxrLPHpBSQt3X3uMYNHVl1GKlU4, ",16.05607,108.24474
Q Apartment Da Nang,"Đà Nẵng, Việt Nam","4,7",0,Đà Nẵng,Homestay,838.062 ₫,Không có giảm giá,"lh4.googleusercontent.com/proxy/Y1IrcImtVDO57iXlDVy5T35W18i3LxGlytHQFBVGnbsWaaHlCK3_LELe3LspdVNAukC4AgI1UN9rjzcngGFHoiJbafPQMti4ldZL8HxPGuN4q9ADpbn1Bvub-sbX1HMtnpf4JAtxn9jTMoISl0idMJWfJ-hcvQ, lh4.googleusercontent.com/proxy/qYbAdG75zLkcQjl-k2a5uEWSOGVzCNIdAHbqqxROfmUe4Xi5tYhy84ficbVPZetNeI2OT9DzGzDFIgpFPZTag-1ZSwmidAuXX4BVnc2zAH5xrPsSMYnCqM6Yh-F00zI7NuZJNH-aduFNDPUQrhxNXiNDEz4PtGU, lh3.googleusercontent.com/proxy/2XN_RztupOL_ln_fQIAMfMbKUtBSLNrNkjhvUKlfSbuzuw7HULjyi2MKqBuJm9yN9pG61xut4FjOEf2hFdCif33vdKy-AzrIRXgpBnSiUm6hfGMSxA70XrSeOc2NIOj41lI16tqRUMevOh0vjwwY2BiOTd5FZQ, ",16.06855,108.22330
Kata Home,"Đà Nẵng, Việt Nam","4,6",0,Đà Nẵng,Homestay,490.000 ₫,Không có giảm giá,"lh5.googleusercontent.com/proxy/gtDm_8ImVJcKhcDXLJTUHl86S8FmN_2yrzoiUh7yRxufq6GBXbHwR3zNctYladgsFrIkhTnO2jTfKJZ5BBG05jchRb-BultpC2_lQ6WEZXxsc4j-ObiDMtMORGP46VD2mRGDHl90utkXaXTPch9KYv5umGPM1YE, lh5.googleusercontent.com/proxy/mIkMVMH--2q_G4WMujmNclOosDsCImXr6IT3g3NJaoGD4WkwWAEgycbvaIqsOt8ayS_U6zOHhTfovqanVYyEIqHFvknU8x_Ru7PFE4hYevcEsg4y9n5GOkmDAvoYMEPR81-dAk4HwGTJ7WwAp1MuWWHsnqbMy1c, lh6.googleusercontent.com/proxy/WKR1r6rUWDEGw5c-U1Bxv6kkyts5vzqlDBm4hvnXUJxjXw1MBSzTuZjQ0yPtK-GzewvpU2INURNp8OG7m5JGr4utt9VaZ77Dm8J5yQ23Rs7dLIhuy9Klk9sse0HMpNng_vEGgt1g8BaTwrMmx__Kg0SOmCID7g, ",16.08142,108.22069
"Homestay An's House near Dragon Bridge, the heart of Da Nang City","Đà Nẵng, Việt Nam",Chưa xét,0,Đà Nẵng,Homestay,670.450 ₫,Không có giảm giá,"lh3.googleusercontent.com/proxy/a_MXcOOae4-m0DupE3_8DLtIwjXT88XaMo4m321c0WlOuXsO6Ng_edfF_jmct-pwqti8wBwl8wEHLlcAsAHoa09D4i0l8ixSB-5bfL6WUjMzer9xaoVUMi3x3Pt8L2R1OmgN1fZQA5_p1Mgcb7qc5BXK3yj0U4k, lh5.googleusercontent.com/proxy/uJA_X-i96XQyB0MoQrMjUd3_U9qGR3kJ4KsZu4Pf7HzCTTPiyRJq4AAcdFHtaXlX21r5MyUPe38i8dtz8x71EtaXxc8pJB_ywaM20LRUyhanLsxPVobljb1bG6CM8_-jG4UL0YUHUnysvaUFDENPGGi-VbLl_g, lh5.googleusercontent.com/proxy/wL2LD35dMfSdOIpk2A2tNYfw357-po6HFsp8kL7luH4jr-FuC49zo2cu2aqeIpoygbm7G_8VpJ0P6uJM7I1witl8KGKvEJ7M8fE1kBx-WFU0qpS6DV0hW7H5tzKhzI1y4ElySsU5dpkLrL617ns2lHP6xulculM, ",16.06352,108.23061
La Maison Des Delices Hotel Apartment,"Đà Nẵng, Việt Nam","4,6",0,Đà Nẵng,Homestay,474.881 ₫,Không có giảm giá,"lh6.googleusercontent.com/proxy/pZW08cmlA47TlxUra1WJAB3g6-dEtNe-RUvkWzjYF1_7UR7xC9ak-VE18WlkjjjFoXWa-BYGlFsns0P6q9m_Vd0eu8J52GuHDJn_xXapir2QVNEFLdNS6ASGzpSlhlAvvWe3K6jVXVeZ_C7DcDcdoReA1HecRQ, lh3.googleusercontent.com/proxy/ST-4uwyMzEIE-7GVn7mMST_-kZxbO-uXPiBsY6ksaNoKIOOz5cn9MJt_L_gAkV2PZc7By70v01sze6sJG8DanamyOp7siBDEXpNoAwpTCNmht3PnNYbnsHqKziAZjMaWpF22ulxpgx73pP8p5MozQqrnzMB61Q, lh4.googleusercontent.com/proxy/QMHrHCpGXvkXfUm_HTQV5tXn8bTkvly6CfOBSpv_BNUDucfU9EZKVM8fEy46bWsiL3RGCYX_CxWCmGoSH3HOfielBUF79VwUCC1DwA8FrEtbBePndNxEulQgAJoygtSE89AuX-XukRg4kmUQD1D30NPqf5Chk8U, ",16.05478,108.20568
DANATRI*KINGROOM*PrivateBalcony*Bathtub*MyKheBeach,"Đà Nẵng, Việt Nam",Chưa xét,0,Đà Nẵng,Homestay,506.000 ₫,Không có giảm giá,"lh3.googleusercontent.com/proxy/E8Gr4kPNMq5Qv-f4p35kplOpwyn1bn04LIbtjdoChN9NjWzD3rC3GugwTp8NdWcnyGeyCScc85wuax51Fl-z3Vu2419LslqXUmG2XH2SnIFt70Rowc6PB9U2J4i_p7CmgLSgMPWXo6d6p_2cAJAmV76RW7L4EOs, lh3.googleusercontent.com/proxy/kJBZC6A7bw4lmgR6W8xV51LokuBTyUNN7HKSXSPefgsWCwaKG87h9YrxeSuCMSgUmbOYC8NUIXa3OTPrbZFhJkjPIbOA3hKvxvCOOsU2TuSJQ6K6kZu0u3ZYFJ-HMqiN6f78IH_FicZ8NOq0sfDZPvXlNOyOoI4, lh6.googleusercontent.com/proxy/sFPVzlmoWsDEyDe6b62mAid21DoWUwUdiCk8CleGahgRlB1xzCfK3KRgWUmDU6l6reMRP1Y__yvndQA99O-cHRiVUCeZ307khzTtpylB0990QyFQrBCwMSzgHd3tF5sEp96CULMO38p7dpRf85al7LQxVL86D5E, ",16.04778,108.24497
KenKeSu House-Nice 3rd floor-2BRs-Free airport pick up& drop off from 3 nights,"Đà Nẵng, Việt Nam","4,9",0,Đà Nẵng,Homestay,1.089.000 ₫,Không có giảm giá,"lh3.googleusercontent.com/proxy/8QrS_CqcXYuKJLjHQe1EADXp-htz4I42G0hrY7D3cmF_P-NzoiH6IXu5eoU7wa8lLEgHpfOWnwPGfs38eWP5M7K27OOZxAQhbceWhT5hsSp5Wsn-B4NWBgoLWGS0-2fUx5yIovSNVYSM4yzCxdjj8Aca4mvjFrs, lh5.googleusercontent.com/proxy/sQcFbJZzZqai4r6I_V_JHBTIv-WX67b7KOBV8nIkFJCR6-fLmezbLfve9-TWuyxR6T_ASQmdq2L0IgCVkLTnGwWxdWXUf189Q6LX84fXUc_Qm1XtJWieW-cUCpYthAxxU3_z2-OISm5aXdRxtK6rCOaMpSUimw, lh6.googleusercontent.com/proxy/9Wut4ChgIL3Vyo-42J__E1jQiKaBgTVPig6Zp5XLlOaYihOGVacyHynH32mFkljxqwKYNjKUpxj8n5Rj9HkfJurgyQJb1O1yvzy947yE7TyPnX7_NAFUws6I1ZCKYPBJOd6RzIFhxmfP_Mdt8YX3q2FarsnOOoQ, ",16.05728,108.21693
La Maison Des Délices - Queen Studio,"Đà Nẵng, Việt Nam",Chưa xét,0,Đà Nẵng,Homestay,563.051 ₫,Không có giảm giá,"lh6.googleusercontent.com/proxy/kgrHyX0gB24NekljxuDlpa6lsMrGDNVq22fypPTvImLDNFVZpuzDMEGD3Ubms37tZ4koljjwYj57mlAJ5E4F2q_mZbHWG8xS5QdnYVPVo3BKeFr2-5rp29Y0TA0L2NK-49Qy8VXIDfPuC9A4wzHpTN39XtTfYnU, lh4.googleusercontent.com/proxy/jo-bflDNKIHqapf7obq20BXrhKDaycCR5XniYXGB1K1jyERxISJI6q9WhhflfZHb64y_Yk2Q8AoZVM0kX7coF3A9WHg3T9Wds1t12d72iZlNXFbEpgJlNKzBdTEtWTCPUkl2DNTMSYXwWBmXzA67JccnOBdBIS0, ",16.05479,108.20569
Sena home 3*1*Looking Danang Dragon bridge*Han riv,"Đà Nẵng, Việt Nam",Chưa xét,0,Đà Nẵng,Homestay,417.472 ₫,Không có giảm giá,"lh4.googleusercontent.com/proxy/zxF8hp1ojrDmYK7_jY6U3vw86Ju07blI-A532PnTJ_V530Y7TZHReYbKJQAv8U0OzltPwb3ALPUdRQYGvdS1Tt549ANCvREgHYLWm6yxdwTrtrW8VQtIx3J1OEmZBa-CrdfIrkn8MJBGOz1jFjnQ1KZKekClDQ, lh4.googleusercontent.com/proxy/iHQDvyAyjn2s5-zYHTQBK0-HxqYDapTh07z7cVLrnO1cCP0M0YI_c1MuTJ4oP6b2NQHzUkO1PMdcIsuj2cVMRkgfFr-SINubwW7lC3RErwr4pYqYI8DTQzFrBH8SdGquDYKJAAPrZqBS236sj37Ti1VVsXKXBA, lh5.googleusercontent.com/proxy/B1Kil4rn5HZYOMRhyfHY1Yqv4qoKuTpl4pQQxya1tvd-VuJx7Wep66YhV1jgR3I7s1orja_ciyy4SlaH-6bV224BBUQnbtQn-sOnqBF_xmd_J_XG9kPTWQlz31BJrLZ9_VAo0z8orM_LSaL7E3mf28nINteKMQ, ",16.06022,108.23151
Nami Home Da Nang,"Đà Nẵng, Việt Nam",Chưa xét,0,Đà Nẵng,Homestay,569.250 ₫,Không có giảm giá,"lh6.googleusercontent.com/proxy/vgsa64izEedsHE3NEJ8dhfA0EH11_40GVwOjPYt5OOHsDaMNGBk9rBCoQKoGJvmaJB2CBGBKEkVu5L5GZNrhG_0eHNLXnKtONS0gQcbTJe5DgzKmjo95NvLoNm0am6ASz4Du1QVsIrFXuL-ml8I0ro1x6mB5Zg, lh6.googleusercontent.com/proxy/5by1nDGD-s5NUxwCmya37etslIBHYsrjG8wnzQwnq1p8cUN6STtAjsO8KKptYw7ObFpdoKhtl6W9I1nxetSIgTn37skZVYNpLGCooGq60hsQdbOY8TRddBfaQ6Ox2oWkk_yMBxFbXEDO41S-g4nkFKpZ9bIE6Jo, lh4.googleusercontent.com/proxy/vRwjJPIr0wCCqagtljUxb5CFh5i3HAU5CzSZOextdXwisNBqc7abAxE7LBwJ6zTm2tIU03n-mm_Gylo785tfNodxr0VDbFX-dCtBffGXMiWUWoz-yK3eC4PxgUoB_wzky1iKODKjXsFxrR-GdA1E37TDcV8P6H4, ",16.05686,108.24430
Seashine Apartment,"Đà Nẵng, Việt Nam","4,4",0,Đà Nẵng,Homestay,483.483 ₫,Không có giảm giá,"lh5.googleusercontent.com/proxy/3LEzEZnnCwm7e72NEOfpSmxCcxTEZ3mdPEGeVV-OnJ_AGmRJ0bp0pi304YfoH-fGJEKcVkwhty2FKBW7ygBitbTpB8OjxfY6AdFTwVJMWt_hq2jaGlUkxKhlLSYv4J1UrUlIsrxRR6LwEwMigrLjvzUEMV9F6Q, lh4.googleusercontent.com/proxy/WzXQLOfR4XOH3EL2QcyTLVuHuFqFJL23hNFaWz3TOpeUOSiXRvnebZf1BNY0zsYLEHZ8E93ZdZ5bGfdniD10kFsos5EbWVSGYu3juIdaRdr7MsswXQUP19VJ8W0V_pA1nBujSjKGn1Xw5z2AO0BhNJyGeqHNDr8, lh5.googleusercontent.com/proxy/fwzr-99kivfSTln1WFV7k89rW0lvhDw4LiumDsi4fQ1a9_m8q5GODjQE6dkhVh2Q92jFysQvN4Ea8hosQZwKSfcBNkzZv9eJ0eWsGmfqD0E-ta6ByNxEcMrEQMv4iSvvL7JbsHEo73OhA9SIwp6xqu49CqXrW3w, ",16.08431,108.24316
Chau An Villa 5 bedrooms at Ngu Hanh Son,"Đà Nẵng, Việt Nam","4,1",0,Đà Nẵng,Homestay,2.992.500 ₫,Không có giảm giá,"lh5.googleusercontent.com/proxy/DAEizyiEzrRbqi-LrwcgZvseWojqj3v-L8ePWrULpdR2KL8i6AJRyHEi1wdxmT2dNr4UMN9_KSt3sTGhhAjshCavGKu5e1nL0T2brs2kW4xxJ6ZsXBGJLv62TM93V2uDF8CZ85daagCxCuHEEhjSK6qQl22UUQ, lh3.googleusercontent.com/proxy/6BcCq1emkcBYjebVX0GIbUpIBuN0-k0oMXMs3wBZgWmc-Mb_ZoY-ep2NeOf285hQJlF20wtYnG5n2bCbxzG5WIEozfO5k9nyu4SmGGZCMe2nIEFg9qoHxs68F7YdKne7WzVHBUmpnxBhpbp1o-4bRDUdbY9SBw, lh6.googleusercontent.com/proxy/SiF1xEjG3m0Apc3hRIZS1pwVIfUuJnx8dAaEcE2wAXFiBMoMD1bN0sa8SfO53WiFMttQAzhZkt_Rg_RgxBVNPgOZzlIrwT8cNpzBfVgr2IyT_cXokM-EVGpmb0IEFwchbJ1hAEJ3yLiai8AZxYRWEcyNOzE9Bg, ",16.03123,108.23966
Mango Home & Apartment,"Đà Nẵng, Việt Nam",Chưa xét,0,Đà Nẵng,Homestay,559.636 ₫,Không có giảm giá,"lh4.googleusercontent.com/proxy/mByYe_Jxz8hrO4W00hsj0xE8MKY2FPfo3bLccCAz7ogLMba523BdfFY7TVgt28at0mjsuvX0DWS5C1n8oOkLJ--Yqev1qdXXmrgZ6VF9LtYa6u8jJ9ftG14JHIb525wC43JTjisgFa6wRiB3t2phyTurAzQqnH8, lh4.googleusercontent.com/proxy/48ghqM6O-5xgg6jBsk-Zdh0eK_L9rRLsUZL__Kuz5GQiwIEhlVafSklK1Ycry7Zee-MRiS2Gi-CpFZi9rJiV5YX9OMf-LRducL70v-BaYUgfk9-MTDuV7DogN29faqLsV06p9zVg0ma32ODTuHyP9p4mFJLNJwc, lh6.googleusercontent.com/proxy/6WoTQEIeBOrhaVD4Lc1LfIN8H8jjymJG6lmhbHt81UlRZT-VAZeMkrtnCovTCi7AQ-e1AxAfPFzvvkswCHnYh4IhGyk0oGFbWYTfK9bBMXLE_k3KAxoj8A_xjZT50RUg_8DSKjxhJz38bo6-6QRgJ2H_v5roMg, ",16.05350,108.24104
Soul's House | Gorgeous Hideout | Closed to Everything,"Đà Nẵng, Việt Nam",Chưa xét,0,Đà Nẵng,Homestay,2.302.300 ₫,Không có giảm giá,"lh5.googleusercontent.com/proxy/T8XjzFDJ8K_edM7h2QnPjlAz_kzdEN69u18A2m0ZV4YXKkoTOpVBAaDJHkY5F_grMBv-EZ9TdKGIUPYfCSPBXf80dDpuiEYmFWj05aTqIByd4OXYNkXmI9vTdTike5_LVvZ1HWmIRvSZ8TR2shZ45ZWgWRabeyQ, lh6.googleusercontent.com/proxy/tQGj3NINQAstRP998mI6H7Rqa6vYFKpxgzKQUL7FSMcPu6Dwu0_exdSKtby8K47aG5g7reP5l_YxHnqqGiEcmsnfq1jTbXzxsw-VNhgBn9CM-qa1fPgh29qJpUMRl033qcAS9NWQDKIaUaWJdUy-AFvaFQE_MA, lh6.googleusercontent.com/proxy/VnnCzR_OPzMyz6vQCA82AwKzU_JEbMuRulLbX1TisR7sOTSOzVwGHacQNKG0zYcFDFRSXLPUdTuMYf5PZZElcRpGAgzwClq2yFU6hDUXo0pAowBF7MunrSz3BGjBKH2-DWw4r7wEXWamhiE2mrTB4CyVGS54vBo, ",16.07428,108.22160
Anstay Beach Da Nang,"Đà Nẵng, Việt Nam",Chưa xét,0,Đà Nẵng,Homestay,323.587 ₫,Không có giảm giá,"lh4.googleusercontent.com/proxy/m-GlLAbZKB_rZVjeYLtIHnRXfviOHUne0esOdpzI97kxFtpzgMGIfUtr5ly4EHH_YCfNGNAX3uBNEYJ3v4PREYZHb3--DVS-YcNZwf7-Lbmw3XjJLzCqY5A0QhW9S0L0utnwoXsqlfgIE6ALouPEgWMDwP91qQ, lh4.googleusercontent.com/proxy/2JoVeOFpH84TRR6SqS3pIlMbhtdnJeUXX1M4fDDdbzg5CAXc3cLCZVy1K8PF10LOtz3mFhJ6hXANsgv3QNQX4w-PZ1er7C-GNYKv91v-oncvdqgD4lJ3oClnYoNQURiqzCMkIB24mFYLOjfIaOnOvI8gzkQxbw, lh3.googleusercontent.com/proxy/3OAsT_fSQ6IOltf1RLrOw6L5QWZUFPPUAHhEpU0rHNM8_YrRXXopqW5Nq_Vb4Jlh2KsfWwTMhlbz811yQdB_1diLlC5Xw9Y6ICr93_D0iRtwUqhXv2MHnlGPnEJZ-eHAwafGBf44ir48KgQONqee7xaENJWBbA, ",16.08462,108.24759
Sen Boutique Villa Apartment,"Đà Nẵng, Việt Nam","4,7",0,Đà Nẵng,Homestay,495.374 ₫,Không có giảm giá,"lh5.googleusercontent.com/proxy/vrga1S9I9pO4H3dmcZEZHt_JiOr8bTyqGvez3-5CjGrDQ_UzQiJcYN1jJShrRj2HiQIIkjOWhfINl4gvoOOpLwnfN7hKqnDOA0eaCe3ulmw9NPjFE_Qt4PfX1Ujoo1gkLiGk_s3-NXtXvuWegxUKHHTMuN5z65o, lh5.googleusercontent.com/proxy/JkyyYwJ4_WgyjYcp4fvjp5Btc7D67MhG_6QSkUO1R9nXzNhDXNDdVr33t80TUaroLOnOUjfNitzwWl1dTUTYW7vvymFasild9F5Jz-uVbVAyUR8S1WTMobVVwyq8aRYvUcWHlOyl5jQ2JcX_fwqQj98Cjc0h0II, lh6.googleusercontent.com/proxy/Bf4-jW6DlTfbkpy7en5OPSnwbjoCADnHV-ywxEicLuBRblcZ2Zoaem0gbMD-TpJo6hICWv7WfS46tiAPd87BXZwViYQ6mvn_IpOLmxo4RKQXvTZn2Lr-vyK9BoS9s_WrEuaCIWKVTsF9r88-vIDOP1PULvWEMw, ",16.04938,108.24390
Private studio - 1 Bed room,"Đà Nẵng, Việt Nam",Chưa xét,0,Đà Nẵng,Homestay,706.799 ₫,Không có giảm giá,"lh3.googleusercontent.com/proxy/E8Gr4kPNMq5Qv-f4p35kplOpwyn1bn04LIbtjdoChN9NjWzD3rC3GugwTp8NdWcnyGeyCScc85wuax51Fl-z3Vu2419LslqXUmG2XH2SnIFt70Rowc6PB9U2J4i_p7CmgLSgMPWXo6d6p_2cAJAmV76RW7L4EOs, lh5.googleusercontent.com/proxy/2Ycl6xl_2npt8NDFYuoG0ntB5VrNy9apDPNBX5s5AjvGFIjqnQw56xPCTpnq-CYKuLwbYaF_7AWPQ266_lZ83F21-fnGC_Bwahgendzg6GseN0U-ARfOwiv1eOg7CPnFtyUXVX7J9M1Z6QVvcH8bbFBHpguoVD4, lh6.googleusercontent.com/proxy/rw2PPrRp2Lr4bvzJejAl34vkqgVPJcipChZ-lC70jkZQ36bwfT-8Plhq5Ac5KPgZO-78oyIrEHN7yVKVAkuFt5MOEj6adx9i0wqGvRdoheyDjN4zz2MuWPtXD_wrLMI18rt-cxL-9s-Ql88g6tfL-teMToacLZY, ",16.05352,108.24105
Essenza Hotel,"Đà Nẵng, Việt Nam",Chưa xét,0,Đà Nẵng,Homestay,488.543 ₫,Không có giảm giá,"lh5.googleusercontent.com/proxy/sLC7g51sTXNqSrYN6o5KJ1wXUo4UEFHg17xgKwAtlNKRqJQE7uXbou4GmPJW_fPFcnviTb7tJtzrm18mKqDCADH4SchH6in5z9qvkNf1NdFer1hef-Qs6p40OfcnCGqMxhGRnzmiLjSKKxX8VL9LCjHD_w0BOEc, lh6.googleusercontent.com/proxy/bAAcQNLoiiJwEJuOJtOAXwBPZDdxmY02krb1WmGXtILWx7j5eymkL-7Y7pFaEUI-5xV4-04s1G2I33OPIRneoZlCWtpsOwB3Yh6mgP_DRgH-cnLEuSIm8BbeztkYaUeVYYAuL5R_FlgMUI0poEvlxR60D1kB7Q, lh3.googleusercontent.com/proxy/jgfG9eePMC6XVmj9T54x6CUNWVu1cPtjZfCny-bFCVxqHfdqjpJuTIOljjIB3wpf596zh_PpUoYrUaX4Kiz3jAixli-iR60AxT7PeepwRzro9_0v5Pek02HQbwl6aW0X-cxdVCK6NZQeffxIHPAw3QPkY78oEA, ",16.05059,108.24603
Olga Apartments,"Đà Nẵng, Việt Nam","4,5",0,Đà Nẵng,Homestay,Không có giá,Không có giảm giá,"lh3.googleusercontent.com/proxy/n-VRxxiIH5lrYdmwQ1BUK5pB3SHeK9EuwwK-4WuKnPgyLnVyrpUKoNQjpo_ZuMGNPB4NHr-nHqCtDFDADsiz3AfH3EepQ3k0iLZDQ5NXsSURs2C0qZxeinw0IYAYsBcO0mHsRVPWMq2BAnH5nPfM-ssqg32XFA, lh6.googleusercontent.com/proxy/vmnWEcnm-uG3VlsapFLjY9oNcFtRKyqYwZ8MNf_uiyo979ilaKvjivfNtJKNtalYECViKBS1Vp_dxkBUCfyUjSHOJGylwJW-_iDi6TMP-fAnyYfg5FGqhhzhuQRzoR1i8psHPnNmf_rawRKa26qTi1WFvfc2Gg, lh4.googleusercontent.com/proxy/B3dL940Bs4xQi7UIWf2x_PITEGGx1d5P0tKKpF83nJKdFiiw91dE4EIlOXoMdiZ2t467SzNNzDMTkOOsxhflPxopoLq0GrPsCS8cI6BzXkJYwcq-Hg-zryHiHLqUBIMbU81NkAaIqLiEyFUI5Rj462MknEi7Kw, ",16.07345,108.22083
Bean’s House Riverfront,"Đà Nẵng, Việt Nam","4,6",0,Đà Nẵng,Homestay,355.971 ₫,Không có giảm giá,"lh4.googleusercontent.com/proxy/FOIzGJ161V_7SrmYouWMcLihQOES9bOsOpQEPvMBR0ZJ-101NBxKf9qZPwEWQgUOrm5MwYLEbDwRVnKW_2zuzpmBzyq0tML1E3BRbQ4HnIp_m_StkUp1qgySSjKx77xtfzDT5GCx4NEBBFlKaLnOc-hqhaVVGBU, lh4.googleusercontent.com/proxy/ltY_VQv22iu2Wq4aqBlLIKOsFqwiTZ5zsvwHiaSLvm3nAi4GyyWOg5PVlAqpExi9ghc9gAMtwsfXbGfk9sD6vsXI4BjYqlpfg_uRyWO9t19ERcTdyKGfWuM7KJwDlEJgex5IW_Cn4E-sqtavvBBFVvoeVwiR_24, lh3.googleusercontent.com/proxy/BH1KBvp3OmaO3LeZuOOAgUmCrisxw3azK-xsx4f_BWJr80EVrL6EKqWBWbxhucofErv2vyR2wycprLkVfhs7QK90jCv9rW1zdt_VDV_ke3kqjdDn-BPa-6Ags-rSxmHOfXz9VTfG4T7d3YYElD0UYaZpGnc9fw4, ",16.07543,108.22911
Bonnenuite Homestay,"Đà Nẵng, Việt Nam",Chưa xét,0,Đà Nẵng,Homestay,838.695 ₫,Không có giảm giá,"lh5.googleusercontent.com/proxy/A1Qp0_WBdvPUIhnjSrz9yupc9APZfH2iBINGLu58Of8wMF22aGi40q6fFn6BcChL0S9W555kXHJ2AnP_yXSVXrCCU4oDOmF5CUlhOmFg5knDw8Bxu31pwQiPxmDuyXQbGRtHLqtelK4FH2iCp0StnDuhYfY2UFM, lh3.googleusercontent.com/proxy/Y-TrVGk9qp2-Df4-vqQJpJuRQWnfCbox-_PORAxPp5LCjkUTIx9uCttJlRPabvBOzgR3x7RZdeXGpekbW43r2mkQwT6JoLBQnEo3KO7GAmvAVJPB2VnPGgC5HFrH3Vbk6Wy7O5HN-1zMvIptBHZkq7jVw2PncA, lh6.googleusercontent.com/proxy/uTmBI_XK93iz-HuCAxHNSg2gw1z1KqJd68Y52n2pD774n36J5kheCZ3Z5pXkpB9Ct7ZoqevnJ6npLJf4poAT2n-ttaFa_S9upX0AHP-9XGJ5EDYU2sNvi8H5sSLD5QozkrvH8t_kCtlPuVjXFVZVt0c1q60gZg, ",16.05078,108.22060
Homestay Halley - Quadruple Room,"Đà Nẵng, Việt Nam","4,7",0,Đà Nẵng,Homestay,250.217 ₫,Không có giảm giá,"lh5.googleusercontent.com/proxy/t7rlJLM_xrjoc-91LnBAat47jLvCbkDwrwwKRxgjZsXZvKhHvpRvwqJ-DTyEHS9-whpZEzG7voLckfA8T14EMScOBwx2mh09J6wPQsRj31xLShaO7kBVHoWivhNPqc4w2GS1o3mvKjiWoLI-TXY2Dvgr_9ga-g, lh5.googleusercontent.com/proxy/nh5X1ACr9u8-zd46A0hhxXUT4oWHQQxgCKAADVja1FkVjcBnLmvTmzCQTgaLpuRNC00PeKfOSpvNzg2fQvBkdnf101obheZtPW9l7Zn_DQ55K2M6mqyGj275-XNPntlxJ1LnodmHbEbXOUbDjWHEFiCgQf7zMQ, lh6.googleusercontent.com/proxy/U_vTLlkGJkbdgjHmQel_9qrYXftZu9aNKwFaZ0c_8f_8eOxlWMhb1-z6HMLvAYOoeNlHWHLhTsyiy65d4H5fhzuKJCh8EVMU1Gcjve9IdB38bS3U6TiDVz4th0ovWSbV_qB42xjP7orMJLVDHIgzCqzdwiXAjw, ",16.04324,108.21200
ANstay -Apartment Studio close to the beach-AG201,"Đà Nẵng, Việt Nam",Chưa xét,0,Đà Nẵng,Homestay,562.160 ₫,Không có giảm giá,"lh3.googleusercontent.com/proxy/E8Gr4kPNMq5Qv-f4p35kplOpwyn1bn04LIbtjdoChN9NjWzD3rC3GugwTp8NdWcnyGeyCScc85wuax51Fl-z3Vu2419LslqXUmG2XH2SnIFt70Rowc6PB9U2J4i_p7CmgLSgMPWXo6d6p_2cAJAmV76RW7L4EOs, lh3.googleusercontent.com/proxy/NzswhxlNy419VsUGgAN-Pz-wfNgUBl6pMPjli7-zsac5aoBT18zVDWD1_oBZJwyNOCvcQp5IUiPfvr-hRI_wguh46raSGKsRpbTf8eO6PjCgtnhK-2VPwgKMKTv0SF5yDAYIGh0focnbptSVlTF46-P-1OFzfA, lh3.googleusercontent.com/proxy/qmwXBriIk56DrF8NSDKGM0A_HvnjKGeZx04FPbTioiwhbEZuNe1K-W_EIOH5NnPC54KjwjG13TQ8HzEmYrvPjR-0X8wm9sRl6m5XxmJ3LRyvRehE2k0z1-TJq4rGHKd3JGdQLU7Rbw8zF3mvE8US1kQRP01rTw, ",16.07440,108.24139
POOL Seaview 3A - Deluxe Apartment BALCONY,"Đà Nẵng, Việt Nam","3,5",0,Đà Nẵng,Homestay,625.000 ₫,Không có giảm giá,"lh4.googleusercontent.com/proxy/wsI5qOsqH_c4vkPLdSfrigr_F-zAWitgX6XKBQZgA56oc1uRJboXtb96q2EDGHRLZwXACXZUAh5_OFgC0dhG6CMzZhf-V6bJO9wUf5QM3xLBgidTvbKXVIUOqi6Gb2AohpNML1lhqUJdITAgCCtxuGSl025l-Rc, lh3.googleusercontent.com/proxy/6IPT1dxhAg04XXA6WyIOgyQ4PvKbQZDjHbiqwoqxSNixt-OWsvhorBehd17kFwwoVjiAGR0W9YJyxdmON_RCqzIKiSkofOFvnPp60wZoSiIfZZFDd7yj0XRM4wanlTYp-oYvfKsNE0Mwy0RzJLmlc_eLKskauQ, lh4.googleusercontent.com/proxy/GNWb1_Ky0Uc0q0FWX2daB8sdyqyJi3MjUiRqWgsLB-uDJyQqg0h_k0KvSLYhlmp4hi87RvEJR_R7IOEha4rGACI28EDPxtX9DMaWtd3a8Ko22fG_4QEtBcmYY3_0ch8WC7abfK_sRiOs1J2rwRGv6xBmdvwhkEM, ",16.07463,108.24150
Sena home 3#1-Near Danang Dragon Bridge-Han River,"Đà Nẵng, Việt Nam","4,6",0,Đà Nẵng,Homestay,360.667 ₫,Không có giảm giá,"lh6.googleusercontent.com/proxy/-5Ae5V88qs6NfdqOO6x527TsZgl6awGjI5Mn_G1hk1tOEGMQ9PwJKFWW8cxn-uWJIHhnNoNuk4R-4cNuhMMQMfhDoE4a5QKUx5dahAIq4CU9XutJ3AOhAShNUmXfQnq6GKCXva_pAKkL_JR0GRbZftBRNtQVVsc, lh3.googleusercontent.com/proxy/YuRIQ8GoRj-dxPGagCn4hxAGpPiwATq63rzzxhspOJ4V74m8EgdPEF_Iye_9TafZKvA171f14TVky9-7Kwm-i-hcahfFzTWTn15sScfGPy_8UCGdK5V4sC8Ye40LPvF6jMeZf9h4sDlnvYsohL-eC7Vf6oivGQ, lh6.googleusercontent.com/proxy/JEWopsnu9ZIIL8ke6qdepk19So8Xh27Cu_YQNv-cjgiSiQ_kHQZxh1aHZuqkmXIr0c4vicAAS6HNvaV2VnBX9_y1lelSvCRwG8womY6wQaLUvlaL4OgjX2VOqvzJdSmF3_mfNuYGCb7ppRbGGOiOXum3k9QIow, ",16.06021,108.23151
Mira de sol Homestay,"Đà Nẵng, Việt Nam",Chưa xét,0,Đà Nẵng,Homestay,498.410 ₫,Không có giảm giá,"lh4.googleusercontent.com/proxy/AYCSgSwbslBCEsdHTOXFAlTuKqq54r3F4D5jVoyqjrsQOO4M-LHRzoscujMYjXnmvWuKUCCHjMz0k1yxluxwDznouXa8ri1ZRI_JXXZTgY_k75rRJLNCWwGb0b9_rG-r7Fb0GLQHhAfgZj_iKlTPZwpjZeOZHQ, lh5.googleusercontent.com/proxy/joOZT0d6asUmx79ejhyxJfKSF24mipmto_zgowy4qnXfue8I-NSwr73YWuqFN6YFFunwAV5UILlQAEdofoKRiGNcRIzSOA2TTUXdLoYlYKzjti69qFWQmg_v6ABIN5xDWi8UF5BAC8oD6T0wxNBsPJ98wteeQCw, lh4.googleusercontent.com/proxy/ORcYtsF0xiFbNp2o4zsYzdk6rMoBrl1hU7TXxJP9gyycfASQF3Ndm2rUmpALMG_qBoitKsUJR1R_Rf13m6te80VJIwmYuBszpp8xYRyd7wGRpX2ieH9VoMzZHcZTIYUsqdQFqiZT1IrF2Y7jWfzBuke1rY5dhA, ",16.05033,108.24310
Sharon Hotel and Apartment,"Đà Nẵng, Việt Nam","4,7",0,Đà Nẵng,Homestay,507.771 ₫,Không có giảm giá,"lh3.googleusercontent.com/proxy/YdXiWnDyFBkkkVmXWj2KL40KECzwc7Js-nPZe0R5B53bxeFhNbxRa1XCpVWQpe1eGEgFlTWJI9C7ETopQMg560i5fUpohwqLSNOEiAwS1kuPamHJs8CUvWMTnbDBYEL0dTq--mq1DsTs9LA8NCUVJXOw5RqFqA, lh5.googleusercontent.com/proxy/VLWVIU2sRNmVn_yXvupcS_yhSA8w9P4f2UgSaTaQ8zWQXzh89JfRDu32tvLBXvnEzptEZOzWJFanieBLcEpkUJRaG1SqU4hTkyeQ8q4QIYbNo7XxDHW8CKIp0k0-4F3TwxmBKwpuzJ9rBAw9kTmFqI29f-jLBsw, lh3.googleusercontent.com/proxy/S12gv0lGakIll5b5I7jgsJBMAroVd0fhXO3nEkUyFOcN2PjdrYnW7KFC-11poARd1dlPSMM1ag4ZEkrltvW6ZJF2MA6jHVdLtdzy_ig-ZZQRH8-KJZ8_kyasxjCim2QfPExgJLXjQfSHs10J8l8C7RLlGoX8JA, ",16.05496,108.24552
Anstay Homestay Apartment,"Đà Nẵng, Việt Nam",Chưa xét,0,Đà Nẵng,Homestay,384.560 ₫,Không có giảm giá,"lh5.googleusercontent.com/proxy/n2byi7_nKmOc58dS8A8y6_BtsubuUPV1xQXTQY0OlQfrCzBzNr9sGP4_kRU9UYDIqSsHMLrlnEM6NLKKXEXHmtnYmNSov9jjhBa0xuKKUxQrol9fSBEzZl1s93_RBr6h8FVzwf9BelhCpUstfdqzI6dWjPYNkaw, lh6.googleusercontent.com/proxy/t01ftBoTYipSzwZLEMaMMPkzTGpZi55nf7ZNkQLiXS9C4TCMaG77ce0eVJijRpEHUObh7bW8R_WoIASBFDokFvUx6qcORYohtd5T-hSA7lzvOqydcYDUEs6GFQtWfSw4KhGrdx30Z0YBDHx2aD1vXG_-LSpxhBw, lh5.googleusercontent.com/proxy/PK-Tmhe4_yAsSRi6hVKo7DgQ8hrjd8OJ7T6r4LN8NufZhQ6YkEFTTKhePVXFgzqMr8eq6yfLAmVV8PeBc0D6rMhUJG7UVWG58lepbf9CiXZiJ_E47fPZCIQxBi2lYCKDhnDygnlNsb3ah2KZJDBhQDBCp5Weyw, ",16.07448,108.24139
Phuc Villa,"Đà Nẵng, Việt Nam","1,0",0,Đà Nẵng,Homestay,4.440.149 ₫,Không có giảm giá,"lh4.googleusercontent.com/proxy/YgfT0XqplM8PdLVLcVPZ2ZI24BXWzQ6m1gJFJkoNknmsLhvAG_Yam7Zk0simdk_fgrWr_Lw-4zFSPKUYYNxDUexZ0CclAR3jrbqlAxDqa-A1eZbZV2IHOGqQQm9FFitkrBb71R9aBpZReO_KGVNiwt3kXnRVfA, lh3.googleusercontent.com/proxy/Jwse3JcGV9R0Y4YuNkC-6Jt3WL0-YsUf4JOTGT4K-He63v_M0UHM0cV16U3ke3ZvmqqG1n0rW5yfD3BbJSwmaX3It06L0i1Io3xJq6-v9tTJWqK1Uinl5WMeXs4QvYm1jsBBagaXebDzBYJYUp7ZTJXOmsqi9g, lh5.googleusercontent.com/proxy/XnZvYYv-G_0OgMcGvEEwcvNKM11wrPYWckxPHeLNalW8F5XqIn_1NwSaystyUoxUi7GvjOuOQHfdQKMff2GOVXHTgZKrV0pHMXSewSi56iDrDvj81uHRIJyotWgKT3_d9wkz02eZjg5HKCpJpYGSm8XyhCQXVw, ",16.03223,108.24115
Stargazer Hotel - Double Kings,"Đà Nẵng, Việt Nam",Chưa xét,0,Đà Nẵng,Homestay,788.889 ₫,Không có giảm giá,"lh6.googleusercontent.com/proxy/TaOxX8434CNHkOCzmFQLdCiYvDKu1G20XzLb7VzeOIgOz0BC7W7dsK76d6oWFu5Ire-YTL4qIBp7M8Fqn-8uIJfR5-CiZKwNCbGRB38bGsNKTpCxTtjVZgeQF_O8waeLmYCV2lYb8eYkmvOHKynVU3NlWJiiDWE, lh6.googleusercontent.com/proxy/5irTZesCWbOCCoPDyBytWhNMTikZJGppIdEeFXsDka_dm0peIrP_XlWO-IT_tGKjcgi-eKevqxG2Uy-vUm6LdJ0KW-7XSwylijJykLEOo-pUsFYm3x9Gk_H_GF-tBCp_FLSEbnPdAAZ3b6piHwUuT4oG0qs40XU, lh3.googleusercontent.com/proxy/U-F9MK3U4L5Ej_sHJ5wKT4may_FHMhw_fP4mEOYCrR7vcjVMPtuy6Ez8qk3P3k_RMr_uRTme7f3Nlz16qz9AQJ6KDzKJOPeTOMKidMy_s0QHIOeq-luMXxN4AH-VihZ___t9KwpO3wuVrYCLIzdRFTOZT7cl9g, ",16.07099,108.22434
51 Hoài Thanh đà nẵng,"Đà Nẵng, Việt Nam",Chưa xét,0,Đà Nẵng,Homestay,900.000 ₫,Không có giảm giá,"lh5.googleusercontent.com/proxy/gBWvzHScCe6TNDWADcx6dtkeXo1YhDKt4cq2bmNo1ZsuZeCjd03kO5ebL0VgKlt6uCXnxmG9zXMVxUuJt1sx2k0Jt6CRsN_ZyQoXlTTUE5mk1pD7jzUbu-OpXUqrXMm1iEP6XNc4OPp_49ILQwR1wBDisQjQoao, lh3.googleusercontent.com/proxy/NsZI0N6TiXVsZtR6n46o4On8g79XesK5RH17ktXhDNNamyZ3fDnE1tBm8gNY-exnBoMmHHsPRB96l0uXWL_A8n2sARbc9y7vJYJGVoyvaGbMf1GFGsSkfBDz1jlDp7J30ZQkInO7VNZcuP3ejzjErnRNZsWuIuc, lh3.googleusercontent.com/proxy/hN9RO3q70IN_kCHBDOU6lzeJ1t5ycRtqFQ3E-8bNZmJp_tlzSdKsOf60WibTP4slMcZuPInAoqdI0g37-vo-xLX0MWvuSopT2otvJZGmocOVREODbrSHwrglh92C2q3lDMqLb41g7sq3l8TCCNCPHYnuwEs6VtY, ",16.04921,108.23691
Banana Flower Homestay,"Đà Nẵng, Việt Nam",Chưa xét,0,Đà Nẵng,Homestay,500.434 ₫,Không có giảm giá,"lh3.googleusercontent.com/proxy/PnK68iAbtRlQbH9XKJ9X1AHaYd0bIrqjtTxL1qU7M3E_sxeAGSyI5QWWBhlf9Zxu6AP9dmHe6W7cBDnc3TkfmPcACQU5P5VCGcZZKde_qJZrBZDBzbzL-pa8VmCi9GnvUz_5oavLP9ov-3wlpHn2wYEsmR2-ew, lh4.googleusercontent.com/proxy/GjTFCUVJOZN7Oj0neL-zLfWf6mJwhUSF9hSVOItlhEz718ItGQVYyN36LH1m9if1DJpPzVnCY5sOTSvu0EGmViQ7SfVLnzXpRGoJxW4AAjyrZGKvqFcL9wQZ5PFBjgYqsSFKulpGgZhFLz9OyjQXwFE87P2RuQ, lh6.googleusercontent.com/proxy/iqAgok51BRbqfGgdik02dX9iFsopnn9krmyGH7LjrT3MGjpP59oSeA4C2kmCK449AAzpAowYE_ojAjTYcCLzPV1md2de75HXROs3ia_PTFv4meHkHJwzmV3pBRKM9GYzH3QSAUckx1XHkDWPdpj0bwiITqz-nQ, ",16.07841,108.21914
Duke Casa Apartment,"Đà Nẵng, Việt Nam",Chưa xét,0,Đà Nẵng,Homestay,449.454 ₫,Không có giảm giá,"lh3.googleusercontent.com/proxy/na3yKN7TyqAaTS2AhwTbcCbv7PxAoezfH9BZ2zcvLpQeFs37AsqIIzeo9MBf5njrJCpOOMIdFL3-7Q9w-zk163o711QTUT9w5frWDyfq6LW0-ot1mS6S_00zeSVJLeFqZK8xk2LtEDAXRef0YHsS9wvCWOcKbfA, lh6.googleusercontent.com/proxy/coEAaMWtBWFo68OXRZgftmD9uIedcchtHFtoADs44qngiGFp4k5b6FnnRN8HlfDhbkmOc6U-dDtaKBi8bDm0gRC362DiUjIjg5dXZVYnTdV6sd9WAfqdXHmBypMFFlO3144B3xHMkHGKn4QIfcP97YNY5ZZsAg, lh3.googleusercontent.com/proxy/QWk8Fpfwgu4TObPCTYwT2WPVdGPuBSAny6J3lNf1HX9JDr_IJMUVKHyzVM4Kxrf8RQndQzHRCGTPrTvk7jQWv9noJyOomHX7GpGE28gHAfvUycKdyCTainRktXnkAneX0_OoUO-BFjyahUsWGtK_W6m-qZQYcKY, ",16.07735,108.24227
Leilahome Đa Nang *5.0 . 3 Bedrooms. Free airport pick up.,"Đà Nẵng, Việt Nam","4,6",0,Đà Nẵng,Homestay,1.755.000 ₫,Không có giảm giá,"lh5.googleusercontent.com/proxy/uH6_kqbE6_0uwft7Pkq9xNHgYxy5MP1By12YZ6A42g8pXajYiTfG3ly3LhDLrUR1oHXDmIvdelxTzy1DlHCC0Cm8n7aZC2KH-4q9jIDfDFtZDeUe_lbeL12VaMV3x2iglAJia7ESBTPWbeVzHBDOcGx9DnH5eJM, lh5.googleusercontent.com/proxy/cN_szcWqn2CmHX1iolrchgNGUe4pnTMSAWKL79mWFv0v6qnOJQqULb4Y4Qwi_TMcs-eKvaCnbNsT9t5gfKFn7dbsmGw2F5reVLG_jGZC1s0SmH6kn9ZiGsK84XNpNbypAmLsOn1NQzzaYLGswwrA9a0svj8OIX8, lh3.googleusercontent.com/proxy/u7psF6R9T6E45MCHh2jbCueSktOpRMmcBlM4dxaNa5AmOby73dI6B8splRRbt5AmuFnYkbrjmXT48myj8nEOAQ82sWKESBgUt3bFM3rLiqRpmplT6UG2ur5SjqE4kv1DMu6OrNjcfi5S5JSpL9f7lpQ4F1keLAI, ",16.05803,108.21704
Cainito Garden House Da Nang - Live greener,"Đà Nẵng, Việt Nam",Chưa xét,0,Đà Nẵng,Homestay,1.265.000 ₫,Không có giảm giá,"lh6.googleusercontent.com/proxy/POaXLZBQOMzQiTbZe_2Uat5p60MJvbIJpIfsguV6fMQiCNjl3O5e19D-TLsVK8u4lruZHr0CGUHCCVpIWl1Pr050NNT0CEkkmF2GpW91n5n8luupGLcShbN0pOiL0z0hUxMYnPT1Ma7KuMYfqazhiL-OvyhR5A, lh5.googleusercontent.com/proxy/nzS3obfSUYFTGJ6F65-LcB_hxFWMCDcg26iRfJa6acPHnT2DpLyvQ6NWRV330vHsge9GqwnY_w5mbEeEGfes6HpMlS8zQk87S8tJ9sgK8Rsz5PLUl9c-x-Cj0rQ15clKvSTMMKIWfAdQ-Dg0tcewS8QJJQzaajw, lh5.googleusercontent.com/proxy/xfGW8r7vNkKnxWXMHJDzXxeqaqHltaQwXPcS1CEHQi55N3ETNi0OWrO9Kl2211DTvFMevK4ocjYmJHK23U8TWwVDPNS7ov3GpJqTJ6rKP10BR3ZWsHlBgUAEU8M13ct49-d_7Llk2AJKPIGE0bQ_qurnbWcjfA, ",16.06689,108.23166
Hoàng Thịnh Hotel & Apartment Danang,"Đà Nẵng, Việt Nam","3,4",0,Đà Nẵng,Homestay,986.700 ₫,Không có giảm giá,"lh4.googleusercontent.com/proxy/NGHputMgcLvr66ALNe_58VdOoGcaB0AdgUsx61w1cppnpUo78TjXNbhvPq9VApwyYj2cXnkeRdS2eMQfXlW5yhlcaYMpmrS60eeQ-wMduhTprnxUiVDi37qu3jkYAHbZpcp-mraG1I0Q5spPaw7Kyu1FdNpG4Kk, lh5.googleusercontent.com/proxy/BXEoEckQvh_7UwQKyDnRkFW15dta8DvMmju4-Wa3PsdGJ36U14yt3R2xtOej7u3VsJqqmLOL0S3O3agJYz1aiGOTaiV8Sh4uoiibeZ_5Ge7qQtBsw3jH82ikh9a4CPewAIDMx9bSTOXpYBm2l5mrR50k4gZrow0, lh6.googleusercontent.com/proxy/V0zMWimnLtkAqjRWLqwt18NPKBHrTbeI6PVLvIgy2GXmkVCPlastphP1NQLajIbLXNcaDa9Hh0Effd45YvhV5ozIscxfr4h_iyqIL4OgdLClE8QgN8bOPgegM3Dx4KSzztpQ7T4LnS_YmGkm3H9_sziRc7fvxFI, ",16.03864,108.22352
L'amour Villa - Sauna & Pool,"Đà Nẵng, Việt Nam",Chưa xét,0,Đà Nẵng,Homestay,3.000.000 ₫,Không có giảm giá,"lh6.googleusercontent.com/proxy/GELSvcqoLoRYRr-_U_h3DZObV_BwwfxxChUXjRjGGy5hdafVS9v-o8o575wPO6e8bOElSC22LdH67ktOIF4ebDn0Glby9WW2d-ZybTI_oPRgXer6sGn-ppk5XXc6DIBdjgycEAhsPkLr-nAM3F8fWmIdOekmQw, lh5.googleusercontent.com/proxy/K7qHiy-e9j34ZboLb_qsGZesGzkwNXCsGqk7ERr80P9MUM8HrZ6nMFeQNefkMPqpYpDdRy9wPNYeSyJLiKd-I4b2mDezKXM6qiw22cykzwtTIOx9-mx74lLrk1wKtqcb0uQ_gCJMbITty3ANnc9SqoQoMX29bw, lh3.googleusercontent.com/proxy/apRsKKKt5ULc0-u95GOo5ix2O_Q57MPpUb3plHGeCJ7duUpYBaKnU6s8XxOOP-jfNcyPoXOpTYN5agwQhO5tKVTo50Vb2ulNBqpQQTuS9XbB-0t9FMSWWpdCnqZTLG-Kbq7AhicIPHU7lnep2ikpgULAq566Qg, ",16.07402,108.21169
Apartment Len Da Nang,"Đà Nẵng, Việt Nam",Chưa xét,0,Đà Nẵng,Homestay,1.897.500 ₫,Không có giảm giá,"lh5.googleusercontent.com/proxy/02ZQXuYGpSCnY-NgvbVjaUugRYkJ25PXBS0EKqvC6Hv6EUct8sM4lxJgpxygW80RAKxt7UvjS8B3c3dQ3G4JAL_IH1acphTmvALi-yOdGE-NG-T2YPfJNZPJC7mShBKr4EpEMtubTWs6FeRS2kpitvTI9b4Dpg, lh5.googleusercontent.com/proxy/lQJ4FTGVIWqVIZYukVJlXIvbVxOA0oqQLwbBvLhFiflCy49g5-YVWnGoqTQEXMlD4GAjSqoTHn7-1m00DBhpkPBKf-LmKWNh-xAhHcxrm2qQbIn1oYk4ejnmpXp6g5ejABcmT8mkajtc9Wqr7UNFvuQdGU5bumQ, lh3.googleusercontent.com/proxy/9evl7kL1cS4YmHZSetU9OGTQJheMVzrsBl6L43ENizsENOpTBfT9kSmVKGhJ0hNtezo6YHJJodTfo_67yZYIEnkpUSMRapJvmkrDVI7IUd61kQYAnsSaou4arsvGHpNw-fzi8LLz8U1z2B8U7jyuwwSuZKE1nQ, ",16.06113,108.22200
FSTAY - COZY AND PEACEFUL HOMESTAY DA NANG - Family Room with Balcony,"Đà Nẵng, Việt Nam",Chưa xét,0,Đà Nẵng,Homestay,359.639 ₫,Không có giảm giá,"lh3.googleusercontent.com/proxy/WRYVmYWMDVTfUVs4jZxN28x0XMMqPTdhQ3boHI3SlADJ8Ha2vLSLgRXUEgZ7XyB-2j51dZMYeoEBYSzWN76zQKzrHOpNmAs9eldITOb9s8vX_eeE2-2QtfCBrwFxDGIL8kjp0o1scT9sZrC5YBXJKhtvSl96BDA, lh5.googleusercontent.com/proxy/HePloNE2zTJgxEm7aKDuoZ7WNauTgXW6nGILiI0xgUkB26sXsOtYbBSA3woe1idyGSF_jhokkkcgNPG-7HpcueyBDYv2h2DA9w_VW-9YskftfGzf1Y_F7k4YQtSux70A6-1gIQpsjTlYgwbcVF7MNL-BwZDxhnM, lh4.googleusercontent.com/proxy/jX4RVkKE_UOPBdlomj7wk8hwiJ-n8H-5StcpAyoLg1vjZAK8FdD46v1XzHBA41aSYabJfY4BkPpxL980jZVvmD9gRz-D13t0FcFwH8OV2Xb7ktnaB1_nehPVvIlSCV-ZR4c4YLybP9YU1G_yqDph0ovsyBdsscU, ",16.07585,108.20985
AIRPORT HOMESTAY,"Đà Nẵng, Việt Nam",Chưa xét,0,Đà Nẵng,Homestay,726.750 ₫,Không có giảm giá,"lh5.googleusercontent.com/proxy/fSdcZ7TMgmh1CffaS1GNsSlXhySqU4XtweLt69qL7-fXyspy3JU0hrgahbxOEaJ4icx4913hTZt1fmtyyOEL-FPZwLO34LgqIoSrFdlVdha6Tk5O3S4oFyXkpP1HGkzfx0ugD8XhF_TLDfHZgQQR2QD0uUL69w, lh5.googleusercontent.com/proxy/hz5Jru_68VkeNalzn9zuh6hOQsPafyga4DXFdJbsoTK-ywb1nCCNgsaa2b3gPiCkFf3uVC1Gi4ewiLSzYhn9tzUuwtjFas16FSXo8GJuMMy4i7_XCs2NSOgWUK83G2Qk2XRl8nDIdCVJxvmNoXYZId0NO_qDaw, lh5.googleusercontent.com/proxy/NT3TAhV2bQbJkyLU5Y8bZft0O6NYd-EbBQwO1SNZ-uwH4v_WEEwIL0AqUpS69vzHOoFRLLQ-NX6IElhNVOUisc1v-j6nD3eCU5U3qjVZuO6jDyEGVB-tBw52ioc9ohAcvNjmMMARTZkZYBhBJzcSCbgw5J3cbg, ",16.05348,108.20463
Modern & Charming Penthouse 5BRs in Da Nang Center,"Đà Nẵng, Việt Nam","4,3",0,Đà Nẵng,Homestay,3.136.320 ₫,Không có giảm giá,"lh3.googleusercontent.com/proxy/-3wy98I0AYygwtRBTQg4Fr9B2V05gBAxD5Z7PORfjO3u1b2IU--GWDmnOiYCy4e2O8OLY7saOJIGdUrX20kkLnXGRzt9f61vQilZPkH22qcxDm0-EjRBLk9ouonvPLBdhDpWfxHmJsl8Z6LVvWCCRUMFaB75-A, lh3.googleusercontent.com/proxy/72KXJf4_jX8Qd09RhN4kvrMGMAfSY-hzg6mqosQbESK9wFedE4O6MLEsTsx3AnvcJJuny4V3nXqxcYEFzmViRtWMd1kGqgee6X2VSIglD_fns-g70V-wmJLm5bR7kxETLd1xpWxRPGTpAsRtq2T9JgxNZwjENw, lh4.googleusercontent.com/proxy/mEwgY7YNU8VzVh5quMRP6pnL_NPhEEcuZudHk-0Dg7GHamj96OzsubXtniSBUTgcD-7XNTSS7ktESDcgL4A2qf6vvfDxsf7IRWvG6pNw8K54KXU5o2A2BwuLgAVNTBk9kJ82Fv0JDA0skJTr7couJVsROhIBXQ, ",16.08023,108.21999
"URIHOUSE 4, ROMANTIC rooftop w/ airy space & flower","Đà Nẵng, Việt Nam",Chưa xét,0,Đà Nẵng,Homestay,1.138.500 ₫,Không có giảm giá,"lh6.googleusercontent.com/proxy/_Z6lBkLiwsf_o1QhOm-I-sMdjd9nvow9eWuCkphBwjuyTy3sAv6KAM-LTQzTIksXpJIBjkEHnNoie1yySnHCvV_g1YUefN8HMwZbrgJ2mcyXWeDavadFFrG0Dd2pPAuGLzZ4oH_fzmgX6iPlRLVVXgbj5gPmGw, lh4.googleusercontent.com/proxy/rAk9Fo2bPU_b18s6234KP1bCab0w6xlRErw9tKEflP7oIsHjJbAY2QGmmL-nTnzHHW6SYJRcXDlcY9osdxelu08OIjoePJNxKtwJYEVrbF-Bb3Gro6nxETyzgZTkqAD27QNgKau1z87FH4ytn6wbJImS5_8wvt4, lh4.googleusercontent.com/proxy/cv8nfiZm5DL4p90oqgW2UvpzLOUSaRTevhOT8KcUpedUTlxrtXuYVbe11jSiXaKVlsWRdJPUXpfLQE3_Fem5PiZ-Os_fYtA1CWCANzB3wkhpehA5Rs8VEpnYMmfBDfemg-Bny2iHuneaCV50mtYHLu1_NfLTQMw, ",16.07924,108.21495
LÚA HOMESTAY APARTMENT,"Đà Nẵng, Việt Nam",Chưa xét,0,Đà Nẵng,Homestay,480.194 ₫,Không có giảm giá,"lh6.googleusercontent.com/proxy/EG5Es5Afew3XDVJ6cxlmnV-ybzsH0At_mMRj-w-tr_FM6kQ3A4cd32FFR-heTWewmeg81vHlo1813PMTlCGOhcVbQaEP7iyp2GX8tQi0Gw5zTY3pEIgZqqYVpfU7a9EeF1IB3KkZlYyFSi2ytynj8b24ZooM8ys, lh3.googleusercontent.com/proxy/Dl6NCTbDr0YGT88G2fYD25AZcAjCgNxn9Iu9B3M2SHUFqBa7_eT3rcIoE7Tko9bEiiyyhxmHD6Z1E269ICIzgoaJGYw_-rILjyOXJXC6t142IWQgAsw2m8I3fTInFdrYuWBSDvz5SXERFD3L75-EhfyMwvqgMx8, lh3.googleusercontent.com/proxy/i4kmm5_f1ciVIGWQP05Y547xcYfH35_Lzwd2ImsbG7cQWIFDDc39QzJJv9AG5YQy7KQ7KfIchzKxfu8rQXI8NyykJF-vFbKc0iUVyU_1WlR0CkxyL0tPO8RcXCBosPQDBostj1228iVB4Z6ijHGkSkvxITrq2K8, ",16.06474,108.23219
Harmony Homestay - Double Room with Private Bathroom,"Đà Nẵng, Việt Nam",Chưa xét,0,Đà Nẵng,Homestay,298.034 ₫,Không có giảm giá,"lh6.googleusercontent.com/proxy/NPKAFwV75fI_yl-Umk9b11ug4z2DO0qHxSamYdrkCOLOpuhHcZVefXMBy_ZF1lrZBKR55OilMP9xm4wZNgENSTXTGwzLHfPSMw6_ECRjryOjAZdO3mUoSj-PDN5LQByRnEWepbTp2hrya82drG9YW7MHV0TYtlM, lh3.googleusercontent.com/proxy/VV3_F77ye-v8XHmFT1_jmjoNmbJgrH8wek4c5v1KHG6LVhhYlRjCHOnmY6EluI2hlZ4uc3ez2a23Pz1ZXUuhyt47QyksxN5G0_umKpZw0N92HPYbN97QMPkEr35UhkrFqtqH1mjSDt6oFgEVekjC2uuJ_P8xVw, lh3.googleusercontent.com/proxy/8vKHkrtAj96DDt-TtMxoEMgmKuk09_MQS9ruKFtX0FOS1rGHBBrOllRE9uMM5DuaxtmhkrkLikuivCwL5YQ50qmdQCjU-nnoDbX7_SGRjeX7ckMNSWa6WuayzkZVJqVrvJ_fdyWzAzfh-Ov7OBSehVDaNTkAGg, ",16.05999,108.20806
Carol Homestay Apartment Da Nang 3,"Đà Nẵng, Việt Nam",Chưa xét,0,Đà Nẵng,Homestay,392.150 ₫,Không có giảm giá,"lh6.googleusercontent.com/proxy/KcRG88bTqUqu2qFznKzbJ2Mu_8SBGnVtpI9xZErE8ApH6pZol5UIUEq4q6UoMExKVFrwh0dQyenkiNXktWVxr8xNsGePFENYV3lEH7_nvJgJsHc7rY1pQc2d51kHgNWJKIul13y9Uweobbaz3ylLHZ8zo3Cf2kU, lh3.googleusercontent.com/proxy/IUimGAtXQtc7447TOQo36ZkI3o_mbs3RyUGXLHn5MgxfGVksk--D8NXgFDQNIA-5aszLQpfkoLcaIsIaJkAliX_CwIaa_n3BxOnltXBhx0v00orPh-QJTs184wD-vEWQjSJP4Y15TCECGWoiGbtLsk6lsCMzbQ, lh6.googleusercontent.com/proxy/qIuPR78yXjxVwcbrLjtATmR-hkAJ9iIF6CxVgZdLWnfddnH0vSsJ4ViaHUANmGNd5gALbEPkvjMsIw-3o3OChFJVcHVrazP8ugvow4o6tCuwJ338dwW7j6aeq8TPx5jUx3uzOM6Q4SRVJ_bqgcKgswOY9fwl3A, ",16.06307,108.23133
Hà Linh Apartment,"Đà Nẵng, Việt Nam",Chưa xét,0,Đà Nẵng,Homestay,474.501 ₫,Không có giảm giá,"lh4.googleusercontent.com/proxy/A1EJDTmEdzrQd2q8e4TXKFhc9oncd9yyGOL3_Pa-DL5F8ZI_-4qNJX7nNGnkSH5VhMAajBuSc4B0GWFRoz0lqMT6p-8GslJyPjkxBAv74PLhrk7vql1MZP_0Q0aAnq2kazPP57VIhZk2AbFQcZ1EwmMB0wEm7A, lh6.googleusercontent.com/proxy/DsVzSV4V89LjE_pAGkWpGTRbLiHwYwypPhHn-irDdjpnV1NK9vcBoB3S1dBtS-KQvi9gSyDJUo5meoRNrr1O93hu1Qltbh5LyVJgye3P4MCBlf6JcykIu6fKcvkkrIGpfBiguffoUDnSxavUlHPJJa6zk9KBUA, lh6.googleusercontent.com/proxy/DrQW06V5AqMWQRr7O0Usxa6r38E5gm4KfPfGKMCqGI4l-bYoEkxm7c4xj5fnMWV6UKoOYccr6EecLlDFsa1bIXxvCN2JUy-gDhZAs_r-y07hZezYUTILzldjliIWHpvcN9FnsxQwfANlOOSEtDrKAw2Mj0IZHx4, ",16.06825,108.24429
Nhà của Te - Homestay Tea room,"Đà Nẵng, Việt Nam",Chưa xét,0,Đà Nẵng,Homestay,349.646 ₫,Không có giảm giá,"lh3.googleusercontent.com/proxy/fFHcIlte5PVaNc3E_yJ2E3zS9nsCpn8pWlnpQ15R0R9xuFsr1pgBqxbq0uCY_uvJOAgXjyq882iFGy5GRh4dxx1_qnyg-P0v31qFe4bjcw6k-aMVnZeXnsENZpigu20jiVjsSzBdP02rJ7ky5XynWk9amwNiGA, lh6.googleusercontent.com/proxy/1UMQnCahXW7ZaOekRUAYfiqiwuhvxxO0nqoR_dEv3sciHaa8DGBM6Qli5vHkYF5PKwDskaQ60vQtGekOQhn9z0xeNhG7WniW865sZ55vpy6LCnRXzB0GSfwgDudbJLfRIOfw0xLlSutQ0AYMxQYlwKlO0HDH2Aw, lh4.googleusercontent.com/proxy/vTHJmeHL_Jo36t14qjwn6hbSGGTe6YIfwrIozr2qcC6bi2QNcEKMHwn-KVwSwkmjqFXNvwpAObgNUM7AWXi89RNBdGMW86_O6-KnwRb7YwdSpJJKL4ed-EtKPeypsihUEdlfCTyi2p8Uh03sy8YJWZxej898_w, ",16.06279,108.17699
Oriental Danang,"Đà Nẵng, Việt Nam",Chưa xét,0,Đà Nẵng,Homestay,865.386 ₫,Không có giảm giá,"lh4.googleusercontent.com/proxy/gWgHBT6hr8jQyHLDTTPl8GHyHknG3bAiWvpIVVa3Ee58ivMjMvp9jWzOJuMgnlKpE4huW1Y3Plz0X-srbbd6M44LHaG6K0IhsNXcugxQRmmDbDXLD1VV58TwF83uLxyQp0tRBJB4z80mUP2h400P6k9wC2nJ9F8, lh3.googleusercontent.com/proxy/6PONBUD5nfRXqJABNsEqcE9bXCqE8Vj23_ElOY7XrSM4zN57ZV2RUpjOg_wW9Amq-MmGysWUoccSCFdqULfiUSgl86F29h9b3Jsl2fZja3V6S2oinnlCbhSWSS1-dK3c3Ot15owcu5uIhNfoqbXIRvwGA3FTOA, lh3.googleusercontent.com/proxy/W-ZKWT6FECuV9ytZWlosTuyRgO400dsmw5dzdBe0H6SwApHn7rkR6IEPFeY2DsUiNkzuF6MkqlGX1QiLWDyGWUt4OVZWiPIkFwqGaqpowMHbzM7iCV_YJ4QKniVm9Apft0MMrslP1GK-jrUr4Pw-xY3E-Xtn6g, ",16.06000,108.21322
Shelter Stay Da Nang - Deluxe Apartment,"Đà Nẵng, Việt Nam",Chưa xét,0,Đà Nẵng,Homestay,356.224 ₫,Không có giảm giá,"lh4.googleusercontent.com/proxy/6mOvURFoFJibLxmOTNUmNuqhydOn3bCaK8p5cPU5qHvykxPO9kcM48n4v6EqyWgQtavJvVWJK4Khp43NMoKTFkSnK0L8Es-StsFobXoyrcGnd7NScPUZn_6Zs2rej7Wdgl9ct0RDkw34QW8sjIB-r-miygDVNbg, lh3.googleusercontent.com/proxy/677S9_9NUGl4OvmQZ6fi9LWxjDInzd_3EOvreug1aDMEw9Wp8Fb4FsAQ7GUHShm_rv2VAZIik8Q8HYErmK4wqcYVjOxh4RTuDsp3wBZNmZhsPYEBUb-yQ05iJdnVFYGmkFpPp-ISQVQ-JrpzgjIwfizhzvkHGQ, lh3.googleusercontent.com/proxy/YFVjWyALVyXfGY4Qcwt6ibBh8qXJFEiF1u89b9fN_er2qRJgxK7eRMTpeLRYVL9MIaJjXrVqByTPledMD2L5ETsd4bPLhCc0nECIlOSS55t9l7wEXYwGd_lj_Y-Q3J81FUuuIo4Y2WM5LaoomhNGIpAAGv66Lg, ",16.07312,108.24289
Lu Peaceful Homestay - Economy Double Room,"Đà Nẵng, Việt Nam",Chưa xét,0,Đà Nẵng,Homestay,247.687 ₫,Không có giảm giá,"lh6.googleusercontent.com/proxy/cOLGGd_C0rjmQG0gxi5uJ-C_uP94qrqj-9KZllaNzYrtMZ4ZXYlbMdqTqkFFRo3lVeGppGSl_src_gs5UnzI2IoThcWXuWPfREXdOIZUAg_ST5rP8ylOjSYiJqkofbAVTW_AJ8gae1P4HHWI_VZ2w9lHCN2qLw, lh5.googleusercontent.com/proxy/-x4ImS3V-3s3m68bRIy67E6KVsLEzykydTpYz5W8dm3OS6hjgWQ3caIgRoUQ-x3StmwLrF-vG13DSYqQQSIiRqg5JU9hiDg50f6sNKZffVYt4POiIxlSKDH790HRbYPQqZ26Y2ZuzNENHLV8kqTMqFZBrfya36I, lh6.googleusercontent.com/proxy/n38LuIe6we7AFRlk-R8DvbQFc3MUnO07w5vGSHCjUyaotyJZrp4InwIT6RMDEdyXE9mZJ3GwvoElwxmrclm0AZxOgeKXT8YtwuMFIzTDABa9ju6krudEbheXNAZ5qtDDEy6lCQ2-DyQFBlrD5_EwO50gOYuF2ZI, ",16.05519,108.18915
Dana House ELC,"Đà Nẵng, Việt Nam",Chưa xét,0,Đà Nẵng,Homestay,611.501 ₫,Không có giảm giá,"lh5.googleusercontent.com/proxy/L-Ym7WTyCppM1O0tDMX9kmGLaYh4wo8BenzYFj3MgGoLnHd1o1auZV306JmFggt4Ixh2sqvIvBJoY6NtaZUoasm8wl3Hu5xTy4R7ycIwVEhzh4eKa7HD1gVaBZbgmMJ-gToUY9HmUddcKznOZLGEpQHu0noNvg, lh3.googleusercontent.com/proxy/LHab-DDJuqO-wsa9MF6XfdXZFpjEytjrMCwhaMFgm1qF7X_IWvnfEskQMHzeWK9jef0oFkaze0y8jqegnpyge76aNxoF1vANEOL6SyVNx1mfZNrYS3DdeNuW34uHWQkeRGXlzH1xNuru58n0K6_jAV2Due2HknA, lh5.googleusercontent.com/proxy/PO6g-tNNC997ajJ0hGjdT96JwjbsI0TshFAt_EJT5SwAh443zOGJlJLrO5n3cc-ciNimwCh8aCOnMDlFvCZkCOhutusRJeMmYogq1y_wdYINKSszgPJimR9NsTlhna7xJwEfKqXtfIFAlkIDoD3n-jSz5T0TZNI, ",16.06633,108.24006
LaDa's House,"Đà Nẵng, Việt Nam",Chưa xét,0,Đà Nẵng,Homestay,717.381 ₫,Không có giảm giá,"lh5.googleusercontent.com/proxy/2IBCCOKxDJU4QZfZ8IGBkQL6-l28Dvr9Kpp-Jk2H0kFgceysjLNmULN0C4uFEnJmkX0YSz20n0OLFquKIhYRE9OsKHP2Iy5tVEqfP4ZVk2Lpcl9Xq9y1xGDGtnY-UXrvl96NYQ7uetZL_5U-ZEyNdYmNgHcVtQ, lh5.googleusercontent.com/proxy/whBGHdvggtPz52WB6Bd8t1FMqiSGpDAJLP-ie7VRmyEV_4k4BPF81i_jNebg-TfLIJHbl1tBAxqVxY2AjdzHhBm5qau2MTzBL6CriGlPm4-_E8Ge0gCJUvr0lAsodiDmTZScYoS2eKC4gSVIGEsizAktHa-ni6E, lh6.googleusercontent.com/proxy/eywB8IU4zqGrihyT3UsPWUu6T1VkrjEwxMp0SynMvQD7kdarzwkd8g6ktKg8E77U_kPIR5-2qURVW1NiLLo9eFXK5wtTbzMWzCuI4WDEjyPLTZoqvuNU_uaIfymJjEgeyNLGWoZrdlv30wIJIeoh7Q9FTUTHrw, ",16.06290,108.22081
"Cozy and Quiet Studio 2 Mins Lotte Mart, Helio","Đà Nẵng, Việt Nam",Chưa xét,0,Đà Nẵng,Homestay,Không có giá,Không có giảm giá,"lh3.googleusercontent.com/proxy/FESZd55fX5nTyGKTCTKPaFoBK5Ix-XDYDplI9sYr6fWxD0KBT1wX3hoa8h5aNO0PRPIfO_ZpAmXqpDTAgXOYOyn-sD394RAP3AYb_NtT-QyeWksWZIsM20eUL8diwyZUlJVLuOdygnUXR9jvtkRRvx2Y61S6Zg, lh6.googleusercontent.com/proxy/sgog-iiTpIR62BLg0kKrJF2R1fCpnUZdJpEQCRmo29rOttOJ7Z_0s9tabijqbgYtJGUIZIkLpyM9R2nGanYt-ujMUTB_4zx1XgjnHEuqsqgI6BxTLWcpfV5G4bemX10QrW0RoJHYGI3Z_rsiQrIaDvJ3BXz43Q, lh4.googleusercontent.com/proxy/O7r03RF8d7gzWZBlc60JBwgHDDYrvwvdlvACFuvIhPZvRaBID0UefF-Egv0P3upJ5vX7Z9I2O5EklksgtMJBpK8DjhM8u-tvLU0iJlp2jzXmR76-9OsMkj7jVmz754QZM7kLwKvLzFRXrqNrP8nTZ7oEFU6CVf0, ",16.03507,108.23221
My Little Pig home,"Đà Nẵng, Việt Nam",Chưa xét,0,Đà Nẵng,Homestay,459.448 ₫,Không có giảm giá,"lh6.googleusercontent.com/proxy/aA1z73rY6Gd23Qxj8DvaX_Tq48XHUrS_amQDrMK--DFYSeLiKSDSdpzG83oqlvThTrXg7sOjESotP3S52122oMJMjXGzTR8OH_WI1fsY92sQkghZW_Kch3m3AhJdu4l-I-u2oEtdYruTP-xA-VutS446-JC5gqc, lh3.googleusercontent.com/proxy/5vqQYBZaNTfT2d7HorGd7Wi6rsuDu-IQc3_xH8DbhkCuB1CzZpx_N4asj0kRcvdNmEo1jhpTiRisreyfCb8noIwJ6pVfcw1MECPzPt53EDSXK2bjbtkIGAhzor-I0EaWNMC94IIjQNrN5PdVcItSn_o_79E6aw, lh3.googleusercontent.com/proxy/HgPhDcV2hHyxgZjwyUzQVKmdLZvqVaZwwUnRXh2sX4D7pDyaU2oFmQziGx1wJT-trKJFbwGSCBkG1qmeCa-a8r2uj96ku_VXq2fvqklKm2IfSYDL6mT8Rb8e6uua-wnQhtFQR2tj0orHIBa9gHYJaYjv-z5suDc, ",16.07049,108.23303
Aris Apartment,"Đà Nẵng, Việt Nam","3,5",0,Đà Nẵng,Homestay,789.360 ₫,Không có giảm giá,"lh5.googleusercontent.com/proxy/q5MlLys5pbmPuIG0NJuvcufXzvtRLCv_MiuqqPDwbWmD_q_tVRKNKQiQBjJ5Z2ueAd8Sa-GYqRH30guaLgLQ_H4MHXcRFJ0XBnctz5-DGO8pQF4CMAsKbUHUs1eJ70KUoEeSC46c4fTKKDatxgQUA93o1e3fpA, lh4.googleusercontent.com/proxy/z3GxjNi9kfW_ULTyctB--FpEWPWLhT6EKdXFYaFOgwLsN2hxuPPBlEYOLeN0QS7iVN5SECdisXWuN1HHZ6UVIfEHns4JVI-JkiAPY8_1QG5Rw4ErmUUCjrAE8UPdOSTjjJjSqWIKHMwVOp5l2NkztLVZBTW7pnY, lh6.googleusercontent.com/proxy/64zpnF7NYh7gR3c6O_j5l89-mmRcjlmOAt-eAwX01u0pdo1CWrakEdAQTq6_x2cKpzUtO4QuCk7bH6_xoyLQEzAgcg77XyZgIsUJxC_Vjo3s4SiHxcII2xTQxb20AlRIGFtpAs_3c7BHTnqIfZIepCZdjRxjNw, ",16.04913,108.24798
Mina Home Đà Nẵng - Family Studio,"Đà Nẵng, Việt Nam",Chưa xét,0,Đà Nẵng,Homestay,298.540 ₫,Không có giảm giá,"lh4.googleusercontent.com/proxy/X5ARx_R0qy1cc4RxZ-FxzkjOioeybUte04CzF_5HKaVWAbiVHuEm3UsPkQAzXbCqJ4V2oy9UFn9HRQ65XogPlfD3ky9-b3fMFTSGRqVE0S44s8yoZios0mXrJWygz5QB2AHEvc-xJu7K8WzfmJM3K0DkviMW2A, lh6.googleusercontent.com/proxy/6de7eDaNQvupS6IV2YE9rhhujpnPs9DgfFwY_TRjrztH2n41WAbb3qzXz-iMU5ReUGKV7libuTeikbMwTDsHeuYlRhOxhc9-k5TgJQG5voo7MRuokn_kyIVQWoQCg-NadatBDHGkyzYVmXz1Tr1Nx4HzIotrgg, lh4.googleusercontent.com/proxy/Nje_ZrQTkJul_tCnQp0wne17Gp4wOREquCCnRxjrCrICXNF8ApJ9ESNPI-Mar3nBVDfcczik4gZiFDBaBHASN6xKQx28kdhrRvoUXHZ4jEaBmcPDUskty2-66e7CdgtHSnuAAdCPIsaA2lpLT1lC4D-JVHZf3kc, ",16.05637,108.24464
Tropical House Apartment Da Nang,"Đà Nẵng, Việt Nam",Chưa xét,0,Đà Nẵng,Homestay,1.078.792 ₫,Không có giảm giá,"lh3.googleusercontent.com/proxy/qKWXYd1NGgcE9mgEsTQrw_CpXSYYevuCa_KWJ-JwCcgsvFtAQ_H7W5T-oPC_M1_EBQzVOo8wDXsTtEaocou_TYtdQ2eJYoK5AvZsL8Fv-71y6qPTWxJUjXyayAJ1FU-Lf7ONU6R2NZOVuC-SRxhwJQeTRbYovA, lh3.googleusercontent.com/proxy/KvF2NDyePK39Dj9nvrkfIBCp0Q2ZwGDacCh7xZOEjJdGffs16n81ryifQCNJCcTkn2-IwxbAu-cVRboYi-h5yIQonjeAyWubc49IAf1qIxGglqY3TJoHBmKm-xf2jYecUsAvorMPSA4QMs1SI-4iOSzajxfjeyY, lh3.googleusercontent.com/proxy/RuN9LkldNjwi_G5Yiwq1aHQglg-33dEHxAeQb9LZ03aQsR9BJTz7otmcW8MotrMsDG5nlMxv6EAD3r93bE38gkKqMJiHYu-SP4HGgw24GjFVA7Lob3KA18KkomMWzkoosSkIOpicPcffbEZTs7idTcrDXRE4Dg, ",16.07002,108.23398
Reverie Home,"Đà Nẵng, Việt Nam",Chưa xét,0,Đà Nẵng,Homestay,388.355 ₫,Không có giảm giá,"lh3.googleusercontent.com/proxy/jCg13W2RrwpJmpqE29C9kSc99HNlpsOEZu4b6viC4FSQIKIWiQktSI4VfOhzwOZU3wY7HMP8OX0bkYx0X-pHqFgMnagxt8sr-SfcppRrObmkqTrjOSGuSKQpvDna-psqTsyIpZ8O_Bze3Oz_YRMuFcsKyi0EvQ, lh3.googleusercontent.com/proxy/jP96i9a7EjkUKQe1SjH9JcDiT58NUat7WMPPrmsHJkdR_Nx99jGY7rXPMiPa2JSH3h68RwdZY7r-HMBr4oL9WnrvKeQUN2l4Wjam1DqmkXmSkxHPCRhUVuQmE1xuEnDPb72kjdXWDowSrt9-VFu3QXi9Lhl6fQ, lh6.googleusercontent.com/proxy/poGNstqxrUdpEk2vNpJAXEAQDytA22B0OvClNw-2ZB0RZDVceK8tTBflAsluI4A4LTUb7cP3ocr8Ug1FSwrXRwBhnPZQOzS82wNmgUt092vW3aZB5qx57l090BhbI_yMrV3zYMk4UqWyNX8yI3ROs4lD8CbEQh0, ",16.08444,108.21835
Olga Apartment Danang for 02 person,"Đà Nẵng, Việt Nam",Chưa xét,0,Đà Nẵng,Homestay,1.315.600 ₫,Không có giảm giá,"lh6.googleusercontent.com/proxy/D-6zWKOVN3FahLBCUqSmDLE5HvlO7xr6AffUwMQO7CloAaSQGkLRSYql6z7Vt4VthTy4mAoxltfEW0_EO5GhKi6zc6DwC4WbZaq3-yVrXY-ERLqKFlJtcFR1Je7Raep8zbIVslIHsn3UesdPW5l2R0gbpKxkIw, lh6.googleusercontent.com/proxy/Q_GPRLIl72-5THnN6W7PrE4Ign2DfVaLSfuI-NVcEuBeBxY5kpFRpSfhZQOUumlth1Ys_k8qe-v9GbiSIJ124-b4Z2pxOu2EwtiZsWOvSqSs_d6K0BagjutsVVEAtssm-61s-kM0aXYM9EQiXEtxyMwPIkhVKLA, lh6.googleusercontent.com/proxy/W9-uILdsVrLS9vssLfiA4ClCWzMQ2ucYw18i0-Ds1xN3MeNjPVpKDu44bU5xYBdpNW0xP7W5MYOuGCnriRn3Iswkb9LEfG0gpglcN6jexPnqf63SeuCtf2RMtBkby7LmFWsTaOlAVsRwwjXC_EZCBjM7h7dh3A, ",16.07362,108.22105
Green Peace Village,"Đà Nẵng, Việt Nam",Chưa xét,0,Đà Nẵng,Homestay,1.298.396 ₫,Không có giảm giá,"lh3.googleusercontent.com/proxy/VZmre7L3mCsnQi8CUqiWzN_TfvbeTzo9L4izpLmjFqX4-hG3WYfQjJH0xUDoLPUzE8J9tddaVt5-ilFgByMWzhqduoCbz-qjc0LW8mUR4aUVU8JVOjdk7cxRw_r8FqoQDSe4ysyb2YcSzuWQt168NtifiIYQ98k, lh5.googleusercontent.com/proxy/Zmoy6Yp7g8JafYSdvKW6FRafqNzyZh2f6gRkzqbcVNIwK7DmkzJoCPuKyTsCr62zjDPFGijYy_ZiorE3kOalcayKFSk6vvVFhaJb_MqzHmO8gBfLa_8Rg83GqxheUKqYrG274lt7-k0S-iDgYq7yP5k4PcgnCnk, lh5.googleusercontent.com/proxy/DI9RGPg8A1Ck7a_1hxNCBahmbEO_aZ7W-8LrJ7HsqutFhE6KYpHH5_MmCB_E7sDF7rNy9pv9U5b_ejSgRtNucs6vO6dpGt3Fben-neNDPk63Z3DuaLMPBqj4M3a693HhV6pLWnKIieuzy0KV3r7fMmKCvZuDnA, ",16.06791,108.23286
White house by Hàn river.,"Đà Nẵng, Việt Nam",Chưa xét,0,Đà Nẵng,Homestay,799.986 ₫,Không có giảm giá,"lh4.googleusercontent.com/proxy/MYI6cbY5mzCAdkQsAdif-jAleSm_KcenOsN-7s5W2kYAEtH2fcIVuGePNhYpXGyrX8L9gTn_X_9_JBOk6sQYLd566Cw4WRecsnYZLzHQGkHUpMeJa1pgSKrnp71vir5c7r4qzw7FxhDCX_EmqwSfgAC2dj73Yg, lh4.googleusercontent.com/proxy/ppwoAeV_Gp2Zmbcqy8Gnub9Ztdbd-IGPbwdJeH5loRXObUUIsxw-zMv5Ib0ApvVSZ2BfKWjiOxjhFfN1szI3o0o9fCpa3kaKiHfweIuJeuyr54aSfBt9waE2WjUy1CwLl33oC6bhDSpEpJN-gC6T_kOe1tpFNw, lh3.googleusercontent.com/proxy/DI3tmR7kmo9H3nuNfbyO1vCmmZbI1rHXrd1yB74yatwqPkDVSpIOi8B4ZdBTq9mp4nuB1Z-RDokVyhwECWx5zjv0cv4xtSSqCe724-AZy_9J2BzHmbj6J76nixr6XwarzGcItca9uPGclVOM8gNlgvk66wgE1VE, ",16.07517,108.22095
La vie house,"Đà Nẵng, Việt Nam",Chưa xét,0,Đà Nẵng,Homestay,443.762 ₫,Không có giảm giá,"lh4.googleusercontent.com/proxy/OPrYq-EqCI5DcHfD26PgFZUu7ZGBkP03YRxwjZfK1_yTssixBSyMUJv3HHdN1a6J9E8Hdddng5oc4vqz60scLMhoZMikgpTDAtM9Oas89_wrJincMr8RdYWjdJ4kaj5Mx93-6lzBo6290afAGY-ynr3PH6Hz-g, lh5.googleusercontent.com/proxy/Ce9m8kJhsDeKI6hm8gY92jaS3khCX0pswmN7fB5FdvIMqa7eSesWDYRcR4SvalrUdh4fAtgfSM0paCUSp7mk23ks9x18OTvO8J5gXj4MqZhu9Dt-5m0dlRYe6JYS00eH0hM2J0xewsPWIyrpkvjpQjQ-WTZaOw, lh4.googleusercontent.com/proxy/fg-hS0Uwv0xDrnxz9Fo3V7iBSIAc-leCjeqiS9Z7LXvWFjEO4d5w0wLfBCqlkzt2kiS4Ka0nJ1sCXtwKV0YY5qJA8L-ZqjXyNjSN07Y4lZYuFZKZ5aMMJMf49oI7Sk69OY9Y4a2Y93V0IHV7mykFnfIqz_6ynA, ",16.07666,108.21564
SWEDEN HOTEL and APARTMENT,"Đà Nẵng, Việt Nam",Chưa xét,0,Đà Nẵng,Homestay,248.699 ₫,Không có giảm giá,"lh5.googleusercontent.com/proxy/boTA6wUBkoQhlUo0nIzL_KCXkeMDRGO5_atxXdktZFinHKxoVXDTFfV_wfl8pFquFhYR-hoxB2U0mnnP6VotPCQIQegKToW5nyqPgzeB6ZwPmAjWcQePwbuotClCzT0iIB6bIyuL-3zFyADPB7P3mKF4M-kyYw, lh5.googleusercontent.com/proxy/p7qf2M8UabdnFyrC_7GrvhMRYg5f3cAWrAephaLXZce0y6Fpnf3CnqKyUTbzB8_iQAaaZmOfFl34qpqCVi7wfSEKWgppNSZhlD4_P1lWm9KwAQAbOSHksxUN05cPawMGgpoWFU6M0saXeBVoYSRvMAT-WvbmKA, lh4.googleusercontent.com/proxy/ab4x2kcQ0QcuMtgxDe3utEsVvv9TO4hXX9mqmH2eoh-x7DRSg2clOtYiz0sYH-W_eBrfx6INWrnaO1b3NFGzw_41O_hdSMjb8ekSJLbv55iTvFTaeBkX8kFZFbkfxvkkXOmmJ3lkO1DT5MoPS3qei4z31LaVZ_4, ",16.05211,108.24546
An An Homes,"Đà Nẵng, Việt Nam","4,7",0,Đà Nẵng,Homestay,499.295 ₫,Không có giảm giá,"lh5.googleusercontent.com/proxy/dr7J4lACi6MlXUYf29c8M8FF_6KuVTNBTsxauiAbtMl-PNd1kydD2HMWdto0haowsRyfHqJgcRGakcV6aJN23PoErUpYZKyeqDDhJzOH2aIPWrr-W3V7TewgzGXnu66l2DzXzIxzBaYrLvmefpzWHDuIBKeO180, lh6.googleusercontent.com/proxy/8qBQNHD-kFE9p3KREodxm59JBmRu5Z_FjZ7ZQs-83iQ9Vyhk92JK1pumDxZTRlgQc7p00eGJJezGamZ65r68HwPPAkWEPnaaU632mQkee3TGATO0klvNm0i5MfjRf6pwwJ1pACEGN5rmByNu2qHjww7mk9nOU2o, lh4.googleusercontent.com/proxy/c2s69iiDG7xc-sAVbXPqrIT3-LB04bn0Jd_fNYxPYcbpjAbUtc_1a04mZYUHWIvIBKjypRZGxdaU7LsTgHnR15X2gzUFlIes-P5nrPeJfvEc5TUfjAEd8IZLizAShjnyCsxyX9tqOP7GuRuDiDcKMCvCfT3E9rk, ",16.02943,108.22333
Song Cat Villa - 31NL,"Đà Nẵng, Việt Nam","4,8",0,Đà Nẵng,Homestay,7.500.000 ₫,Không có giảm giá,"lh6.googleusercontent.com/proxy/mXYRJ4VTZ3YhYfyyW27hChA63Edp7oWDzXTHGXveR6xvYk8rEAOIKESS3xUuJrG7oyg81FokKEGnMINLr0R6cozrCBApF-txjkzVSUIb3bSZaVgsEUu2K6zrPHvF0KHj6FLFPlJhHFXrtJo4dptiMPtCJTr2fA, lh6.googleusercontent.com/proxy/Ek1lvqqAFZrA3RkDP8wu3lwCeZugJ46V4UTEY4F9zdQsdILqAJYX3TR2ymHW8Nw_Hbu-kDKMjSmcOC4pQKKDCuTNP1GHWbDeIKxHktjrJ-A23K3n-q4QPKPPT-RjoBG_FC91H7Z_A60836KV5z9Kt30DFAqGnXg, lh4.googleusercontent.com/proxy/Ro3IXLOmBC818HGWKF_Z25wI_FsYldWNKiCAnZ7H0Q7KQD5AYR-p_5qwkREYlOSvTkrAJY4-nz2dzHKa7QsdOUyq-gvslWObHncK7wVVAH1IABgMpZZz2vRndzSd48D5MBxsVzzaJuZF6Nb4PvjJzFLrlEolCzk, ",16.03297,108.24101
Thanh Binh apartments,"Đà Nẵng, Việt Nam",Chưa xét,0,Đà Nẵng,Homestay,872.850 ₫,Không có giảm giá,"lh6.googleusercontent.com/proxy/dPyC3ekzq_fvSD03RQrxXHROIFPeH9-S7f17kOWRGWi7_3eBpJSbzZqEfN24eCXuNq3uMdtLEvqzeUXsIpA1Dxu7AXRahCZrxdZdXJQ9-9To26_PmV2N29aBp762xdIsxEKiFmiU02gXKsrcnpn88TG91sbtbCc, lh6.googleusercontent.com/proxy/AGv3orUWTA-_bsUInVT6lM9baKFGbGXasuSC_6rEU-Uuashpa9sG2OzOuCUoY8Tf-E4yuFCQUy46VcMOkqHwmQ3P_WIkoUogq6EKAeggL3RMSaZ1j0gDQiYjfViEWMjL2roRgp6Xjf1sKTGYNWC2fOrFSm8erg, lh3.googleusercontent.com/proxy/0H7p9rR2dQkFyWb1KLwAtTYNnM06q31adECTLb_2cZiBNu1G_jNlUDcaAup-LLAytz-yY83Fr_rrXgVGnMVmcgsybyKuS8SAGMLBzxJupzRTpzZM4fA-UOauoiF0D9-N_IlThiEq9eNYQyhboNjqlxRwUS4LX9Q, ",16.04878,108.23800
Zuchi's HomeApartment,"Đà Nẵng, Việt Nam",Chưa xét,0,Đà Nẵng,Homestay,322.322 ₫,Không có giảm giá,"lh3.googleusercontent.com/proxy/7VusIcIpcOS6n-9TlVVGwEm4QwJBguwIdAcs1su5Vnres7JJ_cXYSnVsEcfxnn8aRj8KTJeAZhAH04T_wcLYpmlgy2otx8_O4N5I0X6lib_hrcmz1Lfy3O5ACosC0k6fuyFvk4W6dbd0FuyWGHeqrruUN4q7SfA, lh4.googleusercontent.com/proxy/OnPmyDNDF5j7C1iSOXldMQZZXrdakvU-sn-daB-fQBxPBf7XdO8nfvovjhDW8v5KREr0sjup7Pk0YTLSROSBGEezgwp1gBZAr8SAEQyAK-EC8Xj1Mx_3PMDkmvSFVyJpo2ZPxot4dgqEc6K0dBGcVM08O61ZEw, lh3.googleusercontent.com/proxy/hunRF8kNnOH8EnlCHwFl36oX1bIHdjLXNdgizzHg0NyMax7ur6GGRYaBSS4g4a7_y7nIqwavr5li5K96J5zx5YH-JiP4U-4hW-LHxQGZzS2bGs7g3Na3TmdMfGvzrSq9skEI6bxFuYPH4kg1Ukp1KVxSllhB5gk, ",16.08241,108.23483
Samatha Apartment Hotel,"Đà Nẵng, Việt Nam",Chưa xét,0,Đà Nẵng,Homestay,415.426 ₫,Không có giảm giá,"lh3.googleusercontent.com/proxy/gc2QIOIeeZTCNBqDAGMCTBoMPbWwxNtnwxpTB5m1cRmeZT5mpP42REtszS8knN4dkkMif8OI6hLkYU1MbREFN2tus2k_VhDaJVXdxLbuvpLZ2IFXaN_0Pcv7bYXlUhYrZwAFHj-Jj1aq_-lblbltZ16zzUa7_w, lh4.googleusercontent.com/proxy/89bsqTfwygNcnxGw2ngjq6G_bl5gVbOwPzmx_EDZkHf2M-QMwNyV4gvH-UejIKxIRD9GR-vZHjZ9ne74p1MFiBRvSXmC1JXhpGUzryXzlh1N3k-oDvfFkQMuHitL4nfkOeMpE8BiClemljBUuULV6te1Q1I2CQ, lh5.googleusercontent.com/proxy/O10jc7oP6aUaVCyV13qBnlB07fXATzgaGXoJght_lAXPaa8A7nr8PfeBSs6NUs7EP_Dp4C-qt0WNIA28_KSUDvjPJ9M5t7C1hM0PKCtwftCp3gIYfqZ8JZTfBVXfVsmYvse2ADJKOgBpbCdguzzWaJf6kQhIPA, ",16.05303,108.24510
LH APARTMENT DA NANG,"Đà Nẵng, Việt Nam",Chưa xét,0,Đà Nẵng,Homestay,670.703 ₫,Không có giảm giá,"lh3.googleusercontent.com/proxy/HiAYlF9YkQT6l6-9dbVxLDcKo3_CIdt2nn4YMSTwagb7mVvE8VEFc_jwd38BVvRx7Ye5NuIBqKBrBITVArBd0a8jfu639sXe99BsEnLygx71siiDMz0UD1HY69PMy6DZeHNeQTCsBgbj-I4TZMxOU9K70Ka5R14, lh3.googleusercontent.com/proxy/1sBWNvmbWuxp1zvu_5eAGZB79ry7KruYgZZeeXRZifCeLd6f9dS58SG3xfjfERY7RjVg7NJidBX1HVxQkyH4Tin6D35ZUDni55oXA3vG8R_g9fCHtDAecuajDNGrihev5cNYbnZa8i-HUWtMTBLhS5lgxQGB-Q, lh4.googleusercontent.com/proxy/XzchW4f52EdjDENmpXMi3TaJorhIDWzEoVNUOFjKZbDi4D-22kX_GrOLjswUfi36HSwHNDvUITk9BSDoqMJHUTz2UDXwRKHyG17eblTh24GvgtuS0zG6PhCc74EYFwArarzkUi4I9pIHCF0HS2JmOQHclUHf_K0, ",16.05505,108.23890
Nhà bình Homestay - Queen Room with Balcony,"Đà Nẵng, Việt Nam",Chưa xét,0,Đà Nẵng,Homestay,595.815 ₫,Không có giảm giá,"lh4.googleusercontent.com/proxy/a352aq-m3tzUInUfcp4O0zmKxjbgAL6z_iSWvofG4H5rNkB9ANPR67jDQky7H1xTHTcOiaOU_6-TOznmJqStwa3YQ4Q6hRWwY5g52i5SyIi74uJmOKZryOft71t7G5S5hGUmibASVtPnSOrObQe7n9s9Pb5d1so, lh3.googleusercontent.com/proxy/xkt6XoULUEM6HYRsBXvNJ00F8IHeb6FGDaiNmiwlzjIyNnTRX1A8Akt_p8u1u5HxFuzuXSp1bRb9I2kOyxPwP5yEI6nUjx3rnsi4xEI7tRnKBxYgvnmd2qBbLn3H6G8EBZhmpXIuJ-vBiIfn8XRQF2N7W3tIvg, lh4.googleusercontent.com/proxy/MXaQ8hLlcXjjOUBJe89jDxAxSbPdfsF09zajA-wdm55JAiGlz_9l_jc2twxMWvMBrp3CNC0HAgqqoTaaS345QkNrfVy5hBpOVOTx5dzXimZk-SLG5yRsBH1jfcLcXS3BsuPRF3ZZ1FIKyUH3X4QY270oaTSzxg, ",16.06964,108.23381
Bao Tran Homestay,"Đà Nẵng, Việt Nam",Chưa xét,0,Đà Nẵng,Homestay,303.347 ₫,Không có giảm giá,"lh6.googleusercontent.com/proxy/HKXavdIAouFluL0Ucph9yDhZwfb-nJUx3rDgKcsTfdHpJJjZKclt3OLYVg3aIQ9acop4YvN6ZB_-rV4ORxGuOhDJ7Gn2gJYG6dWbMjtDzkWreMYVdOF8fdwvZQ8FpV6-EJxgECS_Xzhsq-4gmsg7v4CAhk4-aQ, lh6.googleusercontent.com/proxy/67hm5G42Trc0_PSHtuXYWHxCC4NVXcgdFdOMwss3M6QI4zYJ4mezdnxEqwTCoaBSJtO94-itRwjFWULNz45l_3lTrHs4WTpI4GEadF4usgO7EgygZaGOiWMWFNd-SSxMQCQt1pqvmVrjqbZuHM430ejeFjlRUA, lh5.googleusercontent.com/proxy/H33wEwJrRLZbNx0sKYGZoN-7h3qgwWHbBHYjO9swhfAda54Ho4uV9_bCbeyZVPgOwqOQkcMpYXW8z7jpvqfsr3dFvpsnf6SgZ6s98UqVTwpuM9HGSWPDejmWnZYUCuMMUMoOp-pB99sYKGbTcpRWr3S-xJJhfKs, ",16.06381,108.23099
Citypoint Apartment,"Đà Nẵng, Việt Nam","4,2",0,Đà Nẵng,Homestay,1.200.232 ₫,Không có giảm giá,"lh3.googleusercontent.com/proxy/jxj184COqhPhf31cxzO0FpV1Pnwukjf9w4XdnMvWPif5ha764JaU6Yv3Y4jtPBsCVYzHDr25lTDqE15PY3EzPPibZzHrfh6SFvg2lPaBwY77AaM5ioMerjZW9-8su2mve0cRgzsj62nEHyax2Dw8YKFxlWZf5g, lh6.googleusercontent.com/proxy/jHyimq6gcAXQSBJIol8HxwA3zGS0700i7MhnPlAfiXqrr47ZRj_MFMAlEpapBdOHS15tVQPViSZRCAJqnuPfwXiEr4CP21m95vaRBb5agQtZyVvhqllR1ZTxE2CkJ5vwpUz5xrAs_cNm3T212bpVk-ejZq6RMEc, lh5.googleusercontent.com/proxy/8_ZbMAGXnn4JXsyPje8pkKYkgf8SAX15rfxEPAfiP4u0EEzCM3JNc1cdC3JVHIsJZfi5YBjprmNu4fQwKCHVS4oKALjKhoYo_P5ZbYaM3t17dNOza34ugnhLVa41SPnO7EWzl0J3sKOe0OyJeP0G81IZMYSObw, ",16.06254,108.22244
Sanayen Villa Residences - Deluxe Room (2 Adults + 1 Child),"Đà Nẵng, Việt Nam","4,4",0,Đà Nẵng,Homestay,480.953 ₫,Không có giảm giá,"lh5.googleusercontent.com/proxy/6gTBQNwU0nCZGv7pu_bAZPLMDZcRoxpjOIKGWCJwYE1djQ32Y4tFVqSImx42ZmzUikoR4zRoRezANNh7zHR2o0QTcxSfYc4xXKJP1Y3mUeEthH-ThQe8J4I94ZJSy76pyHQkR9g-I4IjFVtVDGPCX5HTpIYcaiI, lh6.googleusercontent.com/proxy/_7V6YILItdTFXZOVku6SEXpC40DwPzvQUs1cy0AzKz3LbWOemrIH7JqMWRl70vEOhs63qwyTnEKYHZVO79FQiuihhKHo_pluuAGYb0K_gYNR35Eqjft3LlPxQ_HRfBiJ64KAmr7Y19n4U-K2KmOiWXgcftD5gg, lh6.googleusercontent.com/proxy/X8xQ7qeCh2tKtMK5Xp07cO-91uhFX6fRUtazaP4Km0vqZA66IqVxN_pCMXNIr_pw7wHtVGQj3HUApfzv0bZBus8QbtOYcIbb1aNc_5gfV3ZSMrD-J3J8ycOVbw8YQwmsRSDv_nBtm4ax_GyulHBS0xpI3rOjVg, ",16.07726,108.24420
Kara Beachside Guesthouse - Standard Double Room,"Đà Nẵng, Việt Nam","3,9",0,Đà Nẵng,Homestay,250.217 ₫,Không có giảm giá,"lh3.googleusercontent.com/proxy/r3b7Kq_dAe9l-n2EfCgDw9o3Fjv9Xbuf3PDl0KsbKyRCRPCUcqNgBn3K_4nn2Oq2m0F9krZi-MdSGISrcXuzpgrPngBP-bUylx8bMHiGbg4ygqWYMBloB6OSzZhzZCa7sz1YW0RntSyX5XCCsBcxzexZOone_v8, lh6.googleusercontent.com/proxy/aydLrkHBT8Jg0SZWDW-8hh7ypRVp92rtxX283L1BzLeiu7GFtqEjb0qSdSrTHbHxwFLaD1DkzlNUXfvGs8XVyZalPMuJc_eGCOSOoG0lV9tk6sVoW7V4Z96uCaa6OjcqzxUbUokWiW10lwZzu83wI-jmyUHbao8, lh6.googleusercontent.com/proxy/BRPSlPwHRsPvhxC9tk_BMghMvP1DnzSwGsMUHTsNDSObsNEQVDncdrRIbAwDjPx65As0bclrl0rpbQsdStLFB2bHt8y6Y1RofrdYYY2i7yXYGBTWrZClpd93_g1SnjEgAsU88cgcAi6OcRzQj_T29nZK50IeUaI, ",16.04457,108.24672
My Suites Danang Beach,"Đà Nẵng, Việt Nam",Chưa xét,0,Đà Nẵng,Homestay,559.383 ₫,Không có giảm giá,"lh5.googleusercontent.com/proxy/Ubmtdu7t1Lp610OadByGoUYLvNxzUMTyisrpYlYRn4Mf57uWLOmm5MbrF5IpCU8-nixnHSZkUNhQ874Q4laPLMR6oeNX7CfBsJD1kgYMw4cf0xgj3SYBMUw4o1_BdfefPAH9F2zBkeKa7xDCJMe5PUofBvhWbtA, lh4.googleusercontent.com/proxy/goArZE9lnq2DjgsABMKtsYOD0U6nd66I6M138sX0RwVD6ka1zSkf30dSSurd0AaaC3kH02xr2-d5D-lNQ4iki8GuBih0z7zqFsb0OwxtZ9Mgx9hbTVJuS2Lg6A-6X_IwlUJ3BbhSIbWiLBO1F-khePJJI-YkPg, lh6.googleusercontent.com/proxy/0mLxHCYPNsUPuzOC_Nt2xTnogkCnWmNL-x39RcZvEdP8ZZ19KvkWvOjxy7HmE4PEt_nICF0KpgtXyl9B4lb8a8mydGNtWl1VDuvIp73o8uyrAGHH-u6L_rlZRBvrLX3CZ-lat4zV24UIZaVKpK32k5vS7ur9pQ, ",16.06681,108.24362
NALINI Hotel Apartment,"Đà Nẵng, Việt Nam",Chưa xét,0,Đà Nẵng,Homestay,370.012 ₫,Không có giảm giá,"lh3.googleusercontent.com/proxy/vmRcyBNhzNHFaFdOuMnVsSe8AEF3QUATsqbHiJMBbCPPqcZ9WIOPvdtYkijsbj39rpTSrYYIX652dNqsSXty-597dAUJdYXtYa5lc-c-F4SrXs1syfRpCvrsRATk_JZDLZYzOHpdnY93NercWqloJ9g-02cEsAI, lh3.googleusercontent.com/proxy/eqoYyv0X0VC9_OmxTwmAJRQUp1k_49FhEVXKBcn7Xttbl11QUYATbXCS1Y_7ZR_bXrDT3-Z3mxroWQpYth_uKyNS3gZraV-Eipcnf66sPzm_yRbdwgoNaTs2q87JGF9MUe9SlclyAplSKYkJpVEoOekH9cwdr-4, lh6.googleusercontent.com/proxy/evaz1w_bc00AmsWpEMn_wbV5fjnSmzqZKpS0-2q0WrwIl1diZT8YTkDizTkBfn63gUXtLt4qAH1dGlb_a3Wui4vRBxxwbHY2rZMZ7oUeIiYAjPXTZ_psFDWZZ3ZAcYS5dOCBOSzGKPHPoMjKMY6AlVOxZLw5mA, ",16.04924,108.24787
Stop and Go Boutique Homestay Hue,"Thành phố Huế, Việt Nam","4,8",0,Thừa Thiên Huế,Homestay,430.353 ₫,Không có giảm giá,"lh5.googleusercontent.com/proxy/DJgu-V9oOVbx96wweJyGdMRX4xCS5aFPT4lqT3ggzRd9cunmIFoKZ8oQNWoEE_O0eSvyEHlGlJJ6TLQXuwsjwEEjqYi3EE5rMdj0c5DRZ1dCCKvPtp3lp0HqJ1WLnmM60pcSrQHGv7Ke7cuKhWo9q7nmJgxW5-8, lh4.googleusercontent.com/proxy/otiigy-TDKIGi3pAbi6gPnj28JlE6X1yanl4Px8hDF33V7Bmm3GhKUFTE0ZvUgk1kmgymZvz-3ZmnS--v-GYzt3bpWVSWrQlQF2rzysFXKN13badh04gAUTFhYmXYWN_mV6WloGCOO6H9Q5lUI87Ib-3R-1bqQ, lh5.googleusercontent.com/proxy/FKfOlSPDLHGiW1Cz6kbmvb-YAhlpBzUb0jUw3_hOv2v6z5A4EbYhrNXqkp5nfflhPtIXQoB0IZKyGgoy2f_9-_QipQwqz0iW2rdDBWVUoaUhv7PrZiFB1BrPI3o9SkCyNvgCkBWfSLAwrrY2Hc3NY_8n5-9J9w, ",16.46928,107.59699
The Purple Hue Homestay,"Thành phố Huế, Việt Nam",Chưa xét,0,Thừa Thiên Huế,Homestay,580.000 ₫,Không có giảm giá,"lh4.googleusercontent.com/proxy/3F5VJ1ArcRfLKDtb-YjvEm8yQSoe3T51Oia-ucvG5v88XdIQ2vjuoxcpjiEH7-Nk0hvoGDOF6QaFoQsztAtm7eomW6kfE82HTAT2NVJ3Uc9C28JVx9toUwJufGayGtK1NH-N7EZ0kbb5fRiXyVgvy4dpwzUMJg, lh5.googleusercontent.com/proxy/_6EpKoBa47Jk-9iIqvHRJH2V53rc9hWCK-Q-SCqpSTgXN7m6pZwMetI3mK8Feey2n7ewB7fNgILaj4MnSBCdEYB-vLDxihxHYzEfF1OnlJWHCq2_P7sas5jY5NC9UMewD8olOAaJvNpnHxzyCfzGviHcrVFW-fo, lh5.googleusercontent.com/proxy/DAlaVWl_0vYmsSz4kdU0HgOGEf94dk2qboRNk6H1vp0mZLD1gsVU-q7p_tf1F6oCprG5z9hzn5rphwoEwYjtmR-NvxwXlSyLVVfD3FVSx2wzfJ1W2_-EJwtghveXTbIXKU4p9peazXJlMi8AQV8M7DUoKW0Jww, ",16.46579,107.57010
Sahi Homestay Retreat,"Thành phố Huế, Việt Nam","4,5",0,Thừa Thiên Huế,Homestay,988.218 ₫,Không có giảm giá,"lh5.googleusercontent.com/proxy/pVF6cr69I6745NbQHeckxXvRH1egu05SiHBIMsHDqOj9giSOBRQBs6G_FZHUX_zQBjPmNXMzVhpiumniBgE1mN8hJKfnEegbe-OJ2hEf3KeyKzrjnB2UEcTsY1Bjb6FVZ9927G-q8AVh6VZ3L6dX2zHKrxDVges, lh4.googleusercontent.com/proxy/mcPrg6-Z1rN32E9XonUh38BgOu8kBqvxoV0E-WZjRE05wXc41gotHNeen6DwL0cLEoyo_b8eLPVsCzr80HSRnHiaIVpSMkLaN-GhVVffysx9Ul3IpePRqDu65GV8SofK5_mBh0uoF83WrnOwSzKPdmagKXwKQAg, lh3.googleusercontent.com/proxy/BQBZOiQRail6GNRsKADEjPJkOH4GjYcjfzVITuFQu8AQtEhNCsK0MBfjcmfEXuZL6dPphOnt_Ka-9sL7TtOgFRfdcnCZg_FYGrhUmnbLyse4AKxaRifIBkWtwg5Acz2okS9jM362no7TvTz-vzatzGZoBdsPaqY, ",16.45263,107.56503
Timothy House Hue,"Thành phố Huế, Việt Nam",Chưa xét,0,Thừa Thiên Huế,Homestay,1.137.500 ₫,Không có giảm giá,"lh3.googleusercontent.com/proxy/Yw6dK0WL6VN-ERHD__OMISfYG8BlZHcZrt3IczImUyt9KIBMuUrrT_KlD38fjaru6dUwjZ8BoZujTt_Ki_T8yomDZhh7uPmVzvmP0ITUd8RztPnIG2dZipAppJXniT8I9hR0Ys0nwjd0eguRN5EHpp1CxCJO83M, lh3.googleusercontent.com/proxy/IzVKiXicv_IILXrQCbVOxKNqi1Wo8MOv7rhHXPqlu5SZOUOQHWlpsXg45K-9gVZomIwHy-V7whs2vJl9zT9506RCrsJt5WNqqxn2Apspdxs23S7n2mgUgK06qwgKNmP4zrjx0EFsqiRsgwxvTGvEaMIZmNOz-qQ, lh6.googleusercontent.com/proxy/TIW5OARFlu3p8Rm1tkeGPSN2rBrjylpi98cgHLc_FZC0fWKkwNNHB9Ag3vQtGNDMpRKpdcayMJ6Lc7oLzU9Bs69XaH0KfHTtuxhb_V65kudf9ql9r3ufyPdkgjXEM8ytd_KgpJeICgc5xohUvMWxPNh3UJT2crw, ",16.49250,107.57840
Canary Homestay,"Thành phố Huế, Việt Nam","5,0",0,Thừa Thiên Huế,Homestay,276.276 ₫,Không có giảm giá,"lh6.googleusercontent.com/proxy/WxEcd8hNV5O7PyQ1ERa4LeOqQJbMmwDeMjUa1V7i59VvXvZ8UYX6REx9bvtGUvrGT6lcbwDUOwjZ8i88aoGW9ciLSA_X6rDOwBzjTbz76LO36n2NOrt6aXI1vPLU6S3RVr-IAw4GpYm8fzLsaUSOaXSyM-hGFUY, lh4.googleusercontent.com/proxy/__yrl3OHLwJQXQLa5Pqfc_446K9AawaQbjRM4hCI4tNceajBie2WpGd98jGp3O0FLnjJjOBWu0KnPsdqhb_cOcHyRTcTcb83QJiPXPQaPrKYycAZVvhhA1t3m7Yp-yJtZRF8MxrlU_jizk7hmHQMcZOYXlyasQ, lh6.googleusercontent.com/proxy/mwbTFJntk_Edn6DaW8J2peYeESl0EqHz5EaXxG2oEU71B7FOw0tD8GRU5DypooObLA2HiqRIuqyuVWS8lfA6NpekOlR1j00Yf8MyIeoJCrabxTdiomf2Enq4IG9KcF7b9nfPF8--y_0NBWg1nnesa03dFc_FwkU, ",16.46010,107.58995
Standard King Room(02 people),"Thành phố Huế, Việt Nam",Chưa xét,0,Thừa Thiên Huế,Homestay,480.700 ₫,Không có giảm giá,"lh6.googleusercontent.com/proxy/QBEiZTQPcRtEnfUydEuCNEHK5k9NPpyM3CcPJ7wDMhXsUIFPm7XCU4IOjtM39IF5GnnnruiQA0659jSbBvxZsDYZeGsGNXah5Zn5z7Z3OK8snfI4LVlIVJUvmDcz0mjyA3P5lI4t8JOSRZ3fuacyIuNbnX7wHQA, lh4.googleusercontent.com/proxy/Lm8BpqMVeQ-C6IB8z4sMigcuRn5usyYTB4ADAnt0AMbKBArmaDj_KTOHbSMPU_HUvtMl6bGwKZ-pbjwUqneJ5nQ_d2-GjfoxUq6adfYmdWeK22eHTQkby1ll3cawnplXrejfMmxstF-apPGSmVEGAFef_IfzY7s, lh3.googleusercontent.com/proxy/FJa625KAR_BdpLrAPBNJNzzGUxOS-ZouohWKIfWTcp42bi9WaReS8_9mt5r7YQihKLMgtFO_npm6CvgNNhYQboj_3Cmy_MCw6ljsiPpVHhUGTDGU5nmIj9KQlpKPRpE2QrMOaMezdP7r1FFkQfkNl4iX_tqfEQ, ",16.44222,107.57665
Homestay Mộc Nhi,"Thị xã Hương Thủy, Việt Nam","4,8",0,Thừa Thiên Huế,Homestay,700.000 ₫,Không có giảm giá,"lh4.googleusercontent.com/proxy/kcs6OPoVBcvjuL42sw9ILA6qGDXaE0tKDFgfoknGZZJfkMDw0fmBUhaf1WUX8MpgA9lhHeR-FkNfdMR_j-SbEhlX9TQpNoPNMEy5l11pW66xz7nT1DuYIqa6Ie-HG4v78DzoJOThkOBjKld4v25FWZSIAy4Ekw, lh4.googleusercontent.com/proxy/Sk20stQ3XmzwOkGidsw4YvzMTP9L7G2PxetkdX5yp9bEkqe6n7rzKQaMchF-u8FsUXdlMSYnU3p-cJV9UjAi1lZtME7kPfLmqSxRNdmJ2Pg787bf9h_aJfM9BH3byCcjjSQgdEnF6pv3JZgk-cvPMVcIZ8kMSw, lh6.googleusercontent.com/proxy/sIrjRaIRFc-ZIgjmzI-Ykr03FHqfdrUlFIQF4EZ26yMTbhZ1prlOL_8wSFSfUvgzDqkCjE5ZGUgNNMejZZL3Gek05-fDTY8admtFU7ugdst0MvqJ4VyG2CTTe_7qcpxCxmOCDmkjFEeep7fraqgVlvy4A8KsUWM, ",16.44720,107.62013
L’amour homestay n cafe,"Thành phố Huế, Việt Nam",Chưa xét,0,Thừa Thiên Huế,Homestay,375.958 ₫,Không có giảm giá,"lh6.googleusercontent.com/proxy/dPP2HdoLq1uHR2WWzxOb4koetm_q-J8Gxvm10KvEKFpZdX6lN7Ycp6KXMa73AURFcAk4xiI7ZzFordTVPumG2cu2GbtLr6m_XaVqMLQMmU5Y0tPbXc-sicRRuwRsxyAb0SH4eHqXX71uOXbxJFpma0dJk0pSxw, lh6.googleusercontent.com/proxy/ioS4N_w-KypEcI6S1RAwJR2VGehYZ-jNnJDr6rn9McXGvKYLjlDwklQTfMdzSTrwBT7_AURlcC2vCDhpA258GP9CD-TCzXQWiG3MFtEbKz1G_mA5HidD93Sc_xFWPMjzn0CqumLm4QXFhPJwjgSuVENF7vhHJw, lh5.googleusercontent.com/proxy/uRY0705SgSyw0cm2za8mz4XJb-adWw6HeuNLzSDrq38hvItSdrcBlbHwgTKrRbqAOBVMZeFMmNpcaXZQW1Ka3UdqgcZUcLiCnku5jCH2hNfFBdhPmhQLyQJp1_5V9UaODEGqpLvkSBlvgibY5XwEzgRNZmDaeg, ",16.45747,107.58265
"4 guests, 2 beds, 1 bath, a garden","Thành phố Huế, Việt Nam",Chưa xét,0,Thừa Thiên Huế,Homestay,936.100 ₫,Không có giảm giá,"lh5.googleusercontent.com/proxy/YFxRIuoNger3SUq4odhNts_6uKGVDmoHiAT_kV7evHvJkyLR8KeZGOQvAv-E2MIUYXkIFH_PEC-zVbGppx7uCAjpD5QFreTPM2TSjShHR86jbdTjqPiGanP-UKnboOqGGIf4gPCVy4Qk2T33Spa3quw8wO2ydg, lh6.googleusercontent.com/proxy/PmYQ0yQXV-L6ImjOwycHyB5qfW-J_JIsPNb2uglIikPtFWPVNDH4_nLzrYjJsmpQwMpTZ8Ri_h_mPbOOURr_84VXOgp05TbYfTE9yB1DJAgo8As42JX3iaQatY1y1_UTpqwVcOSI-b-mTYrQK-t1wvXoDd55fSg, lh5.googleusercontent.com/proxy/Rgf6s2_mg3RT15-Iz6tMA32-aNDSq9c0My0FnUOs6p5DVshzljXU-SaupNxWvowCNx-jEfz34f8j2QvtGqCdOFBcfl-EAVe78_AImVj71NNLdiogpCl-_T7XcyyI-aHHVC7g7BpVQaBG3XmyoVJ6GpNncYI9NQY, ",16.47442,107.58241
Deluxe Double Room - Nana Homestay Hue,"Thành phố Huế, Việt Nam",Chưa xét,0,Thừa Thiên Huế,Homestay,412.300 ₫,Không có giảm giá,"lh5.googleusercontent.com/proxy/4wpVXbcs0GEjksOKPeYxGUvsYerdA-b0yDs5_qOhJoDStE-7ZHTjCtuHBjgTMuhkyG3pTkxPELtBuKNHrg7-4SkZxQ87dk4z66-AoXvYxDP86sBXdZ70MmEhOxrOU4uwnMXg8DCeua8w96dR8MAqeLAaOj3qtQ, lh3.googleusercontent.com/proxy/Jc_BcllLxMqQBhYBVhuv_ZZC09re1H08PAzVwdekdaalBpBCYO83O0mNO2ZTNQS5z3b0QZBFxRihMbsqp68Eiwn1OHBaWvL55PKslmbYJvTlgz8WEzuEbkH1CzNMvOPdTHU5BcWnvBjKNdLEAcxv1vYNgZ7p9w, lh4.googleusercontent.com/proxy/rkD8LK9gsIKGYBkU1DMXy6mX5rx0GP5BvRESdV0B9XOg7M0zJjXCbEYGw5mh-mhssbrhnG95_MV_JQnIplDJQ1EW0NUNXWZTX5iyF404naSE0iA31KcdOtHQGegpIe-UvUIpC7RT9MOtLHCSLvjLqIEUXTzyPQ, ",16.45621,107.59433
Memory Homestay Hue,"Thành phố Huế, Việt Nam",Chưa xét,0,Thừa Thiên Huế,Homestay,373.807 ₫,Không có giảm giá,"lh4.googleusercontent.com/proxy/ps2mC1X2TSaUkQJHxZdT925tsDiFt7TpNNaU7be_QgHZ4XKiIsBIyZ6aTXTpdPBcPC8giTjByobkHKtlYtrblM5RnW_5j_640g9fN2i2Ju1nckEHcRIBLukBDOpupWKLJq6sCao8dQI6gZKtftbqfzALvxojsA, lh5.googleusercontent.com/proxy/RKgI6lyTpU5JA7d47qNSc9vTv5GgvDxnzDUnhnqwxrKtCIJX9uNYFf-aXbEQwNkkqPxbrHEIO8UMGC0ayvt51abvPmaN0GoiIGub09uC2dKkS_ogctrl-1niXqRX3ZXA8uT16mSOY7EPau57L-CRKnNN8CwW7g, lh6.googleusercontent.com/proxy/G9Lmngpp-1sfKaktllEO58wOmlsk_e8HxusIswQbgfO6Naq-9Eu1WlGnx4RVGfuH18A5ax45u32z4Z7Q3TX8x0-sHD-4CbHKnPXn_wnO8TzBBDe4PO6MbQ2kw0eI1PGTsRR86JGn4XU7gkzvG_Rbn81G-LsfQzU, ",16.45896,107.61152
canary homestay-We love having you here phòng lẻ,"Thành phố Huế, Việt Nam",Chưa xét,0,Thừa Thiên Huế,Homestay,276.276 ₫,Không có giảm giá,"lh3.googleusercontent.com/proxy/fIALPHrxkeUoIRXpks0QyH5mPfXN8egcPJ1cIRpyhZCEWXZfle-7I-MZ7u94HZl23fSiSfUrbrifIz6lnciklMAH0_gnwqCyFfQ57vthfYdxdT0fa1zeNz4TTa9OTPpxHY9PDRNZXlzrGsD_g2ig1vhqioyX_g, lh6.googleusercontent.com/proxy/PQH4opfiL7bj7LvOf9QOQw8oGpfqsv3SWf0lyFTQMxJ-sxEQ_DLk5hM6UUCdHYF2sX4FAcs3IiutdsIxNyNRDDndyh3iT4iw-2R0YfoR7orCV5ck-jK3f3k3HLoypqJQPxd3gBs2EI2a8Ztxavm_Ttvp1xXPmA, lh4.googleusercontent.com/proxy/Kb95b2bcYewRgn4dKV_3u7rhnEtchG9xU81VJGb9v-fT4OJPt5DaR3pTMIgowlHQ6WxUMlilVXNSfGNdaHHPYWFAyfTWyZVwIF8R2q78ev41SgYIlyptCrm2EzjWaAxMpb5DFZUyk6Jfqkxrd9jvFNJ9aSYq8iU, ",16.46013,107.58997
Hue Homestay Riverside,"Thành phố Huế, Việt Nam","4,8",0,Thừa Thiên Huế,Homestay,799.100 ₫,Không có giảm giá,"lh3.googleusercontent.com/proxy/gAzOftUSOzQRZSOuJU6I1q6dV86NJdFDRzztz2QfYTRakpMoHxRDHS9HLhlduNwDApzviMp39Y9QVdkTFSdHHEvpZsCGmnUEOcwgHwiBaG7sNr1MDD1yfgrXgHLsiWAKoI_Tegr0HvHncFEBnFc73sGGUufj5oY, lh4.googleusercontent.com/proxy/Hss0x-dsPuA6EkMGZS4jsdQrfcJFF8C77A9jZm_tEeTinviTtU9HKNZgiG_MfJIwtixWYq7JZOK8SXhtlInHY2WT0mbTYWUSj9EWdyJOl9vU2JVWuyONoR34ThO5uQSLtjU1SANhwme9SMCIZ8u9QweG5Q1u--Q, lh3.googleusercontent.com/proxy/51cFdl7DS6RYKqDbz5USLaDXx9fZKPTEhA-7Ef34LoMGJy2DNx3RN0kPdImJufQW2fOuAIHSzEB8IblvOHliD1hRwaHQbdtap2WrabncXgrvAaXVfoAvnhlm4QKfV-pMT1Mge0rCE_5XCMnKSG1PGL3reWPRAzU, ",16.46962,107.56665
PucPu Homestay Nera Garden Huế,"Thành phố Huế, Việt Nam","4,1",0,Thừa Thiên Huế,Homestay,535.500 ₫,Không có giảm giá,"lh3.googleusercontent.com/proxy/czsfz5RqYWLyXSkoTgDk0Oag4etzttrZGWiNVxTgTI_nfvHnLvzABZIUQ6orN1aUm2JulxF6pLsu9uBElpvHFxoOZUbNWbAzi7IwlcZcUV_dehMXAD2P_tLLltnU-xjmmWiNvQg_ldoZ9FZ156Lg_4Flq0hi9w, lh4.googleusercontent.com/proxy/DpgfSUJ_Ae8m4LsRoivKFsu3iwzvE1gITPkIOwkY-8NvK-2ajUkgrYZ0pbKLz93UmGuaOQNW80jgG7v8XaBMFeZqD5XlXjiGDNepPY4WAPY0eHgP_rVeUNFEWcb60En2F9cQurGCPLm1yJwMHZsIF1FVF0TVq_M, lh6.googleusercontent.com/proxy/wesqpcMavYkwQdx8ppdMvuRAzG_GAL6s7JPOHpRShiL_ydzNzZpHxHaPxyCSv8bviA566CeZfW3RQB_D-be1vL_5w2xtNl0lLXz6Q9NNk1V7GvVr9CDO-GGmXSd2OEPO2Y13v-29Yp_I6EL1CCHsj70X-4R6Bw, ",16.46320,107.61708
Iris Hill Villa Hue,"Thành phố Huế, Việt Nam","4,0",0,Thừa Thiên Huế,Homestay,1.342.671 ₫,Không có giảm giá,"lh4.googleusercontent.com/proxy/7VE9icyz6beeZNo1yv58IK0fJkoeX4nITEKO_FVs2l6nDRCoj2GpLbUSr0KTsnSDFy6lBsKwl1LaSGB929RsBy6cYPIrStmiOrwLljbZWtTWnE_xlQ2lMuLWXH4FazWb7m9KUTpLqQe4rYu-oU3wx8kBLGyzPao, lh5.googleusercontent.com/proxy/3yXTypPmdP6P2oi4TvGiJx7ZCK7Vdw0GWzRvTYvc49lnC6rU4K3SCo4S-1vI9hw8PsjfWfDTh0xm6Ibpyzd002S1Cu9wYEdEs1Y3G-nLjkkZ7twxNzyyTe54Xo6PYc-LcenA1_tt0GY3nPK6ZTCnXlph9n6kM5I, lh5.googleusercontent.com/proxy/_io5HtraXSP8Xf4h2mBn1aWK6xqClOngf9JPeMEjvBhAZ7eLvJJw_keWnLdsDRemEAA5K1OkKmvRRFT6Q_FbmmP2h__P1NV7GbTsUWc_Gx4s51N8BWH4iazV4RgjxaWaubx3UZ8deV41SKk9tEL9NuNV5VinaGo, ",16.44125,107.57581
An Nam Hue Boutique,"Thị xã Hương Thủy, Việt Nam",Chưa xét,0,Thừa Thiên Huế,Homestay,777.089 ₫,Không có giảm giá,"lh4.googleusercontent.com/proxy/lfL7evi9J-2L1qeHNo3YSE1yKVPFXRF4tBInRM_AG41i999h2cflHP7xhbcZrJoxKZAeKDbY7oKO4S1sOr5gJF2lttkTFRBDe4Z5oQOlZK3_jaJxEbY4Be7_CpBpYSsWp2Dv_ZOhIB-iqnBAjsldFZs-GqGMlA, lh6.googleusercontent.com/proxy/9iAsgRMS7snPGtFIGc-lsVZ-UdMyN06TxmMa7S8iyXQhE5eTAVCCOxd9LDLeaxeLL2UGukifGTKzq-dvre_juLPsa4NArssA-Qbrp1CUlbhCM2X6Ir2Qrcwid8KyHMv4NVLFnjfjvfsZy7T9sXL7Sm49MmjXFQ, lh3.googleusercontent.com/proxy/k-Kw7kEgvYWmS6bCLfsJaB0787mspCzZZGN8UcMBXzygGCQKcRan9MaIFyVaeKmUj5gSpHO74YpKjqgAj4osX1VtiQHQ1E0L8UlrTEVt2rkMeNgBQ36B5Qy-8Nb8SBYqZbS9TPmJ_1l3vpkpxlxvdn97TLbZUQ, ",16.41612,107.58692
Mina Homestay Pool & Gym free Nera garden,"Thành phố Huế, Việt Nam","4,0",0,Thừa Thiên Huế,Homestay,702.000 ₫,Không có giảm giá,"lh6.googleusercontent.com/proxy/k1TIADtUB71qAkCX4O4sXKmZPi8Ap5Ok4KOur2gjaqFKw6yKYUvn76G3VizqYGSe-z3OLDdqAAUjr4y3n0hyBXiu6zafYe3XceOVJCOl2AKdyc0N9o9ziUOHJPePbe7U2ID-IJ1rNJJ6Qtn0mYA4VjtZf_IqGfk, lh5.googleusercontent.com/proxy/_iOAm7eeEztSndzvFY2-0nEAgQniqITNjOCbjo_eoVtYdIOPoT98Mk-B1dd4TO7JF38PzXRNgTOyrH5RD-z7gUiphXtxY1UQLk3hKH8iSv6-EeUSAir_Qjg6MHSfrSeOJak-99cgw6WLh_4Ee5l-fws0Gxt4O_o, lh5.googleusercontent.com/proxy/gol2q8I0XMMID0YFBZukPMmTEO43IZkDft-2Ai7VqyroYyl9I9gibJPqFVhgzO4u6xo7wlCvMg1Vq_1Qur9pMRkMYUDwur05b4Nj_WE46BDWY6wBmaB1xZVhCBM_ZMIU0kH-reKfFD-yjagUsXKGQYez6-Z_NA, ",16.46336,107.61729
Full villa with 4 bedrooms(11 people),"Thành phố Huế, Việt Nam",Chưa xét,0,Thừa Thiên Huế,Homestay,1.518.000 ₫,Không có giảm giá,"lh3.googleusercontent.com/proxy/e2uRkZCjrONdZFG4LZOkO8DJ-0Z44icVuJP-yp-SZEu4pDHH7JFll20zCi0FACx_pKGLpt30mF_SBfa1k-9RnmCkHXj7THBOZVtoT86BA4NSSagDb0RQXWNjD1uzM7BQ9R6hLukvgABIpQCXwAir8rCHv0lKSlA, lh6.googleusercontent.com/proxy/zhvLIJrJ_uYbNnErsrAfPfNipH2P27pglVajsD2FTgTgyX_IGVKyY3akahAaY1561QzAhqCebxShS-V_2pF16lXjt0hFS-puy-fiAiMuwXL1NWZEKwniTv2nIyMCEffDpQ1347KZYy6e299_yp7yN_kbh4oXt1I, lh5.googleusercontent.com/proxy/iZO36LuJr5DHTnRbpeIehd3MaBD66bmcZ-qQpi-WVmIVM59-mNquh8YHIda4KVormHGyDk7V1EYY0GYjFPHQUJ7FDZuwIuOW1-pL-n1aXhgJ4Vj0imqbB79rr14lTweS8UIAFii9f5v9dpmLldKxh5h-pbQxrA, ",16.44222,107.57505
Stylish room with garden and pool (Bana-leaf room),"Thành phố Huế, Việt Nam",Chưa xét,0,Thừa Thiên Huế,Homestay,646.453 ₫,Không có giảm giá,"lh6.googleusercontent.com/proxy/McBsJG31pbnBbJ0SzCWDt1MXZ3IZLXRgnQ1fqXGZYq1YVDgJaT144RAf0M9tIQpOePOKXbQ2sYIY0OH3Jb78IJBaf_Vp-PmrX1-M18DuKf3fEtluyviU28gv4mq0k4rdZYmKQ12XNdl6Z6r61HHNo0avOa8x4w, lh5.googleusercontent.com/proxy/-oWkCejLRA7q_NVEtjgUjmFGPhlZ3iIiCSDeSzeTMsogSPSNEzYtNrVgg2I6RshryBpt2p4N4i6knGk5bc_Yr5mlaQFfl19jrbFYQYXcl1LNGzUVr5ZQE2ZmbSNjKEv53TtlFfbxSodnZdQqTCTbPGqMN86ZOT0, lh5.googleusercontent.com/proxy/iNlA4cVCS-uuO3F_QEOzJrd0qWOyY_PNPFV9XbEFad9BmNQ5LAmpsHF51VpzdtodMqSEjhfuV0NuUnc0UtVA2r2NwTlfFdXUupRnU174yuNSASOWowH7At7qZ-wdvpk93neCc-xQ3uGiigeBkaek3cBQaLOEM0s, ",16.45233,107.59438
Hue Sweethouse 1 Homestay,"Thành phố Huế, Việt Nam",Chưa xét,0,Thừa Thiên Huế,Homestay,449.454 ₫,Không có giảm giá,"lh4.googleusercontent.com/proxy/28pGTkVIV5cwFLhXZbllHIhy4UVrseaJf3H_9CHtsSyHpurZIjkMBtz_ZDdr3M9eqx5rIz9NVC_2WpIJT6q4lqulmAkThZJEgqSecOeQqBVFWUQMS1zo0o7fa9U4KhCAsKNEmdL6k-0-4UpTpraDEtLB5WlYGA, lh4.googleusercontent.com/proxy/jpVhnEcFwiOEDmTE87yrWoFfUQhLp_Sia68oc2-h_u3d0Wk7PjMdvgY8rKm6M4i6O6kjET48l5Bu7zXqQfwxYOrEA3fs9auqdLY46f6OjgTIa7kUd7iIZVPPqfPXUGdNGsmP0UuZFYYsoLzQnVuEA4Iut7JJ7g, lh4.googleusercontent.com/proxy/SkXm7U2XsYIWrABpcCmBEnYwy7SeaLjln1q8Exv-J4WTPz7cael5MhbMSMVCUhZFsCVtJk8t3B1xp-5mCrjNcf4kjMx5b9L3AfkpAVCaBR_yr1f3Cmk2-0e7nZ_cw0MTI5Jd4F4UErO9hngMC_tv0ZDejL1Eg-8, ",16.46412,107.59349
Homestay Huế ơi 2,"Thành phố Huế, Việt Nam","4,9",0,Thừa Thiên Huế,Homestay,608.000 ₫,Không có giảm giá,"lh3.googleusercontent.com/proxy/OQsiQFyhq1rkxpBqWzqT3zgEbCWq-0ca8WUH4AvhsINJqsa79VK_FNvWCNIm5ROkydtnK-sVjdX3k15d8nqFOx247RYksaMgawJmI5RMF8KPu1O0ysG0K_2mUMgfyR8FXB3utKUw-ASFPuZwUak2eZQl0fk_-w4, lh5.googleusercontent.com/proxy/hEWf2assuLd1LJeN1XHdh2DBzdWW0mWPrNSRt2L92_kicdNdiVXquqXfbf6gep6bzdcx3uXT6H732SvlVyXdtU33MWrBameJOV6I6IWz3xspuLjcguBtk8BAbnB2dINUEPupa_alO-Ze9JP2KjgOb6qJv_kwfQ, lh3.googleusercontent.com/proxy/c8RwQfJcySCsbqsRmlBVGDtVc8ZLA6SqeQ8fRsxN38N-moX4iVaFOxXmMgJrvAuZyP32XnpLT1P1rV7RBeH9oA7h7bMyg7C2kFVctjduCIfgpTMxfqq5nRP9jcDsqAPky_knlv8UMRSrYx7Ee0Md5bASjPDFOA, ",16.46350,107.61688
Full villa with 4 bedrooms(11 people),"Thành phố Huế, Việt Nam",Chưa xét,0,Thừa Thiên Huế,Homestay,1.518.000 ₫,Không có giảm giá,"lh3.googleusercontent.com/proxy/e2uRkZCjrONdZFG4LZOkO8DJ-0Z44icVuJP-yp-SZEu4pDHH7JFll20zCi0FACx_pKGLpt30mF_SBfa1k-9RnmCkHXj7THBOZVtoT86BA4NSSagDb0RQXWNjD1uzM7BQ9R6hLukvgABIpQCXwAir8rCHv0lKSlA, lh6.googleusercontent.com/proxy/zhvLIJrJ_uYbNnErsrAfPfNipH2P27pglVajsD2FTgTgyX_IGVKyY3akahAaY1561QzAhqCebxShS-V_2pF16lXjt0hFS-puy-fiAiMuwXL1NWZEKwniTv2nIyMCEffDpQ1347KZYy6e299_yp7yN_kbh4oXt1I, lh5.googleusercontent.com/proxy/iZO36LuJr5DHTnRbpeIehd3MaBD66bmcZ-qQpi-WVmIVM59-mNquh8YHIda4KVormHGyDk7V1EYY0GYjFPHQUJ7FDZuwIuOW1-pL-n1aXhgJ4Vj0imqbB79rr14lTweS8UIAFii9f5v9dpmLldKxh5h-pbQxrA, ",16.44222,107.57505
Le House Villa,"Thành phố Huế, Việt Nam",Chưa xét,0,Thừa Thiên Huế,Homestay,2.220.075 ₫,Không có giảm giá,"lh6.googleusercontent.com/proxy/t0-zXN7sTxECklBQD0MLSqULbe6z0PbrAIhmiYILQJ5H7yP43ARZk2SgboUpJzPaoQghzUk9-WOhW4hFDbsZEPgAhpWwBp6wRVqtvRVFLMpGaB4X3To4uf9E1dhWyiZBVT8cTPIZ4WxpYn92UENlIXLqUusVdYE, lh4.googleusercontent.com/proxy/IlzZQjZS1vgS8x-iV77WGVMbisvGcsz-KBOpv_LhJ7cYiuXZ5Vai8coCOCJGYedHKc8qxQPsifJJo5BAneYp77B6c89oSeC-omM2rbnLMd_Klq1xAXtU_h2M4zeq4BIauRA7Vj54ZgHH8jaPBHKb7Ind1KtQYA, lh4.googleusercontent.com/proxy/ra3-YvgPs_0m1KsC7VdneP1r6aDk-AcNdKdBu1gIc8jXZ0Tz19BXW_feigatpGIjnFBTXfbzvcjdL9y24zrLBFkcC_UomzMGyrp3SUPDk4m6sxoi47l8DfrHH0MjpOEt3Ib-NwAbKTlH6zwq-i8z-fOZFwlVSA, ",16.46947,107.59732
Nana Homestay Villa,"Thành phố Huế, Việt Nam",Chưa xét,0,Thừa Thiên Huế,Homestay,325.105 ₫,Không có giảm giá,"lh3.googleusercontent.com/proxy/OKuxULykD0zdCYSeUHGrn8Y8mOh9tjSJHBlo_6gPaSiP0DZqe2qV46WMnRGR52EcOdgivzT2azlokcnRQbFee307g6R-s_HdAgzxt2y7-lm-rtg4K_saQPRlWlowhige8CO2v-Ignu4PogUOgOFeRJoDHCGuC-Y, lh6.googleusercontent.com/proxy/OCxPhtDRu-726TBVaPf3hk9z0Mud8eKJcw8Icq8KnZZPwHDkdOS7M39tUf5XUqVsmka9Ozd0UkbKwKS432a1q5CdrhY5rqwvVtGe_TyKbW2bOg9HPcyPvwtaPpR6fa-c21H_fqW5Q47z7sj6lOePLfnhwjv2qQ, lh4.googleusercontent.com/proxy/bhJSR5T2Np8v3JmObKmQEk7TINy1tkSACSMXehL34yf9xjI043SV4qKXkzL5P5adh9pYiqglATAs8ny55Z8pZVS-Pl5Nv7_vXTvFNf04KgHByy8_AMUbHZ7qVmEzeh4Z8cDNsZIvXkrpHVfj2QNlfu6KTKf99A, ",16.45688,107.59616
Mộc Homestay,"Thành phố Huế, Việt Nam","4,5",0,Thừa Thiên Huế,Homestay,900.000 ₫,Không có giảm giá,"lh3.googleusercontent.com/proxy/PEpL4AflJJjc9alRJvjhX9pO_USGOezb9sq0XrdXXU4ilsx0Cq27dWdSSGaMiNkVL-owmhg-qF6c2OuGIWbbCXngBDWgDXfpmNDaCt_iXIBfiSy3eH4XXVXGrHSf3ZMc_abpMdwyBD1RdLsapPB5bqgrRsGl4A, lh3.googleusercontent.com/proxy/11O2BTuvS4b8qa-c8AOvwYhcN8woTgxrrdEBZerah89BSOnAVRklFFgS5TTu6XzW83JKpY85XNqwX7ashFC6_LnbcM_9dl8Z0e0NIbGfGlIR5sin09iN1JsVRf3CBBY3643VACgoXx2KwJK2qMZYoKYivbSulA4, lh4.googleusercontent.com/proxy/ywTXbIuNhkM9DckRdcxvgbF3UNITuDAFs9e6shlokDzd_0OlHN73fYfa92njdNHJKQXUHDcd5Gtr5ba03gHUAflei8zdaD530ezpNxh90tKqqgOQsPQR1rhNHI-WN0JwR80SrykGYUld-8jUUfdhh_1ZY1ikfA, ",16.46340,107.61739
Triple Room with Hill View(03 people),"Thành phố Huế, Việt Nam",Chưa xét,0,Thừa Thiên Huế,Homestay,581.900 ₫,Không có giảm giá,"lh3.googleusercontent.com/proxy/Ynazk-APuFhd9se_e1YRquyyWc0pCEY4vftJFofoo_IXhNklxKGemNu8gVBb-sX7qVzalnM0RK20divhF7701s4L2A6YexSo81ksUv5UJ28f7wSJvo2v2a_PT4XIZytX8AKVvsuSu4gA6zdXd6lIc4luvSTupYE, lh4.googleusercontent.com/proxy/1GGx2c6anVcPCRmY8tV_rRIkaZcUcQz9owGVYbxT01FPEQrv4A9AwkG-ZFXrcYmD9g7wKBmDEuEeXV2vQauiMQ7s3qpcJYpl4odKYzY6jiPPD88t9Fw2JY5z6ketgm6yK3-T9NmaiJcGjT7UqARot9fLwLXZD10, lh3.googleusercontent.com/proxy/NtJXtQi2iV7Q3VmMOeQDmOlRH68mAHltnq1h1eagX3Pl9_RoOgUQjatyWN8QjuaZLm_k6yy7W8mqDB4ENR9ZvyHORmJzbfNbZq2d5VtPdl9-Bg9a72_L4iI_qsmETWJ3FQ2W5rgL7SKghRawhx8UcxZ4rAbEryo, ",16.44220,107.57666
"Thiên Trúc Ecohome, đồi Từ Hiếu","Thành phố Huế, Việt Nam","4,8",0,Thừa Thiên Huế,Homestay,1.000.000 ₫,Không có giảm giá,"lh6.googleusercontent.com/proxy/qzVyY7mINKi-jRPsjecf5F1bF0y4_g60EVmyiJ40Xttq857ior7N3rbfjpIMeKNx5odq0HacUA_c97d4tIJ1N0dCbggx4WJIhNCZtLcPmTKps-8wvcZyDS2lVnRYtXm0T2ao6OamLRlYEQ7qVjykwpoS8hg2CQ, lh3.googleusercontent.com/proxy/G5sNDONWYRvOjw8PouhBrvLSIBbqiGRWKr2UsjJUILefb-X7JhpkZlWb8_jDQuqFucUT7oRXFgDUU59IBJDiw8uCBxcOFpctx6PAOx1K2lGBmd4eN-RiCZwTU_7B-TPOCQNbF76a6CRddJ6AC2VaXqoWui9qsV8, lh5.googleusercontent.com/proxy/gzHty6Iv23lp3rUosSN3pbbNOuiO1rSCj7WTNcrrzSqAhF-T1fIc6z6qzLJrBncQDHDL_fkS4UvoX7fAk7mUYFcS4WzDoajLtIf_uzoqlSsUs19GI7-LkQ8S3nyboextpLMKFdyE_HEkoK7pk5BknWHgGVRKZo4, ",16.43714,107.57397
Happy Villa Hue City,"Thành phố Huế, Việt Nam",Chưa xét,0,Thừa Thiên Huế,Homestay,3.453.449 ₫,Không có giảm giá,"lh6.googleusercontent.com/proxy/Nnqhg7vya19SGiyLTmhekW_nPRegaI3-LL9H5rdzRprU-xrolxdhmPhgIOCBJBg9BD2qqf1Waafv4sW7D74uNRpA3DGeXhlvkXpzk7I83-P_tqG0shF7OxWrj5J_id0kWqZcuyQa_IJfG5jwxGw-ITYE4WGP5w, lh6.googleusercontent.com/proxy/-l8CwQmYb2TElKtguzn1J57f5nyuhx_KxHIjF4kaPS4vW7Z8qb5boKOVdNMdhM4S31tu2itEHa06jUkf_AkQMOcWZjxyVc6YwoQAPCP6AwsEakQi-lwyewCoq9cjuJTIc0CKwemXs7JsT_IAmrDjegW57WwGWA, lh4.googleusercontent.com/proxy/53FPgoiw-oIK4ZtQb2J7wZ5Yex9W9W0SzVNE7uMPGUnHj_hsRhWf-LtMMvOcxo5PrVDWf_5FNiCsJtmUt9amQhy6rljKwc3XQKYuWNAACesBvpDVFD42e4UR96fp4N-YOHBdoJZ6Sy8WmYXYiW1RD0q2tkpurw, ",16.47211,107.60023
Q' Garden Villa Homestay,"Thành phố Huế, Việt Nam",Chưa xét,0,Thừa Thiên Huế,Homestay,449.454 ₫,Không có giảm giá,"lh6.googleusercontent.com/proxy/vPie51nMs1YM_BV17euQOu6MCltS3xQ8d0pOmNAoEmAy1n3pKUbm9j4i6U5Fy4YFOcW8lUSN8oK0qsMeChcM4utHNjo3L5bqeypMLN72Yks4jw35Od_0qRzhGkix__vxdkLXtB0o9frb_uBt9mQNkceC5S0hS_w, lh3.googleusercontent.com/proxy/KhUyraxNlc_DgjOKykSHAtcIL5Abfuk-CjqAuZ3xDKQ9N4F3wnM3OGekAiQOqNkKkie2VCQ_Cii_Tj4Sb-BKRPWefflpMofRvyfFQe60088B3wz0r_5nu-VWSmELso1www7h17b6F0TBD0f0PnX4fdQiyDTJTQ, lh6.googleusercontent.com/proxy/-rlyR_gDxYssUrgPfV9H9NkZq8fCd5CokttI65_dGv75SWyuTqdVOBGr3OraVxSSpmIScIEDsmG1tnk_1uzG8pI3ZvchkebFZjsMVFJjWVIWXOyn6BzRAgEm9b7VmCFYrMTctS7HJ_B5HG-Fnddf-q8VenTc13g, ",16.46826,107.60289
Hillside homestay Hue - Silk Room,"Thành phố Huế, Việt Nam",Chưa xét,0,Thừa Thiên Huế,Homestay,736.111 ₫,Không có giảm giá,"lh4.googleusercontent.com/proxy/gw_o2EXQHjL4N6OPXD4NdCbjLlozLJmSyuq5IcuPTM3La5XfwKTfurRYd7cEMVzRLZ-Oej-xt7GKoFCPTz2x1KPAdaqLwDzXLbtFWJRjnW6907gD_DnZdk5U1aJqMaGZYtFTQdhvo5dLUni1nY5uMwQ2CHoRubs, lh3.googleusercontent.com/proxy/7sBpsjK_bDyCJKqj1J1W1POn5Y76eVMidGPupa1XZss_Lb7NzNrWEd_TIY6wBqHhC6I4gurVBFCbCMqaBBshzgOUVvNpB_k1bKebkC-f9UJzKcsFiTEbF7cIMky3TrNwd6Duy1blYWi1x_jeAdfSlmvsZ6IIVg, lh4.googleusercontent.com/proxy/os4YM75bC18YimWInZ3X5Uzh1-i1Sooy7Yhir1cyMgEiKrlAWq9ubCIf9eEBdPlmgpECl1BPhyVB53B2-Kr0VuexnvWIYzRKScVuSrGx3tRn55q_z2dObez13uRAgynZs6a2PM1bN8Oz8oiGcwlm3h7i7UVd6Q, ",16.44528,107.57782
Monstera Homestay,"Thành phố Huế, Việt Nam",Chưa xét,0,Thừa Thiên Huế,Homestay,632.500 ₫,Không có giảm giá,"lh6.googleusercontent.com/proxy/UN24PHJfMcWPCsBvdGGyWzLQ2o2WXwdQgiYmBWT3hWRwxjBAwXa0PiPZx8zo-Q9DzAzlsnHactB5y1HtaISVau7eWraoLU1QX2rnugF3vzCDtQddS4QWD9aJmYFPb00SQL7uTUzVK1WmH6hqrBRxYNVntkFjH4c, lh4.googleusercontent.com/proxy/6vuMDgL50U3Nei4O-sDr3r4QWahAthBiIIhwSiLHaBHicJgvxwuc8n_5OwRGq1-_yMylkQKNhc77B3sfEbibdZ2UuTqBIcPhQqNdJ6Z768mPXarQOHZdn4ShmG-wh0U6LUxSa4ie4WS29r-VyYje7vi5BuKmgg, lh5.googleusercontent.com/proxy/imK6bFbacLIlAO7mjPYEq1iSxAqSs61CHNPFXJr7QZJnTar2DY-dp9FsO-jghPybdH8ib7mQATpW0k9fxpXvi_EBRc6NBMYkR6gHWRqpLqTWOF2VXIuaC6Fjw2NlWfXmh1XyzJRhAbVlmNzCoY7uLrBOC6jHlw, ",16.47454,107.57124
Khách sạn Le Domaine De Cocodo,"Thành phố Huế, Việt Nam","4,2",0,Thừa Thiên Huế,Homestay,1.844.370 ₫,Không có giảm giá,"lh6.googleusercontent.com/proxy/nVuCwBjLdDZUF1ofZYGIdGcFQrzYvyw2o5r5wy2KmvlP2hjPmAJPsonelkYrV5o_IlGfG3pqlyBgJOg9fnjBWoSmCAtLZMKEokF_PBXIgT87U_phNKgn9DJQgiSSROYXaSiYwc2y4IHeHbGDnIoEiMPwuxa62iI, lh6.googleusercontent.com/proxy/dIaLWqE9zGz9X_C13TUf3vBvzQ5VEAlO8sdgu38MnHvSd5xHJKXYY456sX1d5sv4qVtqQx2ZizkLvah9W_Jg76nxvgTle5IbW9eEM2P5EyPlzEN09hiusMVmy_oo94SgkgxqBytq3nrQteUJQuKcNPYfHPLiGe4, lh4.googleusercontent.com/proxy/-RwvDHvQU9uc6oJvQiF6PjIHItRPOJwDPDrrP7Ns8xDE8inR2dNcu0tsz-RsyAJPXCf4w6B89hMLXO0Xi0R9xYqmI5O5yWGFn0wwZGQ_YX3NK26uZDn_7nf1oWpzxFo2unQsx8j_7chOXEMlrgmon4JhAM7wAm4, ",16.45341,107.59030
Hue Lovely Homestay,"Thành phố Huế, Việt Nam","4,8",0,Thừa Thiên Huế,Homestay,561.786 ₫,Không có giảm giá,"lh3.googleusercontent.com/proxy/Jc7tPy7qQYq3CWnl5b5Gs-R8H71EQcgupuT6FKbf-OO42pxTWgbLrud-eInv7c6hZt-1KL8CdHo8qJgRUK6rpjg3QjP4ZknNkQwWafjOqYB6uKhMWVIf4rZRXZd2UuYK6dIID6AsC0xPOFJk-8Td9E4R4twVtrE, lh5.googleusercontent.com/proxy/ftN3luabiGRZjSLhhLZPkLcQpePWQvL6WqDXeQfAS2bOp_QEaeP67F0ZlLiNL6-U1DAD34KF1lHyUDAN2UH8WLNb1hmlRGPBk8t68dD_OT39i0i9AfNWbutzyq16-eWjRWAgmFQhNjRpwy_LM5tyzE20lU3MxUk, lh5.googleusercontent.com/proxy/gyEixJdCdDHANf5cIFaZRWkU38l5mJ_fyTaim6NAqVMUUeleoMh6SH04bKwZcTXoOT26uXxGVPmaCopUBW_L-EKss7FyhkFUPKkLKEN4pfs7HWq16PA6ZhVj3UZuW8Ki0pw2PXUnfj0EwwbX8l0SWNKQZo0iEag, ",16.46435,107.58930
An homestay Nera Garden Huế,"Thành phố Huế, Việt Nam",Chưa xét,0,Thừa Thiên Huế,Homestay,800.000 ₫,Không có giảm giá,"lh5.googleusercontent.com/proxy/y06Vq_3S5q5kHop2fbaja0qNrNwW7kBOeTT_hL88qZBKLYQ2O6bub8ezEHxKaRo7Vzitb5-KkB7Q5J2Mi9N9N6fi4qREPhZXZlKSvJSpAxx3IrreNEw-nOmuu3pgo6F4Jm1ci8g38XnZB8a3MevlF8-b9Xrp19o, lh5.googleusercontent.com/proxy/YezvjIcogIEAq4ugUu1Z2ikdG7mLhoykhM6_r0qGH4PQVQAvT5sd6Y04evKR7fNt29C6e0WzpA6S0RUnEPXAo1P78ND2vTfVMr0Sb036pd3wX7wIpJk5YnprqtWnXBDuWK2JVTU7q1lw2BUKLrz7beFnEU3RaWs, lh4.googleusercontent.com/proxy/AGVsJvVJ2pYyXIYcimxeCxjla_gOIoWmsAFN26N9l1VxlOyS6_HFPRDk0CspkXe3O9PtCWjEC4qXB_Bm96rBOK3yknck7Vh1zAe2x9ZvWFNuYIocKeKJdeg2ahHPR87QT7aJ17AItW7rplnSho2ItlXJ7jVkrQ, ",16.46363,107.61591
Lover - Fancy Couple,"Thành phố Huế, Việt Nam",Chưa xét,0,Thừa Thiên Huế,Homestay,556.600 ₫,Không có giảm giá,"lh4.googleusercontent.com/proxy/e1dPr5Tzvgubg8txKtENu_KmjARmQ6_lWhNtzg7DkelCQBDRee8RG8k-DVGBB0IUxjqk8FkrM4baZNfEEfYw6LCLxxfW7kozNC-txkehG3ttDak13WLS-xWFlgvgeQAu_1qIumLX8bmWjRXTsY1nd50b0aldh5A, lh4.googleusercontent.com/proxy/zVrEg3JU3DyF9oX_5phqhHBFbsFm59o9kjALDcNi-fHKwN2MVG6d-Srmj5ChhGwjqjlctwkG9BjPsYTaZRjtTYNcdLkq1uE70D-BwaMDZjCi8f8jrVDu0rgefZMdRSM9isrWtxFBaEwZGR0PuDhhLxofkaj8og, lh5.googleusercontent.com/proxy/GNFt4LI7RP-jRauoJ-GmskuBAw4kTYssWVTjF4n1mWTT9vocwtpykd9bz7hbdMbIRBki7q-ey7V8zzyA-W5W1TDfoOrTg6WHa9H_LolWTN3wR2YEJgjtwbzjw28NqqatN7BJvlykz-qz0CnPMHosVR6rBLYhCA, ",16.44223,107.57502
Lacasa Homestay,"Thành phố Huế, Việt Nam",Chưa xét,0,Thừa Thiên Huế,Homestay,302.082 ₫,Không có giảm giá,"lh4.googleusercontent.com/proxy/c0K-Qet8B_ysEypnp3OkntrcG1JGZ4W0An1gHnTDpBnRmmM7DKZBKtMXYpP5Has9ejb-0xuTEorYRLY5AVh5WjnfcCf8dUO4b81_uRBPbNAx0xUSNByh827so_zM45nP6AKehp3RveUYA6Vuit9AFhmgIy1ph6U, lh3.googleusercontent.com/proxy/cLC3GVnfFJPcGx7oOX6bTxkyqs9vN8NT2MNyUJMqMxHRK9YUQQa1onO47nAu6SJq7dbya-gboHIYID4ZF75qQm4gFpJXoTTdHTg94eBf16LfKiaUZ7uiEe2p9fCVwvQK8Ge5VZPVkgigMmuMixX3f0s0a-cY-Q, lh3.googleusercontent.com/proxy/k6JH106TpHmYcjT8pIndZSH3JoYg79ufUV_PoFhKeEAuBMCS3-O2VsT5YhnpSf7f8JW2XnVVTe9qMNrnZ2y0MFtuDkTGZOUHSJaC6i2QQXYMBQwMkZsuyr6WscwRsRNSwIOqs88GQBaPhVXpv2nqqhBBFn--k3M, ",16.45549,107.59225
Cleopatra villa,"Thành phố Huế, Việt Nam",Chưa xét,0,Thừa Thiên Huế,Homestay,2.677.500 ₫,Không có giảm giá,"lh3.googleusercontent.com/proxy/C6gz1_YMQG65lxd70ip1VL_SCqMiLHvoG_9VyUXShIPt4_gbIUpRSVgX74r-V4IeNqUu8uDC8F4YXHvng_mJIAt5wqb7KqcER5la7ed6Gn8lzJVB_e_xs_pOWoQ37rceKOIu1OERbA9JqqauVBk-oLwTJTfiRw, lh4.googleusercontent.com/proxy/X7uKlpCTcaawHR5k7HpG9wHWnJoy6-YE2XfKR_gHeWOqqjQA4olTGN1IILIideEXsRA0Fh2kb2sV9vSbEEQJUGcXKjxRMJTIOh1hzUGjgMpTdxr9hNOlQMwRR-KwpwYa6F8bNkGE-MOtXc-oW0Na7dwr6swREhY, lh6.googleusercontent.com/proxy/s6XaMoMjgIqYjscI7uikHvQtU16rCkFjwtkadWw3MhTTjzGPgHPCX6d3-fjvQIA1AlgXYK4PiylDWwzbdz7iBUUuLDv-I44WYDPTNGOjmnrEnGb4jwaUDaGHYOIbkJTItnqFnNUTA4FyAuVxITOZSFeIuT1pew, ",16.45271,107.56617
Tú Uyên Homestay,"Thành phố Huế, Việt Nam",Chưa xét,0,Thừa Thiên Huế,Homestay,348.887 ₫,Không có giảm giá,"lh3.googleusercontent.com/proxy/Xf9o9G91Fe0ZgcEt70MF_jHjYtSSOWXgn5WDjP1tI3hM0l4vC8WO4YyhOyVP5-YS82sbeQ6eqL9xykKsPqOgnFaJZM2vVaSBJ4Xj1PKV2wrhKhatajWUrEWRCTZYWmXlFzbXPCATCSoGoL3_BU1l_A4n9dNamkU, lh3.googleusercontent.com/proxy/Hw2HqYNOqvBEE4flwCHuMqkfi5wnFpYJU0Ay-9B-TXfLaiOphHuY7Ehk8lgwn39pF_tS3Im-lIjSLIahDUkuszB3252vy5xtpKm9I7lDWQ2FQLn5_tsFqZhAwjllG2yz7-dqOOPApQzBqKWhMBI4GrLgHv2YsQ, lh5.googleusercontent.com/proxy/JGu8RoGoqVAGJQSgHotGiPeBOBZz2CTG4WMSugGzQncinPLL8VPWuh8nfBE0SIrV1ZatGQ-oMHOqlejRD5f1ROh6dReRWRE-LbxEnnPn-Q6wfTTyI_693f-uN47kQkXH_SpSJabIeD09LtUpBz_LqwJ3sZQEnA4, ",16.47563,107.59516
Laguna Park Townhouses,"Laguna Lăng Cô, Việt Nam","4,2",0,Thừa Thiên Huế,Homestay,3.883.802 ₫,Không có giảm giá,"lh6.googleusercontent.com/proxy/hc9R-6SR1ZYH5kwLzvoPh6zrfdF6ZZNWMw5-6urbp77_DRgf0IcO8fqjv9MRVRBf8uYxyJQo60Jb0cPxsBRKzKqlng68xfqpTekbhMKmdQ6UrFLDdyIBQWlIJsde8RkDpZhM7qoPqJ6j9Jtg8pOp3cuVuXRppQ, lh3.googleusercontent.com/proxy/_zKCty8xeSH_F-otOS7xFBhxLkV6lrQc83OBaZemL8dxbsd_zZmISfpKCmb7bynQzlZHXfpc5NIpuwNvdHQTsOdlHp9kHvw3FLeBFtNslsKnlXiEY4VK-XamgjWP1pG_A-0sGNnlTWuZXWC0CyXdiW_8guswKw, lh5.googleusercontent.com/proxy/xn_bxURtjX4JTCWfZfX_Io_USrcuTEE8tTZIv7XQ8iWZW6H1DUUoiLeP9v2o1EBc7Xveg7aJeGKsGM598PR6cpf-Y4lUlxUY-NnuzHLbHxQYYK5DfrTl5-e_Myz2cbkjTq2gvENElXK70VCH5QI61sB8IbBmxg, ",16.32539,107.95609
Q HOMESTAY GARDEN VILLA - CITY CENTER,"Thành phố Huế, Việt Nam",Chưa xét,0,Thừa Thiên Huế,Homestay,2.451.570 ₫,Không có giảm giá,"lh6.googleusercontent.com/proxy/yMkqHxGAbAMK00z5X-i_3Yle6-VQOYo6WJXlVEss5hZIDQf7EEMGkJmpmdgEvpd4oq4VJbvtXgPbMf-v9CjrIdnYL8c-a3wzecbKdPiBaZcYQytoLJQ_4p1ZNTin9tUDJl2x03tLH97eFvd9u7l09QqQRy1GaVg, lh5.googleusercontent.com/proxy/bH82iHsWvMXsUWEBmR0KZHuw7IQY_z7Lz0X4ntQkeAsnXu-ZDIwMSe1jBjM1_5FaSlpGzO7VesN90RdqYBQTul9Si-5yykabLsCVaoFLDpkVyrxJCjTmyNrKI5_4Cyqt4qno_BQCkwa5oQweaV-T7u_2LljRow, lh3.googleusercontent.com/proxy/BqnumhLzBsAoveBQVdVQo3j3dsWRZm8mouhOAOjluCfeMc09OGaVFABmuOIY5OqgQUK0rY7fc6oGzYv-qN2IcUuXUFeLyaWkwJrWovZCw-kBoxq9BOfkOTMffqkEKYSBZSbZA3x4g8l8OH_k-GnAqrSJr8cquFo, ",16.46792,107.60153
Lam Vien Homestay Hue,"Thành phố Huế, Việt Nam",Chưa xét,0,Thừa Thiên Huế,Homestay,246.548 ₫,Không có giảm giá,"lh5.googleusercontent.com/proxy/0cmYKEyPRaOleqaZBlip3F6k5TI7OrrYHirPom6Eux0YQ7gANl3VLkcqauybw8Kk8wd7PA9NnRt6DOyfaWQUfhclsRsaGfBLS4tFKkL3wce-qENjgv29FclBjmGGgC91ZSoNiWwCM8EKPy3lLWBIc9G90PQYjQ, lh6.googleusercontent.com/proxy/tkMHtvhp3TWi1kwSfrVOMtwdgcF4O5WGcvzZrFQdE5KsEuMzJoYEdt8Yfhl426JVUS2kh-CwkCL_xDOlwXsvJrdYW8DsMmHHE-S65c5Sd7QgWkgfJ4QFr9xXS4OpdsznXznzwZSy8VYw28pQ7IB4P-Iy8AYW3Q, lh5.googleusercontent.com/proxy/XOtMwmnWmX7RJ9aaN06f-Y-yyxgGXemSUefIGPQYx-rISyjt57C4JCKPWKKZaGwJqZU_3WzKrndP_cyDvYVhhta1Th5MpfGMvThOylpdo8bNOp1OMrTR3vg-ofEwsRXLVy8qk7JjCuLbqXX5cYnESGvIFJ0krd0, ",16.44235,107.57507
Hue Eco Homestay - Deluxe Queen Room,"Phú Thượng, Việt Nam",Chưa xét,0,Thừa Thiên Huế,Homestay,278.679 ₫,Không có giảm giá,"lh4.googleusercontent.com/proxy/aJBlThC85MGTi4JD6S4WVbsQfMIsLEEArBsemlKW2j9aeEmLmfPZxwjE1MlISP7zrVhgewtMbGWsde67U3w_4UeGXhXTJJ_pcOCT3t3tUzaESwJHiHZLi5fYv1VR-jeF_Lr7FMtqZptsmsyIZ85Y4auNBUU79g, lh4.googleusercontent.com/proxy/wIlJhIZfL2H9l7Hna3XSce9_gpqBQA8DRFxAfkTOevAxJrBdLYUZ4_u4pSD3tlzAQwK4sWrPIxqn5Zy1KwWlPS8HkQJNf_UkZezrUM4GLeC64BTW0gmjA_gIZyADMMLQ20ti4X3tGlBxZdkIqR_mww0ahNrDyhw, lh3.googleusercontent.com/proxy/H9y15bM10aOgyJgP8Ajeh46wCppgRqcGbLzNQNFkZb5rezwXFbsDFdqRRmq7Z2TE6AUzI93ohLPYby741-G_mccQZb1AekR3wqfwjnveL0DRXTQFH0xvsY9qnQ4mOuF3cBL1Nr7DCzvDGbRkfXqjccLdO11qfg, ",16.48635,107.60293
HOME 2 - Second Floor with 2 bedrooms(05 people),"Thành phố Huế, Việt Nam",Chưa xét,0,Thừa Thiên Huế,Homestay,784.300 ₫,Không có giảm giá,"lh5.googleusercontent.com/proxy/pL6J6hseUS6Pb8JAwNdDEIF_Z0SLbo4I4Jl4Sf2-XE9N6xysvMei8LsUlbYvSstKoprV-MeC-ERF_a7JLHejdAS9jIruEaDSA5RxDzxZqZwejF7S1g61kBvCe_nU2SErkWX9GcOXv-hc0vWjBar5_TjuW56VVn4, lh6.googleusercontent.com/proxy/atY_FKm8GE_783MmEFQK_B4hbG2EyNMMlFupKMFWSOcN1eRsGgvYJnSjwBVH4YA_IlwUBb6Ad0_AchwG5TZTfufhTJsOU6kvjjrJJoM9INuMjMOyGcLBbbIDldjEpfsaKA5PG20cXIHWiH_LqtxI6mwxvOelAQ, lh5.googleusercontent.com/proxy/mJv25JqrA0giPiPnm4RDYKIxuqw4pKFA69tpq4kBh_HrTE9kLR_R7h2MEfQ60Pqnt3FtzVveCkuy0kxfBtJHbulPx25_LC6elMsolecu1tFQzDGrTH2dqqwkhLDrVwKgI4-v3_EmHVy9q9oMAO3fc0EK4jD3llk, ",16.44229,107.57510
SAM VILLA HUE CITY,"Thành phố Huế, Việt Nam",Chưa xét,0,Thừa Thiên Huế,Homestay,650.589 ₫,Không có giảm giá,"lh5.googleusercontent.com/proxy/-rJGLW3RMTBij2txj7L0JlaWEbxkxqUnmVq1cWGYB8Vupt3h7ByJT4KUrOzyPjET95A1vErG8aUI3qJ_lUhXbMAiQ4zO6mO-z8Fs7vJok5yHARg_WB8O00t-xcHt7j_U7LJCN_VfNx7BL5KKBwe5H0M9bubOYSA, lh4.googleusercontent.com/proxy/lY11DiYXi1IPFfrgQ0aGHrQfnW7kiUOKHumC1DoZ_sp6LHLrahngZjAwhQFTrifovahEVlZxMTOW7YekeN3weyyHx-oB-2U6ZXy9d7krvQLJXMD2rvdOywhLdUlFIfmRgtw7aig-4BBTI3fckImOOR3C6TVNhA, lh4.googleusercontent.com/proxy/310wENIWGNkUwM-Vl9CMABIKo8F3lgIcNUvym0qwz6ncQ03u7mByM6dytVTQaYQ9YQoy-tgziGqIp7BeC3ysqTGrvzbBvUmuoW4pSuWSgXgy7psCQrysJJQsPxNaJ1_6i1s5X3YUy-GFGm4balc3hTrqw22QRg, ",16.43471,107.57739
LaLa Villa Hue,"Thành phố Huế, Việt Nam",Chưa xét,0,Thừa Thiên Huế,Homestay,304.738 ₫,Không có giảm giá,"lh3.googleusercontent.com/proxy/GAWYIvTYDH9hQEmu_Z_g8yXb3gboscqUFpL-mcSlM8JGmvXVU23NF90Vvd9c5hVAqfbryuVvPpIVYzuus7srxwATDOSM_nELVCHuVnxF-h6mPAqTj6AiUJZuV-kiuckecoUjwzQ8nWwSSPbtwu2KE6uzFM4cE2o, lh4.googleusercontent.com/proxy/ZybV5pPa6q3CcFoA3ylBf1XZQxGV5dQvxADfkA68Q_kvC7OUylrfaKBIfeRNmE3zpJ3lh4aB-3i7K8J1480AtXnGOvDFPmZKXoKMYz-MbmXdQx4Tw3F7W-cbhde0lksbxzKYt5z3vD3FjAEUuaXV9BfAkdmZgw, lh6.googleusercontent.com/proxy/CBwO_rm75-N1PuyJGFRaSskd0VS8-BihgKdgrcjR7xFHmH4yu2XYGvLGDnsZSB9_FS74QVmPar4B0_piMo0CCy3Cj1j07khbqG8YfHFx6_gt-kOubPd36RSyD0U2nIurEHcNo4bM4ddSx2TlFTfBJF02qVZJFQ, ",16.45717,107.61118
Tabi Homestay Hue,"Thành phố Huế, Việt Nam",Chưa xét,0,Thừa Thiên Huế,Homestay,350.278 ₫,Không có giảm giá,"lh5.googleusercontent.com/proxy/CcgVZegfk2m-3m8IeHAgq0KlSW7ZaEhjj_Z77BMKMbbs4oA14GpBvk5K8I8qDcy4m6AsUbMEhtDUYEpp9xLJuZ254Qo30I58buCJDFarZo9zSO-pm7CoOkkKSJMA-eBgavhERjinZtl3Nk-H2IrdGCvCAVzbnA, lh6.googleusercontent.com/proxy/Kal_-EI8KJBgt6zRcUIFg905hGvT1kWFS5E9ud9B2r-j9nd1Nym1BCpu0-BHLUKMRJfYEo9uBupauD9GNRdCe8Qh2ugfnWSQsXOBbrVbs6Bp44e7l3vKinEExZNnjIsqo7kurkpt4gdtzzvXRYcmPKhxqDLhslY, lh5.googleusercontent.com/proxy/W1LqZsUh4PwwL6ijBsfA2gdKXscO44-XWOScyFsGUi82BCjARUrTregXErnOWp4gWmbILFsWVjsqukYstL2gJq8iyPF1AQILW70y4FOpGN1CMBl_6x47kn2FDWw3hCHi4vLW9_n1ZkkPSjaHFfD4Kd2KTlEAhxA, ",16.46998,107.59822
Nera House,"Thành phố Huế, Việt Nam","4,5",0,Thừa Thiên Huế,Homestay,855.000 ₫,Không có giảm giá,"lh6.googleusercontent.com/proxy/QAHanpmXbzVolOb3Wleh61cWFKXk__856nOWsO3-miNU-OzyFrGwv5qo8Wxj4fOxanOyykJ9rnI3yzMsOznpT8trgR4KD2ByWDNDzD9UsH9WjQGqVcI3W8cK_cWn6lWqPEM6ezSgttFXlFb5EjIUTImNvHrJDdg, lh5.googleusercontent.com/proxy/bbEqjGPqWiKs5BdTtUwtevNYbsHBG6mpOXtbaP48ZdhMbQNTPWEvKPbW6bIBe59T4IBaAJ3cDe07aAqZ3d40MRtPz5fTcMzP-C7RR3tIxtopONUzkxoRGJamXaPRDiRHYCpaB4ca6K87mH6sXRP9c4V4KA-zXw, lh5.googleusercontent.com/proxy/BdzjkpFr-HkTXMG9k58Vu1JpotcdZD6klEaAPS8RtZhYozm7417bpUHogzPOA02J5MKBhN8WjaXHBjUAiR2a2ltE0KqNMHVxCR6sZhlGvvDWvzlgdPTRW69AqmZ1__BDBXsWGl9jQcc6UPZI8fgI4-hQ6p_4Uuk, ",16.46296,107.61672
Dinh homestay | 5Broom | Swimming Pool | 3mins to center,"Thị xã Hương Thủy, Việt Nam","5,0",0,Thừa Thiên Huế,Homestay,3.428.149 ₫,Không có giảm giá,"lh4.googleusercontent.com/proxy/2zC2xv_S8ixWga2VZ48hPZewAAcbqG7nQkUYqkDXJvCNmr-SmtP-x_i67esrCvPlYxhRBKQvsKlWaPu8raMjM1ZsSR2koINvJx_lNpPSvaJvTYiaHedxjCZRI56-tP6dzeS2m6mR9iEN90vpgNaszwzMdCPJ9g, lh3.googleusercontent.com/proxy/m17sqrYekpw1KUfa_EIh4dqDm54YyUfhJKTpI-Aj1i8M9uqpQb-Po1xPq-3kFHe0f3m7mYNnEBM0rDnYcDlzc6xBoUjHGZ0kKokcQkCdZY-u1YQSmbzl4owPolRf0y93xfxKBdkO86Yd32K19X9pOR-Jr-WIwCs, lh5.googleusercontent.com/proxy/I82VPyjev9anj0xlkzHU_06Ywm1DFyK7zLtT1DJ9BP0pm-QuhgvHuVymIqFOWB7LXZU1KzLfNxL6tdPyRqIohUFL5oAVefs_qGwiCyqLov-bTgttaJrF8vgsOwYdDaANcoaOxaORk7r3a-KNS3pc7HjNsiL5UQ, ",16.44683,107.61203
Mai An Homestay,"Thành phố Huế, Việt Nam",Chưa xét,0,Thừa Thiên Huế,Homestay,549.389 ₫,Không có giảm giá,"lh4.googleusercontent.com/proxy/DBsNQ6D1KsFeUGLnmBQF4QUh5W7DOIvVLWQm253t4OrIvgJT-8iJDw1JEXB6HFjk6bchwmlyN_o7oz7EzRmcIMJLDiqKyOVGdl4XY78oTAKwV6cCATaKqXh0rUiQDH89NRNP003vNzR_M3KlhJnD8NCEX7W8X1M, lh5.googleusercontent.com/proxy/T4-nLvHvzo1dDjuGBSMHj1PLXZHy7AmMcb48uzEsdvYB8E5ylk4wuCiOqE7lCb4phMCfSVDqPX6XCT6toWCgvivk3ElfSbVH8zwsXImlVhacsYI6tmOcAqLM04ng7obhUbEbriOQ25o07lsIPzExfi3g_bKosZc, lh4.googleusercontent.com/proxy/CQ0Wis_BkSApu-epDPzN9AmZ3LruFaBE5WFmc6AftIgq2x_R9MPF1R8ceDUXD_JbBXPPzRrFwT3CBjH2tMAJmXI6Tfue_Pj435I04lvZini2l_HTRnl24PjlwDdYKOOwoDU044Y4nkO221qdG6iaTElWyTghmBQ, ",16.45505,107.59959
Tùng Homestay,"Thành phố Huế, Việt Nam",Chưa xét,0,Thừa Thiên Huế,Homestay,380.385 ₫,Không có giảm giá,"lh5.googleusercontent.com/proxy/sewOFubBzXmYtQn3bhNsE9uombvWxx5CA8cFJrBaQjangzb164RCL2T3TXA09PMry2MP1ZnjX-301tueAtqPflxj0xXR1C6B3IrazBs5lsgOszks7RYeyWW4UbcZwJ7GdHY_uFBAEErEqAOemT194ZLUI2WXM34, lh6.googleusercontent.com/proxy/QGUDJWkXk-UygGHjnkvmydiOy1oLOk6tjkEGPj69totChNHPJxXkg54u2ITik1K0oYIh8DZJXGx6fCXPt4tAdvZ1dnW7dlQf5lCfhGqGyFGAPV5Vjvu-QtGVOAz2M7iueO73v6bh1_UR2VexXzTqNNPJjPFMWQ, lh6.googleusercontent.com/proxy/GS50Kv-PS8pexypLc9yyYvaTUOMNLSnPJ1TGKideYPyy-76UyPBOHem15IGVRd2AElEYruA5Tg0X1w5mclwdr5JCMgJN0oIbKMtE9YIuez8Mq050jG00lzEzoolFLJcpyNtQjs-H6_F7FxFt2VqkWY1W6mdC7q8, ",16.46486,107.59548
Amy Apartment Hue,"Thành phố Huế, Việt Nam",Chưa xét,0,Thừa Thiên Huế,Homestay,664.757 ₫,Không có giảm giá,"lh6.googleusercontent.com/proxy/CR5fez-oHu5sWNcjBIPpE5F8l6C90ItTE26yoh01QfpXIKzjqughfG_ZBhhDaF8cKTbEdx2T364nlMF65-jjHYHQRzFzofJbgI3KEPYqQ4_O8guJ1uyyxz8VUrkXBd_eacEWKNSwchgF4ZsZOT_WTfEnek0Pgw, lh3.googleusercontent.com/proxy/bcS0eBwi2lsQNP_naoLV1u2IkxeSLhCG5Jg_R615R4AjhIsmNtkbQa5itmXAodSJ7fe3GK8liWSsqQYHGBGK1_TbXdxcbKANXVIUXIrH3m4p_p7fL5-dk8gmhd7-Orb6zjQ1_rpaZcpDWd-7N8q8ZX8YT-Dmdw, lh3.googleusercontent.com/proxy/TJ14n9IlyGAHAHAlJBFR4VMzVWlLscZ7lZfSll-HWRRNSBcm8Jk8EJjljzMf-7-8vHUhrbKmDaUO-Wy8KgFoDysoFX2G7cxJfr2ZDP-NoXeKu_UlDJS5C8xafw7mmmi7OOpWI8PuInqX420Jua9GLsScsT730A, ",16.46261,107.61535
Căn hộ Studio-Banana Homestay,"Thành phố Huế, Việt Nam",Chưa xét,0,Thừa Thiên Huế,Homestay,510.427 ₫,Không có giảm giá,"lh3.googleusercontent.com/proxy/NfatHDlcaTNf_z06FUvhPqwFI9lhHQbovxeV-tA6JWlLbhy-vBZyXAvJ0KN5q34qTKiPdZnIjj86jqcWIjrj_rurpeCmYSA1Pf8gVrSBQ6wCc3X7nxStnDEHy2sl2tHDYPThRMC9NaiMJxeXU_DIqBXDRJt1JQ, lh3.googleusercontent.com/proxy/mMpxZbYxXTsc_VmHDg9NIHOEH1ADeVHfssYUxczQVihjbQhB3raZSXzcsbHno6027X1FsILNeNS2G6NAdEM8RO6HOJsrBd2Pl9EGMdMlbodbEZvqhtEoOTEqz96hnEIXkdbshuUaHxjE7wf7vYZxdbo4hRVZTz0, lh4.googleusercontent.com/proxy/30cUirvZZeiMBSLuhDi1NTK__91UrBtC6o584HKAxa_l_evLavSpCOfMvJBjguArUJ1ecW8Ol7mhi5wDTdmcFxtAkSVSAdoa00rG8lR6eHMHHvJDBS50CR9RYmB8tbBSWc8_F3AzwNutb6IkFzAivds1UoRYug, ",16.46573,107.59607
Homestay Huế ơi 4,"Thành phố Huế, Việt Nam",Chưa xét,0,Thừa Thiên Huế,Homestay,826.200 ₫,Không có giảm giá,"lh4.googleusercontent.com/proxy/ZDuCCFIeTiI4uLk-1AqD-NDOSnLX75HYQXgFQm61QCnfVhqhEjcdz4SfEU4ODlVGiASeWyKdS-SdzkWKXOtQa0e5QHKxWnxNfJcrws-6VuzLFz02uPbnxYxt8_Jj2TPE4XSr61nu4TCV4nBFfFwquzsMna7N8g, lh6.googleusercontent.com/proxy/ora6Ew65phrYqd0fgR-PO7Q0IrmRn-d8pNfZp_rI6UpuU0ppDSG4FS0XuOWd1XCkS87mnIY5ARUKH_hchatC4bsaJI468v3VToQP4Mdn4XpxVWJDLBuNrtgDQR0JMEE3RzqgsgHaLIrxA6_omtoRPOBeilaS4g, lh3.googleusercontent.com/proxy/BHlEQQl5HHUI3k3ys3coo6qqdGDPWp_Xzs6_vtzsTeCERUU72Fxf2GUswNXbChq-vTtE3paPu0xWH6PQ83J3RUIp1uhWt81U5-7nmhh1HQSs2sjhFvMT3y4lCa4Fb-3jl0G8N6ETewZSNmxrYQI4kLdXejY5yQ, ",16.46361,107.61665
Homestay KENPI,"Thành phố Huế, Việt Nam",Chưa xét,0,Thừa Thiên Huế,Homestay,223.778 ₫,Không có giảm giá,"lh5.googleusercontent.com/proxy/fG_jBcaAjhpHHSfDCMj7QuvXO5jaaVf16h9TsE3hIwC1bLMTNv_ClEp7SPoNY4IQqfaM4q8fOOrEGdb-Fq8mPs52_T3YvqRonZzKHiDWR8UxZOvOWVcrA5icKqYAodpmrFPu6ALpgxVNxFklQKR78m1q70PgOg, lh5.googleusercontent.com/proxy/vB_3CkqcjFTlv_GXFJUuYxiv8ZQGDdegZZoRZVzDc65YFpPH1ImIjz1ayVxp_yuDpFf-tKC3-m78WgI42WcoK96nhq5rJHrktYxa5dN2v5fJhf0HJsSLS273u8YlDDDSZI2SdmI-_5ATDCwYT70eCn02WTJKog, lh3.googleusercontent.com/proxy/EDBice6LO_QpNbgRz4vpmxngm5JRBZSYkqWPqBP-ZwtAuA5_io4Ub5L-uiL8hUiPMITFOq-BbQ-aGic07-_op64kR4435WM5yJ-xrvZONhfaJn7mNDiaX6mOhn58BUHAoEjND0ou2DDFqWau7UhOcKM3ZrGyNA, ",16.47712,107.60317
HOME 1 - First Floor with 2 bedrooms(6 people),"Thành phố Huế, Việt Nam",Chưa xét,0,Thừa Thiên Huế,Homestay,986.700 ₫,Không có giảm giá,"lh6.googleusercontent.com/proxy/XfOXzFRwmC0fgUJ-dn3Vnrb20rWrKGrbvDso9MsY1ppOoOCOQtqXjad9-btkY7ICjFrqqRp-B9cp20QhxjfBnRj0IDuD04RhZp1o6HYjnZ8esnw_J5-nnBk8EwrIgfjlftBgi67FRvB_e2utFKInpBoUCEZ_Tvw, lh5.googleusercontent.com/proxy/H74khUEDnQK-F6YuLznVnQsUFTNVBzrSg8MONRbVITeSJ6DHUO8nY-5LyF06FkRyrKXynqjfIOvaz0QiAGKoB17xQhbRcCYqDRRYYCm_fGJL-tZpfDG7S-QekGVI0Sfkn79doCkwswhaQrrXKJGUsrDNRowSpA, lh3.googleusercontent.com/proxy/n_nuPsWWwrs5hArtUqI0zhrQMuKU4QrOf_9UaCYgTr5SdUbktzqfiFp5QDH19gMv6_onwO1Aryt9KCAV45EN5uogdv_Jh91Kd2agr_IRQrERDNQrT2-otEA7bL_MzNXo-GmNGP32rg6B6CrrAZ_n2lkrBzOtJw, ",16.44229,107.57502
Asean Garden Homestay Hue,"Thành phố Huế, Việt Nam",Chưa xét,0,Thừa Thiên Huế,Homestay,299.552 ₫,Không có giảm giá,"lh4.googleusercontent.com/proxy/HCRkgQ6GGAdWlSLfrnGCMCXWPrJC6KewYc0X212nHVSH8ICDqSW-8gTP387wVc_Su3IQ2m68R9NEJ5MJWxqIs9fNfCvdzQrre8cTjiVQOVtovYKRIQgo5JruLt-mRASTUsAdB_RowTTgyw6oVtjnVcC-dBjrQBI, lh3.googleusercontent.com/proxy/M8xoMVfeCEJmpck57REsi-pMQ8SMMTzqhjWihtZi3q4GPBWWx5VkJuzfaMg1vo5GtdiprPdT-RJ2SfmxolTkWoC1L2FtRJLsCSrL6Y5PEx8aRfXZVjrIPSD9s4L6BkoEGQbId89VQaLZA6NYAtTyK4Lsn6MlkFc, lh6.googleusercontent.com/proxy/6tLSY3NEuLxgaPHOx1KETPRU6bnKgo654m_65lF_0eYDiUkhs71a4W_xjGSrUSRm32852KZh8-r_DmTJsVGtERMLwc_yU4ebKyXzmkQbzfxeLTDMY9LnssrkWa9VNy5lxzokYF3Y9cKoNq9NRDi7PC2KMF4mhA0, ",16.47314,107.58223
Cat Homestay,"Thành phố Huế, Việt Nam",Chưa xét,0,Thừa Thiên Huế,Homestay,624.783 ₫,Không có giảm giá,"lh4.googleusercontent.com/proxy/U5CZzNoMVa3PHyMU1v4FcKXdgC8m1ZMQynDAJ6StJLbNrcrFNCjWBLTAiGiEckBL7mcEp8S4FLOEL63mhc9XckUjP7IcaEfkKu4udXTdQo0i4HEQO3EVbDps9lYEO7hOuqsTEdPcuNWaADKvGprX12LqcdROdPg, lh5.googleusercontent.com/proxy/31tROGPgaTDCPlRibV8wTDG09A4uqEHNFq71hoy6KZ44ercBLnCOG88398MJSRNQhZVwZbhXIsVa_uUCl2DAtv5WNXb22II-zSqRvW8VpNhWVTOtK316Oc3tS4x5fvAaze2zFrC5GwvMjoELN7ob1ingWhnmtg, lh4.googleusercontent.com/proxy/md4db04_8Gi_uGZVcv6esuY7k5Cv511KP8elV589padIYE5s96DtcKiPfVWhd2Az1Bn1KTf6j1D2SDo7oB_6s1GKK1JmMYNXHo0y4UPcQ-YXv6rZoSKC90kBcKeuBgChqz7vncg1zKFlx7wKlL_6TRZ-33NhIQ, ",16.42740,107.58101
Noric homestay,"Thành phố Huế, Việt Nam",Chưa xét,0,Thừa Thiên Huế,Homestay,855.000 ₫,Không có giảm giá,"lh4.googleusercontent.com/proxy/li2uQyj2QUIKfEJP8NYFcNpNppi4JIznxw29-WWMrHLCOhZU8VcaolZZMXVuoNyWL7kRIe1sMk4TFITkUGf4xNv6QtIlieCApn9kmaD8slkjnmaDIdH5GBcdIJ8TYBkH7bdc8Tvf5vJeH5WXa8I9-2kBgG8nug, lh3.googleusercontent.com/proxy/FKYQ1GyIMkOn45pOggslrxb9cFDp4O_dAv3r4AawgnFLaUXzrMs9r7ENECRNeCPM07Hn5ddsNris_Q4ahNFieedpjhmuDujo0gv5Sw9iPDmdW67Px8FLFZMW5wiPQdint1vFR2TRst_CXJhOgnLYM5dKn6VYlg, lh4.googleusercontent.com/proxy/J7ejSuqCsgeg8WHF2YGrGMFjn6P9SvJheeB9A6F5MMufHbC8NduwXMqplYDRqWz5-gsaBNR0rf100u75w-XUTi_pGaihxKPgtrj7LTOjjnUdremPPjy4hIqVJWIi6D_bew6864IkA9Y3cTbb86sgjz7b7LKhpuk, ",16.46299,107.61703
Chim Go Kien Villa,"Thành phố Huế, Việt Nam","3,5",0,Thừa Thiên Huế,Homestay,310.178 ₫,Không có giảm giá,"lh5.googleusercontent.com/proxy/Sf93KDKcEIqh0ERAmkFSQXQ0e41OkaC_eypDny2MTmaFTWpv29EVP6uMatTMaiKcCMtlkYbpm-WbvuC2i89tjzH27aPxlK1CR9ESEt9K0VISPLO85VFqOVEZTZb17hYQ1ybxwWXlX2KkXsd6w03wi89EgICt_dg, lh4.googleusercontent.com/proxy/kUyINyDtmVkpyd0MOy0Sa6YcdHFDpB_bHKLObx-Cnldv-8IWrz7QRbV7cQBMc2aJ4HsPCEbZ_VD1A5pTwKxEGGlWVXR-KYJbliam-PzdR8CL7PwEYw0ANmq15h-G3Uwviz6inY8gFyLVAdA-q-NhsnWXERlQfQY, lh5.googleusercontent.com/proxy/8fm5oi27PdG8xMdkSq4Qq7jjUcWx42RWprXvFqPfQXdTDG7J8aROmLUtgz7lNTXXU_S7KppN4G5Yy8N82WQTSjNHnMtQ-wc6xKd84Mzq7mSDDMW6-81n-IpvC7_qfp7rRLpSlCMvPd8W5K7Ke80kKayd8KVBIXg, ",16.45992,107.58708
KING HOMESTAY - Double Room,"Thành phố Huế, Việt Nam",Chưa xét,0,Thừa Thiên Huế,Homestay,279.944 ₫,Không có giảm giá,"lh4.googleusercontent.com/proxy/lV1Heg6nKpN4WY3QohA6iKJ9XoDqkYDnVhgocSDUUwlzibxXXr63jSm01g8UTkmjYGJZ1DWeCjwHRwlt1UU1W51lYbVzhg7S-POP4oezcNYkxBmG3qjS3xQF6ky2ky0d9XkYQSmgXx_qUrlci8xNNioIC7yXooc, lh3.googleusercontent.com/proxy/dfSl5OwS8P16nmo7Nvh-SKGyq3vNXwM2T5IOQHCTEPkoSk8C-45r4LOnqFz5yJUtgAw1L1jzTk6ZrMZE-mOEH2bPUPnghT0t32-16eA9Ci-uE5n1y0H9lmvk5gmwakjglTaHI5mvSm-87OURkyrb1KVpnrKtbg, lh6.googleusercontent.com/proxy/YxjQcxcN7KUjKqMc-Zh8pj7AIPrr_SYYG4F8BZZ0hjmajPVMrQnE8_nVyVaVd8GYK11fG7tewvtV6cyLT5HxkT7pEpy7GUQxF74WGpR3ABaIbcIHI_5-sG5lsTSCGpQEQaN6OjKXePDqFAigg_6wSm9zYHqUSwQ, ",16.47110,107.59740
Mia's House Hue,"Thành phố Huế, Việt Nam","5,0",0,Thừa Thiên Huế,Homestay,2.300.000 ₫,Không có giảm giá,"lh3.googleusercontent.com/proxy/EmC_Iip3dVNfzSSDsV0z4J7BhfELuvzug6OFouBPCN6hSUL0qGvbh-rDpDUxIC-hGriNSRvSkS23EVR0GgYFN1NFx1G2OO_cYSz7EFK8z6QI0j87Yj58Ox2UCO4XMooKcG7vUHB6zXTeyxhydoAREXZMO2H5rQ, lh4.googleusercontent.com/proxy/BElVwM68zc8QtZhZwchSSd5zShfpiV6M2c4_TyJANCE8EmIikRoV-UmuUyBS_DxvbaGK94b4SV-CtO7S1LjsbYwJ6Ped4pSZDbJnPiM9IzBg4gOwRbwuXmc2fG7Nq7frhQGN2oM2WfTF9fH5381ItsMjrOnEy2Y, lh4.googleusercontent.com/proxy/2HIWR96kTI9HsDHEGe2m6z7qm0eURAFlgsEiwPPVtcTghNFpsTtlvwi7QAAn80Wo4xabcgfNid-d1IxmB0S4dCA82GDLyB-7hnUxy9ruPKhR7XpOnZCnX1s8r-UO8B8BtlBC6SZT0iPQieU8pSHZhhEVFzyg_3c, ",16.47436,107.58397
The HillSide Homestay Hue,"Thành phố Huế, Việt Nam","4,6",0,Thừa Thiên Huế,Homestay,540.408 ₫,Không có giảm giá,"lh4.googleusercontent.com/proxy/WRBIjvweyPQFan55sSaHJDCU7XwZbJ3nIAWw3vnLfedfsg-icMClLVs9FoEQe1CqOtyw0x4O1pibZ3IN-ETz8XIBkAiuBLQPdi_1ocSrBg7zKodcRL9Uc4mSpewmP7ovWAYegCToJFnjiGFyBOeaa7EJIavrFLw, lh4.googleusercontent.com/proxy/jY26cxKe5Sx0qPSvpf-WBTT-Ph5tw6jjBHuiEKq-5-3V6tUz8mDv8HA9bWn3ySXA9E4A8pO4U4svbZqifisSpOtOTIEKmuIoJInkioPgVNIuHCZWr3AAbCWX3KPUlhbrr_uBWv53Xfvvnmw-Pz5QO4QxTsneUHc, lh5.googleusercontent.com/proxy/0PwetntzHX-OyrXIo4kQWuCa_-vzwFFN3nuC36FKzINQ-83oTIakffPELtoj620LqQ8KSepn1ZIf1Naf--Jo-858Qk2YxSu9raDRP3HwWK-W8cYg_Ox_S1qOvQePLIWGCyJTd9G7Mn_q5B0Cpfuoi40xlPffCYQ, ",16.44524,107.57787
Purple Hue - Charming Riverside - Economy Double Room,"Thành phố Huế, Việt Nam",Chưa xét,0,Thừa Thiên Huế,Homestay,396.324 ₫,Không có giảm giá,"lh6.googleusercontent.com/proxy/sRnkQIiYEXDga8PHi_2-AHiS9s19pBFDTP8-s_zzDOaLHsqF0E4RfCszf-eOH6ZMwHGdIcfKOlzD625RT_nxeCt_ZklMgRNfhM5JqrvDXsScSPfHQ3oN5nbX92vVfRRlx_nn-D5oVpBan8OEA5dAQMvJkgX3mA, lh3.googleusercontent.com/proxy/dcaFn5FW3qLLhuzSjXqs_tthM-G0vkRnLnBH3O7Z9Bc-jUXYasXsyYxRWsztM5-cLWl_WenEMPv3MzZbvhX22lI8TNBf-sQxz8zmlvAQ22SFTNkQLurgH1BRXNEc54id1fNInG4xCGbLeBh-xdx5IQMl6oMunQ, lh5.googleusercontent.com/proxy/rYvy7AZAhPa_yekGJfOo6yQmyCBstZXf1LXx9ByCov6sn2EAIZNsBIoSDhxDbLEybIzpiSD542ra_rs9uDizf263JL4VYS8MJs56gTh5e3i5065JQxOqtTJKuwKFPMyaHgixlteVc3z5DgTX-SxfPZnyLYvPKKs, ",16.47547,107.59528
Rose,"Phú Thượng, Việt Nam",Chưa xét,0,Thừa Thiên Huế,Homestay,220.236 ₫,Không có giảm giá,"lh4.googleusercontent.com/proxy/7iqWy-5OyK0vds2BUjVwS88EbZDFnaqyPM2YhKjVKekzGoyJjCxpoN4VmPye5GPWog8CJHDFk86K-Sf2a2nWwD2c9DxBOzUuiuq8uqGOrBzaavvjyaJczo5htXX-ELQ6Kyr6J84QJsQneDo0-yJeXmV9nSQ6pg, lh4.googleusercontent.com/proxy/leQbMFnTpucehj1iCmwuK3yGbRw8de99QwIJMRocVxgJQQq__Mw14-Bio6aa1O-KxAn5ZVEqnpMHvDpjVzZY6-ESBHqSB6uPgzVezqX9IR8b8kxtJ1UmBPoSoD47WTiqRmZ3M4kRC4FLCODWMa4NmxbVrxhlog, lh6.googleusercontent.com/proxy/ZxV0Wd-GpEk5RJXtHUGQhLWykYXzDeUGIxfKK6X9H3v4gAAkoNMeQP4gM0cwvdrmhlprxNfj-YISdbdn5Aa3-RlyQ2pVlXUV17bxkX2Gx_IDRAeSPDdF0FxLOsY4OswDRR7v07lASGK-GB76U2774XbConfYTRw, ",16.49702,107.60922
"An homestay, căn hộ Nera Garden Huế","Thành phố Huế, Việt Nam","4,2",0,Thừa Thiên Huế,Homestay,800.000 ₫,Không có giảm giá,"lh4.googleusercontent.com/proxy/4SQ7mjTVRgkwU_A7TrtrYFR07pS0kNR8lnCvdkd45iXqfo_Gls_40Q1wrBCr0Ucj8j5XWMVL-rmk9-RBPSf9u3-ZPejDDf4ZxpAab_Kzp1vfxGZsKO7AR3cHPYuqsF42B59_I-A9GuzaUFaCQOo2TgjZuJ32nUs, lh6.googleusercontent.com/proxy/O7o9AGQXwDZI9RtxxIfsXZORD-e3Lz7UAamRq8x7BiS3syZmZmKRG9wOxzJUmWD0YbOsS7rHq704t3qZVB9KgqaBMsHfZy1Do0TU3xuARTQBH1AST8GNsYEDNkAzeQo6C7-NtSWrchg1JU7WrW3LzNBQDuY_1Z0, lh4.googleusercontent.com/proxy/zVei_hmoYA-PigCWpcpUjiO5hh6th-LovMfHRZyalzdOLCM4vh7xD4HuWQ6KplEUH-Epm7y2L0IA4IRQg6P0OMWlQ9f2VdJ9z64Lv9TocyK7Pa2vEtp2dkQzD3744DTRf9k9TtW-5KNNFJFY3l5HblW6hSryLQ, ",16.46370,107.60068
Amy Hue Hotel Apartment,"Thành phố Huế, Việt Nam",Chưa xét,0,Thừa Thiên Huế,Homestay,526.999 ₫,Không có giảm giá,"lh5.googleusercontent.com/proxy/69S9rfi6igX_32QfOLJrIOaa4Rf9phl3hL1SYx2g8Gy5wzQavXdc1pRhCbY372hpO9G1F_ZO1v-73RL49c3wtR-UXPqA99cxc8mF5i9kb5RfeGqgvNbJvCLHyUfOQ6-A8nVp4-fh_5yrXu3x18ILJOhSIH0d1g, lh4.googleusercontent.com/proxy/Ulr9p_TEs8guEMBwwajQ_UDSPhWNAN-CDoZF1fnbZhwDhtYwtJLJVBfeUJh-H9wYeVr0d1PqQJYIIAf5gUK3kH9ADiX9Vec7t6Zk68ZCCJ7vz_tf0k8ngSQ0zR6Z6Z3eRyuWZ4uAUAoH5Yh_xZXpqBh-ncUbyA, lh4.googleusercontent.com/proxy/OBUE175NnjNV_sIplbsmYDFzfGWcLeHyVAgc5DRZ0R34hgWRaEmYlJ0wC-YuCqWokcjv-tUzCqomp_fru8CDM6hzrMKrcbZnlk5fi7vldAueC82n-Yh8Qil9ui6m-2ivjuEXIfSI4YXY6u5_qcVvYkJ0XULSnTw, ",16.46908,107.59700
MyFa House,"Thành phố Huế, Việt Nam",Chưa xét,0,Thừa Thiên Huế,Homestay,432.377 ₫,Không có giảm giá,"lh4.googleusercontent.com/proxy/W06ozXQoH4AS53CWWQZmjb4OTxaQIQfnrnhiulduT5vd_30mZmvhA3VZ1p-0OuuyARERjg4YE6B85Kq9elut8JRZaMKmqJE74_61btXAkPbhLCqfZZz0fN4n3PTYQTKtYctXwaSIT4LWmR3SneR2Af-G_jCWSw, lh4.googleusercontent.com/proxy/qpbqFaq_VwPrisv7JnSvMX-G2OVzZTQBW8ugRHy9oXTcK-cQQ8MB5A7Vyf13Aa508ieM2-DaYK6PHsznCrPksCM52y0oKivhSbVYdwY_NsGJT5TljZg0K-zJOmercG-nRkpFJpL8787w7YzTqgxSkf0qKyOh8sM, lh5.googleusercontent.com/proxy/kVYYBdttWVRpntD-AAoj-SWvhsdx9y8sR3DMswJDexR1fY7qR9Vp3capi8lHtvF8s4DSLOeq9Xcd4UtGEB3BhUgbm7Xk-L-n8xR5QeSm8QBVDYVojRqn8OoR5zW2Ay2Zahy3QQrARM3aDBVDCaik1ToNm-L5zV0, ",16.46267,107.60084
TT Villa Hue,"Thành phố Huế, Việt Nam","4,9",0,Thừa Thiên Huế,Homestay,2.505.938 ₫,Không có giảm giá,"lh6.googleusercontent.com/proxy/Jr6JG_jNAFYmW_JieIiZJwNDsh0dL1n8icFj55IEcY7SfpjeqBuq63Ly4o41rWktb1VqPCiTCSkWXyvPvizJDzAbUt3HAfHCJNdR74gx5KwSYWfxvgBWDpQ-wpra3TzNBJMJgbjmwBAF3s47B0uIv851Jbh1fR4, lh6.googleusercontent.com/proxy/9vz117X-woYpSAbPH_yHlQTKLH5ozVpNAPgnbqDTFysRKzo3OEyCTvJGlme20SZMIAL4iJJG8UYcCsx2KpnTOFS4GZfpFuc9qunxuRW_1eGyxhV2UWICG8DggvfCSvKdgRf7ytnm2GVPWCOgBdbQamkrNrkhog, lh5.googleusercontent.com/proxy/xBBk_yIgDhHuO_Z--6pzMFaHcWTBEV1EIHuof3MC7m3W1lPbQQCEslClC06PdAYk8iM9au1gHQPfnn0CbdU53L9n4mtRENV-pZWfSYL8oxv2M7gbpf7evPVRstj2TlgLqISXusoymHl4-SYFjoTUeRd56eNPqwg, ",16.47822,107.57855
An Thai Homestay Hue,"Thành phố Huế, Việt Nam",Chưa xét,0,Thừa Thiên Huế,Homestay,495.374 ₫,Không có giảm giá,"lh6.googleusercontent.com/proxy/WuqMnQF4SSjUcmRTFJajlns_JPudGK5HNpq8gk8UlEpHmw6grYa7Uc1HYS9WXCcFPUZjou5MPKv5pfRpS_ylq91MSmHpuznr454dbc18tcdiqXCWIZfw99oWPVQKLnlCju2lyFBOrLb63fls_86TWYKFC3Xqhw, lh4.googleusercontent.com/proxy/CjZ62qi175wCU91fu5NAh_FCCPz9ZQlzrlY2Qblsr2ni5uzG40aekQWg_nbC2d9XBZAqeIbAQdvtq8axjqqBlZZXU-6_scHHaxUwwgRJ8X47wZ9y0dEl3AjflBvDC2kyuDGLuj7ilki4KH6nBrrUiXBtTmPxaw, lh6.googleusercontent.com/proxy/hRkVs0oX9wogX-jVXYrTjRQ5uf_D85lCs326qV0fFRNqfzxjuvTYPdXwDkqeXYwel5ovIwTp2baM1PRs7fieT_BrAe-CSSw6TB-F66oMIoxZWoX0odw8XAHqo-Z1MrTezL2-8CyHrPxf76hdeS22rsKblpopyg, ",16.46493,107.59394
Ciel Homestay,"Thành phố Huế, Việt Nam",Chưa xét,0,Thừa Thiên Huế,Homestay,799.100 ₫,Không có giảm giá,"lh4.googleusercontent.com/proxy/ylcMV8VZcwzVIoOO2JdzeJDJHhhBOToRLpD4VWhGYnuzGZWbFbhNABF3i_p40qQxJC8w5Hkv-_uMahy-qazfFPxjvv4MK7oIs9Bf5G2yakZe6sfPfvmscb32RKNlrqwnIxEFfNQD3PNgSU-1uIaB1QdoiYosLA, lh3.googleusercontent.com/proxy/XD_pCwuRkzsECS5rbZTO42Ga7Dz0PrCT1JRvb6CAEgGG_sIsepAojV-UtOOIzizZNfL6Lyd49ydKsDw2rqDCYo7BgO81HVH7ulD6otjGUq51Q6FwkxeXrwxfWuV1-r0q7r4d49RJCZPKMZX4NDf44DGsG1jNmQ, lh4.googleusercontent.com/proxy/yUQjVqbD8EPrXfFDMu_jQbz7K_AH_ZVfIp5IUSa5lcuAmGfgjyCkI3gwzPoRyqrZDffxhtU7dvxNF4T9Y7305MzXL3VGyE7jGfYdY4gJwj4R_yGMd1draXp3BCqenNRX8uRK_aP_CZbTl8myuiVxFrVjrbT1LWs, ",16.47941,107.57869
Hue Sweethouse 2 Homestay - Deluxe Double Room with Balcony,"Thành phố Huế, Việt Nam","4,9",0,Thừa Thiên Huế,Homestay,670.956 ₫,Không có giảm giá,"lh4.googleusercontent.com/proxy/sqXj3myku37Upn4I6XnjdzWqpDTYg1ysdZponM_KYfEL26DtzM8sz0C57G8qMgue1z1ElFnKZO9XED_qfUy8VdSCvhTCohW6-2OdH1fmIp2NiMMUgt0r0KUtkalxH-P7SthUQGSrl_rotoHldec1upxxyGTdsxM, lh3.googleusercontent.com/proxy/xbnhmVqgYtHj0VhOVkw9kVAl40GPUQaf_CAViI3RPsUWzmo0xGQ41wMQgeES6iUiHDY8Dy9Rnj_AG9igcsySe8e7dkxhbZuPYwY8gp9jDXeX32g4gd-qXOSYHNclXjb3ImcorphCcfmVR8Mn5ceVPcyS_vt5Ug, lh3.googleusercontent.com/proxy/tbnhIVuiTX_PcStkank6PxKiEcGhEXt1pXCSnQSEPmMvbTMjJxcgYz8tbY848ArI1y4IF9Bqy1shyW4xU0HR-JUiibmlU4l5YJl0CRVOUKzm1aQ3rFJHYL-UuagoeDfKDnuH0Y_0wUFoto_81EezFTmNJcAuYQ, ",16.47165,107.59688
Boom Casa Homestay,"Thành phố Huế, Việt Nam",Chưa xét,0,Thừa Thiên Huế,Homestay,450.466 ₫,Không có giảm giá,"lh3.googleusercontent.com/proxy/3Af7_VZYu4BR-pd_ye-pMID2oxgI29HfIhTg06Ogwt4GKkSevL2V2FzsBm0zHSpJFawTnqJ_SFRoRybJ4gCSQLLJ5uwITxmsFCiJY92_fkVk_LmrkTJXvB_qF4HS8MtKL39SWKYG_vzoh2PkgwW6iXinTJnGVg, lh3.googleusercontent.com/proxy/s7q_N6xHksOJyHcQFpEhAqKuEP6jYaM46MLjWXpm-XqzaHuGrcfulh92St0h8mPbFQZs3WZnByCxPIpPq5cXKZqHmaX0o6I0tUbs5tRwJ1dSKoUM72OWToymnlAt5QBDq_62KDQkbkWRE4n5DGZSbALDHTIyMA, lh5.googleusercontent.com/proxy/ftfTnOF5qASk6ecXw-mGaikamafxHQHKG3VrOs-f7btop3GJgOXZ1DzYxndodm9Z4gBuFhbM-WA3omQxYogYc4MFvNcbD_J1kQdcnDykMVnTO5zzz3QnHfydykG8moYA3vxHxl5hBNyGGNxGnnSyIilccrXmSlk, ",16.46937,107.58477
Sun & Sea Resort- Standard Unit 15,"Thuận An, Việt Nam",Chưa xét,0,Thừa Thiên Huế,Homestay,1.138.500 ₫,Không có giảm giá,"lh5.googleusercontent.com/proxy/9afAg-IS41oZHwkICELXmL8k9BhIDYs-HTtLKWElFbh_6lPjqGYMXGmjXzc5YwpFkL-jmeE9T8deGN_AbOlh5UhAh3Ek_REDbL-p0iiUUHTS-ODwvP7ZdWarVqQ2OQuBEAts5aJiJpdozlaFwNIeSpXyqv_SyQ, lh3.googleusercontent.com/proxy/3WCgItP5w-5Rt8Zrdd7d1WAhGwn1_-1aPZQmM9VTFT9iRxtCE5uYgYZWgR39ko0fPn5mkCHx7bRzQAaGEkjHKLVPx2MH40Js3POFFnndOxVrtc-99S6-SSB8FM6DeDO5CpLhIE3DfPZlTv_qJCH8zpMvoq6jWQ, lh3.googleusercontent.com/proxy/7LZeAQC_GVgdn0T07y9irqYd7WLc5bsSGJgVPLWbuvvnBjdjrH4kottSu08Nmat1_0a-4iB1EWvVSgKDCKPxzfJ2dFHQNpPdrhl4bSkOM3taANsdKjcDi8QMZuuQnbJOlR3yWpB26fBCAjVBhjdQ_G_vGI45npc, ",16.55696,107.65173
Merry homestay Huế,"Thành phố Huế, Việt Nam",Chưa xét,0,Thừa Thiên Huế,Homestay,400.246 ₫,Không có giảm giá,"lh5.googleusercontent.com/proxy/GLrLqlzvVlNHll1vosvzZOtXfLLsvP_lckLVORNTQRLbvl0dtK7LtVfMVQFEOEsV7YSt0kP0B73BIOaByNqJGfAhx6uCJix2hP3yUieTR3Ik2kFBuxv0c_U29Jc85ou7DJ6t8chi4FF17DrLyF2dn5OY345de-E, lh4.googleusercontent.com/proxy/55eKBK0_oHXMxJf-Jcs9CLveYVC99jaIUCmkvrUyXdosup-vJnjbQ5shhDwz0R-wROujnrapTLGO2E3mHu8mg55fb_QlVvs3lIXCtSaCT3UMroBXHWpfo3vY3uUcYGBwiYLZLfJf8dP4_wvrfGbl7hksiK1fMQ, lh3.googleusercontent.com/proxy/DJlzQIcAVpOWlSfKjG5Eq5kZegf6kZwBTY1Odr5AcEU614ifrP6WZBjJYc7w6p5Kf-hofa0ioI8522Lv1BNsJBlNzjXg-fN2sUVhXZ3fEBChJG40V2f-QbtveT1wrxIHdQzf5PN7G88Y3-hFX1XeVzD7ulZrMA, ",16.45560,107.58949
Ina apartment - Nera garden Hue,"Thành phố Huế, Việt Nam",Chưa xét,0,Thừa Thiên Huế,Homestay,770.132 ₫,Không có giảm giá,"lh3.googleusercontent.com/proxy/Ccs-FeLq0vRxB9Itb6IaUyNbb1TRgQKr2SSmbs87tG9mnsA-nAPeV6wVqFSfQCjRa1duK-SlgcsDwNgo0jimXzUBEpkQsNhue5AlnkPaQnbzzUzlZgiRgrzOYPi55e8vxbpgx-BhkZAxjPbNuBblTyuEXlO-wQ, lh3.googleusercontent.com/proxy/PhuRBESbNdwSgXfh4kh48TeP0dpCzQ96GNK-mjeC49mfWC1i3wjdrxGBh-mWs5MxaNGWmZDw0M-e4YRHhZMDTwiNl06f4D6L68-qcyq-QwBAU1AdJsqhvNX3GU6Ag2IceCWiVnwWiX_P4LUs58FEVqlwOlKK0Q, lh3.googleusercontent.com/proxy/rNKF99F0lkQHf3yYEKeGiwfMqXkVFNs_pFkJZ7Lukuj-6iw7INfkaHVw92Er0OcV3lsNSuwJZ7_nM-Xisl3EmUhmN15YUI9yGifuBw0gUtgb-F3-YuP9rhfZgzYD1Ftv2RdJdkfSkNHKiGXZgbnU-QiUi5J1Wcw, ",16.46301,107.61678
HOMEY Homestay Hue,"Thị xã Hương Thủy, Việt Nam","4,9",0,Thừa Thiên Huế,Homestay,435.666 ₫,Không có giảm giá,"lh3.googleusercontent.com/proxy/UHn8Mk5gCEcVkmLK0lSaWOG9fBisUF3-Hc4GCbgoY-NkWOvuV37XSS4YDlqns6OIZ5YlJXclGRG9fXEQ9CuallP1NNiH5UquPjNWFuH8x540U8KXMqnOnQM3whXya3dfQ9GEkBOYNAW_wjT8YK6MhRYok5fpdIk, lh4.googleusercontent.com/proxy/zhw-qjeg5kf8yU5At_J5W6RBXdf5ttsjX4UGfwT31S3tnfu1IZjZDdvFVqCTx6ChSAnbpM7m7-V50BeA17WgnRM1rDluiVds3k2_FD9wHVepQv7ms0LkvksTnzFCzdDHKIKvXUi20JDZ1CH0WJlo6xmINPDSUw, lh6.googleusercontent.com/proxy/QVsBs9OoGhLuo22zgF0zoQrCyP3-ohvVEIhJaFOUoyYqwzE0ZRdwoXImnAqanAwLeiMvY_ubn491bEUgHPoydJcFHR2DAjoRAHOlxDREB9JxO0hTjzZYctf6JFY8N9_bsaz9qtbLkC1wVRivhuU9v_bfsH4XUXM, ",16.43553,107.63301
Moon House,"Thành phố Huế, Việt Nam",Chưa xét,0,Thừa Thiên Huế,Homestay,549.389 ₫,Không có giảm giá,"lh6.googleusercontent.com/proxy/50a8JMqYjJ_Nfc-6hyUa-jR4FwNP_v3388YeFb_Zz4fP5WsVhl7T50CX87ggaVApTGq45KcLvWHZ424xI-1EPY_IqgnBv1ehDVKEQ-NpQTF3V6Yz-cOq06zP7Yxqa3yhHFd6TK8zctLQwq1eMiGqZv4CoMwi5w8, lh4.googleusercontent.com/proxy/69pOrmjPLE4v4hnxwNKA0B4lu6CJ4X2EUwZbxDTT1WY4TIVOhPtqFYNf2JBryU7_DC1JYZ8sN8qtlNfkFRYYnzeZlhAsLed-rzxC_OqKGJnBGjY6-w1wijzX3ojq-6IOUqUx_9noYRhxD8bj1ybdWw4WyJ2DAQ, lh6.googleusercontent.com/proxy/hRqPO4YJ4CQFM4DxXdBsSPRsHPrAw49uI450-XeGIhr38b_zqOwJ2H0rsehMTyDTu3SxMeCJ4GXEoNkA-iP_Fo_o3n2QeC2mVZrdlrB6gW-Jx_rK4UZSALh952EMyQArYYlepzpzGza8SGSnKltRrvsIFvOLSA, ",16.46303,107.60745
Xuka Homestay - Triple Room with Bathroom,"Thị xã Hương Thủy, Việt Nam",Chưa xét,0,Thừa Thiên Huế,Homestay,242.753 ₫,Không có giảm giá,"lh3.googleusercontent.com/proxy/MKbrU9O0aiXZWIeOdu9y6tbEtD_LC5eUgrupwruyHZsEFTSkbpklbQHd42Y7aGIL8eUr1l04YvUFF2E4fqCrkZggEomDKfBtc24huIzCwJ8NUB1y-KoktvISVx-4h33LC9FPrAUWv6BJE3nZiMbH-n_TGnGUs6s, lh3.googleusercontent.com/proxy/Ce_LIDHdYPkTOH0ioMwPTBUw2kKCa1KijcusaZHTeNWANeGlRul3hC7s_iA979VJZ06MJEELqgFrZf9hhGtqFUbnhTHblrXOIWlFAQvoS3yDdANyfMEl8PGYL36pZXVV76l1s1EfCFmuaT0ep9VIL4vte5LlXfg, lh4.googleusercontent.com/proxy/yn8ZQa3OMEipaFBVPosfzryEVFlFI1K6ILQUM7BLqzJ-UlvxsEOMX1w3hAgRfO_NsuYYb3MZ7E28foRcRcZB2yhQq1uiBTayhV99_LEYvB2x4xHxNZ_y1PqkhQpZd03RuU1ByFmFPaJm5zDNkqwj0OsnYNDAIg, ",16.46518,107.64478
Plumeria Homestay,"Thành phố Huế, Việt Nam",Chưa xét,0,Thừa Thiên Huế,Homestay,344.333 ₫,Không có giảm giá,"lh4.googleusercontent.com/proxy/VXgCqByBZYG7JlID41nRKGPYW6slrFEL_6tjdVnfPm-ZNzggbcmCoKLqooLfxqgx27e5oBzW3sPeMli34wPR5f0B5gFx2kaHjMVwf23mfeSS_JywHou3lyc3AlAh3fvWroEpyT6nBa_GA0nksy-7FkA6NWuKQCo, lh3.googleusercontent.com/proxy/ESgx8bTNFPVAcFsgnfYqADVFInZQnkONoB6jNFqmyJZEuFHbQpaQZqm4eeTnywgW9Fku5rYomC6uV03lb9MXI-t45F3T8FqiK9HJ7VsAC27z9yQrPnV2PDxUCsp-8VKM0qOMnBpD53fV06l_kBNAPHr53xkVew, lh6.googleusercontent.com/proxy/aIUJn0PNYg-GVuNNgSWtt-3XP3wPD_3rViTEUncWdNMcEqls_dYD-94qvAm2xrpanvDKB3EbdCDt8DCo6Mh6ntRg_ssMnTTdDvuE_fhw-31N2k986wXlrv7pNVH8hzdIz8ombgwPeSbf1n1GGp4IZ_imp_qiaQ, ",16.47266,107.57567
July homestay,"Thành phố Huế, Việt Nam",Chưa xét,0,Thừa Thiên Huế,Homestay,619.200 ₫,Không có giảm giá,"lh4.googleusercontent.com/proxy/n2vFUkHdZQiOHiElsCb_qxC97hmyBnaq83Vn69-RB-YgmLHc0fdog5FTBoEmlVmySvH2Bjso-6Y096mqZvRBXE8-Y9ymN7V6ST3F_1n3cfCH4-LWqd6LSJfC1o9HgAMGnFJjUolb2FatSTTtCBeDSRboqQR7oW8, lh4.googleusercontent.com/proxy/IXZC2L5DGecKASLNwgpzZ4wv26SoQzEzr1_qHoUSPLuhrQTwaw_AZPQN-90B7mZOuvEkWXZCapBuo-QITX3zRFy5ulH2hDpjPDDfe9rp33rz980eoYu1A3Xpuy0eFpeyonqCcD-MjeJ-leMGEsyJ2-3o6Unx3yc, lh4.googleusercontent.com/proxy/ubKC7bXV2cu7E93I-eO69o1NFRWGJgMepcep_xX_J_H4uUesvASXhPzFrBGg1u2r7eePR4JKdO3K0YfJEjJ1ILspUcSw9LbX4WtZXo4ZRyF1BV7yjev9y1DvPmiQK8OUHrM1cK_f3_hYCtzGnYkZY2G-ET0TVQ, ",16.45201,107.59954
July homestay,"Thành phố Huế, Việt Nam",Chưa xét,0,Thừa Thiên Huế,Homestay,619.200 ₫,Không có giảm giá,"lh4.googleusercontent.com/proxy/n2vFUkHdZQiOHiElsCb_qxC97hmyBnaq83Vn69-RB-YgmLHc0fdog5FTBoEmlVmySvH2Bjso-6Y096mqZvRBXE8-Y9ymN7V6ST3F_1n3cfCH4-LWqd6LSJfC1o9HgAMGnFJjUolb2FatSTTtCBeDSRboqQR7oW8, lh4.googleusercontent.com/proxy/IXZC2L5DGecKASLNwgpzZ4wv26SoQzEzr1_qHoUSPLuhrQTwaw_AZPQN-90B7mZOuvEkWXZCapBuo-QITX3zRFy5ulH2hDpjPDDfe9rp33rz980eoYu1A3Xpuy0eFpeyonqCcD-MjeJ-leMGEsyJ2-3o6Unx3yc, lh4.googleusercontent.com/proxy/ubKC7bXV2cu7E93I-eO69o1NFRWGJgMepcep_xX_J_H4uUesvASXhPzFrBGg1u2r7eePR4JKdO3K0YfJEjJ1ILspUcSw9LbX4WtZXo4ZRyF1BV7yjev9y1DvPmiQK8OUHrM1cK_f3_hYCtzGnYkZY2G-ET0TVQ, ",16.45201,107.59954
Komi Homestay,"Thành phố Huế, Việt Nam",Chưa xét,0,Thừa Thiên Huế,Homestay,539.396 ₫,Không có giảm giá,"lh4.googleusercontent.com/proxy/iANjx6tcEUoijYmbfETalFz84ewBrQPkyxW6UTJaH7bzoAUlHW8dnLiBJAaBgZ3ejSeekv2y_ZIErxaTcXHqcRu2dTJXVUvEiv3dsT9Cigt5yspXkaX-wIQEspHG90UVGAn_KlBa9yJfoUv-xPRPeu8pt1lHxRg, lh4.googleusercontent.com/proxy/oXQp3NJqx1zb6PaTLyNNhPPWyNE-bTrdAoixZwB07YPxzAREWFX5qfH76si1t84jUkOrhaYa_-oRvlf48Tj5KL4TQic6BfBbpxx0p67jdlS3YyiO0iv7rpr9LujQv0Enm-sW-VHg2xlRgz2ndvndMjSK8USvoQ, lh3.googleusercontent.com/proxy/0suBNgZs28gez4-cK7DGfItYDHL009rBBCRVSFKuJvyO8MAJB1ks7MGvko6tUpMT8Oydpk5CtHOaxdMpam9WloQzAVZ0a1PUnQ_DFxKPepNaRyPrJNTol9BuB2_AW6WM8ae7WWfAKh4JMKUB7DDhedpXj1dSYw8, ",16.46461,107.59320
HomesHue,"Thành phố Huế, Việt Nam",Chưa xét,0,Thừa Thiên Huế,Homestay,599.230 ₫,Không có giảm giá,"lh6.googleusercontent.com/proxy/WasISugqfE213emhUGkrY5LaPb0JOTsh4QHl8Ooku4hiHEg9Rzn7GcpseG2yEjGCN-egJrIHtNGg5yORVOM59yVH0-reL4ZyA2vwVh3b8LZY3ZSg0hus7rY4yUJugC_25L6POUh47Da7eoBmhjncmWI7pnQiGA, lh4.googleusercontent.com/proxy/pW0Npz8jqvkZpn2YCdaC7FH5l4XbtraOO5veXUhxKSWVlcIBeSsXUK_fkDFSj4YdYeUR4V7526hBnh0DnQPWXW6LEhW28HcWhRA2T8BSEzW-RCtq-CCKoOcI3yLO8Gqky7oJ46DL1duFzXT-a6BOZCZoUJOHbI0, lh6.googleusercontent.com/proxy/pT016fMGCF1mLGH7rVoU1C5cfHrOWtCRu9asKgRHoKrS8QW3dPkiXDOiG20XlxZOSYopDk77GOoNah6nGOUr3WH7mYIQTS_anRhRqmbJUmlCZhEq-Ple5LRbtNso_PGfTLC-3GC4oxG2yr3hdjh70UrzzaL4wgA, ",16.45445,107.58575
Sun & Sea Resort- Standard Unit 12,"Thuận An, Việt Nam",Chưa xét,0,Thừa Thiên Huế,Homestay,1.138.500 ₫,Không có giảm giá,"lh5.googleusercontent.com/proxy/cM6-KQQjsMWMEgUUw0kMAuiDJbEJcKmWFdWelomH_FpmmT2a3LnJ5W_KQ3H4cjbxObWqxrjMIIFbQb6KWuux-MciLqsG9Nwpw6ipB9rxELQx83C2HPLUIP0JqvtQte56OWX2QZo5WUP-bBAGXnrlXuTLJDmRFA, lh6.googleusercontent.com/proxy/BBmlhyvb0-WU-nFmi4cDeXVeKaa_6jMAgk1UGxjMkEGlbLTtGhKgQbU7AJ_Vpw1YdLVdMMSoBGZyhDl7TDXRUNcyH2P00o_MX6UxmYO231xCiY4ifX-sVLu3YFZMCkpVMQu4pCZ0FnJW402V7pt-DgJ_DgRkSic, lh5.googleusercontent.com/proxy/Qb9pnb8aO57gwt1oK8NV30fZh7pbZ3XjIaaP4I26cxnABITvDRpLhHYJM1jQS7jtIf_ELxcXBHEdnE1U6yLUbMwdBKI5y5bYH2Jk-Qhd6JF_bQA4YDjadnxhSp0hGR7nBXcBDYthHN16RrcNTayhBtIzVW6nl-g, ",16.55699,107.65180
Hue House Stay,"Thành phố Huế, Việt Nam",Chưa xét,0,Thừa Thiên Huế,Homestay,300.311 ₫,Không có giảm giá,"lh3.googleusercontent.com/proxy/q-ikRXZPj-uA82WXWoFf8WifgdVhTUWklwWazsEvO-vCZAC1v-b1dAwU2yPYBjdQw8hEqajKkzXoOQFtItxCOJH5QqVT_K4bV1w8wSLHxAhPsmwk4e4D0qq_9nKp9_n_kHyAGb3B38iVkjTcZsIvmpWiAS9Kncw, lh6.googleusercontent.com/proxy/uY80D0B-SkOLj4H820Ov4yrkeZ-x3c6bCZsyJu9cegO9oeZd7UGZ0vvJZiUUjsrwttuOhEIujfknbvsTCLGe7m2Z39KWrqg1LL5_E4Eq2pQX6yYTknRMqPFf5QcJGog3D1PFNbxtDDJP5LQT7YKE5nLWsH_iHw, lh4.googleusercontent.com/proxy/DBxdyQOnNvHNqmjtVCaniQjpW4U_1R4CcRJV1lvH2TfeHyjy17z5uKgDdezUO-Mbyck2LTOGdT8hRyj7cnhu-dIcMbt8tlJ8KopJgCaW1koD98SmgLOJxWhhO5Q7rogrT0elNGEE0TtUH41X54TCZKEiNGErevw, ",16.45529,107.61138
Na Coffee and Homestay,"Thành phố Huế, Việt Nam","4,3",0,Thừa Thiên Huế,Homestay,407.583 ₫,Không có giảm giá,"lh5.googleusercontent.com/proxy/U9TARgBh_eZLzBTQ3LvByTuz8V6OyxJqS3nJb0CrqnjrBnx9YVhGMl2edmsqEu-7XHo6bq2RX7Nsx-y6d1oLRyHtusXwxfGtCXB-WwETbnzzW4O_xZSUv0esd4quDi7Mg6gVpbvU45fJwsDFt24x8N7hj2Kv9A, lh6.googleusercontent.com/proxy/x2g-wBm4opt2zdXOD-EAhjhIs0B_-00z4ZarWRz_c8AAXoxHdDKZcoiYThQ23oAE7IeG2kPSvKwSEGxF19mK1PWmpncVzzvoj6QRRZqrjMg5FLUYrwbBZ4BSb7ckMtcuh60DmTB6ARAb7AJezyhWqKrt9O4eUgM, lh4.googleusercontent.com/proxy/jHN_TfPvWjoyqScnFwUtRF9OE9PIh_gMtkkHoN6hZ9JOLKZZV7shn5N8YwkzEtW5G1p8r8GJC8QbSESh-0JtCBs7cbppVs9yuSwPhJJSnOG5ZH6sw3a_jv84uweV_3P5HiIFvXL2XsD9AA0nlmnHHhNslW-RZAw, ",16.46330,107.59891
"Encens villa and spa features a bar, garden, terrace, and free WiFi","Thành phố Huế, Việt Nam",Chưa xét,0,Thừa Thiên Huế,Homestay,843.755 ₫,Không có giảm giá,"lh6.googleusercontent.com/proxy/e4BbQWVRrl-QBGOFePwSgn_XNhlL_0U18QLSLXOVyP08weRfDIlHcI8uiJo30qeUUjXdJv5ca5KNHZNawxA8Mk3oOsLZkuwlXGzX-3GPBrgQcd_ki7Inw8h-Yhb-y1TQcC_kwlYkG7Vvrzm2LFBS4iyb72QnKvE, lh5.googleusercontent.com/proxy/AjHpq8vqsYFIRnCvH3G6ToamczfKmPm2_rF2gvkFDudePkCROCVOpMZKgsxX1LIjwaJU_T8HtagtPd6plBql-39XiV-bP56vJ5EwpsfFUFlRLgynLNtLHl-t9x2gKv_5KzAHvzFHPQRbw0jNX1Xns9fK3nNKAQ, lh4.googleusercontent.com/proxy/Iqv3P1st4dy8MWZ25BWt8K5cTtXsMw0iSPeKdf8B5N01uBukPh9BH5gLNYC_OaRwwLIsktjBY7RyIp99bFj9q8KBgfNweAZbfNu6FkMPKuEb27uLaaUOQwfn2BREQos18QkETdGAcpY7reZPrjU1Sbh1YLQfqw, ",16.46361,107.60588
Charming Riverside Hotel,"Thành phố Huế, Việt Nam","4,5",0,Thừa Thiên Huế,Homestay,549.389 ₫,Không có giảm giá,"lh4.googleusercontent.com/proxy/3DKlPLLsIsJZi9djCQQGraVaxciGIjtaQxrl8Wcng3NKRR2MBOJl-6KTLOxoukXjFDHUkV68_InZ9gSBKITvBVnW7NtvsbXvSGe8vL7Aqgf94M_LDr7UAmegmZRekDt0Elwqh7Fo3V-rXV4yv2zbh2lF60Ndqw, lh4.googleusercontent.com/proxy/P4LZcvQJ0BX_RieT6YSG1C-M5jrC6QI85EdlQ6aghz-bj4gojHAN0Gsg1EOPjp_DubLx5bHi17AEpe7HPvDUSMYd5wIo6y8-a_aaZKpWGrvSGC_t5Cvtvma72fr9W7vtS1exmk2SBAu4bc5zXQBT6oJa4B1z5OI, lh4.googleusercontent.com/proxy/khPhJEBXKLiC4vXYzYhK3exneXo_oaxolRXri4HBnI_JqHjnCkDCD-5jz5h41IcTTn1xnTiZAlE5JTtAzgZY-YsFfeeVw0viGgIktf8cURW8FMiDQDMFUdOR66odw6XHj9dvpyiXS2bpqQygK1aX6-T00KiFsEc, ",16.47476,107.59528
Thai Gia Trang Farmstay - Comfort Double Room,"Thành phố Huế, Việt Nam",Chưa xét,0,Thừa Thiên Huế,Homestay,402.776 ₫,Không có giảm giá,"lh6.googleusercontent.com/proxy/kD3HtbVFF7LO2D6czi4Vch4C1ehVEW7DPYKbfAeBE2MvPlLk5U4J8H_WcfdgtIIKdWQ6c_HOA48y2-rqeZ6U7Y4IHONM3cwzvpSOeuiLLsRK7FwDfNDZFNdsHVcVAgtDHxY3U-UzbdJ-b7vJOLjhcV2HGGm9JqU, lh5.googleusercontent.com/proxy/8wxdTWzzye0cEmjGEO-LesGFeA-iEt461xTrtUpZUD6sv_w_4ni1G58aK1mxt2o0Y_B0vCGkjCqIzWV5nzMTmbe4r3DIV389HQkDvL3A2jtPXXySByGkXIQzDcgCUEiBUbHFfE4CpaWi5b0Z7ncQvptOpkgSow, lh3.googleusercontent.com/proxy/t1iRz8QP382RGIP0MOkESTkm7smkA4wyth1Jaf-N14xj8_kS3Xc4yNsL2X95n5A-p_1cenJsS4cR2rjdOqnCwI32uTbM_s182IhBGlDA3iZVOxrrXewnEoPkeRmIAA9nj6MuM1GFxGyh1FRJ6XW0S83T5Uwwb7I, ",16.45865,107.55121
Ourhome,bluepillow.com,Chưa xét,0,Thừa Thiên Huế,Homestay,397.589 ₫,Không có giảm giá,"lh4.googleusercontent.com/proxy/OvxAAa-ZfNAZ2CZSxtktNhWqn0wjZvzlHJrwunHVHqlNxIrrItd6p5VglaxyYSsiiS14VQgOBcHHYr3wyYhcNI-MH8DGkho7k-jKReREt-qtMOBUtHyhdFLtjr6S6oxUpu0NA5t_Oo7OQCz_peAgAvQUmXs1zeY, lh3.googleusercontent.com/proxy/z-Aq5EeKOhHN7p3prOQ-hnueMZzEedTWyQViB6H0fM_XW7y7RSqlLnqYwuvd34CS6p8OZPZC9D6_SJRMzg4A0yyteh7iGgT_VMgxtPF5dLMpNJfdsz3Ui0cw25WOomaacMcy_tK8p0K1zr3Wz8cxtPbfNxrn68I, lh6.googleusercontent.com/proxy/XcDaxU6Lyxmeqe51IlZVcCjc70XR8WUv2NLdg4cn9qi38x7SP2rm57yrhPoSIWK4Nr1LKXB_Wm4l1FvoG7p24iOL965xE7J384q7eG3jkwjJE2EuMqVzeOjJDicSie7TADwp_61WTu1Gctwia89MbXh7HZ_b_Q, ",16.46348,107.60692
Le Petit Homestay - Double Room with Balcony (2 Adults + 1 Child),"Thành phố Huế, Việt Nam",Chưa xét,0,Thừa Thiên Huế,Homestay,400.246 ₫,Không có giảm giá,"lh6.googleusercontent.com/proxy/c67kMoBOeItxGJKAFNIDBkFwiMq0ItcRdGObpy0Csc-lP8XMF6jtS0e8khCLzMci1xHnYEYBbz1gBAmXkDr47LDHPLBmDLLO9KJqO2g73LYF-BLXNGx3-7uJ3HunOOsQOlNMaYvGWds1BAoSVhJs4sANUpVLuJU, lh5.googleusercontent.com/proxy/s3ngigbZswsCStjy9vDGQdF7hzGh5P6XACyD2kzYhv5BP_KYNS8jsI9MCNtRECbm_-1_B6gxXLVJhoc4d-ITXjY5CD6SP5FnASqBm33c5DL66C0maUCROmkVmT7fb9_vW9-fMp8JCqHHSjvo7nbU1CVVDRrs8w, lh4.googleusercontent.com/proxy/mxKQY_Qz8H0du6VOUJpiAJHRqFr662HGe8Voa6M35lHr06ImEyk6Af0_ozYk6mdRVgPZ1YSwmeNB0VevX5r3rJ4Yn9QVZn7co6Y2HrPLOfjzsc0EHU7139gAGfWJKYSoTK4LOdkidWmzvni512TRN3mLy73Pzg, ",16.47110,107.59759
Chi’s homestay,"Thành phố Huế, Việt Nam",Chưa xét,0,Thừa Thiên Huế,Homestay,450.466 ₫,Không có giảm giá,"lh4.googleusercontent.com/proxy/tSEEk7KYuV1-OF1aLyh0MduWCgA_WecVZr51sM4qcPEcpebQ4wBV1Ej-TbcMEwL-oyGJR-QjabjTBH6M2aXzQJOcAoalFHTuvIajDTFHaUnbssRgFGjGqTTccmkZOvZTfimOskZPcev12_Ewrc-jWQnCMFVXRGc, lh6.googleusercontent.com/proxy/fbbJY5MkStqxMFu65aw6PDzVp-y98pJmPJsAlOAOa839zk38vNlX1bKhML5qb5V0BboGJSdfJdixZMwWLALo648yaeiV-cg-4LMOtOiQ1cxiIWmJLiwFxgEEMYreLRgeo4R3ZgSlUr5Ql9EM-cVgIvYNaZGB8Ps, lh4.googleusercontent.com/proxy/bjYUUPH9bnIgfBgXyP7rqRImerW6gbCMRZCvikEFUXorLXvWdsa_iEhwDhuXk4HwvTqUdjvE-Yb6-_dUBjqsmmc4ahes5j_mQ9C71BPl0f-sTcUvheAd4IPrV4nqCZbwbDI_49KM1nDXeY63cBxjBJbu_NDYDQ, ",16.46801,107.56774
Metta Homestay Hue - Standard Double Room,"Thành phố Huế, Việt Nam",Chưa xét,0,Thừa Thiên Huế,Homestay,414.161 ₫,Không có giảm giá,"lh3.googleusercontent.com/proxy/AvE1P5HammrXSiSBOzspU3B79DwbalQtyCs0KRS3Fbp7RuNWPD_VgY5o3Qgsu2HI5OzGiwSzmaQZHzc8gShj1-_xPvjBxu-5QuZ48byuFR-XSfkjM84HUZodukBlIggu2JvgzoCb0ZBtxFujyrtObEAacIHMLHo, lh5.googleusercontent.com/proxy/wyOzIVhy1nZcvZrfB2Arb_ATIDyblaqUm2SqsY92ojMFErtKUCSqbY7FRq8FNOVhgJ0FAS8nH4sJVq0SbXEOY8elHT-O21iewiGfHgtl5kxluSbNiXUiRmo3D-1blWtOGLP3iAQuyMWcuDqZQjTS3CiRdVp76w, lh6.googleusercontent.com/proxy/-5UewOGaMUBi57lQLFS8a3ScuG6smeofeCZSGzHuAYjURxCJxqIGKMuCmAV8xjW42JoQpy964fUr3qJ1UeCKq34m3SySBhARYjHqIsiZLLloHxzrW6EPRO0i1rJdnlvWDS75wx-taTQK8kwoNs8v1Q01-YnlVg, ",16.43697,107.57860
Mandarin Homestay Hue - Family Room with Bathroom,"Thành phố Huế, Việt Nam",Chưa xét,0,Thừa Thiên Huế,Homestay,463.369 ₫,Không có giảm giá,"lh5.googleusercontent.com/proxy/uWtNYh3JEFNylnCsrXZDiuE6cm-Kyb7lTmYfEsa0SrfIgcTP4N-jkK-LnfAp_0fG2fNTVDaRw_LlN6KkyiV36IAEzHjG0hOhWWCO4EZ6MpCGOCk6H5OX8TBD0BGV6RnKODIru641SqlmM6LRoom2bbrMn2g3znI, lh3.googleusercontent.com/proxy/iX9sEGQ67BmYSss6r91Uu5czMRCujSNZ2qKJASJEiC7AKq3CLX6ifX2ICOa4fGX8RtaCtTT-g8j0WHM2p43rBp1xk7FtsPC5NDvPa_-_mr6GEwl96Uhr3HFmy8oUxijNYKm1yV94x9LOYHnGfEpZRoCG8fT6Lg, lh3.googleusercontent.com/proxy/4a-RnsnlG8n7I-nrwm785DWrprg4yL3MsGt7_P26jn4N0McxEIIlFLmGqgFJUvtrpSzlFGNqZ4PjrLEVMrjwJDb-rO9i_g3zLeK_oligP_3ri6YJS1Ra8RQ2PqyglPtpV0h4ELBjTwj7vzWIHiOG-6L5HdvUGQ, ",16.45461,107.55142
Ivy house,"Thành phố Huế, Việt Nam",Chưa xét,0,Thừa Thiên Huế,Homestay,449.454 ₫,Không có giảm giá,"lh3.googleusercontent.com/proxy/6OgnJaOi17zhZP5hZQdNFm2Ped9kcEF7RqZpw7EZBT7jYpVfPW4wLA-Y1_n8uGh77tIgiOktHXJGb_FIAX2dtNHVFfkktbAugAxcUUds9CVKtQGWdsc7RpoPe47eE2Z-MfDOSCQoE3CAMkCYCQfZy7MQCRBK06Q, lh6.googleusercontent.com/proxy/1G6pE36tIq3vi26yUzk4mjiW4CgcahEjvoUOAJC33BuHuzGxt4VAYZ_uIo0E4w6i1ZKGHK7ofBonvNefLZEdAicm2b_uAuCoq3FJ7QOZG7-HU1uqfzl6Y-k6_LKRH_94Cx6QZ99WSDL0A11LV-LXUClyjD-Rag, lh5.googleusercontent.com/proxy/4t5r98oaFWSPa5cF64H-Lq3vXegZPzpL1KjlPV3QXx7cZ5AJFocYKhDnBZX76EW08NKHaUCRwc2d6E9gJ0yxwfc-TZoxRTYF-Km2hSXmfTSZeO7CAQpb2RJTEwmbHv2nOfYCI881OBQw6cNxWsQCkih6OYTbHgM, ",16.46397,107.59357
Hue River Side Villa - Deluxe Villa,"Thành phố Huế, Việt Nam","4,9",0,Thừa Thiên Huế,Homestay,990.748 ₫,Không có giảm giá,"lh5.googleusercontent.com/proxy/sQ24o5KB5UiUrHbH7qxD8mt_gjbBxkW8oxchnm9gIclodcAGt5o2DMhI4rmLhPzH0sZkHqvHpXMTAbvysiz8z-NHG9iuU8LUZxo65KLwWfHGwLquyIeSWhaxdwgaxlxPVIkIZ-VvedmIASPZEyiu5PQWK6QDwA, lh6.googleusercontent.com/proxy/Q-iDrJEQ2uV0Mann94gjnqivdoqPyV1xUmPTKZKYBYMnh6bnGz9Xz73auQtOfp6ATK7POh4n2fhq14orZNUnFyrvtnxk2xDyTeod75hx4F0k3E_2HOBxaAI8E5eNdkaJxr3HhnDnuXQYcfNCNJd3u1bP_sLOn3o, lh3.googleusercontent.com/proxy/DXqLP7qCzOcYPtEKXbhoF5_1H3zAVC0koEjk8yaVJM7dc5v9_CHPHM43X3oaY5J-Wq8G6RRotQht-uIKoVlq7kd7m-zP2rMpS8A2793SX8Deko4UYOUwt_O50pDfJURbefULyUHz-ErJpEgXNUrjlqSTMQn2inY, ",16.47275,107.59593
gold Homestay,"Thành phố Huế, Việt Nam",Chưa xét,0,Thừa Thiên Huế,Homestay,688.000 ₫,Không có giảm giá,"lh3.googleusercontent.com/proxy/_MukB89yQ-yTM8D3mxqQSYlXLD50W9fArvitIjrPJd45ZL0qmu4RupXSekwlVC9mQK2i-vGG1hoiTa90u_vPEgw_IYlAnO0HeX9GU2DaCK2Astn0QKew6ZZSawtEeRLWTngrXeGc4-FF1lp0uBmIPshA6DWbPXY, lh3.googleusercontent.com/proxy/pSPdzA0PKEk3tL0FicukzCb2ikOuExN9d7GJKdlgRTNY_otrpPWYi5wArjGihPOQun15BAmKZj5IDxUu_ucwTB8dw3JhdTwWhAQ7R3tlxK5E3ioc6C_-yKoucMNgehfQcFOMObkugmBUzg3rpQH4Asey-TgNxQ, lh5.googleusercontent.com/proxy/K1r3EGEqmx01tRsQs_BnebYwMlRB211aBUkJsFRXDrR5B1AAyyJGAFQ1v__etcV8fuw_5_t3PcN6JbmopsgKRl_-yxHudKizKrz3nnFJ6vKYQMxHSMx-uOHUM4ui48C-4sdyvd3uWGUFIdcBoj5iPYoBPdr80g, ",16.46404,107.60564
Homestay Bối Bối,"Thành phố Huế, Việt Nam",Chưa xét,0,Thừa Thiên Huế,Homestay,349.646 ₫,Không có giảm giá,"lh5.googleusercontent.com/proxy/6eQwj08dbC7j-Y1oBZ5PIY7I84nWZmZC8FwEV98TeSsaYldBFjuK2ySQ67rgKLCAcQEdklTMgHT1orH6pik7Pi9HpdaU5BmJ-ttqW4oAeqdtnw6AGRYNrOfgV9ogimmmBmahktdlTsHR2pK2tFBNwE7cXVl4ZF4, lh3.googleusercontent.com/proxy/MNJzW6lKTxzapmVimdH5EK08p0sBieuvUDCwsUrB-Or7u9BPm-tLovrCuB0fqbpAeW4qXdCAPP0q6sZRBwHiwWcz1Swd-FdifkZybFHXAEMJ0JOoH52Vsmiy6iXYDBVlSvS9R10UFcAjIIWFgb3GxKlNyNSpeg, lh5.googleusercontent.com/proxy/70IHJqQ1rTaxRBkdTDjZZtzIwaoRK-vhemaaEajSegLCin7vsZ-ctOpnQ1PlNSFj1XST1CcdM0EZBf7fJMrwGiODy2Cp6ZY0hAwhGxGUab2aX8uGDzfqERoUDLIZGSRNMQDXE6GVeAIlf_DYZ9l8fshXL9DzKtE, ",16.47284,107.58513
