name,address,score,reviews count,category,avg price,province,description images
Quán Hạnh,11-15 Đường Phó Đức Chính,"4,3","3,2 N",None,100.000-200.000 ₫,Thừa Thiên Huế,"https://lh5.googleusercontent.com/p/AF1QipO2dUcU_AbPgowSXPVTYrS8OO5srKj2BBlGIDKS, https://lh5.googleusercontent.com/p/AF1QipMG5ztrOTtCThflmPKNA5MDEKT15LudjfCwSx8M, "
Cơm niêu Chạn,1 Nguyễn Thái Học,"4,5","1,5 N",None,100.000-200.000 ₫,Thừa Thiên Huế,"https://lh5.googleusercontent.com/p/AF1QipOxfZghAuuIUQgj321nCG7WtSN2W7aVu2TW01f0, https://lh5.googleusercontent.com/p/AF1QipNMt5Lsn-pvuVsXv66BZDmwUXtw1yh3TuG9XPpJ, "
Bún Bò Huế Sen - Quán ăn sáng chất lượng tại Huế,69 Võ Thị Sáu,"4,8",609,None,1-100.000 ₫,Thừa Thiên Huế,"https://lh5.googleusercontent.com/p/AF1QipOHV0Ms5wj9yFwhXutFGkhNY30lQd66DC46FKAD, https://lh5.googleusercontent.com/p/AF1QipNs0_AjvMCIcrQPifkPtRut3v2SFj8ioqX-r6EA, "
An Nhien Garden Vegetarian - Nhà Hàng & Cafe,11 Tỉnh lộ 10,"4,9",485,None,100.000-200.000 ₫,Thừa Thiên Huế,"https://lh5.googleusercontent.com/p/AF1QipM3x7wc_sIpFUf8nMHNrqXBNT9zFmADjSdayuhD, https://lh5.googleusercontent.com/p/AF1QipNMjWPgXChG5AxtVQTXljKRdtIAr_xP__arXJ46, "
Quán cơm Chị Tẹo,59 Hai Bà Trưng,"3,8",877,None,1-100.000 ₫,Thừa Thiên Huế,"https://lh5.googleusercontent.com/p/AF1QipPeXLhMA0sJAv6yhhuUDrr1wew54bQYKiJaf9YX, https://lh5.googleusercontent.com/p/AF1QipPCW2ZkQxaLQrZHd4y11jdpUC3b5SUb7dSr1Z2F, "
Nhà Hàng Cơm Niêu Khải Hoàn,90-94 Lê Lợi,"4,7","1,4 N",None,100.000-200.000 ₫,Thừa Thiên Huế,"https://lh5.googleusercontent.com/p/AF1QipNyAJC-SwzGLVKKnqWCWJXaKldEJ9vNUrmp9zHA, https://lh5.googleusercontent.com/p/AF1QipOz1yrfq3QhZA6OiLl7X2p5c_Yd6zsfAkqsRp4H, "
Quán Ăn Tài Phú,2 Điện Biên Phủ,"3,9",480,None,1-100.000 ₫,Thừa Thiên Huế,"https://lh5.googleusercontent.com/p/AF1QipMYMtkX2kyb4x7X-qzQ-SVhK3F2AHrvMWS1Qe9I, https://lh5.googleusercontent.com/p/AF1QipMStia6UM_ozVy5ENMXjL4MKkJQ7O9G_U4ede7t, "
Quán Ăn Bà Chanh,9 Trường Chinh,"3,8",340,None,None,Thừa Thiên Huế,"https://lh5.googleusercontent.com/p/AF1QipNjKHGwuHTbQ-WGUGW08DU3jkoqUD4X-QHffD33, https://lh5.googleusercontent.com/p/AF1QipNaviLbinN2H1ENChf5RYGb6UBa1886RsXMPKdx, "
Nhà Hàng Không Gian Xưa Minh Mạng,98 Minh Mạng,"4,1",430,None,100.000-200.000 ₫,Thừa Thiên Huế,"https://lh5.googleusercontent.com/p/AF1QipOA1YxFyh_eHj---k_N9KWRVkFV8fUmWBsf0A1m, https://lh5.googleusercontent.com/p/AF1QipOHAX3QYE1iM9oWvPtD165IvueXIjWMSj5iQhVM, "
Nhà Hàng Cơm Niêu Sen,4 Trần Anh Liên,"4,0",157,None,100.000-200.000 ₫,Thừa Thiên Huế,"https://lh5.googleusercontent.com/p/AF1QipP0ZmfOCVrIo-r9ruDgydaYjcIOkthzpHvk7v_7, https://lh5.googleusercontent.com/p/AF1QipP_9nO8h7jbLIT7_rUA1iiJdxyCywG0zVhU6ZpZ, "
Cơm hến Hoa Đông,64 Kiệt 7 Ưng Bình,"4,4","1,6 N",None,1-100.000 ₫,Thừa Thiên Huế,"https://lh5.googleusercontent.com/p/AF1QipPoG2CSKeiTVO0ibNkCVOZXr0rpLEn0YQrTAiVQ, https://lh5.googleusercontent.com/p/AF1QipMZeHI1hr2iUqK4_I5JtSYWUwONDV9KxYM_31s, "
Nhà Hàng Nổi Sông Hương,"Công Viên, 3/2 Lê Lợi","4,0",721,None,None,Thừa Thiên Huế,"https://lh5.googleusercontent.com/p/AF1QipNIyfk9fHCx9fILBRnBmJo9zr3Z4kYwvVhgv6tA, https://lh5.googleusercontent.com/p/AF1QipPMC7aMMBPV4GaVQcy9vpf6Mj1We7Hj24tIwqiX, "
Quán cơm Huế O Én,1 Trần Thúc Nhẫn,"4,7",207,None,1-100.000 ₫,Thừa Thiên Huế,"https://lh5.googleusercontent.com/p/AF1QipOinflVqI_041LBuXlZqOeTbyta5TcohUZAzjk-, https://lh5.googleusercontent.com/p/AF1QipNnOGjUHK2FC-u4n6xmLm2CBclvvSZgGOcPj2n-, "
Nhà Hàng Cung Đình,03 Nguyễn Sinh Sắc,"4,1",677,None,None,Thừa Thiên Huế,"https://lh5.googleusercontent.com/p/AF1QipMMzJ-bNhI9rlBCFmJKzGUm1Y47N-CtlN2PK-Pp, https://lh5.googleusercontent.com/p/AF1QipNQvj0MhJaY3igBi6ZTGm1nc2WJHDc54XcncF0k, "
Bà Tám-Món Ngon Ba Miền-Vietnamese Restaurant-Banh Mi in Hue,6/14 Kiệt 42 Nguyễn Công Trứ,"4,8",387,None,100.000-200.000 ₫,Thừa Thiên Huế,"https://lh5.googleusercontent.com/p/AF1QipPQNe0kDUM4rI2pk3MxXXoMZFKohnbiOOV9shGo, https://lh5.googleusercontent.com/p/AF1QipPPnFU0OtGhnHKAv2C4f_IXeAkIv8Dgzz48beg4, "
CHOSUN-Tiệm ăn Hàn Quốc,06 Ngô Đức Kế,"4,6",214,None,1-100.000 ₫,Thừa Thiên Huế,"https://lh5.googleusercontent.com/p/AF1QipOwex2RIud0aiX3heuJMEiJ8xMvtiOTCa2J-0YP, https://lh5.googleusercontent.com/p/AF1QipOROLyM97AA9CI83e1BGEWKQM_slV0FlO05yYkk, "
Vỹ Dạ Xưa,131 Nguyễn Sinh Cung,"4,8","1,1 N",None,1-100.000 ₫,Thừa Thiên Huế,"https://lh5.googleusercontent.com/p/AF1QipOKwGTnmJ2zraPM5DKYDFWCKqoV2qKcMJaOjwZA, https://lh5.googleusercontent.com/p/AF1QipM2f3xt07KOBye72ULEbtvPPx6DyqIYnPyzG_Dh, "
Nhà Hàng Gạo,60 Hai Bà Trưng,"4,4",174,None,100.000-200.000 ₫,Thừa Thiên Huế,"https://lh5.googleusercontent.com/p/AF1QipPdJ2x78eQ3qX5bnxJAJTUR8XxU8qyQjGZODOhV, https://lh5.googleusercontent.com/p/AF1QipOv-FmSwZh182ZYv1Ghp8ZozCARSalHaNvn_0M7, "
Cơm Hến 17 hàn mặc tử,17 Hàn Mặc Tử,"4,1",587,None,1-100.000 ₫,Thừa Thiên Huế,"https://lh5.googleusercontent.com/p/AF1QipMgn-RiUHcsXS0cqm_lGQXOJo1to_DYORMPNP97, https://lh5.googleusercontent.com/p/AF1QipP8LxBsNItfl1FY9PZp0Lkyx-i3wzAshqdjcfr1, "
Quán Bánh Bèo Nậm Lọc Huế Xưa,1 Nguyễn Bỉnh Khiêm,"4,6",291,None,1-100.000 ₫,Thừa Thiên Huế,"https://lh5.googleusercontent.com/p/AF1QipNvovX-jno9pqWhQrV5GyQ0Jmdge_2MsOK1sGJw, https://lh5.googleusercontent.com/p/AF1QipOyRV-DN2KDpksMdDl-AWZEQnVSt7sB2WfsuSKA, "
Cơm Hến 17 hàn mặc tử,17 Hàn Mặc Tử,"4,1",587,None,1-100.000 ₫,Thừa Thiên Huế,"https://lh5.googleusercontent.com/p/AF1QipMgn-RiUHcsXS0cqm_lGQXOJo1to_DYORMPNP97, https://lh5.googleusercontent.com/p/AF1QipP8LxBsNItfl1FY9PZp0Lkyx-i3wzAshqdjcfr1, "
Cơm Niêu Lửa Việt,39 Nguyễn Thái Học,"3,7",178,None,100.000-200.000 ₫,Thừa Thiên Huế,"https://lh5.googleusercontent.com/p/AF1QipOdzFC198hYVYadn74zlucvcajKCkRJptiR99Fq, https://lh5.googleusercontent.com/p/AF1QipMrhTmVr5kRNrFrGrWrFBIhxb5MI8FEBW-MmzF-, "
Les jardins de la Carambole - Nhà hàng Vườn Khế,32 Đặng Trần Côn,"4,6","1,1 N",None,None,Thừa Thiên Huế,"https://lh5.googleusercontent.com/p/AF1QipP1ACUmb9Q29J_BPenL0jE0p8GIYjXAysGEd02f, https://lh5.googleusercontent.com/p/AF1QipPbRtMNwzTuKY7aBG9eH0aGOhYI2j9zm-C8-CpQ, "
Nhà Hàng Hoa Sơn Quán,46 Đặng Thùy Trâm,"4,1",302,None,200.000-300.000 ₫,Thừa Thiên Huế,"https://lh5.googleusercontent.com/p/AF1QipPKP2L8AiYXouTIC6azLoRnU971YMIyu0TFgyP3, https://lh5.googleusercontent.com/p/AF1QipNocPPdTE_gTz8OE2u7KAH11ZHCq8FEJ5NPhl3q, "
Quán Bánh Bèo Nậm Lọc Huế Xưa,1 Nguyễn Bỉnh Khiêm,"4,6",291,None,1-100.000 ₫,Thừa Thiên Huế,"https://lh5.googleusercontent.com/p/AF1QipNvovX-jno9pqWhQrV5GyQ0Jmdge_2MsOK1sGJw, https://lh5.googleusercontent.com/p/AF1QipOyRV-DN2KDpksMdDl-AWZEQnVSt7sB2WfsuSKA, "
Bà Hoà,11A Trương Định,"4,2",452,None,1-100.000 ₫,Thừa Thiên Huế,"https://lh5.googleusercontent.com/p/AF1QipPLP_HB3BWronCfLn0bYx-pMBQslunzYxaEIxIF, https://lh5.googleusercontent.com/p/AF1QipOt2FyhdX3RfSFfBdbFvd-DZqrFVqHWtfzfYzzT, "
Nhà hàng chay Tĩnh - Tĩnh Garden Vegetarian,140 Phan Bội Châu,"4,9",692,None,100.000-200.000 ₫,Thừa Thiên Huế,"https://lh5.googleusercontent.com/p/AF1QipMYAqXR3nde6KtsSLkpFwK2PXrH6B9Bxtt6lYXp, https://lh5.googleusercontent.com/p/AF1QipOHs5nymsJsZU3XdIG6nQQFsavu6_taSbSHa3Zm, "
TIỆM ĂN DONALD TRUNG,28 Hoàng Văn Thụ,"4,5",1 N,None,100.000-200.000 ₫,Thừa Thiên Huế,"https://lh5.googleusercontent.com/p/AF1QipOXJinCfSzSpWZSzGbuAhaKob3fCUOsNTAUE_Mm, https://lh5.googleusercontent.com/p/AF1QipOHnTnnwD0bBIzY7XYw_G_2tWyF2d0DVkcA4mzA, "
Mộc Viên,2E Hoài Thanh,"4,2",324,None,200.000-300.000 ₫,Thừa Thiên Huế,"https://lh5.googleusercontent.com/p/AF1QipMc30DH1IeNCbm2oulPbu5nVFaYf75Dh_GYWZTx, https://lh5.googleusercontent.com/p/AF1QipNCdftA8_7d4gzXxz8m49AsdzINs2i9maZjntQE, "
Bánh Ướt - Bún Thịt Nướng Huyền Anh,50 Kim Long,"4,3","1,4 N",None,1-100.000 ₫,Thừa Thiên Huế,"https://lh5.googleusercontent.com/p/AF1QipPBDmIyuQ-_steN_xGJHydDbhF-qZ9X2w2wNKki, https://lh5.googleusercontent.com/p/AF1QipPwp-K7_qRPOk9oyE_UvAyEa9LLHpbwp7niENWv, "
Nhà Hàng Ta.ke,34 Trần Cao Vân,"4,2",425,None,None,Thừa Thiên Huế,"https://lh5.googleusercontent.com/p/AF1QipOLKPtpfu4aYH_FQ7xMzf9lcZA78vidm5ZtSC3E, https://lh5.googleusercontent.com/p/AF1QipNLCVLwwFILAf5xuWLCyUE3BUWE4rM3Yx5IGVw, "
Nhà hàng Cơm niêu NGUỒN,5 Trần Quang Khải,"3,9",371,None,100.000-200.000 ₫,Thừa Thiên Huế,"https://lh5.googleusercontent.com/p/AF1QipPWYfg14U5EsD3t5nu99bgVhKzwvQ8b7HEnNXu8, https://lh5.googleusercontent.com/p/AF1QipO70dbEbtaxi4BncanjvN6dUqoQQraljymicc-H, "
Nhà hàng Nhật Bản Shinosushi Japanese restaurant,35 Nguyễn Thái Học,"4,9",1 N,None,None,Thừa Thiên Huế,"https://lh5.googleusercontent.com/p/AF1QipOVfMR4rldWSwo_Ufon08uruWR8asZcjniDJzyP, https://lh5.googleusercontent.com/p/AF1QipPXp5CJoDVEG4lRrgGeaQDl4SoN3pFBZ7c-7-dz, "
Bánh Bèo Nậm Lọc Bà Đỏ,8 Nguyễn Bỉnh Khiêm,"4,0","1,4 N",None,100.000-200.000 ₫,Thừa Thiên Huế,"https://lh5.googleusercontent.com/p/AF1QipMU2UlGk53ISLFVXO95a0s6OowS8tX7CSlFYm8X, https://lh5.googleusercontent.com/p/AF1QipO1rwu7WPUeNMf_5HdwC67AlpeZre26i6gR0LTD, "
Quán bánh O Lé,"Kiệt 104, 17/9 Kim Long","4,7",483,None,1-100.000 ₫,Thừa Thiên Huế,"https://lh5.googleusercontent.com/p/AF1QipOJ_B7yWhaQBNVBKAy3H6i_hWl3elmLm1b4u6I, https://lh5.googleusercontent.com/p/AF1QipNPOB4ljnTw1jg-YzNSYFF0gIlOLBBdS9j-vz8M, "
Cơm Niêu Huế - Urban,23 Chu Văn An,"4,5",288,None,100.000-200.000 ₫,Thừa Thiên Huế,"https://lh5.googleusercontent.com/p/AF1QipO9nJLrOqFE9Hn4Ywmsvz1Jt1DpRHV6TjjHU1Op, https://lh5.googleusercontent.com/p/AF1QipOlNMlBQwHZPRxjoXhGQB77SLhVfkHur6vKAay_, "
Chè Hẻm,"1 kiệt, 29 Hùng Vương","4,0","2,6 N",None,1-100.000 ₫,Thừa Thiên Huế,"https://lh5.googleusercontent.com/p/AF1QipOYyJATlMwIY4YyoMsjVZfaEI6uDGtDiouUpUdJ, https://lh5.googleusercontent.com/p/AF1QipNxT-JWANg7I5ro4-9Bs9WzueWxoSamCDhL36rX, "
Bánh khoái Hồng Mai,110 Đinh Tiên Hoàng,"4,4",612,None,1-100.000 ₫,Thừa Thiên Huế,"https://lh5.googleusercontent.com/p/AF1QipMGHe15Rgp3TpcEqPNkkVjHnaRTnAFnFHzVV0T_, https://lh5.googleusercontent.com/p/AF1QipPUJ-ccDEl3si8uIinHe87FA2L0jgxod09jTTaA, "
Quán ăn An Tâm,Kiệt 33 Nguyễn Công Trứ,"5,0",332,None,1-100.000 ₫,Thừa Thiên Huế,"https://lh5.googleusercontent.com/p/AF1QipMaK3zNmdG9h32UZQwJ6Jhf8imWbVUNQyiPrUUn, https://lh5.googleusercontent.com/p/AF1QipPc_HzcvzR_atMWn78goiSdBG0KN5tD-k8BnehB, "
Nhà hàng Duyên Anh,"FJVF+H7J, Tỉnh lộ 10","4,4",743,None,None,Thừa Thiên Huế,"https://lh5.googleusercontent.com/p/AF1QipOU8Gtq1NUgk1B4flK27lY5-huAvOv7SvjLkR6c, https://lh5.googleusercontent.com/p/AF1QipNXobfdpaxQ3_iFG6vTVEi-AVQckGBVDWSjK70l, "
Hít Hà - Thế Giới Đồ Cuốn,24 Trần Cao Vân,"4,9",442,None,100.000-200.000 ₫,Thừa Thiên Huế,"https://lh5.googleusercontent.com/p/AF1QipNRghmHNwAqLiAhAqZu9Cnu4qDVLIXJIK8Qtlqp, https://lh5.googleusercontent.com/p/AF1QipMJD7E-XF9Izq96gr4vZXByHzh8APegakTz-E0w, "
QUÁN CHAY THANH LIỄU,50 Nguyễn Công Trứ,"4,5",697,None,1-100.000 ₫,Thừa Thiên Huế,"https://lh5.googleusercontent.com/p/AF1QipPOtoaJRoPw_WJRPu1iN10WbPbACPisyqyVzL3G, https://lh5.googleusercontent.com/p/AF1QipNjnAD3cmBSa8NJ5dncQSb3PLPeKHMo-aFuNB7d, "
Cơm hến Bà Cam,49 Tùng Thiện Vương,"4,3",53,None,1-100.000 ₫,Thừa Thiên Huế,"https://lh5.googleusercontent.com/p/AF1QipN3cV0kA2CYM4ia0Y9xfwyvgskkdRLU7hXouAyH, https://lh5.googleusercontent.com/p/AF1QipPp-0JHgVN9i523W-W4oHjqWBVXoZ1Hr9eT9tcf, "
Quan chay Hoa Từ Tâm,90 Minh Mạng,"4,4",115,None,1-100.000 ₫,Thừa Thiên Huế,"https://lh5.googleusercontent.com/p/AF1QipMo_4uYCYZiIm0Igf_AJvSEEibkPYNz4Qcd782m, https://lh5.googleusercontent.com/p/AF1QipOflP3sfDNpbMe_zbpfqHcZoyW9VoRsH1IA_Vlq, "
C'Beer Huế | Nhà hàng món ngon Huế | Món ngon Huế,25 Hai Bà Trưng,"4,1",11,None,None,Thừa Thiên Huế,"https://lh5.googleusercontent.com/p/AF1QipNdVMZRMdYOFOEGUvJy2XZWFQNvmOM0t2lgrRzA, https://lh5.googleusercontent.com/p/AF1QipO8mddnBECmP3NEhypzIs-PC_oO56KDP2Mfj1sS, "
Nhà hàng Biệt Phủ Thảo Nhi ( Biet Phu Thao Nhi Restaurant),Minh Mạng,"4,1",527,None,100.000-200.000 ₫,Thừa Thiên Huế,"https://lh5.googleusercontent.com/p/AF1QipMwILka30BrV68t2R5bPD5Vh3pqQmN1L0PzwHgC, https://lh5.googleusercontent.com/p/AF1QipMkUTYm5k-08Zs5utUTsiSKcK9dTr0DDb0pilFR, "
Quán ăn An Tâm,Kiệt 33 Nguyễn Công Trứ,"5,0",332,None,1-100.000 ₫,Thừa Thiên Huế,"https://lh5.googleusercontent.com/p/AF1QipMaK3zNmdG9h32UZQwJ6Jhf8imWbVUNQyiPrUUn, https://lh5.googleusercontent.com/p/AF1QipPc_HzcvzR_atMWn78goiSdBG0KN5tD-k8BnehB, "
Bánh ép Huệ,118 Lê Ng. Cát,"4,5",490,None,1-100.000 ₫,Thừa Thiên Huế,"https://lh5.googleusercontent.com/p/AF1QipOewU1qTZ4RcjprRmQRFwKX-fliLa9QnS0EDJLh, https://lh5.googleusercontent.com/p/AF1QipNlgCnGBlxVBiDWszkS5WLVZLrEkOyBnjxzK6XO, "
Risotto Restaurant,69 Võ Thị Sáu,"4,9",776,None,100.000-200.000 ₫,Thừa Thiên Huế,"https://lh5.googleusercontent.com/p/AF1QipN23GFEED-AIUrv9sBMm518spmxYlUd6MvUoeNE, https://lh5.googleusercontent.com/p/AF1QipOrA7osPuOEsSt_AbmxVfzVHsfovuv-6vi2A0gC, "
Quán Mợ - Bánh Huế và món nướng,59 Nguyễn Chí Diểu,"4,1",90,None,100.000-200.000 ₫,Thừa Thiên Huế,"https://lh5.googleusercontent.com/p/AF1QipNFzkz1UFlRxM5U_zXq7-v-n9TB_hka_TMNJRyB, https://lh5.googleusercontent.com/p/AF1QipOoaur33-3z5Wr3CXuxzCCs_pU04PqaW6bffasp, "
Buffet Huế & Sushi Huế - Yaki Yum,59 Bến Nghé,"4,9","1,3 N",None,300.000-400.000 ₫,Thừa Thiên Huế,"https://lh5.googleusercontent.com/p/AF1QipNaZE5Yx8FO40ihtIq0Fa8c7z_HNC8sPVJ06bzb, https://lh5.googleusercontent.com/p/AF1QipPrXrxRsnQMLUaip5rhFC3jc6iT7CHcXy-6yZPE, "
Dê Núi Quốc Kệ,02 Bùi Xuân Phái,"4,0",192,None,200.000-300.000 ₫,Thừa Thiên Huế,"https://lh5.googleusercontent.com/p/AF1QipOO2dxjeA4EkFtC_qQQCZE_7J7563yqwyFDnj0d, https://lh5.googleusercontent.com/p/AF1QipP5DqGjGEiCJRffeRxJufkHicmueuVh1IQ91w6H, "
Cơm Hến Ngon,7 Ưng Bình,"4,3",59,None,1-100.000 ₫,Thừa Thiên Huế,"https://lh5.googleusercontent.com/p/AF1QipOQ5rB1_8CiJJrvd1vtqS9QoRCXQxKW7O4ld_hA, https://lh5.googleusercontent.com/p/AF1QipMOMNWuo9TrQYUpTma6jtr8MlLvzqxfMszQTN5z, "
Bánh Canh Cua Hương,30 Phạm Hồng Thái,"4,3",590,None,1-100.000 ₫,Thừa Thiên Huế,"https://lh5.googleusercontent.com/p/AF1QipMxQEkE2wPBBaoYghnJXGxta46sxIygnFKicUcT, https://lh5.googleusercontent.com/p/AF1QipNoA06NmKynCBO0sXaHvE0nc4lQ1q2bJN9hKcxc, "
Quán Cơm Xuân Nhạn,78 Lê Duẩn,"3,7",190,None,1-100.000 ₫,Thừa Thiên Huế,"https://lh5.googleusercontent.com/p/AF1QipNRV6rAxjlhORJ5MhIO5pfochuYHgCjt8f4Wad0, https://lh5.googleusercontent.com/p/AF1QipMYdOWeG_wJNz04AmSAqik5iqD1QGdnK5U25Of1, "
Nhà Hàng Chay Vạn Hạnh,103 Minh Mạng,"4,4",68,None,100.000-200.000 ₫,Thừa Thiên Huế,"https://lh5.googleusercontent.com/p/AF1QipNN7RI1MKTVL3lQW_KfULkJpfmdy8sw9i0p5Hg, https://lh5.googleusercontent.com/p/AF1QipNl64_rItWHAIA99Ga6b2pL-k-QCmM9uATKgsQ, "
Quán Ăn Hạt Tiêu,5 Hồ Tùng Mậu,"4,6",34,None,1-100.000 ₫,Thừa Thiên Huế,"https://lh5.googleusercontent.com/p/AF1QipPsHRM3aB1MG04TIc9HC3MzIDh82Uv2Snjsc9A2, https://lh5.googleusercontent.com/p/AF1QipM7RJEYiiXVM18Tqxtw0yV3QLYG6IZWU2UutFlb, "
Bánh Mì Trường Tiền O Tho,14 Trần Cao Vân,"4,4",682,None,1-100.000 ₫,Thừa Thiên Huế,"https://lh5.googleusercontent.com/p/AF1QipPjfl_mOF7zOLhKaV1nu8UaYsXA-zwsvZAOm3XO, https://lh5.googleusercontent.com/p/AF1QipPDab3tUXgADkmDvdPSp2nT2Te-ntyk5lYdfVT3, "
Quán Nina Cafe,16 34 Nguyễn Tri Phương,"4,7","1,7 N",None,100.000-200.000 ₫,Thừa Thiên Huế,"https://lh5.googleusercontent.com/p/AF1QipON02gmraLlUK_aKZJBAwjfyqleFHNn1NX23OZ0, https://lh5.googleusercontent.com/p/AF1QipM500nAtXFt85GU6ZYVpWB6nEyJ3f6llpdyCKeJ, "
Đặc Sản Xứ Quảng,103 Nguyễn Trường Tộ,"4,3",105,None,1-100.000 ₫,Thừa Thiên Huế,"https://lh5.googleusercontent.com/p/AF1QipMLqfnRLKTSru-08CtKXCnc-Oj-iKPUCUenkp7c, https://lh5.googleusercontent.com/p/AF1QipNX_uexZFABIVuOtX4zmusMaMP13GlgB9INL0mG, "
"Nhà Hàng Nhật Bản Shino Sushi - 22 Nguyễn Thái Học, Huế",22 Nguyễn Thái Học,"4,9",1 N,None,100.000-300.000 ₫,Thừa Thiên Huế,"https://lh5.googleusercontent.com/p/AF1QipOVI06bue7Im82E6yWN4uW_epSHfSyn9FOtE-ou, https://lh5.googleusercontent.com/p/AF1QipMf7xdIhC0eGKO3UwNRcNY5HpNcTBU0cPGyi5Bm, "
36 Quán,36 Đinh Tiên Hoàng,"4,4",103,None,100.000-200.000 ₫,Thừa Thiên Huế,"https://lh5.googleusercontent.com/p/AF1QipOy4mI_kGBWRwyyiUVvICGm88pJQHmOM8zVDKCe, https://lh5.googleusercontent.com/p/AF1QipPCzE8d2CNgrL0TPW4nlw2kAemAo00ibP8PTduF, "
Quán Ốc Minh Nghĩa,253 Phan Bội Châu,"4,0",456,None,1-100.000 ₫,Thừa Thiên Huế,"https://lh5.googleusercontent.com/p/AF1QipMYtMQWVtt68X6cbXrt3Gg9NoJlm4grkRPIvTS5, https://lh5.googleusercontent.com/p/AF1QipO1yZ8bHpXxPIfVF0i4_p3cRK4A13vF6WNKsZuW, "
Nhà hàng Biển Ngọc,12 Lê Minh,"3,9",227,None,None,Thừa Thiên Huế,"https://lh5.googleusercontent.com/p/AF1QipN0Padzm00cJrHkkYpkuzpiAEqpzz7uq9r4gQqX, https://lh5.googleusercontent.com/p/AF1QipMwwLtBIVJD1WFWNHSrl6aQZjCdtDgKzQX7O77O, "
Nhà Hàng SALA Huế,50 Đ. Nguyễn Lương Bằng,"4,9",569,None,100.000-200.000 ₫,Thừa Thiên Huế,"https://lh5.googleusercontent.com/p/AF1QipNrDwIAD1Y9ER6I5TIoSIaJxgLODPYX2njiUHlL, https://lh5.googleusercontent.com/p/AF1QipP4wAt6-9vI-_Fo2AE78076mAsaHOEa14og4WjU, "
Nhà Hàng Hải Sản Bé Thân - Lăng Cô,Lăng Cô - Chân mây,"4,2","2,1 N",None,None,Thừa Thiên Huế,"https://lh5.googleusercontent.com/p/AF1QipM2RVPpIGGR1ojZTqfovW1UnuT3H9U17Amw0dwG, https://lh5.googleusercontent.com/p/AF1QipN-nezwtcwCR26UUBivi5sV8sk7IHVXNtpPC3c6, "
Cháo Vịt Thuận,94 Bùi Thị Xuân,"4,2",387,None,1-100.000 ₫,Thừa Thiên Huế,"https://lh5.googleusercontent.com/p/AF1QipMz5x5kgbm5RDD1PAxub8vk8dw8q4GkNv60ROpQ, https://lh5.googleusercontent.com/p/AF1QipPOM2LIeyVBjPUha4yMcZ12dvpOJvcQ0x1DhB2W, "
GỐC BÁNH BÈO BÀ CƯ -CUNG AN ĐỊNH,"23 kiệt, 177 đường Phan Đình Phùng","4,3",115,None,1-100.000 ₫,Thừa Thiên Huế,"https://lh5.googleusercontent.com/p/AF1QipNzhPjmm3PMzjXTYo-ZCgkelhFnDrjk-RXvKy9u, https://lh5.googleusercontent.com/p/AF1QipP-q2tWzQ8F1ho3gxmjpJFfvQN7RrDT1FgIkfmZ, "
Quán Ăn Hàn Quốc Trang Bùi,63 Trần Thúc Nhẫn,"4,4",28,None,1-100.000 ₫,Thừa Thiên Huế,"https://lh5.googleusercontent.com/p/AF1QipMJzomHvWQ_PIOEfsZU_5ksneE8RCvB9r-fTTy_, https://lh5.googleusercontent.com/p/AF1QipNaHSYoWkirqcWPeyuWGuVLXvMIIQI_tjKqSOxO, "
Nhà Hàng Cơm Tấm Sài Gòn - Thành Na,53 Nguyễn Chí Diểu,"3,9",247,None,1-100.000 ₫,Thừa Thiên Huế,"https://lh5.googleusercontent.com/p/AF1QipO-k1WI7BVqR_Sv2s25APGJIX8bVb8L350qa706, https://lh5.googleusercontent.com/p/AF1QipOV8CAAy4N-WXf0I7JeXmNe6UbZ8WO6_Uj1Py2N, "
Vườn Ý Thảo,03 Đường Thạch Hãn,"4,2",582,None,None,Thừa Thiên Huế,"https://lh5.googleusercontent.com/p/AF1QipPREzuMYt9F3NEI4cV0vCgdPtosEWMW5sorTThR, https://lh5.googleusercontent.com/p/AF1QipNC3XBlS-RNSiRjiLTbdOqj30dOG5qDqq_qTSvm, "
Quán Cẩm - Bún Bò Huế,45 Lê Lợi,"3,8",571,None,1-100.000 ₫,Thừa Thiên Huế,"https://lh5.googleusercontent.com/p/AF1QipPfPPc_ENsCEuwpnmh65jmELXLLXQzbgNnQpxfq, https://lh5.googleusercontent.com/p/AF1QipNuOYZnz3gzwNx_xwgz8Mm33LjwEWAP1D2xsCBU, "
Thúy - Bánh Canh Nam Phổ,16 Phạm Hồng Thái,"4,2",467,None,1-100.000 ₫,Thừa Thiên Huế,"https://lh5.googleusercontent.com/p/AF1QipNaif7kNwYzohQJWuin8eBseHEjp3WimusXZTPS, https://lh5.googleusercontent.com/p/AF1QipPuQyGd2hZXgO3-4VpWVQtMojgoMwmXhl479Wv9, "
Quán Ăn Nhà TA,96 Nhật Lệ,"3,4",33,None,1-100.000 ₫,Thừa Thiên Huế,"https://lh5.googleusercontent.com/p/AF1QipNzLr5oLUZUOGbM4TORSbuiV7vRMpz2trkJ_xxT, https://lh5.googleusercontent.com/p/AF1QipOvTIjTMfTeRyVIVJhxj9cztrSnZZIqb-kLpR5R, "
Tiệm Cơm Âm Phủ,51 Nguyễn Thái Học,"2,6",233,None,100.000-200.000 ₫,Thừa Thiên Huế,"https://lh5.googleusercontent.com/p/AF1QipOOxi2ea8aGdrHHAQIYvNYg23-Cr6f-ScLj3fI3, https://lh5.googleusercontent.com/p/AF1QipOVNaV6yWqViy96Mns_AitdxlskdTvrReLQ86Gk, "
Quán Ngọc LINH,"CH4R+H4J, Châu Chữ","4,1",40,None,None,Thừa Thiên Huế,"https://lh5.googleusercontent.com/p/AF1QipMva5XdOyPKtwrQ22SBPNl-nNKd2WDV8dR5ZUMv, https://lh5.googleusercontent.com/p/AF1QipOoKPfVvvlgWenVEip5iXKF4vMepdkRJ3Ss5IGI, "
Quán ăn món huế,"	
""Đồ ăn quán nấu ngon hợp khẩu vị,sẽ ủng hộ quán""","5,0",10,None,None,Thừa Thiên Huế,"https://lh5.googleusercontent.com/p/AF1QipPXJsx2An9VcAXHxbPJSpVGoFG-3LBbpyg5g6jR, https://lh5.googleusercontent.com/p/AF1QipOEs5Gb-wgo_pkjN90iKMgNmiLn97fUhcjtKaHB, "
Quán Hương - Bèo Nậm Lọc Cung An Định Gia Truyền,"Kiệt 148, đường Nguyễn Huệ. Đi vào kiệt, quán bánh đầu tiên Số nhà 31, Lý Thường Kiệt/177 Phan Đình Phùng","4,0",181,None,1-100.000 ₫,Thừa Thiên Huế,"https://lh5.googleusercontent.com/p/AF1QipPvpi6_ordfz7hwCRD-CMKdyPxRbyt0XUGKv5o1, https://lh5.googleusercontent.com/p/AF1QipNT2xXBJOS6yYmY62SqaCPKx-pw3Y3-1xniawY, "
Quán Ăn 888,271 Huỳnh Thúc Kháng,"3,7",81,None,None,Thừa Thiên Huế,"https://lh5.googleusercontent.com/p/AF1QipPXYb6qU11v2TC5IipOaonMSiSoP94XyU8usdxG, https://lh5.googleusercontent.com/p/AF1QipObkSeiAoJht64S-f7HBfGOveO9hny0SpzfBVL_, "
Nhà hàng Hoàng Mai ( Hoang Mai Restaurant ),Khải Định,"4,2",53,None,200.000-300.000 ₫,Thừa Thiên Huế,"https://lh5.googleusercontent.com/p/AF1QipM3ktV6SsTtFVP7JjJxotq6Ou5q3ZOsa3xTdSVA, https://lh5.googleusercontent.com/p/AF1QipNl5qpBDhe-J0pxfDjUI63nJ3tjgAju8kULJdN-, "
Quán ăn chay Trường An,304 Phan Bội Châu,"4,7",39,None,1-100.000 ₫,Thừa Thiên Huế,"https://lh5.googleusercontent.com/p/AF1QipPOcnNwbmRCJe7oGbsxvZuK7-XHa070wYdVJ-xq, https://lh5.googleusercontent.com/p/AF1QipOhIl2Jt3j9_MM4JURtKF9zIpVRktv908zqfS8Z, "
Tiệm cơm Hồi Nớ,29A Lê Hồng Phong,"4,5",87,None,1-100.000 ₫,Thừa Thiên Huế,"https://lh5.googleusercontent.com/p/AF1QipNgezCSy064LGYk5eymklP3VtDcGyNwK1gnJdOR, https://lh5.googleusercontent.com/p/AF1QipNiQ7_YsjUQgEWzEVQVgU94B0flabqkpUp8HlcK, "
Little Italy Restaurant,10 Nguyễn Thái Học,"4,0","1,1 N",None,100.000-200.000 ₫,Thừa Thiên Huế,"https://lh5.googleusercontent.com/p/AF1QipPaJZD9I6fiPgnqxusYW9tCZjV6PGgzWm5cYcei, https://lh5.googleusercontent.com/p/AF1QipO9gzU4ji91vMfKtQPzS-7nCyv6vbJeA51T0AwU, "
Nhà Hàng Hi Boss,"Huế, 25 Lê Quý Đôn","4,9",59,None,None,Thừa Thiên Huế,"https://lh5.googleusercontent.com/p/AF1QipN_XOpNrgY3ymlLcNaX_-cFoshtiyz4OXjo3g6x, https://lh5.googleusercontent.com/p/AF1QipM7ZVo8-oWG3pNL1Y-m9J78tyUpfzWUH2kYRVU6, "
Nhà hàng chay Sân Mây,"8 Thanh Tịnh, Vỹ Dạ","4,7",691,None,1-200.000 ₫,Thừa Thiên Huế,"https://lh5.googleusercontent.com/p/AF1QipMaea8XbBvt62NeuL-cE7xiy6YySNIbliLodtdm, https://lh5.googleusercontent.com/p/AF1QipObd1nylzrwZxtR7FkXMYZNArOmt3-pdSnz7Xoc, "
Cơm Niêu Cá Bống Huế,39A Nguyễn Thái Học,"3,7",39,None,100.000-200.000 ₫,Thừa Thiên Huế,"https://lh5.googleusercontent.com/p/AF1QipOM1Vs43vQrw72nBYpXPane09AmEdr0Mqe_pYaj, https://lh5.googleusercontent.com/p/AF1QipPmHIvEAf76Yn8Nj4CsYRD80nCK8sFWTxJ61vuv, "
Nhà hàng LÀNG AN VIỆT,CH8H+3MG,"4,1",111,None,100.000-200.000 ₫,Thừa Thiên Huế,"https://lh5.googleusercontent.com/p/AF1QipOzK6gK9KBt4FungWjmoZz9ykFWwDrNFtd90PMo, https://lh5.googleusercontent.com/p/AF1QipM9LC057M5K93RSHorX6sH8tv6N9W9Js_5IbgI-, "
Quán Hương Đồng,FJ5F+HVX,"4,0",399,None,100.000-200.000 ₫,Thừa Thiên Huế,"https://lh5.googleusercontent.com/p/AF1QipOCx-Hu2s31OrIGHqkvbPIhXe-B2N5_hPrgQlFA, https://lh5.googleusercontent.com/p/AF1QipPSyk_ygMwacxhzEIvlezigExX55sHRKBtdCVDC, "
Đặc sản số 1 chính gốc Bún bò Huế,19 Lý Thường Kiệt,"3,9",460,None,1-100.000 ₫,Thừa Thiên Huế,"https://lh5.googleusercontent.com/p/AF1QipPj7OkhgZ0KyUPeAV7Z0njwGArIKTYSjgLh06FJ, https://lh5.googleusercontent.com/p/AF1QipNRFofRvEe0TQvrIp1j9UBJgoBG_6bJDAXra5R7, "
Tiệm ăn Đại Phú,49 Trần Quang Khải,"3,5",18,None,1-100.000 ₫,Thừa Thiên Huế,"https://lh5.googleusercontent.com/p/AF1QipO5LDMZfFj58q5bH29fzpC2V955oAiUqDlt30Gs, https://lh5.googleusercontent.com/p/AF1QipOCGWhxiW84TJmQIeITMCY58cqvzv5Eeaj7iFGm, "
Hẻm Huế,35 kiet 9 Lê Quý Đôn tổ 6,"4,4",73,None,100.000-200.000 ₫,Thừa Thiên Huế,"https://lh5.googleusercontent.com/p/AF1QipP9eGx-f8hbeYEVlOLBfi5H3sJR9JA8fbL2x-y1, https://lh5.googleusercontent.com/p/AF1QipPSVIEsWKl7jZODdElxDB72BVuO0-k4lP2OE3eh, "
CHAY corner in Hue - Vietnamese Dumplings,2/44 Lê Ng. Cát,"5,0",210,None,1-100.000 ₫,Thừa Thiên Huế,"https://lh5.googleusercontent.com/p/AF1QipO85Yo5_Euv16IRcKJrSStdCtQsCD1WSB_Q-e_H, https://lh5.googleusercontent.com/p/AF1QipMjiGGoBIykk0MNZfjb-Q3xdPcBzdo2IWv72_It, "
Quang Ac Foods,149A Bà Triệu,"4,5",106,None,1-100.000 ₫,Thừa Thiên Huế,"https://lh5.googleusercontent.com/p/AF1QipNbu3AEwcSDf5SsbxFZhwiDQt2h5APGqWIUIu-S, https://lh5.googleusercontent.com/p/AF1QipPvRyR4F4tqww8482I7CSEQAcc0yEYQ5jTsWaFf, "
Nhà hàng Phương Mai,CH4Q+HRP,"4,4",19,None,100.000-200.000 ₫,Thừa Thiên Huế,"https://lh5.googleusercontent.com/p/AF1QipOB6aFtWrPjTNLn1k91Bd0_KBbywAXH60cN8rgZ, https://lh5.googleusercontent.com/p/AF1QipNiSYzgGzJK2BjE-_pBzb0MUMu9jlaqp6B2-HFb, "
Tiệm Ăn Bùi A Sơn,"6 truong chinh tp. Huế Thừa Thiên Huế, 44 Nguyễn Sinh Cung","3,2",55,None,1-100.000 ₫,Thừa Thiên Huế,"https://lh5.googleusercontent.com/p/AF1QipPX7HRaDEXtWSju8tkmFpSm2QKSy5Ta7Deg_Fdl, https://lh5.googleusercontent.com/p/AF1QipNdylQ3opbF5AGCqaozh9wCmAN_l1NF6_aKi9ax, "
Vịt lộn um bầu Huế,11 Nguyễn Khuyến,"4,4",51,None,1-100.000 ₫,Thừa Thiên Huế,"https://lh5.googleusercontent.com/p/AF1QipP0nZorO0tAqt5FN0QOB-7OlEskfsNmLlCGOuAQ, https://lh5.googleusercontent.com/p/AF1QipNp1VPrj5aNeVdFzfDi2-S1PJQREHoLfX_UE7P5, "
GIO QUE RESTAURANT,"Cầu ngói Thanh Toàn, Cầu Trường Tiền","4,2",60,None,None,Thừa Thiên Huế,"https://lh5.googleusercontent.com/p/AF1QipNWVDs4zeiUUeFfOxvqvuRqVPHGOSAdMiT8T9gB, https://lh5.googleusercontent.com/p/AF1QipMq1SmCEI60BApNPsOsf3rOfVcoe-IdRhBYotU, "
Nhà Hàng Không Gian Xanh,Thừa Thiên Huế,"4,0",211,None,None,Thừa Thiên Huế,"https://lh5.googleusercontent.com/p/AF1QipMSZ51nY2cafDty6ZBvXb_NGGF4SeaLYBr9x4VZ, https://lh5.googleusercontent.com/p/AF1QipOjHDTRe0z7GjhzBvfzx-EqOHAePaKXEWDnYc9k, "
Quán Chay Tâm Thiện,17 Nguyễn Thái Học,"4,1",90,None,1-100.000 ₫,Thừa Thiên Huế,"https://lh5.googleusercontent.com/p/AF1QipNmnV4pE1NUFdmV2iC0UobBpHqZ9raVa4Rob-08, https://lh5.googleusercontent.com/p/AF1QipPwD9T3-8_0nnT7dvGN73aE7E3R_srkFXquCqLA, "
Quán chay Thuận Thiên,128 An Dương Vương,"4,5",35,None,1-100.000 ₫,Thừa Thiên Huế,"https://lh5.googleusercontent.com/p/AF1QipOWS3ljEbO-B0f79OQQJUHAb5nYBKBPXx9nO886, https://lh5.googleusercontent.com/p/AF1QipNcz4GAywZjiQV4hKfKeivwvOfzYSEe6kxyzox-, "
Hủ Tiếu Mực Trinh,Bến Tre,"4,3",18,None,1-100.000 ₫,Tiền Giang,"https://lh5.googleusercontent.com/p/AF1QipPCRElJbU2egXtn8jCU1kM0QN6YDE_m8KKY7DHF, https://lh5.googleusercontent.com/p/AF1QipOmnG5NElzN4ul13ykcef3i6Rnd3a6nA3wnIZ4e, "
Hủ tiếu Tuyết Ngân,481 Ấp Bắc,"4,1","3,1 N",None,1-100.000 ₫,Tiền Giang,"https://lh5.googleusercontent.com/p/AF1QipNDvTaoUPGCdtHiq3tUoc2TplixVaAm_ay9IGnP, https://lh5.googleusercontent.com/p/AF1QipPh8HPNB0B5iB3W9TBDTm2vAS5Y_qoJOxMINDBl, "
Nhà hàng sân vườn Hoàng Thành,"ĐC:, 630 đường Ấp Bắc","4,1",809,None,100.000-200.000 ₫,Tiền Giang,"https://lh5.googleusercontent.com/p/AF1QipMeCfAll6vREiR6Clh8681PEZv_pC6HXgfzAjPb, https://lh5.googleusercontent.com/p/AF1QipNufgxWdkdWUHTiGqNp1wyPo92mEs2-rkx1SNhw, "
Nhà hàng Làng Việt,194 Ấp Bắc,"4,1","1,2 N",None,None,Tiền Giang,"https://lh5.googleusercontent.com/p/AF1QipNtf5N6elT4gZ1sLDfC1wexprgkaWUBcvgbwYJu, https://lh5.googleusercontent.com/p/AF1QipM9K4PtKAg6FAzj-FV7uyI-rbZ0kOXGtA_6EnaV, "
Lẩu Mắm Miền Tây Út Cường,70 Đường Yersin,"4,4",577,None,100.000-200.000 ₫,Tiền Giang,"https://lh5.googleusercontent.com/p/AF1QipNdMZjLqtvJmk_NvtZ6-MamVKdhj22C8edAsgqe, https://lh5.googleusercontent.com/p/AF1QipMfTTghmOVA912-5DXLCM9Ox842t0JOWEfTe4vl, "
Nhà hàng Trung Lương,207 Ấp Bắc,"3,7","2,7 N",None,1-100.000 ₫,Tiền Giang,"https://lh5.googleusercontent.com/p/AF1QipNOKV--EBUoVIgknon9mHeEFsCWK_yYl2bBTorg, https://lh5.googleusercontent.com/p/AF1QipM5HmClZTrnxBxKg41zBkdFVN3UC1-Dr8gdIYYr, "
Quán cơm Diễm Thúy,QL1A,"3,9",3 N,None,1-100.000 ₫,Tiền Giang,"https://lh5.googleusercontent.com/p/AF1QipPwhmsJoeWnq2RdWH8Ec97NrA7sxZOUnczAjk0V, https://lh5.googleusercontent.com/p/AF1QipO2027HPZumsQrVOUGhO-McI4UsCjnTJPFWD1l-, "
Quán ăn Hai Quê,99G8+GXV,"3,8",338,None,100.000-200.000 ₫,Tiền Giang,"https://lh5.googleusercontent.com/p/AF1QipPGssDq3qARX5S4z2hHu-7NnMfasTXC16d4BuS8, https://lh5.googleusercontent.com/p/AF1QipNiqQoDVhnEZXtPw0oue2QfNgPwSiRzTZdme_Jg, "
Quán Vặt Ngõ Vàng Anh,10 Thiên Hộ Dương,"3,8",202,None,1-200.000 ₫,Tiền Giang,"https://lh5.googleusercontent.com/p/AF1QipMFe6prT8D7od1gN4HIbZphdST35Y7mFNpT_6vL, https://lh5.googleusercontent.com/p/AF1QipNv3TL2aFXoQCFGTviUTJsHdibKHI617sh2f8VJ, "
Minh Tâm Quán,ĐCT Thành phố Hồ Chí Minh - Trung Lương,"3,7","6,1 N",None,1-100.000 ₫,Tiền Giang,"https://lh5.googleusercontent.com/p/AF1QipNjarJ8vVl5_y7AL3RehbmqpPhQ3RtaIVnTb-mO, https://lh5.googleusercontent.com/p/AF1QipO6HWZOX8BP7pZ-bhHdmfY91QL_O8KftT-m8K87, "
Cơm Tấm Cầu Đôi,"98HR+QRQ, 256a Ấp Bắc","3,9",475,None,1-100.000 ₫,Tiền Giang,"https://lh5.googleusercontent.com/p/AF1QipP22USQJjKg4CWwquaM2PgyxZLWF_DeRh34dZF7, https://lh5.googleusercontent.com/p/AF1QipNVms96nwadBD4gnPmE4HOSJ9m-IgUoIBWUkPC7, "
Quán Cơm Oanh,Tiền Giang,"3,9",4 N,None,1-100.000 ₫,Tiền Giang,"https://lh5.googleusercontent.com/p/AF1QipM66UYwsqwTl3sPrPXMDJpNXRBUdilxX1QJ0UI, https://lh5.googleusercontent.com/p/AF1QipP5T9wTsR2AOsTNij6qfI2-kCZ8I7ytYi2qacxG, "
Quán ăn Mỹ Tho,"300 ấp Mỹ Thạnh, 313 ĐH89","4,1",79,None,1-100.000 ₫,Tiền Giang,"https://lh5.googleusercontent.com/p/AF1QipPnS4UexGAzgOGBgu--MPGMb3mUeO9DRxnv6z3c, https://lh5.googleusercontent.com/p/AF1QipNDP6MZSI9AcPpCAZksVi8-bnvYCqKGqhHenQj-, "
Nhà Hàng Hải Sản Sông Tiền,1 Lãnh Binh Cẩn,"3,7",240,None,1-100.000 ₫,Tiền Giang,"https://lh5.googleusercontent.com/p/AF1QipOp6WqIf-zMZsxKArJKbbaFAhtUrfq_8VlAU5yt, https://lh5.googleusercontent.com/p/AF1QipN8ZEuavjhEgC5w5p82OPRF_5EyvCB9fur4zpco, "
Nhà hàng Lộc Phố 2,151A Lý Thường Kiệt,"4,1",116,None,100.000-200.000 ₫,Tiền Giang,"https://lh5.googleusercontent.com/p/AF1QipP-I8dCRtopuWB9xgjGOOHxxdvY7YE7yYBkwtYd, https://lh5.googleusercontent.com/p/AF1QipNOsgNRUSgAtbzPJIRK6XbslVEmmM4-KoGrlaYH, "
Quán Hủ Tiếu Tám Lài,50/1 Đốc Binh Kiều,"4,1",64,None,None,Tiền Giang,"https://lh5.googleusercontent.com/p/AF1QipPS-gLkOCc7IFx6tJUB99uEEy-JzZsu2nw4N2nD, https://lh5.googleusercontent.com/p/AF1QipMH2LHc326_xrdSdpQ47C_QxR2-a2gru3JThIJo, "
Nhà Hàng Chương Dương,"10 30/4 Street, ward 1, My Tho City (10 Đường 30/4, P.1, T.P Mỹ Tho)","3,9",267,None,100.000-200.000 ₫,Tiền Giang,"https://lh5.googleusercontent.com/p/AF1QipOfoTxryC2A3Gz9e8O3FMza2NW35ZHFo-gIskYE, https://lh5.googleusercontent.com/p/AF1QipOWCaZugbElwDXUZyllKo55EPKXoqP1lKwsJfEG, "
Nhà Hàng Rắn Mỹ Tho 180,180 Lý Thường Kiệt,"4,1",346,None,None,Tiền Giang,"https://lh5.googleusercontent.com/p/AF1QipNZ_ONIbBgegocsrsnvlhFIl3ygjEFE0-t1d-7B, https://lh5.googleusercontent.com/p/AF1QipM6Z8NqkL9koVJBFfelvj631htDM2gzuEx7mQfC, "
Vườn Ẩm Thực Phương Nam Mỹ Tho,101 Lý Thường Kiệt,"4,1",550,None,None,Tiền Giang,"https://lh5.googleusercontent.com/p/AF1QipO2F9KvOFRYKs6Tb2YHoP_W6TFfIwzm4Gb-8oFA, https://lh5.googleusercontent.com/p/AF1QipOo15ytGPt3Dk0hKkYwqkmSxA_4fZlZaVSHaMF2, "
Quán Cơm Heo Quay Mai Hồng (Tiền Giang),QL1A,"3,9","3,5 N",None,1-100.000 ₫,Tiền Giang,"https://lh5.googleusercontent.com/p/AF1QipMmxXvLJaGZOcI9Fv3c74I8fSqGS5YnJeGstiw6, https://lh5.googleusercontent.com/p/AF1QipOUeyZeJxKQX2L-uAe1xSRtBSgJa2grybLL-HZD, "
Cô Tẻ Bến Đò,"CMMG+V6Q, Mỹ Xuân - Tóc Tiên","4,1",376,None,None,Tiền Giang,"https://lh5.googleusercontent.com/p/AF1QipNnzNPGTPO5PqFziVOZb_YLEWEX83UiDeqenx2p, https://lh5.googleusercontent.com/p/AF1QipPCkhUWf2Gh5q0Z_Lk5-c8S-zFw7z2V8w-19jZ4, "
Hủ Tiếu Mực Trinh,Bến Tre,"4,3",18,None,1-100.000 ₫,Tiền Giang,"https://lh5.googleusercontent.com/p/AF1QipPCRElJbU2egXtn8jCU1kM0QN6YDE_m8KKY7DHF, https://lh5.googleusercontent.com/p/AF1QipOmnG5NElzN4ul13ykcef3i6Rnd3a6nA3wnIZ4e, "
Nhà Hàng - Quán Ăn Sân Vườn Lộc Mai,94 Phạm Thanh,"4,2",102,None,None,Tiền Giang,"https://lh5.googleusercontent.com/p/AF1QipM5l8Vg5tImVrtgs94D8lHQvmYT-pr3WXUiVA_7, https://lh5.googleusercontent.com/p/AF1QipN5oQLjmwSzx6GUAtrnHvbi2UAEviwkEf8oWubV, "
Quán ăn sân vườn KÊNH MỚI,986P+7GP,"4,0",61,None,None,Tiền Giang,"https://lh5.googleusercontent.com/p/AF1QipP2wqpI5sYetNGbY-4Fg878atr9m7-HcfqSmXBl, https://lh5.googleusercontent.com/p/AF1QipMR0cqQ5X5sKolbI3CF6UbVLRPFAyA-4P425r2N, "
CHÈ BƯỞI XUÂN MAI,147/05 Đống Đa,"3,8",53,None,1-100.000 ₫,Tiền Giang,"https://lh5.googleusercontent.com/p/AF1QipN8ArnxLrsFLF4UPAu7Vcwm0BuxHCmod0Plv3TL, https://lh5.googleusercontent.com/p/AF1QipMyz6AxAcKEo4jCXeUAphIvjozWEWNcqp846vFi, "
Quán Ăn Tạ Hiền,76 Nguyễn Trung Trực,"4,0",162,None,100.000-200.000 ₫,Tiền Giang,"https://lh5.googleusercontent.com/p/AF1QipOoZ07cxjyPdOVkIFrqLYmyhncLWj_ioGkejpPp, https://lh5.googleusercontent.com/p/AF1QipOH00I1eQ6M3xzF605QtPjwwDPtfiX1FPhS91KB, "
Quán Cơm Quê Hương,"8VFW+V4J, QL1A","4,1",146,None,1-100.000 ₫,Tiền Giang,"https://lh5.googleusercontent.com/p/AF1QipNvvE4aWNHMhwCg7QE7tNpAT08_WEhfbPPX4ec, https://lh5.googleusercontent.com/p/AF1QipMFrOiH4uJYVnaK-2OorHpeU1II_UA9mIKdMUU6, "
Xưa Lắc Xưa Lơ Restaurant,161 Đường Lê Văn Nghề,"4,5",141,None,100.000-200.000 ₫,Tiền Giang,"https://lh5.googleusercontent.com/p/AF1QipMsM1cThbo6xPfVcKFvoLaZR46SqeZrc3HpVCU7, https://lh5.googleusercontent.com/p/AF1QipNlMylxVBM9-IbckdMlnPuy3k0eTVK1hUCdULaq, "
Nhà Hàng Làng Chài Mỹ Tho,298 Phạm Thanh,"4,2",216,None,None,Tiền Giang,"https://lh5.googleusercontent.com/p/AF1QipO9oZP2AT-GNrPx2bdRRdRPvG01e15rk3Lhhri6, https://lh5.googleusercontent.com/p/AF1QipNe6eHfPWLYEo3HYwyJ40hdwz76bc6rK_VRDP3C, "
Quán ăn Tiền Giang,8VCF+QFW,"4,4",14,None,None,Tiền Giang,"https://lh5.googleusercontent.com/p/AF1QipOUCC3LDxomsE--Z2zMtKOiyD1hYB2lupTNF-sy, https://lh5.googleusercontent.com/p/AF1QipPxu9K-9wsYHUk2O7BkwftNFo1XqH7BcP2b-TN3, "
Nhà Hàng Xẻo Mây,82HH+7J3,"3,9",186,None,300.000-400.000 ₫,Tiền Giang,"https://lh5.googleusercontent.com/p/AF1QipM_vjLKsmVLWReKxZsNt9LV1O2uK-MVOveqZJo0, https://lh5.googleusercontent.com/p/AF1QipO8kOSmz4RGRqKVXxLu7W2N8N5gk61FG1G6rDsy, "
Quán ăn Tiền giang,C369+999 TT,"3,8",206,None,None,Tiền Giang,"https://lh5.googleusercontent.com/p/AF1QipNBmChkJFtspvQ9JhhIegc-1LFOKEqe2yzWD_OW, https://lh5.googleusercontent.com/p/AF1QipN3Lu5CEfcyBpk7ZeCBtzRuuiwZ-v4SHsCIFsGE, "
Hải sản Tư Tôm,Tiền Giang,"4,1",139,None,None,Tiền Giang,"https://lh5.googleusercontent.com/p/AF1QipPBHdBadtyNKpWo75s6GCjuuUV52UVIKCVwxGB4, https://lh5.googleusercontent.com/p/AF1QipP3OPZv4cGkwGhrafUjkBaRUTYMOrFltH09-rND, "
NHÀ HÀNG ĐÔNG HƯNG,"281 B, 281b Lý Thường Kiệt","3,9",49,None,100.000-200.000 ₫,Tiền Giang,"https://lh5.googleusercontent.com/p/AF1QipPk1byuW-XyQemikyqIrvfKIvpbUN6tmJHIKZXE, https://lh5.googleusercontent.com/p/AF1QipPgaYdXLwz3kbAKS5Wtp3QYbZ16NkGul3XxsjBt, "
Công Ty Tnhh Dịch Vụ Ăn Uống Giải Trí Nhà Hàng Phố Biển Mỹ Tho,34 30 Lê Văn Phẩm,"3,9",166,None,200.000-300.000 ₫,Tiền Giang,"https://lh5.googleusercontent.com/p/AF1QipNqQ4XzS5iDY6wE45joFX2Q9Pf3fN35ijy81JHF, https://lh5.googleusercontent.com/p/AF1QipMsi2n9-WXSKEbaIXKiBTsxgRwbYWmsAzwPg9Q1, "
Quán Cơm Nha Trang,29 Trần Quốc Toản,"3,9",113,None,1-100.000 ₫,Tiền Giang,"https://lh5.googleusercontent.com/p/AF1QipPUOU6dm8vfkZJDjqBAxjqUxLZARdOMJ8k0SDVb, https://lh5.googleusercontent.com/p/AF1QipOLO4zJDGa0RrpEr_cuwwnV1Xg-pNA1jkYZjDYl, "
Quán ăn Sân Vườn,98C7+XC3,"4,7",3,None,None,Tiền Giang,"https://lh5.googleusercontent.com/p/AF1QipP_hq_a37L5DYOWCIcNEHgHHO9MdtmI40VgmEMy, https://lh5.googleusercontent.com/p/AF1QipPzHU1qfowD7KYexRx6gzAvOnQVBpFtE4Q4Bwj1, "
Cơm Tấm Ngon Miền Tây,46 Đường Yersin,"5,0",2,None,None,Tiền Giang,
Mekong Taste Restaurant & Bungalow,Tiền Giang,"4,2",271,None,100.000-200.000 ₫,Tiền Giang,"https://lh5.googleusercontent.com/p/AF1QipND0wLGCzBbITSbMm2lymQeCkdeEOzX8RIRnQhj, https://lh5.googleusercontent.com/p/AF1QipOl-JsmKc3e3-IIioWvz_w5Crf7xat63_d6FZcV, "
Hủ Tiếu Sáu Sen,108/9 Trần Hưng Đạo,"3,8",720,None,1-100.000 ₫,Tiền Giang,"https://lh5.googleusercontent.com/p/AF1QipMu7phgeVJaubHed6LVaFKBL50-BmP0MGb8sgit, https://lh5.googleusercontent.com/p/AF1QipM1-F2eA34se6FrpgIlkoMvX-U2Y0-QJ9HYGOUB, "
Quán Cơm Cây Me,"30-48, ĐT864","3,7",140,None,1-100.000 ₫,Tiền Giang,"https://lh5.googleusercontent.com/p/AF1QipNilfxU2ofrB12ZUzw9RhL3vVQGPWdyh5IcBDQ-, https://lh5.googleusercontent.com/p/AF1QipOytoVOllkzkbC_juf8g3lunl_MPubevxpcq8tD, "
Quán Ăn Vương Phú,C823+4VR,"3,4",199,None,1-100.000 ₫,Tiền Giang,"https://lh5.googleusercontent.com/p/AF1QipN5-7_E7SXIlull29cTv6c1aOmHFCuRT6ULuEhq, https://lh5.googleusercontent.com/p/AF1QipOZ0GTjD27N5APKnE3NozjFoEA601kMyLqzniHB, "
Hủ Tiếu Mực Trinh,Bến Tre,"4,3",18,None,1-100.000 ₫,Tiền Giang,"https://lh5.googleusercontent.com/p/AF1QipPCRElJbU2egXtn8jCU1kM0QN6YDE_m8KKY7DHF, https://lh5.googleusercontent.com/p/AF1QipOmnG5NElzN4ul13ykcef3i6Rnd3a6nA3wnIZ4e, "
Lẩu ếch Đông Đô,Đ. Đoàn Thị Nghiệp,"4,0",561,None,100.000-200.000 ₫,Tiền Giang,"https://lh5.googleusercontent.com/p/AF1QipObX7MtfMD0hLJUjdOQ_wSnDeB7tKQQnVEjZ94i, https://lh5.googleusercontent.com/p/AF1QipO2-KHtHeD7gfzqnoI43ZcugWZz7NX6wfalCrb5, "
Quán Ốc Vũ Mập 283,283 Tết Mậu Thân,"3,9",945,None,None,Tiền Giang,"https://lh5.googleusercontent.com/p/AF1QipPF-SWaQeXDjOQPCoAXcQ3L4UZ7zmqOC0hOZQ34, https://lh5.googleusercontent.com/p/AF1QipPrCghNFc43H_h2vXJuMuRRlvFyCAy2rzUpupx4, "
Quán Hải Sản Đài Trang - Quán Ăn Gia Đình,Tiền Giang,"4,1",24,None,None,Tiền Giang,"https://lh5.googleusercontent.com/p/AF1QipOlmLJidwY0wfj8axe2bLVg55uG2htTGGKpy0F7, https://lh5.googleusercontent.com/p/AF1QipOWtA2KMaMMGF1xhpw78L3Lo9TK-vIz5RARuMMM, "
Quán Hải Sản Bà 7 Vũng Tàu,207 Nguyễn Công Bình,"4,1",134,None,None,Tiền Giang,"https://lh5.googleusercontent.com/p/AF1QipOMIzFb5rlUiVTQkT9jBajyk4xmrbnJ4P5PTilT, https://lh5.googleusercontent.com/p/AF1QipOhbBCTottKqS-Wjh__Gra3LSucwLpTYV5-yYyP, "
Ẩm thực sinh thái Hương Sen,220 QL50,"3,7",389,None,None,Tiền Giang,"https://lh5.googleusercontent.com/p/AF1QipM67f09up1T84hOQOrcEskn957ilK94KAa0Lhn1, https://lh5.googleusercontent.com/p/AF1QipNOjC-H-WpPrtr4wAw9Q2RCyU39FKH9wPTZydgO, "
Tiệm ăn Hương Ký,"C8FF+QVG, ĐT878","3,4",74,None,1-100.000 ₫,Tiền Giang,"https://lh5.googleusercontent.com/p/AF1QipNMsVUzRlC2B2kSzuHImLhzK1Q7nQnEieqSMmZI, https://lh5.googleusercontent.com/p/AF1QipOJgewfa8GZ6_MOotD5fEKz3WjWAlX9bnVmDBh8, "
Quán Lẩu Nhã,9966+J47,"3,9",168,None,100.000-200.000 ₫,Tiền Giang,"https://lh5.googleusercontent.com/p/AF1QipMV9WY_oKUG85dmlsuvIWErzwhz5yW4C-dnwvyb, https://lh5.googleusercontent.com/p/AF1QipP7k8MNJM9maIC7zeds7bYspE1Uzc11-RajeCMO, "
Nhà Hàng Hương Việt,98R3+XR6,"3,6",964,None,None,Tiền Giang,"https://lh5.googleusercontent.com/p/AF1QipN_SlkOpkwJNC78Gf1v8tyESe47A1WnNOxzCxft, https://lh5.googleusercontent.com/p/AF1QipPgGiQINsRBsSmms6Vn5sApFM71gDYO3vpjm8OO, "
Quán Ăn Đồng Nam 2,58 Nguyễn Trung Trực,"4,2",49,None,200.000-300.000 ₫,Tiền Giang,"https://lh5.googleusercontent.com/p/AF1QipPGpBuiaB1QamTHnO_8cXaigLhnQYTbhaiXVPCe, https://lh5.googleusercontent.com/p/AF1QipPQiXBQvb38nMogkjS3gSQMf5o6sJn7sizN-a15, "
Ẩm thực chay Hoa Đăng,35b Đ. Huyện Thoại,"4,3",280,None,1-100.000 ₫,Tiền Giang,"https://lh5.googleusercontent.com/p/AF1QipN_xKF3iznibKuI159QKqaB6W7yUZCOped2wJgy, https://lh5.googleusercontent.com/p/AF1QipOcPz25aFgvZLDnzUtbeXREho5Agr2mScS1o-9W, "
Ẩm thực chay Cơm Niêu Quán,1055 Trần Hưng Đạo,"4,1",260,None,1-100.000 ₫,Tiền Giang,"https://lh5.googleusercontent.com/p/AF1QipNuddZ6pW2n5KhULpbLkvHex6t1cpRAG9819WN3, https://lh5.googleusercontent.com/p/AF1QipMlluXOuNoih3VNMp4qaZCOBfJmaYD3iB_AWKi9, "
Nhà hàng Tây Nam bộ,F84W+3J5,"4,0",105,None,None,Tiền Giang,"https://lh5.googleusercontent.com/p/AF1QipPnL-GenEdxs1Rk2-B-65tgbiTHu6xMtpnTTOEY, https://lh5.googleusercontent.com/p/AF1QipOZW_YLlnotmP2Bxn7NPA7xkWhHViG9Ja7S803h, "
Riro Korean Food - Mỹ Tho,099A Ấp Bắc,"4,3",63,None,1-100.000 ₫,Tiền Giang,"https://lh5.googleusercontent.com/p/AF1QipPaznQABjd4bmiuTpTjBMmZKoilEaWQHyBrU4iF, https://lh5.googleusercontent.com/p/AF1QipNeJUCAZGnFZrmnbx3TTh-bCinTtAuMKTZIdxCn, "
Quán ăn Hai Gió,C8C8+FHM,"3,7","1,2 N",None,1-100.000 ₫,Tiền Giang,"https://lh5.googleusercontent.com/p/AF1QipMlXasJnrcK6tyXbhYXG7gqTJ_gdZACuWrJaqE2, https://lh5.googleusercontent.com/p/AF1QipN0tSfVyaSjNgz1HNLjRmKQgBRZV16CO7XOsx3d, "
Quán Cơm Tấm Cây Bàng 65A,65 Đường Phan Hiển Đạo,"3,9",120,None,1-100.000 ₫,Tiền Giang,"https://lh5.googleusercontent.com/p/AF1QipMWyk2L7kcayQgTJWHv4HqJafNgVFXMM0YBlds5, https://lh5.googleusercontent.com/p/AF1QipNDn-N2k-gyYmMqFcjBJFKMsmQYQy3SymZSo1Rj, "
Cơm gà Bình Chí Thành,235A Ấp Bắc,"4,0",133,None,100.000-200.000 ₫,Tiền Giang,"https://lh5.googleusercontent.com/p/AF1QipOPzSULh4uQtnRy0lscL6dUBY8y52K4kFtAMGQk, https://lh5.googleusercontent.com/p/AF1QipMtfEUhm-m2WBVctUit2CkECWRva0mMMU1SBaBl, "
Minh Quan Rest Stop,68 ĐT878,"3,4",183,None,1-100.000 ₫,Tiền Giang,"https://lh5.googleusercontent.com/p/AF1QipMhyShrVaa_-8krPyANTScYW8UmXYys6998KYwc, https://lh5.googleusercontent.com/p/AF1QipNlrbKa-dGMIcKtc-B9YUpNd4UgdrGmhBNGNh_D, "
Quán cơm 3 Hùng,"8VCF+M5V, QL30","3,8",85,None,1-100.000 ₫,Tiền Giang,"https://lh5.googleusercontent.com/p/AF1QipOjSIEsPkaRKXKzkNZjHXt9i3za0BvHb4_VeZYa, https://lh5.googleusercontent.com/p/AF1QipN5IobxeyCF2AVQAv93Hz8MpfnND7SfFQL46NsZ, "
Quán Cơm Chí Tâm,6 Trần Quốc Toản,"3,6",76,None,100.000-200.000 ₫,Tiền Giang,"https://lh5.googleusercontent.com/p/AF1QipMWZY-tTLyMoOtUyQ_XdBbfJWiqwNG-g-vTKn5F, https://lh5.googleusercontent.com/p/AF1QipPbQ27sRI-OoQHaUfPRNCQdNQOcWeU-eA7TfKZv, "
Lẩu bò Nhà Gỗ,328 Đ. Hùng Vương,"4,1",249,None,100.000-200.000 ₫,Tiền Giang,"https://lh5.googleusercontent.com/p/AF1QipOUCgr3SEfW-Gwee6ui7hhSY-3UNNEM8u57o0Gf, https://lh5.googleusercontent.com/p/AF1QipMvvkQh13xBz5GbPH9CClfIupCTWgXA1lPjk5iS, "
Hủ Tiếu Mực Trinh,Bến Tre,"4,3",18,None,1-100.000 ₫,Tiền Giang,"https://lh5.googleusercontent.com/p/AF1QipPCRElJbU2egXtn8jCU1kM0QN6YDE_m8KKY7DHF, https://lh5.googleusercontent.com/p/AF1QipOmnG5NElzN4ul13ykcef3i6Rnd3a6nA3wnIZ4e, "
Lẩu Bò ANH HAI,236 Đ. Hùng Vương,"4,5",102,None,100.000-200.000 ₫,Tiền Giang,"https://lh5.googleusercontent.com/p/AF1QipNLo0jVm9xJWC8MxTDAUdNijUUeEKaIEB1vTf8B, https://lh5.googleusercontent.com/p/AF1QipNliJklI3hDs65WZEB3TtTLV6qr93m_Qd10UmNd, "
Cơm tấm Oanh(chợMỹTho),205 Đ. Hùng Vương,"4,2",98,None,1-100.000 ₫,Tiền Giang,"https://lh5.googleusercontent.com/p/AF1QipPVkU42CZGFFw6kEGgO4uNluFZpvLAn7c0JDLRD, https://lh5.googleusercontent.com/p/AF1QipMubXsJgVZONyHWLNKvF4_gzqEaloAMa3_YsSuI, "
Quán Lẩu Bò Ba Chuông,100 Lý Thường Kiệt,"3,7",279,None,100.000-200.000 ₫,Tiền Giang,"https://lh5.googleusercontent.com/p/AF1QipPxGbqX4twxBMYiNONcAILvxw25ZtfQQh8Qju3d, https://lh5.googleusercontent.com/p/AF1QipNZBPhcO94f8ESTQBpZk9zgfNvBSWDVbGCQPDeQ, "
Quán Cơm Hoàng Mai,181 Tết Mậu Thân,"4,4",26,None,None,Tiền Giang,"https://lh5.googleusercontent.com/p/AF1QipMXS-1GxxhQmA3WeGc8vtJ9neKFpD5GaHQgBlbi, https://lh5.googleusercontent.com/p/AF1QipPOS-QwaAJWd4E674Tl8Ld971yXv-u5cixS5i8v, "
Quán Cơm Phát Minh,64 Đường Yersin,"3,6",36,None,1-100.000 ₫,Tiền Giang,"https://lh5.googleusercontent.com/p/AF1QipN-k08Hqhxat9jeteCB_yykTj6V4l78g9hmSNw9, https://lh5.googleusercontent.com/p/AF1QipPcue3iU4P0gHIdnHb5-5ZmoRuYkNDlK7zwFmYX, "
Quán Cây Me,8 Rạch Gầm,"3,8",102,None,1-100.000 ₫,Tiền Giang,"https://lh5.googleusercontent.com/p/AF1QipORtG2B6JhlF9Yo4Q_8a7ljdibUhY7CE5tsxS0N, https://lh5.googleusercontent.com/p/AF1QipMTLNGm7bvPGNcPNG0FCN4j_s5_J7SWVeZhPX4v, "
Hủ Tiếu Sa Tế Mỹ Tho,206a Nam Kỳ Khởi Nghĩa,"3,7","1,3 N",None,1-100.000 ₫,Tiền Giang,"https://lh5.googleusercontent.com/p/AF1QipMpSzwx8iCX2Sv6I0gbESa265d8Bk-CYyCb6oIP, https://lh5.googleusercontent.com/p/AF1QipO5hOsn_wYmCQJiMgKtuu2XX6ywCzYD-ZWyzMEf, "
Quán Ăn Hùng Duy,C8FG+JCF,"3,9",97,None,None,Tiền Giang,"https://lh5.googleusercontent.com/p/AF1QipP2LlbV_A1EUFUWJcq6UxZcWl3Yqk79TYPulxw, https://lh5.googleusercontent.com/p/AF1QipPc9mkVpvyPd9IbKBQLCkkL16rFvd6Xo8WbLuN3, "
Hủ Tiếu Mỹ Tho 43,43 Ấp Bắc,"4,1","1,6 N",None,1-100.000 ₫,Tiền Giang,"https://lh5.googleusercontent.com/p/AF1QipMu-VJw2P2p64Z4RCdA3yhKxVNHGo6uMUYmRDb2, https://lh5.googleusercontent.com/p/AF1QipP1jZ4e1GHfwjaFWvN23gqvSEquE-dUK892kqay, "
Côté Rivière Cafe & Restaurant,Hoàng Sa,"4,8",21,None,100.000-200.000 ₫,Tiền Giang,"https://lh5.googleusercontent.com/p/AF1QipMeHcxEaF2byftY6DQrHexy2kMoYbBBO2-JQ9Xd, https://lh5.googleusercontent.com/p/AF1QipMcpYrGnlsdyX2YnebzXCfGFTyUtkw5hGwDERO-, "
Quán nhậu Bằng Hữu,21 Nguyễn Công Bình,"4,2",29,None,100.000-200.000 ₫,Tiền Giang,"https://lh5.googleusercontent.com/p/AF1QipOHINNsNUazul64H77ox6BhZZSEA0ewkQVEr1LU, https://lh5.googleusercontent.com/p/AF1QipP5RONTBNR8SotHOSGd0jHf1crB-CA0Aqt1sfq1, "
Cơm Tấm Kiều Giang - Tiền Giang,7/3 Ấp Thân Đạo,"4,9",10,None,1-100.000 ₫,Tiền Giang,"https://lh5.googleusercontent.com/p/AF1QipNB1tmmwxpMRjwFTCXSghUyauaOIxBHVEavQOrf, https://lh5.googleusercontent.com/p/AF1QipPrzN4x_6rWVsNrpkAQCBQ_S_sGIeD5t5cncgl-, "
Nuong Buffet 149K,136 Phạm Thanh,"3,8",222,None,100.000-200.000 ₫,Tiền Giang,"https://lh5.googleusercontent.com/p/AF1QipOAOXjumJwxQWJw052uQ8GM-QEFjK2ra_-5_g85, https://lh5.googleusercontent.com/p/AF1QipNXb08NAxASMO7-GsCFyHjqkSAQ-N4oOVeIJdhq, "
Quán Ăn Dì Hai,"C8C8+C6V, ĐT878","3,6",95,None,None,Tiền Giang,"https://lh5.googleusercontent.com/p/AF1QipP0B4C7fKiAiAVjxP-WmBb22oPBuo-ENlF0jEu8, https://lh5.googleusercontent.com/p/AF1QipP8YRvDpB3SkSIHGoCHul-D6-658eyqK1m_4C3h, "
Quán ăn gia đình Phong Cua,134 Lê Văn Phẩm,"3,7",49,None,300.000-400.000 ₫,Tiền Giang,"https://lh5.googleusercontent.com/p/AF1QipOvlISuJTYNpDkjSucwZZqhv1DyKIPXiUXqSyjX, https://lh5.googleusercontent.com/p/AF1QipN4zANc4bNAEjsnQqUonOrk--Ci3pM7ReXiwRY7, "
Sisters,322 Đ. Hùng Vương,"4,0",243,None,100.000-200.000 ₫,Tiền Giang,"https://lh5.googleusercontent.com/p/AF1QipPvfJnXgPdAxc4WwKYvv2p5ephS9zn2wzzmklCW, https://lh5.googleusercontent.com/p/AF1QipOwusAXUcWYj673F_aBTOz9KQPk3ZsFXVYsH7Jx, "
Quán Ốc 39 Ấp Bắc,"39, Ấp Bắc, Thành Phố Mỹ Tho, Tỉnh Tiền Giang","3,9",133,None,None,Tiền Giang,"https://lh5.googleusercontent.com/p/AF1QipPtIXNurWWSdos9aWO2Qk78OSW83vzfRtNBtnj5, https://lh5.googleusercontent.com/p/AF1QipOJGOJDjAi9PlBciK7caoLrPMgGhtbwNLmh0TpM, "
Le Longanier Restaurant,"ố 49, ấp 5","4,4",92,None,None,Tiền Giang,"https://lh5.googleusercontent.com/p/AF1QipOhfSXlKukmFCfE5myLszKuItgAZVRyfxUe06RO, https://lh5.googleusercontent.com/p/AF1QipPYt9ciyejCeuvxZJdpC-v8ExJKJOSCQPY2zkMX, "
Quán Nướng Khói,Số 86 Phan Thanh Giản,"3,7",29,None,None,Tiền Giang,"https://lh5.googleusercontent.com/p/AF1QipM7RnvbOAuYrwW-RhgT0gSpBQvxTnip-qlrcOUH, https://lh5.googleusercontent.com/p/AF1QipPyM9o-a6SigqeUtOlCb4xLKVR_z7zbOoRIUWJb, "
Quán ăn sáng bình dân,99F8+GQH,"5,0",1,None,None,Tiền Giang,"https://lh5.googleusercontent.com/p/AF1QipNq7Az7xU8iTPRDt-MvonjQ96tjBl94_qiQwC8, https://lh5.googleusercontent.com/p/AF1QipM56pwSX37Hp-kQcCVD9ZeAQIYodFC0avm5_Ac, "
Hủ Tiếu Mực Trinh,Bến Tre,"4,3",18,None,1-100.000 ₫,Tiền Giang,"https://lh5.googleusercontent.com/p/AF1QipPCRElJbU2egXtn8jCU1kM0QN6YDE_m8KKY7DHF, https://lh5.googleusercontent.com/p/AF1QipOmnG5NElzN4ul13ykcef3i6Rnd3a6nA3wnIZ4e, "
Nori Res.,68 Đ. Hùng Vương,"3,9",55,None,1-100.000 ₫,Tiền Giang,"https://lh5.googleusercontent.com/p/AF1QipOIDPi1lkSgkO5xReNWhxIAvm1Zm9BWRJEu0aYw, https://lh5.googleusercontent.com/p/AF1QipMa4_gFLShREe9BRDjOsp2PUnACs0svxqhoSbAW, "
Ẩm thực chay Liên Hoa Quán,220 Trần Hưng Đạo,"4,0",95,None,None,Tiền Giang,"https://lh5.googleusercontent.com/p/AF1QipOol6m-MK3B3hNhXt1NcNCP52pNbq9Spsbf570k, https://lh5.googleusercontent.com/p/AF1QipPctcTiQplyy1NUnOwb_ZL20jsQNpHJ9WpVQ4AZ, "
Hủ tiếu Chú Năm Hòa,60 Nguyễn Tri Phương,"4,1",31,None,None,Tiền Giang,"https://lh5.googleusercontent.com/p/AF1QipNGuvYbCVpzHGqa0yfxVK4uVzclSX0c4qBuwIK5, https://lh5.googleusercontent.com/p/AF1QipP38qmBarzZ_2uRTbLU9FDALT40owYOilzpJ0H3, "
Quán ăn Tú Tú,C8C8+95P,"3,6",238,None,1-100.000 ₫,Tiền Giang,"https://lh5.googleusercontent.com/p/AF1QipPvXNUIvkQyb1S1IsbHobuwrkLSRcqnScOkV77m, https://lh5.googleusercontent.com/p/AF1QipO9SdlhqoJGzbwwdS79ua9aPrPyrasLb5LDDso3, "
Phở Ngọc Ngân,47 Hồ Văn Nhánh,"4,4",17,None,1-100.000 ₫,Tiền Giang,"https://lh5.googleusercontent.com/p/AF1QipNhasV5JRD7OQxqFC0WS2Ae4UVfk-bBUf9-fysR, https://lh5.googleusercontent.com/p/AF1QipM5WmdkxZoabb4smc-E62MHnjGBQfnHUvQos2s, "
Quán Ăn 668,668 Lý Thường Kiệt,"4,6",16,None,None,Tiền Giang,"https://lh5.googleusercontent.com/p/AF1QipMVlw8Q1_RVNxAlwWRs3k4P6I4R02qHYV0415BU, https://lh5.googleusercontent.com/p/AF1QipNMEgE61zUQKpO9rn1ec-QG8xQFUd-M6Vgti40O, "
Quán ăn Thịnh Phát,C897+XM8,"3,4",119,None,1-100.000 ₫,Tiền Giang,"https://lh5.googleusercontent.com/p/AF1QipOrGrafCKOzD8zYlum5iFvtjzB8SSMHaR4TFMZV, https://lh5.googleusercontent.com/p/AF1QipOJvL2SwvdrfD469ks4hsgxHa5d8fOdWXLpLV5-, "
Trạm Dừng Chân Stop & Go,QL1A,"4,2",335,None,1-100.000 ₫,Tiền Giang,"https://lh5.googleusercontent.com/p/AF1QipNf6VYzG41HjKJnCZVsAZz_6kGaoLH_6--GpDz2, https://lh5.googleusercontent.com/p/AF1QipPTX6b8FKXunRTOdMa5DI3r3F5mWP1l6xiuSljM, "
Lẩu Bò Giáo Sĩ CN136,38A Đ. Hùng Vương,"4,2",71,None,100.000-200.000 ₫,Tiền Giang,"https://lh5.googleusercontent.com/p/AF1QipMFGT9AIrlH71FSDJRAQyGnLFx65NrDOnb2rhYs, https://lh5.googleusercontent.com/p/AF1QipPcoZxBUCSqOz5UvZh_AGBo4eX0yMGR2V9h2F_E, "
Le 68 Bistro & Café,"Căn hộ HG01, 08A số 1A, Đ. Hùng Vương","4,9",48,None,None,Tiền Giang,"https://lh5.googleusercontent.com/p/AF1QipN42jVwOvBZ5Y9tAthM5VG-Ymaqq6DvRXDuRYs, https://lh5.googleusercontent.com/p/AF1QipNZrmmmIZVkOyB5gu8i8RMNO8CRTNpqrjIn8rQ, "
Tiệm cơm Chí Thành,19 Ấp Bắc,"4,1",213,None,1-100.000 ₫,Tiền Giang,"https://lh5.googleusercontent.com/p/AF1QipPE7xBcdbS6i48opSzf0c0MKd54MdC1Mv_1uQhq, https://lh5.googleusercontent.com/p/AF1QipNLtkknM_b1iNybsFvXAzQzpG0jBMeVvgDH27w, "
Hủ tíu Satế Trưng Trắc Mỹ Tho,99C8+V9P,"4,1",585,None,1-100.000 ₫,Tiền Giang,"https://lh5.googleusercontent.com/p/AF1QipNj_AMMZbg4mTCdjxYNnKFIOHLOM81Nw8qdDdDp, https://lh5.googleusercontent.com/p/AF1QipO2M3BVHHE-C6XEHlIPxy0XYcnUkBj_wUCvKgBe, "
GoGi House Mỹ Tho,86 Nam Kỳ Khởi Nghĩa,"4,1",89,None,300.000-400.000 ₫,Tiền Giang,"https://lh5.googleusercontent.com/p/AF1QipMohh7s59N9jRArsgLEvkEiJf3hedguDtRDw1rE, https://lh5.googleusercontent.com/p/AF1QipNLTp2st98U5k78SFuHZQswxXyMawNB025isVuu, "
1992 Food & Drink,137 Nam Kỳ Khởi Nghĩa,"3,5",376,None,1-100.000 ₫,Tiền Giang,"https://lh5.googleusercontent.com/p/AF1QipMKF-YZUh_-FBr0hDEt7KrkgUCGwCR9fM0Og5au, https://lh5.googleusercontent.com/p/AF1QipP4XTv9FDbf16jHL1JZ6DxTIF8_fhq0TAaqn8LA, "
Quán Cơm Ba Năng,"F85W+CRQ, ĐT866","4,1",20,None,None,Tiền Giang,"https://lh5.googleusercontent.com/p/AF1QipMGXK9Ec7WkoxIVDLEuEYrBwyqQ2sPtkInS2WN5, https://lh5.googleusercontent.com/p/AF1QipPmOcdoGoGWb2eg5hfjD2uo3dHYZC-cba7PCwp5, "
Cháo cá Cẩm Tuyết,98V4+W44,"3,9",208,None,1-200.000 ₫,Tiền Giang,"https://lh5.googleusercontent.com/p/AF1QipNuRChXnd3U6xs9QkNwIzWeJDCQssI-dxtYzNh1, https://lh5.googleusercontent.com/p/AF1QipMelSKQXgMGhC8idgmUiOX9l1s5C8MfkQY0SWRS, "
Quán Ăn Nhà Lá Mỹ Tho,"9C24+2H7, QL50","3,6",25,None,None,Tiền Giang,"https://lh5.googleusercontent.com/p/AF1QipOYbUqQEPBhG2K2Hi23PDbz8nyy-pRjjMZJ182e, https://lh5.googleusercontent.com/p/AF1QipNmrFCSXgIq7xqbd8rvAq2ZQFMQPjhp78_1apn2, "
Quán Ăn Nhật Tiến,374 Đ. Ngô Gia Tự,"4,3",10,None,None,Tiền Giang,"https://lh5.googleusercontent.com/p/AF1QipMZFZcR-FTsnRSMVb-zU-T11vXW9X7ZUDgwkKnv, https://lh5.googleusercontent.com/p/AF1QipP2N-eoKOnLKkScZ9vaMfkiq16N2Fwd3cHLeYZC, "
Quán Cơm Tấm 49,49 Ấp Bắc,"4,4",23,None,1-100.000 ₫,Tiền Giang,"https://lh5.googleusercontent.com/p/AF1QipMjIx8Og77Xb52rWO0wdpqEt9EtS2GCdik6b0gI, https://lh5.googleusercontent.com/p/AF1QipPjqUP40a5Jt3FHcVNWDcWUr1Ob4ixp9Y1xbN1Z, "
Quán Ăn Gia Đình Thu Trang,8HWH+HJ9,"3,8",38,None,None,Tiền Giang,"https://lh5.googleusercontent.com/p/AF1QipP2g8LXMwwrZWdSKaPL8tINi4hgy1xr4TAf16_U, https://lh5.googleusercontent.com/p/AF1QipNmjuUfc553-w8esMtb_5rPDG4yTF27v7y8K0Rh, "
Rau Cau Nuong Vo,Thành phố Hồ Chí Minh,"4,5",13,None,None,TP Hồ Chí Minh,"https://lh5.googleusercontent.com/p/AF1QipMXIql_Pzble9fnYOx0pSkJzP8WIoXNWcYHcvO_, https://lh5.googleusercontent.com/p/AF1QipP70rHMANr42uKskbIxfxmFo7hYvjcGL3GbgURs, "
Nhà Hàng Cơm Niêu Việt Nam,Thành phố Hồ Chí Minh,"3,8",276,None,200.000-300.000 ₫,TP Hồ Chí Minh,"https://lh5.googleusercontent.com/p/AF1QipNteKuEmma3Bx3HQfRaq2kt7wrTiORQ1gzU039N, https://lh5.googleusercontent.com/p/AF1QipPf3NnlHbnLsihM8FVSXu_Vr70L4xF_kCTFSxpn, "
NHÀ HÀNG NGON,160 Pasteur,"4,4",16 N,None,None,TP Hồ Chí Minh,"https://lh5.googleusercontent.com/p/AF1QipPhwqhdIg0XvgEtLjVcURLvE95mpoXVepW4XnH_, https://lh5.googleusercontent.com/p/AF1QipNk_pX0znPRwnMLrwQGiwjMgfbGePzBEx7RUUXZ, "
Quán ăn ngon Sài Gòn,138 Đ. Nam Kỳ Khởi Nghĩa,"4,1",768,None,None,TP Hồ Chí Minh,"https://lh5.googleusercontent.com/p/AF1QipP4T7zumfgdsOOPOt8v159uEBk-TMBmayAojy0i, https://lh5.googleusercontent.com/p/AF1QipMdBajugD2gEdwCLh5DTef384mPPvfUn5l0N31H, "
Nhà hàng Quá Ngon,308 Đ. Lê Văn Sỹ,"4,1","1,4 N",None,None,TP Hồ Chí Minh,"https://lh5.googleusercontent.com/p/AF1QipOXY-Cp3J3es_Cq2SrZyX536nhWAa0SOlloVL_j, https://lh5.googleusercontent.com/p/AF1QipMDktIP6G788P3pEAyjWj1pWdQbzaqvOtraCSco, "
Quán Bụi Garden,55A Ngô Quang Huy · Thảo Điền,"4,4","1,8 N",None,None,TP Hồ Chí Minh,"https://lh5.googleusercontent.com/p/AF1QipNfofRKotkiQY48jsyiMwKiCNLDwdiFg7w4klO-, https://lh5.googleusercontent.com/p/AF1QipPGlgR62GNp_ERjJCiF5MF-wiiW8Haaz8-3kmtQ, "
Nhà Hàng Quán Ăn Gia Đình Ngon - Quán Ăn Bắc Gần Sân Bay - Ngon rẻ Tphcm,234 Đ. Cộng Hòa,"4,2",106,None,None,TP Hồ Chí Minh,"https://lh5.googleusercontent.com/p/AF1QipOQ0FrureOxN_AFJIMesWZ2rvtDnINSdJRgSLVP, https://lh5.googleusercontent.com/p/AF1QipPFBf-xFz3LcDnyuUukyvpeZnNJSlY_QxsBNO3J, "
Cơm Niêu Sài Gòn,59 Hồ Xuân Hương,"4,0","1,4 N",None,None,TP Hồ Chí Minh,"https://lh5.googleusercontent.com/p/AF1QipPAIRS0BdmVp3RSI88h-oW6wGfe1T6O_jvtmNI, https://lh5.googleusercontent.com/p/AF1QipNnJFDNzT9xH_Qx56KttACnFW5Woq2DC04Y9xeY, "
Cơm Tấm Ba Ghiền,84 Đ. Đặng Văn Ngữ,"4,0",19 N,None,100.000-200.000 ₫,TP Hồ Chí Minh,"https://lh5.googleusercontent.com/p/AF1QipOcKp_gxoo69QHxidEr0gfIZRwRkgyCLiGrKqsq, https://lh5.googleusercontent.com/p/AF1QipMZpt443SI6FLrLbSGCpV2V12IqHsqqQZzbfFs-, "
Quán Ăn miền trung Hàn Phố,14/40D Đ. Kỳ Đồng,"4,3",149,None,1-100.000 ₫,TP Hồ Chí Minh,"https://lh5.googleusercontent.com/p/AF1QipO3i0WTLuihSC7FUKkPTq8m7QciehVQMUf-r3JX, https://lh5.googleusercontent.com/p/AF1QipNYRes0O_h5hf2Ikh-zlZYWq7ln7yCdeHofy3pp, "
Quán Ăn Dân Ích,99 Đ. Châu Văn Liêm,"4,1","1,5 N",None,100.000-200.000 ₫,TP Hồ Chí Minh,"https://lh5.googleusercontent.com/p/AF1QipPoIzfNGmh1y01vcMAf2ItaxafQ-wjqMAuMTqlb, https://lh5.googleusercontent.com/p/AF1QipOkLyz9IAuT_styNXzVRmenJe6J3Tq6Ro_SVlSh, "
GÓC ĂN VẶT TRƯỜNG CHINH,Đ. DD4,"4,2",981,None,100.000-200.000 ₫,TP Hồ Chí Minh,"https://lh5.googleusercontent.com/p/AF1QipOVTAeFzivpWelr3hssiFtjupmUpoVoD2GBZACA, https://lh5.googleusercontent.com/p/AF1QipOQO9zraN64pQrmUd5YGdcgijtvZX12D8G6S6ci, "
"Lão Trư BBQ & Beer - Song Hành, Quận 2",12-14 Song Hành · Khu đô thị An Phú An Khánh,"4,2",1 N,None,None,TP Hồ Chí Minh,"https://lh5.googleusercontent.com/p/AF1QipOgAWu4Gak9YqM2ojDHaJFpLDlW7szpkN3pEk6U, https://lh5.googleusercontent.com/p/AF1QipOsHO4FSJv2MT121FkJ57--mWAHHUDkNls0E6PN, "
Hội An Quán,285/94A Hẻm 285 Cách Mạng Tháng Tám,"4,1",287,None,100.000-200.000 ₫,TP Hồ Chí Minh,"https://lh5.googleusercontent.com/p/AF1QipMO2HdwDr-qQgxls2aU8RwEbJ1G0K2nxsIs5sQW, https://lh5.googleusercontent.com/p/AF1QipMowi1-WcvPSRbGN5Jx7OYCRBkyf0pwvshgAAS4, "
Tiến Phát - Điểm tâm Hồng Kông,18 Đ. Ký Hoà,"4,4","1,5 N",None,100.000-200.000 ₫,TP Hồ Chí Minh,"https://lh5.googleusercontent.com/p/AF1QipOn75oqwhbpLfAV8BsJvMa3-hLk4TGqvzJGa3qp, https://lh5.googleusercontent.com/p/AF1QipMLyF0Sig5R5R40FvF2tvssgivWCUEOJqedmO_P, "
Nhà hàng Món Ăn Ngon,"Toà nhà Centec, 72-74 Đ. Nguyễn Thị Minh Khai","3,4",43,None,None,TP Hồ Chí Minh,"https://lh5.googleusercontent.com/p/AF1QipNs2-5vpUo7Fohy-gyk3k90T17Put_ijSCp9vUN, https://lh5.googleusercontent.com/p/AF1QipMr-oaqmS794unZ4ImeW5LpioYsv5thFB5AnMwG, "
Quán Ăn Ngon,149 Đ. Nguyễn Tri Phương,"3,8",10,None,None,TP Hồ Chí Minh,
Hẻm Ăn Vặt 76,76 Hai Bà Trưng,"3,8","1,4 N",None,1-100.000 ₫,TP Hồ Chí Minh,"https://lh5.googleusercontent.com/p/AF1QipMB7Ex6VlhHT-Q74MipqjKfb8wksnF9iFinLZaW, https://lh5.googleusercontent.com/p/AF1QipOIJ13v9C35tS0ew8GXTc9SUXSBDnhrxWal1C0j, "
Quán Ăn Ngon!,48 Võ Văn Tần,"4,2",114,None,None,TP Hồ Chí Minh,"https://lh5.googleusercontent.com/p/AF1QipNbMdmMbVJcZre53kEGf2yH-PHUd65KVKhx4Ow, https://lh5.googleusercontent.com/p/AF1QipOYCuc3wTp3JoGElZ472URt7qCTewvvq7KkPkTF, "
1976 Món Ngon Vị Bắc,89-91 Đ. Nguyễn Du,"4,2",57,None,None,TP Hồ Chí Minh,"https://lh5.googleusercontent.com/p/AF1QipNUmHRx2-rlBZesypJchWd15SInF-oDUnnetZ8f, https://lh5.googleusercontent.com/p/AF1QipMGQtpDFdcUcLGR9QcSYD_uOGMGEpvQWcO9w_v-, "
Ẩm Thực Song Phụng 2 I Quán Ăn Sân Vườn Quận 12 I Quán Ăn View Đẹp Quận 12,637/10/49 Khu Phố 2,"4,3",37,None,None,TP Hồ Chí Minh,"https://lh5.googleusercontent.com/p/AF1QipNEFmgmiQuw-VWQ-8vLCtAMacArg0Otk9t8fEb_, https://lh5.googleusercontent.com/p/AF1QipM3xh43AofHthA-e-Vrr3oHL2-A4dqtVRtnBJrk, "
Bánh Mì Hòa Mã,53 Đ. Cao Thắng,"4,2","1,7 N",None,1-100.000 ₫,TP Hồ Chí Minh,"https://lh5.googleusercontent.com/p/AF1QipM57TQOhYvcBDCqccIOG7HDpfeZ4PGS5nk6B7nG, https://lh5.googleusercontent.com/p/AF1QipOBZXeXXhr_kFVX8eix_ldseiv5A0e5E6dg9Naj, "
Rau Cau Nuong Vo,Thành phố Hồ Chí Minh,"4,5",13,None,None,TP Hồ Chí Minh,"https://lh5.googleusercontent.com/p/AF1QipMXIql_Pzble9fnYOx0pSkJzP8WIoXNWcYHcvO_, https://lh5.googleusercontent.com/p/AF1QipP70rHMANr42uKskbIxfxmFo7hYvjcGL3GbgURs, "
Nhà Hàng Cơm Niêu Việt Nam,Thành phố Hồ Chí Minh,"3,8",276,None,200.000-300.000 ₫,TP Hồ Chí Minh,"https://lh5.googleusercontent.com/p/AF1QipNteKuEmma3Bx3HQfRaq2kt7wrTiORQ1gzU039N, https://lh5.googleusercontent.com/p/AF1QipPf3NnlHbnLsihM8FVSXu_Vr70L4xF_kCTFSxpn, "
Yaki Quán,18 Đ. Chế Lan Viên,"3,9","1,6 N",None,None,TP Hồ Chí Minh,"https://lh5.googleusercontent.com/p/AF1QipMuUBsuzwU9jTJIE_FUilNpz1pIWL6Fqk8gCp2V, https://lh5.googleusercontent.com/p/AF1QipPvgSn3sFFYgnhMhLWXwO7nGubS5BacM-8JTX0N, "
Làng Nướng Nam Bộ,14A D. Đức Hiền,"4,2","1,5 N",None,None,TP Hồ Chí Minh,"https://lh5.googleusercontent.com/p/AF1QipMEQ4FwsXnj5kxA4MEqq_KaDw6u76KegVYt28ef, https://lh5.googleusercontent.com/p/AF1QipO6AhfOMZD0pdb8hiZFS5HHtqbWP-e1CuZ74ENC, "
Phở Lệ,415 Đ. Nguyễn Trãi,"4,1","5,1 N",None,1-100.000 ₫,TP Hồ Chí Minh,"https://lh5.googleusercontent.com/p/AF1QipOsr0zvFeC_hc9ZNzNGSF27a_iv9eORnWAoVrnL, https://lh5.googleusercontent.com/p/AF1QipOSQcfIgRYUIMK6hk1xdosbDPmB0w5ZXvN4pGAa, "
Quán Ăn Nguyễn Ký 1,217 Phan Huy Ích,"3,9",338,None,1-100.000 ₫,TP Hồ Chí Minh,"https://lh5.googleusercontent.com/p/AF1QipMpRP6tP6IpBZSXArY7SBwTMFopESl7s30w44Si, https://lh5.googleusercontent.com/p/AF1QipNfXfObz-2mMmRFa6lHfTpPqDIVh80PJ99w2BcN, "
Quán Ăn Nhật Phương Trang,"39, 12 Đ. Song Hành","4,1",430,None,None,TP Hồ Chí Minh,"https://lh5.googleusercontent.com/p/AF1QipObQn3J4X3kh5sO8tjDlbJOR3683GUrFjvIgx0, https://lh5.googleusercontent.com/p/AF1QipMw4fixrYV8KxcdAuIKgmrrKSZZLAGFatvT317k, "
Nhà hàng nướng ÔRIBBQ,23/40 Nguyễn Hữu Tiến,"4,5",346,None,100.000-200.000 ₫,TP Hồ Chí Minh,"https://lh5.googleusercontent.com/p/AF1QipOT8Yci-LCiJtDotPuTDeIUKLIW3NovF3W3nm4O, https://lh5.googleusercontent.com/p/AF1QipNJvb_JCxsLs1e5U-LK0QzsH0IMQHdFTcuiieDg, "
Quán Ăn Ngon,505 Đ. Sư Vạn Hạnh,"4,0",4,None,None,TP Hồ Chí Minh,"https://lh5.googleusercontent.com/p/AF1QipPA-NAJGAiViTJgZZ_yCpqswyC4UqEh2stc7I_c, "
Cháo Lòng Bà Út,193 Cô Giang,"2,0",92,None,1-100.000 ₫,TP Hồ Chí Minh,"https://lh5.googleusercontent.com/p/AF1QipO6eYBMKzkHNpa_kg89hZP3PZU0lr8OUllVQQBx, https://lh5.googleusercontent.com/p/AF1QipO1oC4ukNbtsVQWKhB29-bYl45RvPcCRw9BJE7C, "
Blanc. Restaurant Saigon,180D Hai Bà Trưng,"4,7",269,None,None,TP Hồ Chí Minh,"https://lh5.googleusercontent.com/p/AF1QipPZYUTDxnf42NVKZePemfE0zj_r1fPfZ3Hvd8Z1, https://lh5.googleusercontent.com/p/AF1QipPNEN2A1q5Hh8cXxJ_L8nN7_D3jK1-482Vp3Ljk, "
Đồ ăn ngon,23 Đoàn Văn Bơ,"5,0",1,None,None,TP Hồ Chí Minh,"https://lh5.googleusercontent.com/p/AF1QipN2DPq4QUtnFU5VGKZlfTjDWo315q6-wlkm4SwQ, https://lh5.googleusercontent.com/p/AF1QipPPqU_V-ttve2rpmV-PeMJnjo08A8N7xABV6sV0, "
Nhà hàng Thạch Hãn,115 Đ. Lâm Văn Bền,"4,3",449,None,None,TP Hồ Chí Minh,"https://lh5.googleusercontent.com/p/AF1QipOd-5F880kFgIf_Y2WgU7pE2nY89IFVAxLuAy65, https://lh5.googleusercontent.com/p/AF1QipPAW0bAXiaV9-JAYVXbAf0efwyr8lUPB1HvUsbr, "
"Gà Ta Tường Vy Phan Huy Ích, Cơm Gà, Cháo Gà, Gỏi Gà Tân Bình",45 Phan Huy Ích,"4,8",390,None,1-100.000 ₫,TP Hồ Chí Minh,"https://lh5.googleusercontent.com/p/AF1QipNWv8ndeGrMS6J2x8euSfGSYYuenDOdqqgW4ngW, https://lh5.googleusercontent.com/p/AF1QipPWaqEMcLQvpxpXpuWvEYQkIX4JDQP1EqdRs51I, "
Bánh canh cua Út Lệ,210 Đ. Tô Hiến Thành · Cư xá Bắc Hải,"4,2","1,6 N",None,1-100.000 ₫,TP Hồ Chí Minh,"https://lh5.googleusercontent.com/p/AF1QipP5-ZokCP8Bg6sx1rUvafbRxri7Fc_SU0ukeSmp, https://lh5.googleusercontent.com/p/AF1QipP6kgTY-hR7fwTcICnjsmGNuUkRFdkTHDLINmpi, "
Quán Món Ngon,"1A, Lê Bình, Phường 4, Quận Tân Bình, Thành Phố Hồ Chí Minh","5,0",1,None,None,TP Hồ Chí Minh,"https://lh5.googleusercontent.com/p/AF1QipOMACrSlBhTWrKYWH88E30gxYMvhwo43jpx_Eyr, https://lh5.googleusercontent.com/p/AF1QipNeC5cQSmTDrIaHSjqoSlK5SWo58n-eUQAFCH6w, "
ẨM THỰC SÁU CUA 2,"96/5 Nguyễn Ảnh Thủ, Đ. Tây Lân 7","4,1",509,None,None,TP Hồ Chí Minh,"https://lh5.googleusercontent.com/p/AF1QipNrcqiNm9FCtZPaUr2ftCNVO1k_FfbIeEAetUib, https://lh5.googleusercontent.com/p/AF1QipMrZLM-gJbjGN9MhaFqn3pGYLcwcCs9BOkmxvUY, "
Cơm Tấm Ngon Bà Hai,98 Phan Huy Ích,"4,4",80,None,1-100.000 ₫,TP Hồ Chí Minh,"https://lh5.googleusercontent.com/p/AF1QipNbsyNJcNqmcera8KItgABCEhidIjAMjPxe-a9K, https://lh5.googleusercontent.com/p/AF1QipMYNv8RjnvrTe4hf-k0kQ6lt_TndNLT2LA3117C, "
Nhà hàng Đại Phú,Đ. Nguyễn Văn Quá/56c Tổ 3 - KP2,"3,9",164,None,None,TP Hồ Chí Minh,"https://lh5.googleusercontent.com/p/AF1QipPiago_43LT4On0aClcBOBi8V0JROw-kfdD6tcV, https://lh5.googleusercontent.com/p/AF1QipOkTdNXy0CGijp-SXCsL_t0NtaDJn29VxFgonhr, "
Quán Nhậu Bạn Tôi,37 Đ. Chế Lan Viên,"4,0",63,None,100.000-200.000 ₫,TP Hồ Chí Minh,"https://lh5.googleusercontent.com/p/AF1QipPDz0NnfAc7X6oz_5Lmm9xqXWUmo-jyaNQzHdc5, https://lh5.googleusercontent.com/p/AF1QipO9WhD2tyFiMcVfQ7oOkdjOg6oiEJvH_xI4Uvzy, "
Đặt Tiệc Tại Nhà Giá Rẻ HCM - GIA THỊNH,156 Đ. Nguyễn Văn Quá,"3,7",301,None,None,TP Hồ Chí Minh,"https://lh5.googleusercontent.com/p/AF1QipNpPTScZoSe9Ps0e2IcRiyfzGRoldpxo6zWzwGO, https://lh5.googleusercontent.com/p/AF1QipP0NobZ8mneisd6htAoiWR0EPzlrXQ9EQd2wpxC, "
Quán Ăn Vặt Tân Phú Co.oop,A1 Đường D9,"4,1",35,None,None,TP Hồ Chí Minh,"https://lh5.googleusercontent.com/p/AF1QipOHjj0FfO6UFwdb9bCvXQrjWx65DLCLbYqRaa4O, https://lh5.googleusercontent.com/p/AF1QipPitN1Zq4KdEaPH8XAkhw9G5fgCva2N9PStBtES, "
Không Gian Gốm Bát Tràng Quận 1,98 Đường Võ Thị Sáu,"4,3",130,None,None,TP Hồ Chí Minh,"https://lh5.googleusercontent.com/p/AF1QipPLCZ-1D1Vyw-e3hDfY4d-QEOw1Q61-XpDBuM8w, https://lh5.googleusercontent.com/p/AF1QipMGPHVmBcT7lbomrk0bN6GsMtkNScr-fxA4BBwP, "
BA GÁC Vietnamese Grill & Beer Garden LÊ QUÝ ĐÔN,31 Lê Quý Đôn,"4,5","2,4 N",None,None,TP Hồ Chí Minh,"https://lh5.googleusercontent.com/p/AF1QipO_VTIeRrnzRlSY9LkdmI1M-waOdNujojmquudD, https://lh5.googleusercontent.com/p/AF1QipNC7rFofjB0O27hfzP766G0QI-ocmvgOP7zZ-Xz, "
Quán Ăn 1$,260 Đ. Cô Bắc,"5,0",2,None,None,TP Hồ Chí Minh,"https://lh5.googleusercontent.com/p/AF1QipOJBLVdPZ0apWKrSzNIfH2HjGcQqpgQhFHtJJ13, https://lh5.googleusercontent.com/p/AF1QipPmEVb2jcqovyKOwVHBvZZyFUeNXWceRABgGumx, "
Buffet Hải Sản Tươi sống Những Chàng Trai,233 Phan Huy Ích,"3,4","1,6 N",None,200.000-300.000 ₫,TP Hồ Chí Minh,"https://lh5.googleusercontent.com/p/AF1QipOj0EDjLIREq8NmkBtJzVQYtKjoVGi6eld6Gb_d, https://lh5.googleusercontent.com/p/AF1QipPYtImB6bwFkIQOgB-1TAzmPGwZPopO2fp4k8ox, "
Sushi Tony - Quán ăn Nhật Bản cho gia đình,219 Đ. Nguyễn Công Trứ,"4,5",597,None,None,TP Hồ Chí Minh,"https://lh5.googleusercontent.com/p/AF1QipM8KABXeknkLfPcwXFC0BhFLPG16cnJl1_R89Vj, https://lh5.googleusercontent.com/p/AF1QipPJwJtvTHpNNDvVj2vQxwqM5eWgF1RHWJjGWAyl, "
Ẩm Thực 72-Nguyễn Sỹ Sách,72 Nguyễn Sỹ Sách,"3,8",226,None,None,TP Hồ Chí Minh,"https://lh5.googleusercontent.com/p/AF1QipOkboRaXTa5UJWAxR67OIry9daEHGRhqgBXYG6d, https://lh5.googleusercontent.com/p/AF1QipOp-Xdti7be7aLUqc92svpJvAwM64YkQWNt3IJF, "
Vị Xưa Quán - Cafe & Ẩm thực Tân Trụ,45B Tân Trụ,"5,0",31,None,1-100.000 ₫,TP Hồ Chí Minh,"https://lh5.googleusercontent.com/p/AF1QipPspgP8549cIGHEsSZq5521Wn9Yw8m1TYSObq8G, https://lh5.googleusercontent.com/p/AF1QipMECpT7QP5ZRIGxBAfIbZHi4X0zIaXA2axdeVBv, "
Đùi Cừu Nướng Nhất Thủy Phong,395/2 Đ. Tân Sơn,"4,3",817,None,None,TP Hồ Chí Minh,"https://lh5.googleusercontent.com/p/AF1QipPPek4CCS4H4tR44oAAT2KEmU9gI3x0UGpNIZSg, https://lh5.googleusercontent.com/p/AF1QipNe2CrKhssZzl1Mc2Lv5ehgUFH7v9_U2f1V37nZ, "
Bún đậu mắm tôm Mạc Văn Khoa,253 Phan Huy Ích,"4,1",625,None,1-100.000 ₫,TP Hồ Chí Minh,"https://lh5.googleusercontent.com/p/AF1QipNysnea9IBRC3b8Xc09kHvno2Zq7OcP-bXJ9NcD, https://lh5.googleusercontent.com/p/AF1QipNQIsHir50bS70lRIn9Qa0sn8eYGh2DPO8BVvs, "
Lộ Thiên Quán,872 Đ. Trường Chinh,"3,9",412,None,200.000-300.000 ₫,TP Hồ Chí Minh,"https://lh5.googleusercontent.com/p/AF1QipPaOtCDBillSXFlYrB_Y1iM2nlH962EGTHND6x-, https://lh5.googleusercontent.com/p/AF1QipNcps9Y1_a2QGNkA3gIznASLgZkEE38S5QHH4ik, "
GoGi House Phan Huy Ích,67 Phan Huy Ích,"4,4",148,None,None,TP Hồ Chí Minh,"https://lh5.googleusercontent.com/p/AF1QipMxsqU-PL91BoW70Y0soO-RpFqYFG-0t82dfqs, https://lh5.googleusercontent.com/p/AF1QipOnMXHDHLbqIM9LjCzKqb4g7mptdz51hGPeTpBU, "
Phố Ẩm Thực - Vĩnh Khánh,40 Vĩnh Khánh,"4,2",963,None,200.000-300.000 ₫,TP Hồ Chí Minh,"https://lh5.googleusercontent.com/p/AF1QipPi_lZmcWyUOFga-mSgInXevnv3nVYg66g16Dm8, https://lh5.googleusercontent.com/p/AF1QipOKdkZi10cYYvDCHRL5ay17SVe2vq847bd6WOBO, "
Ăn Sáng Bảo Ký - Cơm Trưa Văn Phòng,11 Hẻm 33 Lý Văn Phức · Tân Định,"5,0",1,None,None,TP Hồ Chí Minh,"https://lh5.googleusercontent.com/p/AF1QipNUCE_8GrAeNJU4dsYnzEo2YmsW5VKr3cjHxsnY, https://lh5.googleusercontent.com/p/AF1QipNGW_hXK-dBzCPXwnDBRecS8HXAiJVziYvqgzgO, "
Nhà Hàng Hầm Rượu Thằng Bờm,85 Đ. Nguyễn Văn Quá,"3,9",269,None,None,TP Hồ Chí Minh,"https://lh5.googleusercontent.com/p/AF1QipM4ZGHwjkjxMspEwo7WvbfyUcX0L8hoKxtvatH3, https://lh5.googleusercontent.com/p/AF1QipNxrCCSSOSbNZh7tzl_n7k2huJbr66tE-BOVH74, "
Hangu - Ăn Vặt Hàn Quốc,"164/17B, Bùi Quang Là","3,9",144,None,1-100.000 ₫,TP Hồ Chí Minh,"https://lh5.googleusercontent.com/p/AF1QipOtA-FKaOu0ExcODh7s6DQfa1ek3HhY9RjXKeiM, https://lh5.googleusercontent.com/p/AF1QipNFNtbWprvVvlxOjf9kxUABiHjoH58m4Q63U9LL, "
Bún Bò O Loan,138 Đ Đ. Trường Chinh,"4,2",78,None,1-100.000 ₫,TP Hồ Chí Minh,"https://lh5.googleusercontent.com/p/AF1QipNYtPLkBG5AIVEO-QXPtKMtT9TRCguILkSGyIFf, https://lh5.googleusercontent.com/p/AF1QipMJSqv-RAdAkl_QxZ_Y9mQnKHD1v7ybIqcuQwmo, "
Gà nướng 2 Huân,116B Tây Thạnh,"4,9",29,None,100.000-200.000 ₫,TP Hồ Chí Minh,"https://lh5.googleusercontent.com/p/AF1QipMProSr0SPoDke5YlAD3tOBqNPADNnzztCQ9GNl, https://lh5.googleusercontent.com/p/AF1QipPv8Ahn0hVe0VSgthd078O9MVIfZfhlixmZ2yu3, "
Hải Sản Út Sương,19 Phan Huy Ích,"3,9",190,None,None,TP Hồ Chí Minh,"https://lh5.googleusercontent.com/p/AF1QipOjpTi3Hib7XBJXbZU5W75wetIsTDw2OkX9wwTs, https://lh5.googleusercontent.com/p/AF1QipPS7-Pgt5ipyT_JoieJ2XV5EqjtBgsW7owNC2dC, "
Lẩu Nướng Ngõ Chìll,66/1 Phan Huy Ích,"5,0",164,None,100.000-200.000 ₫,TP Hồ Chí Minh,"https://lh5.googleusercontent.com/p/AF1QipN7V6OllcHzJtw_U78ju1lcPk4cat0PwyoYFVBq, https://lh5.googleusercontent.com/p/AF1QipPZtM4o76OgNU0W7iH-Cu4MwTKcOFSjx-m_vDOS, "
Quán Mái Lá,6 TTN 20,"4,1",205,None,None,TP Hồ Chí Minh,"https://lh5.googleusercontent.com/p/AF1QipOA0HFSTsRPMI9lrpi-vHoKLMYl0AVxuS3QCDlk, https://lh5.googleusercontent.com/p/AF1QipNOCf1e0amu-eKB-61iT0l2C7Hi-myOLgVzK2iE, "
Ẩm Thực Rừng Tràm,40 Dương Thị Giang,"4,0",327,None,None,TP Hồ Chí Minh,"https://lh5.googleusercontent.com/p/AF1QipPjJlGazNqYZ_90oEZMVpB9fGy7tvGU8t0CjJhL, https://lh5.googleusercontent.com/p/AF1QipO_U3PS2GzVv_aX0b-rYPfbjCYfvdG1Dj37BVmU, "
Quán Duyên Cua,11 Tây Thạnh,"3,5",134,None,None,TP Hồ Chí Minh,"https://lh5.googleusercontent.com/p/AF1QipNYQJ4T_Ksn19aFoeqJUZ2zDbc9V2FlhWvYrRdG, https://lh5.googleusercontent.com/p/AF1QipM3rQuaaCfyqL6OMdYWC4YqXGSRwVdxEJR-ssi2, "
Nhà Hàng Cơm Niêu Việt Nam,234 Đường Cộng Hòa,"3,8",276,None,200.000-300.000 ₫,TP Hồ Chí Minh,"https://lh5.googleusercontent.com/p/AF1QipNteKuEmma3Bx3HQfRaq2kt7wrTiORQ1gzU039N, https://lh5.googleusercontent.com/p/AF1QipPf3NnlHbnLsihM8FVSXu_Vr70L4xF_kCTFSxpn, "
Sedona Suites Ho Chi Minh City,67 Đường Lê Lợi,"4,6",871,None,None,TP Hồ Chí Minh,"https://lh3.googleusercontent.com/gps-proxy/ALd4DhExPV7_JFvlBx10WPQPROwvA72SH3leq9rS0o51XtFa7s4gr99yaGzmRUGb-3xSZPk0bVStFyy2MIcHAHq3ADRPuSRlLMVCc6zByiBDVO5-B4epjOB73D3IFu--qsXNqFfpIlh72HnibHRDno65oxjjlMSpe8Gy-6hlcuLXJl13MnWJsU1LaA, https://lh5.googleusercontent.com/p/AF1QipMmPzkdCBoBLdLRca8WE3wHhrDbzM1o1GGa5wlQ, "
Bắc Nam Quán - Cơm gà xối mỡ - Phở Bò,275 Hoàng Hoa Thám,"4,0",17,None,1-100.000 ₫,TP Hồ Chí Minh,"https://lh5.googleusercontent.com/p/AF1QipNSA6C0AXxAMz3zKUIle1jrbXm16ReVwHbckLS5, https://lh5.googleusercontent.com/p/AF1QipMnqtQZuJiXOu09MmXC0MvSvjYbV8OIX7HAzF_g, "
Lẩu Dê Huynh Đệ,12 Đ. Chế Lan Viên,"4,1",108,None,100.000-200.000 ₫,TP Hồ Chí Minh,"https://lh5.googleusercontent.com/p/AF1QipPwwlauKXiSxsP3umkBicthUbgYby7BvZq2Igzx, https://lh5.googleusercontent.com/p/AF1QipPflqnpffz4Uec8OhKzEsPR1OfQ3HjPVa8NefE, "
LẨU GÀ LÁ É 139K,148 Phan Huy Ích,"4,6",97,None,100.000-200.000 ₫,TP Hồ Chí Minh,"https://lh5.googleusercontent.com/p/AF1QipN7zUFd7VW_NYItIQeFkY2TMkYEbBu-Kk0bMe00, https://lh5.googleusercontent.com/p/AF1QipMylEjIsXnLcnnACvzjWthSF2wQfwxLlwXjFHb_, "
Du thuyền Saigon Princess,"SAIGON PORT, 05 Đ. Nguyễn Tất Thành","4,4",643,None,Trên 1.000.000 ₫,TP Hồ Chí Minh,"https://lh5.googleusercontent.com/p/AF1QipMAlorgPI-3gY5ECvpHNp-FYaBtulyqRAHcKFbh, https://lh5.googleusercontent.com/p/AF1QipMprRkhty1h1CZs3dAfY-W8y4Ul6Ivy7kyHGDYM, "
Cá Sạch Nướng,100 Trần Thái Tông,"4,2",49,None,100.000-200.000 ₫,TP Hồ Chí Minh,"https://lh5.googleusercontent.com/p/AF1QipOOwdsQRnV6DNorDZd4wY-WQIHeC3_1OTFW8l-t, https://lh5.googleusercontent.com/p/AF1QipOf2Ho61F-TJOMPASZXkYY-DzwaJYDDu-sv_oQm, "
Bún Thái - Lẩu cá đuối - Nguyễn Sỹ Sách (Bán mang về - App giao hàng),"1, hẻm 87/90 Nguyễn Sỹ Sách","4,9",35,None,1-100.000 ₫,TP Hồ Chí Minh,"https://lh5.googleusercontent.com/p/AF1QipME44JfdrYUDUe9rK0APBxDWDXixz8xAJPOPoeY, https://lh5.googleusercontent.com/p/AF1QipN_81hgiCtUkg1l2io3IOypiUCRzxHQYnTcRf5Q, "
Sasin - Mì 7 cấp độ,36 Phan Huy Ích,"4,6","1,5 N",None,1-100.000 ₫,TP Hồ Chí Minh,"https://lh5.googleusercontent.com/p/AF1QipMSOV4xqxi7xIfadsex3h6ZnNih7s_-Rj4kbi-j, https://lh5.googleusercontent.com/p/AF1QipNC6XI-IhhNjOlLJ2jpn2LuchjviVHNfkvQatiH, "
Cơm gà xối mỡ THẠCH LAM 06 Phan Huy Ích,120a Phan Huy Ích,"4,3",113,None,1-100.000 ₫,TP Hồ Chí Minh,"https://lh5.googleusercontent.com/p/AF1QipO-KLC92Ovee6w4LVkVq7fb_8TJFgM-8_fIw_fv, https://lh5.googleusercontent.com/p/AF1QipMph2nrIr0yAA4wkp5aH-HQP_fAVAffn8Mhhz59, "
SÀI GÒN BEER GARDEN DJ,Hẻm 71 Chế Lan Viên,"3,2",41,None,Trên 1.000.000 ₫,TP Hồ Chí Minh,"https://lh5.googleusercontent.com/p/AF1QipMK_drHnbV8ZVD3VfqRCOyAP0P7PY0PNajWWwM7, https://lh5.googleusercontent.com/p/AF1QipPuDeHexYvV_WCh2uEpaheLdzNzVWibwTr8tWj_, "
Quán Cơm TINA,19 Bùi Quang Là,"4,3",23,None,None,TP Hồ Chí Minh,"https://lh5.googleusercontent.com/p/AF1QipNbDZ4sSqQuUzhD_aq48gTM59CJDB82rJcr8Rjg, https://lh5.googleusercontent.com/p/AF1QipNJQKm4oS1KrAcI7bGw5qr-lTRl32y57twM86eD, "
Dê Tươi Mái Lá,1 Đ. Huỳnh Văn Nghệ,"4,0",871,None,200.000-300.000 ₫,TP Hồ Chí Minh,"https://lh5.googleusercontent.com/p/AF1QipPveIcdhkD5q5h1Cqh8mwSCufSg71gEmho59nPU, https://lh5.googleusercontent.com/p/AF1QipMZvOJU2zWW2Un2PYj6Ai-s3Ag6UckJUzMqEB4j, "
Nhà hàng Đầu Làng,115 Trần Thái Tông,"3,7",94,None,300.000-400.000 ₫,TP Hồ Chí Minh,"https://lh5.googleusercontent.com/p/AF1QipMYY0sU-YmFw0kR-NfFRFdlbK4j8tspp6M_DmfV, https://lh5.googleusercontent.com/p/AF1QipM4UJh7gv6J7Hlbwt2_uat830I-n0JjM-WTMqAg, "
Quán Bánh Bột Lọc Tân Trụ,"87/67, Nguyễn Sỹ Sách, Phường 15, Quận Tân Bình, Thành Phố Hồ Chí Minh","3,9",7,None,None,TP Hồ Chí Minh,
Lẩu Mực DC Food,23 Nguyễn Phúc Chu,"4,8",21,None,100.000-200.000 ₫,TP Hồ Chí Minh,"https://lh5.googleusercontent.com/p/AF1QipMdzqoHCSp3UaupXJSMi0T9piYE2q2-bAy6zu0e, https://lh5.googleusercontent.com/p/AF1QipNZ04gEQPCxpRzrG9SBrTXt08wmGtFfxKCLmWEb, "
Quán NGON,53 Dân Tộc,"3,8",5,None,None,TP Hồ Chí Minh,"https://lh5.googleusercontent.com/p/AF1QipMJdEMP_i7cvo7hy8y13iJ7_0ZMBo9aNuJnnWP8, https://lh5.googleusercontent.com/p/AF1QipP5oVz_oKww6kpOx10jVMXtiiBAEeYU8rRk7aiI, "
Ẩm Thực Bờ Hồ,1006 Đ. Trường Chinh,"4,8",8,None,200.000-300.000 ₫,TP Hồ Chí Minh,"https://lh5.googleusercontent.com/p/AF1QipMwW9S6GyyjXhGv5RjhxyHBogjgbN-Mic-BLQQ3, https://lh5.googleusercontent.com/p/AF1QipPYOHlMG0P2NKJRwpxhR-bqDg12q0W_myxmen5C, "
Trịnh trần phương tuấn,RJFH+6VM,"4,2",27,None,None,TP Hồ Chí Minh,"https://lh5.googleusercontent.com/p/AF1QipNon_qqSLzkkaGf40YfkukLm7HdZhDZJTYMc48_, https://lh5.googleusercontent.com/p/AF1QipNzv97akYgdEAQAaodfejZZtR_YQedlYckrXQCx, "
Bánh Canh Cá Lóc O Phượng,"RJ8F+7CH, Lưu Chí Hiếu","4,6",19,None,None,TP Hồ Chí Minh,"https://lh5.googleusercontent.com/p/AF1QipPOxdsuGPe-i2BB69R7A2AZDcozRCxLeFBlHnXf, https://lh5.googleusercontent.com/p/AF1QipNMGPfqb5gCpKJdU48VusVTKYgZGeqzqbBRAfqk, "
Popeyes Phan Huy Ích,28 Phan Huy Ích,"3,9",215,None,100.000-200.000 ₫,TP Hồ Chí Minh,"https://lh5.googleusercontent.com/p/AF1QipN_bSWp5dBpaMVzm_Z661n_RAqo88GAA6m46oP6, https://lh5.googleusercontent.com/p/AF1QipOCOzKA1RKX8k790euy7oU0lJ3KN7MH96nMvrng, "
Quán Ăn Mì Cay Itada,367 Phan Huy Ích,"3,7",105,None,100.000-200.000 ₫,TP Hồ Chí Minh,"https://lh5.googleusercontent.com/p/AF1QipPi4NkmPyyFRZnStfXQHoeM6h9ePLZGXgXZpN0o, https://lh5.googleusercontent.com/p/AF1QipNnETDsHTOt_KAm4R1cG8KTtzWjTfDtGGorTwox, "
CLB Nhiếp Ảnh & Du Lịch,575/47/41 Đường Cách Mạng Tháng 8,"5,0",1,None,None,TP Hồ Chí Minh,"https://lh5.googleusercontent.com/p/AF1QipNYM0vvpcE9-NR6raFQIByBhZ8nBZNWs1PZOYRU, https://lh5.googleusercontent.com/p/AF1QipNdnvp-0_58MWGYPnuJL0GFPh6taS2Xft24ReAg, "
Không gian gốm Bát Tràng,21 Nguyễn Văn Linh,"4,3",42,None,None,TP Hồ Chí Minh,"https://lh5.googleusercontent.com/p/AF1QipOZCNtMhcgnCKgrgVZF-czMDKKrY_S82Rt3fbEM, https://lh5.googleusercontent.com/p/AF1QipNhLqFGOhMaZ7GrQtIsGbbjQU_iDCSuBYOCpci6, "
Cơm Tấm Bà Zinh,131 Phan Huy Ích,"4,8",26,None,1-100.000 ₫,TP Hồ Chí Minh,"https://lh5.googleusercontent.com/p/AF1QipObLYZfZrwSIqdlI7b3JZj2Io3WlDL7edO5QCRZ, https://lh5.googleusercontent.com/p/AF1QipOL65zFnCZEqmUBXLYiSY2cfIdyaAe9faFnTpH_, "
Quán Xứ Nẫu 78,117 Tây Thạnh,"4,6",21,None,None,TP Hồ Chí Minh,"https://lh5.googleusercontent.com/p/AF1QipPHOSfR0glaAdx8z9y1w3e0ukB8X2RpA4QoqbY0, https://lh5.googleusercontent.com/p/AF1QipN5IkOWV53XKrc6BjDbczx7x2zgV3RqrNgplb5G, "
Ruộng Quán - Lươn đồng Xứ Nghệ,3-5 D. Đức Hiền,"4,3",60,None,1-100.000 ₫,TP Hồ Chí Minh,"https://lh5.googleusercontent.com/p/AF1QipPxI9j_aW_xyyc-l20oihBOBYgDWAc_3r9BJLt-, https://lh5.googleusercontent.com/p/AF1QipM-25tIo-M1Kdud94OGV1co5mTE7WNRS2vPqxZs, "
Hoa Pơ Lang - Phở Khô Gia Lai,207 Đ. Tân Sơn Nhì,"4,1",368,None,1-100.000 ₫,TP Hồ Chí Minh,"https://lh5.googleusercontent.com/p/AF1QipMiV_tkj_3NFqjNYccNJbL63Ny289HrrgXnNanb, https://lh5.googleusercontent.com/p/AF1QipPM4qnPQCXMieiUsm-7De23o4dOBHiMZlP36JJD, "
Bánh Xèo 46A,46A Đinh Công Tráng · Tân Định,"3,9","1,1 N",None,100.000-200.000 ₫,TP Hồ Chí Minh,"https://lh5.googleusercontent.com/p/AF1QipMR-yz9bLltFlEtuieWFwnmlppu4aDt-H5vOr1t, https://lh5.googleusercontent.com/p/AF1QipOCDi9LAHIp8xGuhDgTfbbVAhnOU_Q1dr86NDba, "
Ăn trực trường con nam định,66b Nguyễn Sỹ Sách,"5,0",21,None,1-100.000 ₫,TP Hồ Chí Minh,
"Gà Nướng , Cơm Lam - Tây Nguyên",133 Nguyễn Sỹ Sách,"4,5",37,None,100.000-200.000 ₫,TP Hồ Chí Minh,"https://lh5.googleusercontent.com/p/AF1QipPa6BhBIQ7ZXk0P1MTyCaitWvwmbuRfbG96Jg4x, https://lh5.googleusercontent.com/p/AF1QipPWi-R83ie8tbp4U2C7q8wuHX62LQzZ6mOJ0jRL, "
MÌ QUẢNG HƯƠNG QUÊ,80 Phan Văn Hớn,"4,1",105,None,1-100.000 ₫,TP Hồ Chí Minh,"https://lh5.googleusercontent.com/p/AF1QipN2qXnzu7F91Po31JBcA2eHsWil69yHCYhMI-2T, https://lh5.googleusercontent.com/p/AF1QipMG_nTZd19Qhms4FSsGJfgCo8Sux-WYNuTHjLwr, "
Bột Chiên Long Phụng,19/15 Đ. Trường Chinh,"4,6",121,None,1-100.000 ₫,TP Hồ Chí Minh,"https://lh5.googleusercontent.com/p/AF1QipO_XJD1YeW2mZAbWtrsdk7Pmz4NWqIXQH5D1oQe, https://lh5.googleusercontent.com/p/AF1QipNdOWULFAQd7C1Wu8m3N_Rga0s0VsZkXWSCgN8K, "
Diên Sanh Quán,RJHG+G59,"4,5",29,None,None,TP Hồ Chí Minh,"https://lh5.googleusercontent.com/p/AF1QipM6q_Q34g3o2vcD3NaVKFpDKmhle9N3eLc5XpWT, https://lh5.googleusercontent.com/p/AF1QipOK8mDPQYtRYt_kNFGG6S_f6S0bZ3Sw0QxEAu19, "
Oscar Palace,100 Phan Huy Ích,"4,0",907,None,None,TP Hồ Chí Minh,"https://lh5.googleusercontent.com/p/AF1QipPJaQ5bUSd6OCKRz-ttkAlZiEHK5gprh1pasYLM, https://lh5.googleusercontent.com/p/AF1QipNrWWD2IxMSQlzCklkDimWXcO0MnvOuCf4r2N7R, "
Quán Chân Gà Nướng 09,09 Tây Thạnh,"4,2",145,None,100.000-200.000 ₫,TP Hồ Chí Minh,"https://lh5.googleusercontent.com/p/AF1QipPZqDWRScSORi2jFXffqFg5hOBE_0B-ZmKc0oKb, https://lh5.googleusercontent.com/p/AF1QipNVSBCcVOsvSiIO-AoieckJR-wJDAWVRgGvppti, "
Chè Chang Hi,"5/15A Kp3, Phan Văn Hớn","3,6",122,None,1-100.000 ₫,TP Hồ Chí Minh,"https://lh5.googleusercontent.com/p/AF1QipND1lUjw-j_zw6pOhV5Da3S-oiUvdOqzmCTODdg, https://lh5.googleusercontent.com/p/AF1QipMMtrn4oCmHh7TPqL0ifM_JBXcA1YfWCnFcUss9, "
Lẩu dê Đức Anh,"270, 15 Tân Thới Nhất 17","4,0",758,None,200.000-300.000 ₫,TP Hồ Chí Minh,"https://lh5.googleusercontent.com/p/AF1QipNwuuQbEZvZdZSWZhowNYF6Gip_0gc_s6qG0L0H, https://lh5.googleusercontent.com/p/AF1QipOcU4ar3FbJ5zFgnQPF2M3g8lqdtSmWlZqncdXA, "
Cơm Tấm Phúc Lộc Thọ - Nguyễn Văn Quá,171 Đ. Nguyễn Văn Quá,"4,1",115,None,1-100.000 ₫,TP Hồ Chí Minh,"https://lh5.googleusercontent.com/p/AF1QipO7kgkowIzHTPCOs-jeUr6mTg5r4kL1vwzIF2kv, https://lh5.googleusercontent.com/p/AF1QipMa-SctXTl6LjNs07ve4j7KTiLQDdWFAuZTAh-j, "
Hủ Tiếu Xuyên Ký,Nguyễn Sỹ Sách,"3,9",103,None,None,TP Hồ Chí Minh,"https://lh5.googleusercontent.com/p/AF1QipMJqX_BMqrP8xyqt1dKSL9i-PG5xzkG6VhvI-Wu, https://lh5.googleusercontent.com/p/AF1QipP2K94SNlg37g6MIwtX_8NemKnBLQQZVcHvEYHd, "
Mì Quảng Liên,2/45B Tổ 4 Kp5,"4,3",180,None,1-100.000 ₫,TP Hồ Chí Minh,"https://lh5.googleusercontent.com/p/AF1QipNMDxEZ3BKiUcTUXW8UgWQR6h6vKviB9UlwZHFJ, https://lh5.googleusercontent.com/p/AF1QipN6x61qrtYucxrA81cJHdewxrkym9hEfRGybMxP, "
Yaki Yaki Yo - Buffet băng chuyền Nướng 199K,165 Tây Thạnh,"4,1",236,None,200.000-300.000 ₫,TP Hồ Chí Minh,"https://lh5.googleusercontent.com/p/AF1QipP3XPVUQqsmJMjAM161gkyLhyNO0kQIgku3vWEM, https://lh5.googleusercontent.com/p/AF1QipNYhwZL7m3IA865X9YO18ZIcdVPH1BrZmZOXmyL, "
Quán 34A Hủ Tiếu Bò Kho Tham Lương,44 Phan Văn Hớn,"4,2",233,None,1-100.000 ₫,TP Hồ Chí Minh,"https://lh5.googleusercontent.com/p/AF1QipMTbDRa_ZAAnHmtp-Gl7N4QLToFxRCBmDlMOVF4, https://lh5.googleusercontent.com/p/AF1QipOE0Jah8sOZBJRd6bQfujcdUnEcfZlRir2Jl29X, "
Quán Ốc Huê,174 Nguyễn Tư Giản,"4,3",107,None,100.000-200.000 ₫,TP Hồ Chí Minh,"https://lh5.googleusercontent.com/p/AF1QipPfvLyZ6HQGAFgy8r8RdvBUbn6rRd3OT9TnIGcy, https://lh5.googleusercontent.com/p/AF1QipNEfa1fXKSYsa9gg264gpFA7XAoCrHy_UXkUgYO, "
Đệ Nhất lẩu cá kèo,Võ Văn Kiệt,"4,1",250,None,100.000-200.000 ₫,Trà Vinh,"https://lh5.googleusercontent.com/p/AF1QipOaGG3xHaA-oUmtP6uKIR_b6scpIKaVP2vBs8Cm, https://lh5.googleusercontent.com/p/AF1QipPi24vVfRAubSmtxDjEN7FV9ZeS3SYjGiQ169sI, "
Quán Châu Đồng,147 Đồng Khởi,"4,0",221,None,None,Trà Vinh,"https://lh5.googleusercontent.com/p/AF1QipP7h2QwbFNFE0Cs5_MR1maHfcYl1ES7hKjjjTn7, https://lh5.googleusercontent.com/p/AF1QipMAvIIFWtvNk6ul-hF5JeXZHLRa09xXgDSdDrMw, "
Bánh canh Bến Có Út Hảo,"W7GX+FW6, QL53","4,1","2,2 N",None,1-100.000 ₫,Trà Vinh,"https://lh5.googleusercontent.com/p/AF1QipP61Y0H4EDYJubEBRiIzOb5EFimNgMGKknbAvv0, https://lh5.googleusercontent.com/p/AF1QipMS4dtaT79sHEHMFQWM7ckRhBrRTyDAbycKOghi, "
Quán Cơm Vị Hương 690,690 Điện Biên Phủ,"4,2",130,None,1-100.000 ₫,Trà Vinh,"https://lh5.googleusercontent.com/p/AF1QipNEHK5JtZ6huBnOVodMbO4xEwqRJDY9Wha-eBpQ, https://lh5.googleusercontent.com/p/AF1QipPVKL6n3p5CasTaubjXig-QV1iMDt9-Z_9xpxC6, "
Nhà hàng Sinh thái Mỹ Khánh,415 Đ. Đồng Khởi,"3,8",146,None,None,Trà Vinh,"https://lh5.googleusercontent.com/p/AF1QipPp7WQxnB68AzVHK1P22Izmgwbg5wbUONKOIcRn, https://lh5.googleusercontent.com/p/AF1QipMIMowlrQ_dQ-P4y4DP8h-YYRiZ366o0sMxMKA, "
Nhà Hàng Uyên Ương,59 Lý Thường Kiệt,"4,4",409,None,None,Trà Vinh,"https://lh5.googleusercontent.com/p/AF1QipP8Oh1hIbef3Nkea1UTwLdU6vBihuevr2N0Y4vz, https://lh5.googleusercontent.com/p/AF1QipN2Xx1jlWZxs_tJg5E7ZxUna9RKHsxrzONiiwUK, "
Quán Hủ tiếu xí quách A. Linh,số 260 Lê Lợi,"4,2",245,None,1-100.000 ₫,Trà Vinh,"https://lh5.googleusercontent.com/p/AF1QipOhtkU0H2EJ2Y2a4iO60oyC54sLARoUkWIVTU9d, https://lh5.googleusercontent.com/p/AF1QipM8HsUuylWBoqKQRu-05cUe6EeZs22qash0Twlt, "
Nhà hàng hải sản Hùng Biển Seafood,294 Trần Phú Nối Dài,"4,3",351,None,None,Trà Vinh,"https://lh5.googleusercontent.com/p/AF1QipPOi9778y3R_BGrt6dQPdZNIgyFjWSUDp_lTaMF, https://lh5.googleusercontent.com/p/AF1QipN1whk6gjpb5lrbrv4yz-FDKtLJjwm7XKPRYfff, "
Ẩm thực Cầu Tre - Trà Vinh,"Đường D5 nối dài, K4, P5, TP Trà Vinh ( liền kề ký túc xá Đại học","4,0",209,None,100.000-300.000 ₫,Trà Vinh,"https://lh5.googleusercontent.com/p/AF1QipPvJzB1A_ZOFLSE4UktN8LKjmoCIoeCXpeQ-sHK, https://lh5.googleusercontent.com/p/AF1QipPlOp6PeQDHu45E5gFdxqUxVy6LVCz03sHIbQDu, "
Nhà Hàng A Kòi 6,232 Phạm Ngũ Lão,"3,9",44,None,None,Trà Vinh,"https://lh5.googleusercontent.com/p/AF1QipNpo4koplA6sUBrneArQrbSYf_A3yo74mkyfo2i, https://lh5.googleusercontent.com/p/AF1QipMEJtvQlUq54hqNt2HMTDrhFjdvL07FuXxPPIYp, "
Quán Hoa Súng,492f Võ Văn Kiệt,"4,1",71,None,None,Trà Vinh,"https://lh5.googleusercontent.com/p/AF1QipN26c1I1T9UnvplVyv1XEjSF0ojxJ7rEGI9mpZB, https://lh5.googleusercontent.com/p/AF1QipOjo_6fpf4VeiT-BXMRkreGmU4mY9K5DXI1nHCk, "
Quán ăn gia đình Sen,Mậu Thân,"4,3",71,None,100.000-200.000 ₫,Trà Vinh,"https://lh5.googleusercontent.com/p/AF1QipMdrQLYJABQB3JJx9QgEChAI5eo-njUih2cyyy8, https://lh5.googleusercontent.com/p/AF1QipN3Gym1G2wROqLlAKOF_XgQ4FzOecH-qu7bTBA, "
Quán Cơm Ban Mai,"79 Phạm Ngũ Lão, 2, tp. Trà Vinh 2 tp. Trà Vinh Trà Vinh","4,1",123,None,1-100.000 ₫,Trà Vinh,"https://lh5.googleusercontent.com/p/AF1QipOT934c2NhYsdvcpjgAPYSa-3JP9j94N1b2j3IX, https://lh5.googleusercontent.com/p/AF1QipMIsuzTPbAQFlyj_rXvnuwmGSozs2qBVdWeWsac, "
Thanh Nhàn - Ẩm thực quán,134 Đ. Đồng Khởi,"4,0",170,None,100.000-200.000 ₫,Trà Vinh,"https://lh5.googleusercontent.com/p/AF1QipP_fAoSIYr4A6IB3BQ-bSKAIoIBqVy0us9URWkW, https://lh5.googleusercontent.com/p/AF1QipN9CjbprQZ1KRyz37uW7lI6LoAZucIRpQJHtGTi, "
Ngô Đồng Garden,43 Lê Lợi,"4,9",154,None,100.000-200.000 ₫,Trà Vinh,"https://lh5.googleusercontent.com/p/AF1QipPY7y3xwVzI1JwcBOelt5DA7iyzQPi6TeEDF2QS, https://lh5.googleusercontent.com/p/AF1QipMxS_4-Sgb57YYIzwEXCnHdihwkZIjeApX_Sloo, "
Ẩm thực Phương Nam,500 Võ Văn Kiệt,"4,1",65,None,100.000-200.000 ₫,Trà Vinh,"https://lh5.googleusercontent.com/p/AF1QipNgJI7mhvmJURvjRDrqbR7u6jCd5whFpxoltNKW, https://lh5.googleusercontent.com/p/AF1QipNv3TNH4iV3AnwBcnyPm9yR8sVkRoR0fU30Sten, "
Nhà Hàng Việt Hoa,80 Đường Trần Phú,"4,0",87,None,100.000-200.000 ₫,Trà Vinh,"https://lh5.googleusercontent.com/p/AF1QipNnlRKKxy80mxILtO-jlFPfyxFKOwA4yISoJmQR, https://lh5.googleusercontent.com/p/AF1QipMwpV5gMCEs1CvFzM8oDZsAvlC4IFAg2ud9L2lA, "
SPICY BOX TRÀ VINH,414 Võ Nguyên Giáp,"5,0",452,None,100.000-200.000 ₫,Trà Vinh,"https://lh5.googleusercontent.com/p/AF1QipMcCcY9mTTSTgkdxaqn6MQcd0ZZqCv3MJ9vHTML, https://lh5.googleusercontent.com/p/AF1QipMo_Em7kvKcJMooffNadS95nIOsDOKzdhA1FCe7, "
Buffet Anh Bốn,W8PJ+WJP,"4,1",155,None,100.000-200.000 ₫,Trà Vinh,"https://lh5.googleusercontent.com/p/AF1QipNO4CN5RD8U1WfpCEyzrHv-kSrGaJgGPzelpZSK, https://lh5.googleusercontent.com/p/AF1QipMUQaUL2C3yiZptzOMS-kQCbT1hb4Ul5t1cNeDO, "
Mì Cay Koreno 7 Cấp Độ,W8FV+XR3,"4,2",468,None,1-100.000 ₫,Trà Vinh,"https://lh5.googleusercontent.com/p/AF1QipOr6AW5Y3HYnU03wyfAPsIe4iZ4f7Tz66n_129B, https://lh5.googleusercontent.com/p/AF1QipOGqMLqy2EXXJp5Tg6fPyTEEXGMOi05NwbQXpI, "
ĐÁ BÀO MẬT (Since 2017),Số 64 đường 19/5,"4,5",39,None,1-100.000 ₫,Trà Vinh,"https://lh5.googleusercontent.com/p/AF1QipNPqHzUXF4ZQziScR9mm00ub7fmduF7XXp-kbu5, https://lh5.googleusercontent.com/p/AF1QipPid3M9_C6Xfv004XRZwWo0nNnWy6fgAlNgqiLL, "
Quán Lẩu Hakimi Trà Vinh,45b Phạm Ngũ Lão,"4,6",306,None,None,Trà Vinh,"https://lh5.googleusercontent.com/p/AF1QipOQdk4SuIDuIBwmqYvQbBEQzAFLWGzGbaNucis, https://lh5.googleusercontent.com/p/AF1QipPXq7N1IY_8bbMCyx8X_4e2RdNFocpmfikMFsmM, "
Bún Nước Lèo Hương Trà,W8WQ+6V9,"4,0",84,None,1-100.000 ₫,Trà Vinh,"https://lh5.googleusercontent.com/p/AF1QipMSofo2k1FPgUA_hgPnMx3a7QzvuSxM7Gl8-Q82, https://lh5.googleusercontent.com/p/AF1QipM34Bdi04VhmBfQGG_Ba7JKV3ZRAW-tU3i_FI9e, "
Quán ăn Ngọc Thuý,41 Mậu Thân,"4,2",226,None,200.000-300.000 ₫,Trà Vinh,"https://lh5.googleusercontent.com/p/AF1QipObOfMswMPhRhbVXbUh8e8QNPOtEiu_n4dPHiWr, https://lh5.googleusercontent.com/p/AF1QipNQ7JO-9eqQcu9LqCH3CWabRMt-5QVKQrOMdkIj, "
Quán Hủ Tiếu Thịt Bằm,10 Quang Trung,"4,4",45,None,1-100.000 ₫,Trà Vinh,"https://lh5.googleusercontent.com/p/AF1QipOvNFg9VcqfRn77O-WyXicthu7KwujDPqxEszIZ, https://lh5.googleusercontent.com/p/AF1QipMc-YMVRz05NnuPW-VNJDZeWcYZN0-QO7Y4MhL2, "
SOOWON BBQ BUFFET LẨU NƯỚNG,W8PM+C9G,"3,7",104,None,200.000-300.000 ₫,Trà Vinh,"https://lh5.googleusercontent.com/p/AF1QipONF1CQ41hV43K2L3UQvsR0KFngFEl-yNgOG6cE, https://lh5.googleusercontent.com/p/AF1QipM7ityf4qxRYQ-SM5vT-JtIYJTMe8Wl_WG_1x5I, "
Quán Ăn Gia Đình 67,W8RP+7CM,"4,1",51,None,None,Trà Vinh,"https://lh5.googleusercontent.com/p/AF1QipMkH-WICPh9uNj1EX-zQBho5B6laK4pbVtzeYg7, https://lh5.googleusercontent.com/p/AF1QipPfqOLMtmKspzoG7ehmPbFQrfKxH9k-SC53etNA, "
Nhà hàng Tiệc Cưới Hoàng Gia Trà Vinh,399 Mậu Thân,"4,3",28,None,None,Trà Vinh,"https://lh5.googleusercontent.com/p/AF1QipOeXQhj2d1t_WmecH6U4EBNEz8TE4vw9Mtvoe8, https://lh5.googleusercontent.com/p/AF1QipMzWfj-DUPbAVnD8VtYOTsix3REGQb1m_GNE1S9, "
Quán Cơm 9.9 Bến Có,"W7GX+JFR, QL53","4,1",172,None,1-100.000 ₫,Trà Vinh,"https://lh5.googleusercontent.com/p/AF1QipObX3f3LjbF-sSr6AEG_FMbSXdLrZik2VkILUNM, https://lh5.googleusercontent.com/p/AF1QipNIK6O3bRWDbhOygiigOgvOiTyinPbiM2DDQIOI, "
Ẩm Thực Ven Sông,315 Phú Hòa,"3,9",129,None,100.000-200.000 ₫,Trà Vinh,"https://lh5.googleusercontent.com/p/AF1QipM-cNKVa0E5NN46XyMxsr8z8uuT3oX3nkze_wkO, https://lh5.googleusercontent.com/p/AF1QipPw0Ifs2GBk-u-gm0d_FF-lx3y7Bh6T3PKpkUCN, "
Quán ăn Phúc Gà Hấp Mướp 2,134 Đồng Khởi,"4,0",240,None,100.000-200.000 ₫,Trà Vinh,"https://lh5.googleusercontent.com/p/AF1QipNrZJiCeGJpTnS7K2JaZtJ-aJMuYmgLOAihJDI_, https://lh5.googleusercontent.com/p/AF1QipMFKZo-j93IPHTIW2pP2MJh4WFAMtsKNXXRqoRY, "
BÚN NƯỚC LÈO CÔ BA,Đường Mười Chín Tháng Năm,"4,5",641,None,1-100.000 ₫,Trà Vinh,"https://lh5.googleusercontent.com/p/AF1QipPKga6bYpqQl_6lM_sU179CuEYmqH9uvjzqhokL, https://lh5.googleusercontent.com/p/AF1QipPLu8NUqNZ7_dSv9ieluLxGvJF9opu0wr9ksrM, "
Quán Ốc Đêm,441 Phạm Ngũ Lão,"4,1",149,None,200.000-300.000 ₫,Trà Vinh,"https://lh5.googleusercontent.com/p/AF1QipMfTzFQQPEoDCmk44fkNTM7lTExEWWM6Np819B7, https://lh5.googleusercontent.com/p/AF1QipN4ywWdDPCNo_O3GXLOQU1Y1ajdadGt0Z4pjJq9, "
Tiệm Cơm Gà Hải Nam Hào Phát,19 Nam Kỳ Khởi Nghĩa,"4,2",60,None,1-100.000 ₫,Trà Vinh,"https://lh5.googleusercontent.com/p/AF1QipMvk4zfQp5npacfW_SavgZkdxoQcW2JatAfqg7I, https://lh5.googleusercontent.com/p/AF1QipM99UrwnXDTwb9rfs7uu73B8lsMnJGpYVXEfCiZ, "
BÚN NƯỚC LÈO SEN (NGAY PHỐ ẨM THỰC-ĐẶC SẢN TRÀ VINH),"W8PM+2PM, Trần Phú Nối Dài","5,0",81,None,1-100.000 ₫,Trà Vinh,"https://lh5.googleusercontent.com/p/AF1QipMXgnEMCE3HMm6ns51KrUFh6uuQbePTLzNDz0DO, https://lh5.googleusercontent.com/p/AF1QipOxzeVDVRvqttTD_j9qk6FQDZ0QKF7VkQ5LvQum, "
Quán Nướng,Lê Lợi,"5,0",1,None,None,Trà Vinh,"https://lh5.googleusercontent.com/p/AF1QipNtJb6dnJhDsdRbDzGKuVlWXhB0BRXwQymQJdA, https://lh5.googleusercontent.com/p/AF1QipMms1kW1pnPbXJAF-ofwOYxG8b7bkt1qCPZXSw, "
Gia Hân Quán,"X853+3M4, Unnamed Road","4,4",64,None,100.000-200.000 ₫,Trà Vinh,"https://lh5.googleusercontent.com/p/AF1QipOhFH4_735J2p0q8KbIzSqIHERRNywkj3vDi30S, https://lh5.googleusercontent.com/p/AF1QipPzOoXyMePoHlOob_GVmZoCjbHGhwSvhwTfHR-W, "
Nhà Hàng Cửu Long,"999, Đường Nguyễn Thị Minh Khai, Phường 7","3,9",104,None,None,Trà Vinh,"https://lh5.googleusercontent.com/p/AF1QipOWkV5tqF0tYONmsUC-DQI-kbFhAxJViFK20lD-, https://lh5.googleusercontent.com/p/AF1QipPPzefmHKmOSUGRsKI7bZGBhfDC6UkAb8s0C6_3, "
ManNam - Hàn Quốc,62-74 Mười Chín Tháng Năm,"4,2",18,None,None,Trà Vinh,"https://lh5.googleusercontent.com/p/AF1QipOTrEa-5FhYGOgF93PBifqF5rgOpTpuY3zUW88w, https://lh5.googleusercontent.com/p/AF1QipNyoriVJ2qVWds_b2tYp41Y96ZAFsHeuZ86bgca, "
Quán Ăn Chi,163 Võ Nguyên Giáp · khóm 3,"3,9",58,None,1-100.000 ₫,Trà Vinh,"https://lh5.googleusercontent.com/p/AF1QipNHC0NXOpCTbvAjTYhc0iE_Ba9jSQc-9EgZB5HD, https://lh5.googleusercontent.com/p/AF1QipPHbWsfXmFvNYd3ItF2c2pykPDZGJSvHd0TOno, "
Chè Hẻm Trà Vinh,41 Ngô Quyền,"4,3",93,None,None,Trà Vinh,"https://lh5.googleusercontent.com/p/AF1QipPrjXivbaNsV2TJ7MUkN2xDxJA5uFPAHJ83wD42, https://lh5.googleusercontent.com/p/AF1QipMiOjUgYDJxRrbDf6vwBRGlXgjg8oxgyb2nWjhR, "
Quán Ăn Hồng Phúc,122 Đ. Nguyễn Đáng,"3,9",14,None,None,Trà Vinh,"https://lh5.googleusercontent.com/p/AF1QipPshoFH5ExsNnBEwRGYgitgRX8ZHPFhR_1H8xtC, https://lh5.googleusercontent.com/p/AF1QipNFcl0aT_qG5mw0gmWEruyhbDsGq8SuV1NK9ti6, "
Tiệm Nướng Lẩu Khói - Buffet BBQ and Hotpot,Đường D5,"4,7",25,None,None,Trà Vinh,"https://lh5.googleusercontent.com/p/AF1QipNuKyiE0hVBtqlDEzvKtz88p1C7rgf3MnfOSG0r, https://lh5.googleusercontent.com/p/AF1QipNymQMOBR9FIlnRcpcFAGlqBXU6EbiculJM6M2t, "
Ẩm thực đồng quê gà vàng,81 Đồng Khởi,"4,2",99,None,200.000-300.000 ₫,Trà Vinh,"https://lh5.googleusercontent.com/p/AF1QipOCM5UGT8NSL-_aHkgQW-ybS4Qy9q2iSn9GUqY, https://lh5.googleusercontent.com/p/AF1QipMu0Gmyeg8mhnj8hFNuufQlIcX5X1wkicmrs3J8, "
Trieu Nguyen Restaurant,113 Trần Quốc Tuấn,"4,8",10,None,None,Trà Vinh,"https://lh5.googleusercontent.com/p/AF1QipN9rqSpBXpT0T1Gwqq61W0ttlsFlNGyTyJpcZNo, https://lh5.googleusercontent.com/p/AF1QipOcMTy2IVexvm1RnkPJCTj7J-ViOWdPRPxAdLTu, "
Bún Nước Lèo Ao Bà Ôm,W894+483 · khóm 3,"4,1",99,None,1-100.000 ₫,Trà Vinh,"https://lh5.googleusercontent.com/p/AF1QipOeRx91dUlNZptioQlkATy_CuhQCH5Dr-S47cdn, https://lh5.googleusercontent.com/p/AF1QipNI9lRDw3ZrwXhI0UlX3bGlsxyDEiMDAtYCDjOx, "
Hải sản BIỂN,"W9F2+M8R, Nguyễn Thiện Thành","4,4",5,None,None,Trà Vinh,"https://lh5.googleusercontent.com/p/AF1QipOKypGFTJ6Vie06jy935jjxLrIqWchJtOstka4W, https://lh5.googleusercontent.com/p/AF1QipN9wFlLe3w7obthVTLG2Qf4MiA91cIHPX1agpit, "
Bún Nem Nướng Thủy Triều,X82R+67J,"4,3",183,None,1-100.000 ₫,Trà Vinh,"https://lh5.googleusercontent.com/p/AF1QipPMoCSsJ7XMujYBAbx38GObe-Fcpt51QWYaeN8p, https://lh5.googleusercontent.com/p/AF1QipObBZ5b3YT3GI5eCtcV72-bkWL4a3xaW139RrbR, "
Quán Mai Anh,W8GV+76P,"4,1",29,None,None,Trà Vinh,"https://lh5.googleusercontent.com/p/AF1QipMPMPw_KuVQMfymHVID8BgTVIOOyyu5LRU0qYCH, https://lh5.googleusercontent.com/p/AF1QipPNZrbuyKL-cSB8Zb5Bqf4GgmY7lcNWza7xFNq8, "
Lẩu Dê Việt Ấn,76 Điện Biên Phủ,"4,1",70,None,1-200.000 ₫,Trà Vinh,"https://lh5.googleusercontent.com/p/AF1QipP2dBPNR1cSoPAmPFhkaYPJ1J31PZcuaoJYT8Gm, https://lh5.googleusercontent.com/p/AF1QipOyw9ojdshfGVlVl37dxbpAS3Yow6r77VVQ6eWX, "
Quán Nướng CT,82 Bạch Đằng,"3,5",11,None,None,Trà Vinh,"https://lh5.googleusercontent.com/p/AF1QipOPdvsP6G-PGuA559gAq-VkZkrnGAoMfRYKMFJz, https://lh5.googleusercontent.com/p/AF1QipPnRrmwBH0UP3dUMzMIZKKa-6xn5d9PxV1j2YEc, "
Quán Cơm Cari Ja,159 Điện Biên Phủ,"4,0",127,None,1-100.000 ₫,Trà Vinh,"https://lh5.googleusercontent.com/p/AF1QipNNxoTmUQV6DsU-mF5-hPzMPiBxRm-EiIhJuwco, https://lh5.googleusercontent.com/p/AF1QipNPvM7s9iOBzzDtt4xNygvPWLAS0l0nK2SJkF2b, "
Quán ăn 149,"W8HV+844, Đ. Đồng Khởi","3,9",167,None,1-100.000 ₫,Trà Vinh,"https://lh5.googleusercontent.com/p/AF1QipNwEU4G7a8wwxAWqrh8Fy-CViVEbJXQS-Hff_YO, https://lh5.googleusercontent.com/p/AF1QipOkOPXsWmZ4VxeTZmYlhIyCFs3g7_3xAfVf16z3, "
Quán Ăn Ngon,100 Quang Trung,"4,0",2,None,None,Trà Vinh,
Quán Cây Sung - Bún Nước Lèo,676 Võ Nguyên Giáp · khóm 3,"4,1",145,None,1-100.000 ₫,Trà Vinh,"https://lh5.googleusercontent.com/p/AF1QipN5QLH23MILThLqsgT0gPsekL6SnPzfuNMVKOdp, https://lh5.googleusercontent.com/p/AF1QipPc5pvHjttUJXloA9JEIqonX___hyn0pHa1Cw, "
Thế Giới Lẩu,W85M+3P5,"4,2",28,None,None,Trà Vinh,"https://lh5.googleusercontent.com/p/AF1QipN0VdilMjei0LoNQePabmkw34OVA0gLS2_UBAPL, https://lh5.googleusercontent.com/p/AF1QipOReCy_Zs9z5i1obMLx0O-g2NINQhRuYCpjGv3F, "
Quán cháo dơi Hoà Thuận,Trà Vinh,"4,3",96,None,200.000-300.000 ₫,Trà Vinh,"https://lh5.googleusercontent.com/p/AF1QipMYMyt0GLU55Ldoy5A168SBDexbeLMvaRR4Wc57, https://lh5.googleusercontent.com/p/AF1QipOFYRBMFdN4LP-dPfLdJ-aaTELNL4CnQytfscNR, "
Dookki Vincom Trà Vinh,24 Nguyễn Thị Minh Khai,"4,3",106,None,100.000-200.000 ₫,Trà Vinh,"https://lh5.googleusercontent.com/p/AF1QipOYJtLUxzoV3gxGZjBqL1q6XqFleHhFlZwVO2U3, https://lh5.googleusercontent.com/p/AF1QipN-RiDmX2VgQ93C1iv1dcX35YSeUvSlEZ3mkvJ2, "
Mì Cay Alpha,408 Phạm Ngũ Lão,"4,6",19,None,None,Trà Vinh,"https://lh5.googleusercontent.com/p/AF1QipN8CUhcCuwiTtzrPaC8PX_L1ZqiaDTac5HiJW9R, https://lh5.googleusercontent.com/p/AF1QipOzpu7QNS50lEYY0j9oPp6XU4fZfkQd2Fq8m6Vs, "
Hoàng Quân,Trà Vinh,"4,3",23,None,None,Trà Vinh,"https://lh5.googleusercontent.com/p/AF1QipNrJvOlM-EJGAa5M3oF8tKyz-JZZjq5v9zpaUc, https://lh5.googleusercontent.com/p/AF1QipOV74oaFQ8Q2EbCQ9WJ7zIcJZO4HR9rPmrgDxA, "
Ẩm thực Cây Dừaphuongben tre,2/77 Phạm Ngũ Lão,"4,0",89,None,None,Trà Vinh,"https://lh5.googleusercontent.com/p/AF1QipN_QPKOw7YaDaSxSXWVTpA6YuKfFym7iHpQavpB, https://lh5.googleusercontent.com/p/AF1QipMeX60qWv1P1iiQyrCb8wKb4Fbp5i0IuRjKMvcC, "
Quán Việt Mậu Thân,305 Mậu Thân,"4,8",13,None,None,Trà Vinh,"https://lh5.googleusercontent.com/p/AF1QipPEamFfF_ZxNZ4MEjv1dmtubENait4RPckebuL5, https://lh5.googleusercontent.com/p/AF1QipPcgzLdkuwqV-30R01cSmYJpuG1icWvHIq2iYzu, "
Lẩu KimChi 79K LT,Đường D5,"4,2",46,None,100.000-200.000 ₫,Trà Vinh,"https://lh5.googleusercontent.com/p/AF1QipP3c2ARo6oDJBJCUWQm65zOZUVWGqTy8kZ0QiIU, https://lh5.googleusercontent.com/p/AF1QipOT3FS_XWeuWUz-3cVZr8hs7frYdFyvh29Zo_9P, "
Món Ngon,444 Nguyễn Thị Minh Khai,Chưa xét,0,None,None,Trà Vinh,
Bun bo hue 170,170 Đường Trần Phú,"4,0",150,None,1-100.000 ₫,Trà Vinh,"https://lh5.googleusercontent.com/p/AF1QipMjFhMoC4jhgi5Q6LJjuNOMZEBP8wWY9lZy8es, https://lh5.googleusercontent.com/p/AF1QipNqa3fAZXmSjZjQpwZD6SHbatkGufvMvKHepC0, "
Bún Nước Lèo Hương Lực,W8HV+G2P,"4,0",173,None,1-100.000 ₫,Trà Vinh,"https://lh5.googleusercontent.com/p/AF1QipNNgIaVnnlU6EkWPcBjAF67VcWiPpKVCQ_l0I6M, https://lh5.googleusercontent.com/p/AF1QipM6sOeTrujF3DyhaebSPnfJa3PJjXple2oXJnCm, "
Lẩu mắm 123,W8VP+4J7,"4,5",29,None,1-200.000 ₫,Trà Vinh,"https://lh5.googleusercontent.com/p/AF1QipNWu8J3e7v8oRFTYdDLhjTB7PsPsLt-F1DjoTGY, https://lh5.googleusercontent.com/p/AF1QipMOFiEAQiAsuO_l7T9AG8ewoIq6IcsxlggESpa2, "
KING BEER 81,463 Dương Quang Đông,"4,4",45,None,None,Trà Vinh,"https://lh5.googleusercontent.com/p/AF1QipMC7T1AQTZRCRcL3yTObiBo_6dqXI-Gts5u9bO6, https://lh5.googleusercontent.com/p/AF1QipNH2qSRneS-RX5BiCFtskHwX5NRBu3DDd8MhdCE, "
Cơm Gà A Lý,24A Phan Đình Phùng,"3,9",78,None,1-100.000 ₫,Trà Vinh,"https://lh5.googleusercontent.com/p/AF1QipMpcp7PgFD9gB09Omz4XlBY_WqfP0olp7p18haq, https://lh5.googleusercontent.com/p/AF1QipPsA-j1gVQ-PBYg-QNJTYi-Cx1rOadJRK3esKMq, "
Vườn Chay Trà Vinh,270 Đ. Nguyễn Đáng,"4,2",5,None,None,Trà Vinh,"https://lh5.googleusercontent.com/p/AF1QipNT2PqOVdXlqECr56UxOnfU9NTEYUQH2fH--tlu, https://lh5.googleusercontent.com/p/AF1QipMtAe83ceX0wq-Fuz9HzZCf1yvZi8VsXJm5MLLt, "
Quán Nhậu 2 Đô,365 Phạm Ngũ Lão,"4,5",6,None,None,Trà Vinh,
Bún Suông HÙI YẾN - Đặc sản Trà Vinh,56/2 Đường Hùng Vương,"4,2",106,None,1-100.000 ₫,Trà Vinh,"https://lh5.googleusercontent.com/p/AF1QipPUk1PrQZV4XyKwA45mqdHkgDwpsH76TThhH514, https://lh5.googleusercontent.com/p/AF1QipMTevCXZAj-BCLqweRRppI0mMeWu36flx2fH1_o, "
Quán cơm Ngã Ba,"15, National Road 53, Ward 5","4,5",122,None,1-100.000 ₫,Trà Vinh,"https://lh5.googleusercontent.com/p/AF1QipOe_eULRDIp3hncoF0cuUgEseAxTPFY_z2NKsQ1, https://lh5.googleusercontent.com/p/AF1QipPxfBEW0Z79eHpGNMHO4brPdPJhZr7FvStJegxc, "
Bún suông DƯ VÂN since 1986 - Đặc sản Trà Vinh với công thức gia truyền,644 đường Võ Nguyên Giáp · khóm 3,"4,4",28,None,1-100.000 ₫,Trà Vinh,"https://lh5.googleusercontent.com/p/AF1QipNixJIeAOFy2iCTlm9Z9K5quGGonO3dv3aGYMf4, https://lh5.googleusercontent.com/p/AF1QipO-oGMtLrJ9_J1Y_CsXfFxWzsMkd1jGO9y1B84U, "
Cửa Hàng Chay Sala,Đường 19/5 nối dài,"4,1",161,None,1-100.000 ₫,Trà Vinh,"https://lh5.googleusercontent.com/p/AF1QipPWUWB4P_ABbafRzekBXucAgprEhBLK7k0l6YsO, https://lh5.googleusercontent.com/p/AF1QipOzJgGmRLafvEQxqhB0gxDdIaQUV_b6NbuXqSc_, "
Bánh gạo Tokbokki The Ryo,334 Phạm Ngũ Lão,"4,1",27,None,None,Trà Vinh,"https://lh5.googleusercontent.com/p/AF1QipNuMgMimAOcx3olPAsP-jBlHRPRyn4tx2qP4BMc, https://lh5.googleusercontent.com/p/AF1QipOgBfnoky21ppKmJDXaBJbct71zo1CMNRNX3aW9, "
Bufet lẩu & nướng Rainbow,Đường D5,"3,9",316,None,100.000-200.000 ₫,Trà Vinh,"https://lh5.googleusercontent.com/p/AF1QipMmTWfQgH2PGyBcv5jR0vo4hOOL46fMzYAIfyWp, https://lh5.googleusercontent.com/p/AF1QipNrqDAOAT26ecEHXwUsLWyIbF1rf2nqDgtGyDjS, "
Quán cơm bảy cá,841 Điện Biên Phủ,"3,5",53,None,None,Trà Vinh,"https://lh5.googleusercontent.com/p/AF1QipPb9IbhfYFKEc-qgWhFP9dcx4xVqOnfgQUY-_fw, https://lh5.googleusercontent.com/p/AF1QipNg6U9HOWGvCdYNYvUTS02RGVpDg0G5-O_Sxg1j, "
Koibito sushi,220 Đồng Khởi nối dài,"3,9",29,None,100.000-200.000 ₫,Trà Vinh,"https://lh5.googleusercontent.com/p/AF1QipN0Iiz-Ty3N4csA5MJPy32i43xyvIDU6NoCfIj_, https://lh5.googleusercontent.com/p/AF1QipPFS6DPfRvS01B6m1SXJnMJNjLwSCfNPy6PdTCV, "
Quán Thịt Thỏ Nướng,"384B, Đường Lê Lợi, Khóm 4, Phường 1, Thành Phố Trà Vinh","4,3",24,None,None,Trà Vinh,"https://lh5.googleusercontent.com/p/AF1QipOSCB5oHBzf_7ucC0VPBN53A1hTghWzEm-5pXwz, https://lh5.googleusercontent.com/p/AF1QipMaayAYASD9EYWMTMiX4x5vbDSARLF-2UwJEu4T, "
Quán Ăn Minh Trí,48 Phạm Ngũ Lão,"3,9",27,None,None,Trà Vinh,"https://lh5.googleusercontent.com/p/AF1QipPfyiLCTHKsopFnd_-0P2vquU3yota4o_Ql6xEg, https://lh5.googleusercontent.com/p/AF1QipMJMWgBUw7WFX5t3MUGg3I8fljuzFzfJ1f1TWyI, "
Bánh Canh - Cháo 64,64 Điện Biên Phủ,"4,3",70,None,1-100.000 ₫,Trà Vinh,"https://lh5.googleusercontent.com/p/AF1QipOlmt2lXfdFGcl4IzPcTFh7e4CAzU9ToAYHvhRk, https://lh5.googleusercontent.com/p/AF1QipN-fcxKUFUhnd2Nx_tw4ytnrHKvcsEvU9CKX2M2, "
Bún nước lèo Dũng Chưởng,94a Đ. Đồng Khởi,"4,1",103,None,1-100.000 ₫,Trà Vinh,"https://lh5.googleusercontent.com/p/AF1QipMdRkTJS4JgdMMN1f0v6wtyfBjKp7ERaCSYKBdf, https://lh5.googleusercontent.com/p/AF1QipMihWPw29va_Jpb1t--vihEtba2RfU3EOKJN37g, "
Jollibee Nguyễn Đáng,403 Đ. Nguyễn Đáng,"4,4",62,None,100.000-200.000 ₫,Trà Vinh,"https://lh5.googleusercontent.com/p/AF1QipOyeXpKOoISLgFLuPA_qocVIklnkS8vVZbCjVc, https://lh5.googleusercontent.com/p/AF1QipPAKcXOpM_3crkvwrfSe-U-iWU1ywBGbjwBxfUt, "
Mì Cay Sasin Trà Vinh,128 Nguyễn Thiện Thành,"3,8",186,None,1-100.000 ₫,Trà Vinh,"https://lh5.googleusercontent.com/p/AF1QipM4YdQKuVig8zFL0VecW42VshZ8nEWPHHsUpblY, https://lh5.googleusercontent.com/p/AF1QipN-mXRVWo-Ocy_NNKkoQi75DzsCtuUBV0NqTog-, "
Quán Nem Nướng Ngã Ba Đuôi Cá,80 Phạm Ngũ Lão,"4,0",98,None,None,Trà Vinh,"https://lh5.googleusercontent.com/p/AF1QipNCdbGcDUAp7Ovx5_QkgGZFh1XXsbRgqzoDeHlJ, https://lh5.googleusercontent.com/p/AF1QipPfSmIjqDseOQjUfy7UqR1f6ffE9hCpOqsOuOji, "
Quán Hải Sản 128,128 Điện Biên Phủ,"4,4",7,None,None,Trà Vinh,"https://lh5.googleusercontent.com/p/AF1QipPaMuuzYxZ47qXxCCK5R5qE78xTOgVCgSoIiZVK, https://lh5.googleusercontent.com/p/AF1QipNqSi1smNd0TEvib56II20RbAEHbbwRxuYAtYBu, "
Bánh xèo Nysenl,103 Đ. Trương Văn Kĩnh,"4,4",44,None,1-100.000 ₫,Trà Vinh,"https://lh5.googleusercontent.com/p/AF1QipM5LcpWq4YSoCwhzslfn9MHhjISk0ab3r3KoBDm, https://lh5.googleusercontent.com/p/AF1QipO9qgqNnq-C8vH_DM6lZn46LVrCAln5vW8pjlCc, "
KORENO 4 mì cay 7 cấp độ,64a Ngô Quyền,"4,0",33,None,1-100.000 ₫,Trà Vinh,"https://lh5.googleusercontent.com/p/AF1QipNF8QXRQ-nJX4PeTqiaWUCfS270xAk3ZT9BJWjV, https://lh5.googleusercontent.com/p/AF1QipNveITQc2693N612DpZYJe9yZlx0s9osQTQK-SF, "
Ẩm thực Lý Cai,333 Đường Trần Phú,"3,7",12,None,None,Trà Vinh,"https://lh5.googleusercontent.com/p/AF1QipPgcf1-nD-cdmhA0j7O-yUkhCVYPgbtIMmRqSp3, https://lh5.googleusercontent.com/p/AF1QipPL1r0oeM0MmSpwG3w6QOiaF7vysWRQPJVh0Mlv, "
Bánh xèo Long Bình 2,Đ. Đồng Khởi,"4,0",67,None,1-100.000 ₫,Trà Vinh,"https://lh5.googleusercontent.com/p/AF1QipNGAC5CO7i76JXn3pL_ZKWipR_oc-xLuse9cmjc, https://lh5.googleusercontent.com/p/AF1QipOKNTndhyMEo83-hjdCNE1YSLVK2UL-UmJSAgZH, "
Quán Ốc BÉ ĐẸP,487 Dương Quang Đông,"4,2",59,None,100.000-200.000 ₫,Trà Vinh,"https://lh5.googleusercontent.com/p/AF1QipNcORonIxuTHOU1vSL6zgg0mW0NhkQR8XjYLw9V, https://lh5.googleusercontent.com/p/AF1QipP-SdWcQ4qjGoCYlAIP0GZJEr1oi-1Fzr5ttQEb, "
Bún Đậu Mắm Tôm 3 Miền Trà Vinh,2/14 Mười Chín Tháng Năm,"3,9",280,None,1-100.000 ₫,Trà Vinh,"https://lh5.googleusercontent.com/p/AF1QipNJyemqk90uHQ2DbmszsRw1BFUa3NiAvH5BrXKO, https://lh5.googleusercontent.com/p/AF1QipN5xfNx9c8_tq0HXCP5hGSZLXVfHZy-k27mEdCP, "
Bún Nước Lèo Cô 4,59 Lý Thường Kiệt,"4,6",23,None,1-100.000 ₫,Trà Vinh,"https://lh5.googleusercontent.com/p/AF1QipMk4XVADRif_h8S-e0vQZ7gNV4-qjiCeaKdbQUn, https://lh5.googleusercontent.com/p/AF1QipN-mp-wc-EJxtEyMpGXtXlKuZld2PkPo5K5mDVU, "
Nhà Hàng Huỳnh Kha,"Khu du lịch sinh thái Déjà Vu Huỳnh Kha, Bạch Đằng","4,2",25,None,100.000-200.000 ₫,Trà Vinh,"https://lh5.googleusercontent.com/p/AF1QipNF4im-R1xInRBdkQmgFe8cf0ux35tPx64mDOvR, https://lh5.googleusercontent.com/p/AF1QipPxYDcrGG2qAM3N4z08sZlSVOLH42-_3DTk0RhR, "
Coffee & Pizza Facebook Trà Vinh,117 Kiên Thị Nhẫn,"3,9",39,None,None,Trà Vinh,"https://lh5.googleusercontent.com/p/AF1QipNKyCm4rP1brAnRmzO5QlZOgSjNS-ajPWYq2-K_, https://lh5.googleusercontent.com/p/AF1QipNk9ALr_D0aW-C1nYAhGJ45q5DAAw17_tjWMx2-, "
Quán phở Sài Gòn (Cô Mỹ),405 Phạm Ngũ Lão,"4,2",19,None,None,Trà Vinh,"https://lh5.googleusercontent.com/p/AF1QipOL8HkG6PbxZmLfzRViR0SuZwbVhKEu6M6M_Tfy, https://lh5.googleusercontent.com/p/AF1QipOYueIrwpUDUONwG58NEA5rIdZQf2fLAvEnTp2W, "
Quán Hủ Tiếu Ngã 4 Sâm Bua,161 Võ Nguyên Giáp · khóm 3,"4,2",46,None,1-100.000 ₫,Trà Vinh,"https://lh5.googleusercontent.com/p/AF1QipMPsh286LmSAnUKoOEqgjrP_3V7LtdZsND3lOrq, https://lh5.googleusercontent.com/p/AF1QipMn9YPUpfB-MTIt2zul-V1NSBabQoJMACZ8XC98, "
Quán nhậu xém ngon,311 Kho Dầu,"4,3",9,None,None,Trà Vinh,"https://lh5.googleusercontent.com/p/AF1QipM0XrxqlfTVFBueP-X7Qy2VwvZq3q_yLBLFwYaL, https://lh5.googleusercontent.com/p/AF1QipO3kiABXkNAUWuqgZLv3gk-3T36VGcfDaaTw7E5, "
Quán Hội Ngộ,28 Đ. Nguyễn Đáng,"3,9",18,None,200.000-300.000 ₫,Trà Vinh,"https://lh5.googleusercontent.com/p/AF1QipOfYtWgGX81m8wcHFpgO6ShALrjEvmhug5GmAbo, https://lh5.googleusercontent.com/p/AF1QipO5QL6iVczVJrpj7Q53QIjYLEwrz2RaCSIaKogW, "
nhà hàng đầu bò,371 Đ. Phạm Văn Đồng,"4,2",505,None,None,Tuyên Quang,"https://lh5.googleusercontent.com/p/AF1QipMWWxXGK_cOtm1KevRXqcG9Tr3EgKegs84p-s4G, https://lh5.googleusercontent.com/p/AF1QipOC2dyKwdMQhyste5zC0xE-LuL1S0ADrhao_Yom, "
Nhà hàng Thành Tín Tuyên Quang,"Đường Ngô Quyền, tổ 2 phường Minh Xuân, thành phố Tuyên Quang (khu ẩm thực Xuân Hòa mới,nhà máy đường cũ, nếu đi từ dốc Uỷ ban xuống thì đi hết đường nhựa rồi, Ngô Quyền","4,3",209,None,200.000-300.000 ₫,Tuyên Quang,"https://lh5.googleusercontent.com/p/AF1QipNVPV1q6LwQ5oz4RRxBJyh1EW-WKeMnwe4-hidR, https://lh5.googleusercontent.com/p/AF1QipPOn1d_FW6P67YXocIS9TBKkwauMNDh1cL_DEU3, "
Nhà Hàng Dũng Cá Sông Lô,Tuyên Quang,"4,0",257,None,200.000-300.000 ₫,Tuyên Quang,"https://lh5.googleusercontent.com/p/AF1QipMDAGNoaHH0lLeXKS0RJkCuSItMv3V3N6v3NoM9, https://lh5.googleusercontent.com/p/AF1QipOPPGX_sSZTcx9alVu4v6TnYFBARS1slyZswrOR, "
Nhà Hàng Ẩm Thực Việt,Tuyên Quang,"4,1",135,None,100.000-200.000 ₫,Tuyên Quang,"https://lh5.googleusercontent.com/p/AF1QipORgld7ZMWO5-G-4v70NgFVnZqhMIN3kA0vTORH, https://lh5.googleusercontent.com/p/AF1QipP6wDRdoE9ONQiPnW1Kfyz8zTrPRnrzjUcxi_jl, "
Nhà hàng Tràng An tuyên Quang,Đường Đ. Phạm Văn Đồng,"4,0",112,None,100.000-200.000 ₫,Tuyên Quang,"https://lh5.googleusercontent.com/p/AF1QipOwvfFgnTI78qV4aUQjWXoO61OdUxjOcdJBatsZ, https://lh5.googleusercontent.com/p/AF1QipO_BFAFEd9mINpyOKtTGmw1KhBks3reCxEyCh5M, "
Nhà Hàng Biển Rừng,340 Đ. Phạm Văn Đồng,"4,0",105,None,300.000-400.000 ₫,Tuyên Quang,"https://lh5.googleusercontent.com/p/AF1QipMoeHBankV0yE-HrkDI47n-WXWu9N7qaQOC6qk4, https://lh5.googleusercontent.com/p/AF1QipPUblEJ1ckeQ_c1q9aAIks00vgnOsMOB4hVmyg3, "
Nhà Hàng 3 Chữ Lồng,18 P. Ngô Gia Khảm,"4,1",494,None,100.000-200.000 ₫,Tuyên Quang,"https://lh5.googleusercontent.com/p/AF1QipNJF-JRUad1oAecmvXjfel11i_U8L4RYyKJ0O9m, https://lh5.googleusercontent.com/p/AF1QipNjzxG7HJoJDc_qVzXmQ2PB-aWJtmNKMQ6JLczW, "
Hẻm Quán - Tuyên Quang,"64 Tổ 16 , Đường, Đ. 17 Tháng 8","3,9",141,None,100.000-200.000 ₫,Tuyên Quang,"https://lh5.googleusercontent.com/p/AF1QipM6ZEGucRLetmddcf4bxwVsn0xB8mStTWnHGBdt, https://lh5.googleusercontent.com/p/AF1QipOPobP18ypNv_tArVg3dXIYX4qr9axUWuKdCcSZ, "
Buffet lẩu nướng cùng lúc Min-Max BBQ,135 Đường 17/8,"5,0","1,3 N",None,100.000-200.000 ₫,Tuyên Quang,"https://lh5.googleusercontent.com/p/AF1QipMbaDrgr7GVOIXGM3c3cNYOamkAXEL9g6BXcyMD, https://lh5.googleusercontent.com/p/AF1QipP9uNjpwYR-JJRwU6b_DYJXPa39Gda4z25r-DPN, "
Mộc Restaurant,124 Đ. Trần Hưng Đạo,"4,5",151,None,100.000-200.000 ₫,Tuyên Quang,"https://lh5.googleusercontent.com/p/AF1QipPhwAUk4txDd9OKcDyfFzmJdBvWFh2d00q2H23b, https://lh5.googleusercontent.com/p/AF1QipNPO27FufIgKQ_2XW5Q7iw-4fl-l7hd2fMM6JK6, "
Thuỷ vịt Hàm yên,R692+PPJ,"4,0",72,None,None,Tuyên Quang,"https://lh5.googleusercontent.com/p/AF1QipPm0cCeTZg26SzjujVewFBLzdZUV-l91vr6p-SB, https://lh5.googleusercontent.com/p/AF1QipMdRnswcLrQDmh8yvb0kzAINMkyEVf2XSLseX03, "
Nhà hàng Royal,08 P. Mạc Đĩnh Chi,"4,6",420,None,None,Tuyên Quang,"https://lh5.googleusercontent.com/p/AF1QipMa1Q98vXKelXXGx5TNRigcZn7kU03_9I0C-r-M, https://lh5.googleusercontent.com/p/AF1QipODtn3BEl8aSC-qs9tnyXRaZWa-7cmq7doCDji6, "
Nhà Hàng Cường Sâm 2,"R696+F29, Đ. Đinh Tiên Hoàng","4,0",236,None,100.000-200.000 ₫,Tuyên Quang,"https://lh5.googleusercontent.com/p/AF1QipPQbTfP8t7PQDujdfY9T1mjJenEQWHAlcSCU0yO, https://lh5.googleusercontent.com/p/AF1QipM7YWd5CDbz-4NzNrrimuUHW0d5KCm0fiYGxpyY, "
Nhà Hàng Dân Tộc Quán,R5FQ+M9X,"3,8",108,None,200.000-300.000 ₫,Tuyên Quang,"https://lh5.googleusercontent.com/p/AF1QipNHxqNJnADtMvt5_m1hnVmEIHUCMxDJALbEn9qc, https://lh5.googleusercontent.com/p/AF1QipOslCDqoB2sLeNJowjybGoZzeP3Tz1sX2iZ-BhU, "
Lẩu Thái Leng Keng - Tp. Tuyên Quang,3 tổ 10,"4,1",110,None,100.000-200.000 ₫,Tuyên Quang,"https://lh5.googleusercontent.com/p/AF1QipM37AtE6a4yiOUZUFmXeF5Ub7kH-_bAHO624Lsn, https://lh5.googleusercontent.com/p/AF1QipOW1iWqKrBp-O83h5BjtERpPShmuwmpG8grNNCK, "
Ẩm thực Việt 2,R6C4+J4V,"3,9",137,None,100.000-200.000 ₫,Tuyên Quang,"https://lh5.googleusercontent.com/p/AF1QipPB-aGUozLPrwXcbEvBu31_QZNCNNPCplvQ-hYe, https://lh5.googleusercontent.com/p/AF1QipNm1NzVWYNjm9yJVAaCLTeUyEn83zXbMkDyrB1f, "
Chang’s Restaurant,"khu ẩm thực, tổ 2","4,6",78,None,100.000-200.000 ₫,Tuyên Quang,"https://lh5.googleusercontent.com/p/AF1QipP2a2Jsb1c7okv2MXtAjN9zRtAV111rOB5_UVWu, https://lh5.googleusercontent.com/p/AF1QipNfV30UZnHZDO_pi_G0XYDjLMFlf6ZbrKRYhP1c, "
Nhà Hàng MỴ Nương,Tuyên Quang,"4,6",44,None,200.000-300.000 ₫,Tuyên Quang,"https://lh5.googleusercontent.com/p/AF1QipOmjBMqvKfxZ-kZnyC2XlIngtDLKeyKBcuyfSIT, https://lh5.googleusercontent.com/p/AF1QipNafAmrnCcsLiXd1B8_n9c95PPVIO8bJTOWAakX, "
Nhà Hàng Gốc Tếch Huyền Minh,"87, Đường Nguyễn Văn Cừ, Phường Minh Xuân, Thành Phố Tuyên Quang, Tỉnh Tuyên Quang","4,0",73,None,100.000-200.000 ₫,Tuyên Quang,"https://lh5.googleusercontent.com/p/AF1QipPUMh-bikTn8DPL31obBwte9AnQROUkTG8MzvH-, https://lh5.googleusercontent.com/p/AF1QipMuzhbF7SL6KZIyk8ZgWRaqi0cplbhTx84AwFrY, "
Nhà hàng Vua Gà Tuyên Quang.,Tổ 16,"3,6",65,None,100.000-200.000 ₫,Tuyên Quang,"https://lh5.googleusercontent.com/p/AF1QipML0c1_YAc9Qevk-Wahj_k6NrXr61aL_LeQ4zQE, https://lh5.googleusercontent.com/p/AF1QipNBpDXolSVTAUffAZtAT-ve6DiHPMnth9PEkDWd, "
Nhà hàng TÂY BẮC 1,15 P. Hà Tuyên,"4,1",63,None,100.000-200.000 ₫,Tuyên Quang,"https://lh5.googleusercontent.com/p/AF1QipOfpryid2abZByvstpgDwcVEj8HLhGZrCMTVVtN, https://lh5.googleusercontent.com/p/AF1QipN-kxtmj2oCdD1KqDiDD5LR9kVxcvcVJsnC-_a4, "
Cơm Phở Hảo Trang,83-85 Đ Phố Xã Tắc,"3,8",321,None,1-100.000 ₫,Tuyên Quang,"https://lh5.googleusercontent.com/p/AF1QipNFdtQf4MSBCr6wihVWItsxkXn0KrswhFTvtLdM, https://lh5.googleusercontent.com/p/AF1QipPxTJ6kbuqQgtng1pxNaulXsEa1BLKebiyIK_E6, "
Nhà hàng 17.8 Kitchen & Wine - Lẩu Nấm An Khánh,"khu đô thị Việt Mỹ, Đ. Trần Phú","4,6",16,None,200.000-300.000 ₫,Tuyên Quang,"https://lh5.googleusercontent.com/p/AF1QipM0qpnZDS-6bTs54WP-Pc5se-Ev016NlntGsb6d, https://lh5.googleusercontent.com/p/AF1QipPdudFz_2IgkM3uPxh6aVfd3aJpo25hIq4ar5zS, "
Cơm Văn Phòng Buffet 30 Món - Lão Đại TP Tuyên Quang,110 Phố Xã Tắc,"4,4",34,None,1-100.000 ₫,Tuyên Quang,"https://lh5.googleusercontent.com/p/AF1QipNwd_TNoZk4t5MriXyCqr7XeujmKBlR47Emazne, https://lh5.googleusercontent.com/p/AF1QipPfeDI3fsf7dZKfC5WDzCMGbCbsy9RFNtZJkCfW, "
Hải sản ba miền Tuyên Quang,07 ngõ 8 đường 17/8,"3,9",11,None,None,Tuyên Quang,"https://lh5.googleusercontent.com/p/AF1QipOz7WbbxqbhODhJB8D3MsJbmbO24LK9D8xaTMWz, https://lh5.googleusercontent.com/p/AF1QipM1HERZcLhrPhdjKyh31NGllP64rO4Yt-2WGAZ6, "
Nhà Hàng Đại Hoàn,"km 15,5","4,0",107,None,100.000-200.000 ₫,Tuyên Quang,"https://lh5.googleusercontent.com/p/AF1QipOQ3b34QaP7jVnSPfKa-l3aOuFE39CiXgyIzp8Q, https://lh5.googleusercontent.com/p/AF1QipNbTE3iYS4so4ZxOCAzNEcOAVutE8Y6emV3DPJx, "
Quán Ngon,252 P. Lý Nam Đế,"2,8",4,None,None,Tuyên Quang,
Nhà Hàng Cường Vịt - Vịt 18 món,Tuyên Quang,"4,3",38,None,100.000-200.000 ₫,Tuyên Quang,"https://lh5.googleusercontent.com/p/AF1QipOiupnoisYL2u01Xn7M7MxgRDhQYolIcmTvh6k7, https://lh5.googleusercontent.com/p/AF1QipMamHZqsuF-l-Beksg3kQHAFuWHViN3sgZpgmBO, "
Nhà Hàng Xuân Chuyên Baby Tuyên Quang,500 Đường Trường Chinh,"3,8",41,None,None,Tuyên Quang,"https://lh5.googleusercontent.com/p/AF1QipP1CJWcHHRg14yBr5ICM5pb5MsYlpy472Xnm9mI, https://lh5.googleusercontent.com/p/AF1QipOG7i77cNCchiPzz04AoRVLXBxr33RyVfm0oiJ8, "
Nhà hàng Hoa Mai,Tuyên Quang,"3,8",38,None,None,Tuyên Quang,"https://lh5.googleusercontent.com/p/AF1QipM4apEiLVH4C9kqbiLkBA4ACkzs0mazdATu21Ek, https://lh5.googleusercontent.com/p/AF1QipNZCyyTepAdSaFdUWg-j5aCmEZDbrS4IgBZ4QRy, "
Bến Sông Xưa,5 Đ. Chiến Thắng Sông Lô,"4,5",31,None,200.000-300.000 ₫,Tuyên Quang,"https://lh5.googleusercontent.com/p/AF1QipNdOAN9gMORK5bfny1I7Obo12nxwaAcCjJA7h_8, https://lh5.googleusercontent.com/p/AF1QipPlLlYj8iAJzAY2BxTpVDDgWYjSAvk5ixe7FoyG, "
Chè Ngon Tuyên Quang - Chè Thái Hương - Heng Chè,158 Đ. Quang Trung,"4,6",45,None,None,Tuyên Quang,"https://lh5.googleusercontent.com/p/AF1QipM9xoBnD1q74Whd6bulVgiep7gmWO2s3Rkh4Wo9, https://lh5.googleusercontent.com/p/AF1QipOhxx3c88jVMhgbenA55cKT9SnrHlsWYOI8ztzU, "
LÂM QUÁN,10 Đ. Trần Hưng Đạo,"4,3",23,None,None,Tuyên Quang,"https://lh5.googleusercontent.com/p/AF1QipNrcyX4R9AGj8GpW-1OhAIgGbxRsaEbD4o5Owkc, https://lh5.googleusercontent.com/p/AF1QipNXuTi3C4agNHfcTRTMmB7niZcBdq75XJuPUxrC, "
Nhà hàng Garden BBQ,87 đường Đ. Chiến Thắng Sông Lô,"4,0",62,None,200.000-300.000 ₫,Tuyên Quang,"https://lh5.googleusercontent.com/p/AF1QipNCWXhOkhDH1flqWN5ZRM1Bt204B1Gi9uqNHfU0, https://lh5.googleusercontent.com/p/AF1QipObcX2pNyhrWH1vyoUsY4DEAklbNVgkzhqvCxF0, "
Nhà Hàng Thái Công Thịt Chó Chặt,R683+M9X,"4,0",61,None,None,Tuyên Quang,"https://lh5.googleusercontent.com/p/AF1QipPavgE0s-aANcWrH8C0Yi4T-71jk-hTA3JSN97m, https://lh5.googleusercontent.com/p/AF1QipMWrB5t-gMz5769wdoCobuAy8XiHf51PFQu0wc5, "
Nhà Hàng Dân Tộc Quán,"25, P Tân Hà","3,9",8,None,None,Tuyên Quang,"https://lh5.googleusercontent.com/p/AF1QipP30ymyZi4lPckYpR5LCk2plrMuZiVvedHWGOJp, https://lh5.googleusercontent.com/p/AF1QipN4qLj91AXX1yOiSTiRkoccRn_GidjO_5bFFWqL, "
Ngã 8 Quán,Tuyên Quang,"4,3",92,None,1-100.000 ₫,Tuyên Quang,"https://lh5.googleusercontent.com/p/AF1QipNVMdxkOumqE3kk4l-aghMOeLZhu37e7_tZgziH, https://lh5.googleusercontent.com/p/AF1QipPwA0t-DzQLgqNjjpLpx-QnjaJfkfVZijNrbOxo, "
Lẩu Ếch Khánh Đồng Tuyên Quang,136 P. Lương Sơn Tuyết,"3,9",14,None,100.000-300.000 ₫,Tuyên Quang,"https://lh5.googleusercontent.com/p/AF1QipN1LVNZ12hLeASY3TjSq1JhVZnauY4I6_JjC3vd, https://lh5.googleusercontent.com/p/AF1QipMYaPFkuQ28rVLVkgNThlJdX2VZZHUBorSqcqDB, "
Quán cơm ngon Quang Hòa km9 xã thái long tp tuyên quang,"P6RJ+M6C, QL2","4,0",1,None,None,Tuyên Quang,"https://lh5.googleusercontent.com/p/AF1QipOZxnaCpQLKfqOAe-Wn43iZ8kBjMXTPlRJ43MII, https://lh5.googleusercontent.com/p/AF1QipNK-0qsk2eb3sssJLIYjqmntimTBZB_B9aCbG8B, "
CẨM ĐIỀN QUÁN (Phở Chua Ngọt ),346 Đ. 17 Tháng 8,"4,2",13,None,None,Tuyên Quang,"https://lh5.googleusercontent.com/p/AF1QipNw-15fHjLWel1OdLhT6cM6-1xY9I22kW3-zSz_, https://lh5.googleusercontent.com/p/AF1QipPwAWRFq9ne1w-9cyeaVhF_36wXeaHp4oQGSNDo, "
CẨM ĐIỀN QUÁN (Phở Chua Ngọt ),346 Đ. 17 Tháng 8,"4,2",13,None,None,Tuyên Quang,"https://lh5.googleusercontent.com/p/AF1QipNw-15fHjLWel1OdLhT6cM6-1xY9I22kW3-zSz_, https://lh5.googleusercontent.com/p/AF1QipPwAWRFq9ne1w-9cyeaVhF_36wXeaHp4oQGSNDo, "
Lẩu Nấm Cường Sâm,54 P. Song Hào,"3,9",17,None,200.000-300.000 ₫,Tuyên Quang,"https://lh5.googleusercontent.com/p/AF1QipMawoLrs2uAh33vphNLtCifUrhQbs76hjK3E3-l, https://lh5.googleusercontent.com/p/AF1QipOL9qU1DsceAaMvRyZ8yAitSa4zFyGfrg1e-kz-, "
Xì Quách Quán-Lẩu cơm gọi món,Số 86 Đường Đ. Bình Thuận,"3,5",12,None,None,Tuyên Quang,"https://lh5.googleusercontent.com/p/AF1QipP98Wi6WEInxyapIy0diTfRLp1qPgTYkl_ZKlZB, "
Hankuk Gogi BBQ,186 P. Lý Nam Đế,"4,1",31,None,None,Tuyên Quang,"https://lh5.googleusercontent.com/p/AF1QipMeTZ-tUR5qSdAoCWX4TvG_fzwjSHiDCt2r7npa, https://lh5.googleusercontent.com/p/AF1QipPdZyplPzpf4fmXiuKMTi7nTCDNyEVDFysU8QeC, "
Quán Cá Vân kiên,R676+4GM,"3,6",34,None,None,Tuyên Quang,"https://lh5.googleusercontent.com/p/AF1QipMjlZOOSFs5Vy1Xx_DsXJadDQSMS69oLOKOAM6Z, https://lh5.googleusercontent.com/p/AF1QipOwdviahjLfnQc0eC_7IwdkczM0e8vP1AzJzi_6, "
Asahi BBQ Tuyên Quang_Nướng Lẩu - Sushi,28 Đ. Chiến Thắng Sông Lô,"4,0",76,None,100.000-300.000 ₫,Tuyên Quang,"https://lh5.googleusercontent.com/p/AF1QipP1ehYnawS0RauTFdq9YFTYKG7I3jHYHSrD9oRh, https://lh5.googleusercontent.com/p/AF1QipN6Iv2OjKk_yvJ8YOyq_u71V0A5eusIvhnbFWsl, "
Phở Lý Quốc Sư,Tuyên Quang,"4,1",26,None,1-100.000 ₫,Tuyên Quang,"https://lh5.googleusercontent.com/p/AF1QipPcV1eFzZt0wofif-VnME4FrPWbYmjUtWZQLIH4, https://lh5.googleusercontent.com/p/AF1QipMEVf7bVmjf7vixZoni5IgKz2DvafpdpDzxPTai, "
Nhà Hàng Chiến Thùy Tuyên Quang,P7PH+W49,"4,0",22,None,None,Tuyên Quang,"https://lh5.googleusercontent.com/p/AF1QipNpqG2Xm9bxQdCeQpa54b_bAp5iREQmH21W6zqy, https://lh5.googleusercontent.com/p/AF1QipPEhVgIuI2Ju2VqIplmcS7J6022fAa6typ6WTa-, "
Royal Plaza Center Tuyên Quang,Đ. Lý Thái Tổ,"4,4",45,None,None,Tuyên Quang,"https://lh5.googleusercontent.com/p/AF1QipM6nrTfkk6-ZrX6VQLK-2HZ94BU2kqm3JZacLHY, https://lh5.googleusercontent.com/p/AF1QipPaHPPfl6DVS1rDAxf8qXqOsrvX7hoK_m3RrtC7, "
Nhà hàng Godden lotus,24 Đ. Chiến Thắng Sông Lô,"4,0",3,None,None,Tuyên Quang,"https://lh5.googleusercontent.com/p/AF1QipPzYlRS_umPr3afQIL-F5Y7AF6pq_-caLPA7osX, https://lh5.googleusercontent.com/p/AF1QipN5DQCZ_j-bIbvl3SlztHMvdZNyCjqEgsHjqeIq, "
Phở Minh Hải,57 Đ. Chiến Thắng Sông Lô,"4,0",2,None,None,Tuyên Quang,"https://lh5.googleusercontent.com/p/AF1QipNSOzkEP3lOSn0bsQh76XTvZM0MU1li7xkOqDGm, https://lh5.googleusercontent.com/p/AF1QipPfe8fPvEEdoGFWwIfrESaeXR2GpUUJY1xdzykX, "
the food house,"R6C2+8WC, Đ. Quang Trung","4,0",9,None,None,Tuyên Quang,"https://lh5.googleusercontent.com/p/AF1QipO2gA3chrDsG5uivJOHQD6NZ_QjYd-1JKybNOA9, https://lh5.googleusercontent.com/p/AF1QipNGZ3-CX0OBrrSU10m4ZQdM_U-TLwpK_8m764E2, "
Phở Bò gia truyền Cồ Kháng,"R687+984, Đ. Bình Thuận","3,9",112,None,1-100.000 ₫,Tuyên Quang,"https://lh5.googleusercontent.com/p/AF1QipOEhI6QLu4Xw3CrthHyVSmMIL-H1mQrgzaQdlEu, https://lh5.googleusercontent.com/p/AF1QipNB4NutDQcnkpqqKrfLEeWl_gemaGlSAQ0bA8KH, "
Gà Mạnh Hoạch,Đ. Trần Phú,"3,8",84,None,100.000-200.000 ₫,Tuyên Quang,"https://lh5.googleusercontent.com/p/AF1QipOysbWyIzvZjQTgRqSPeHaSs0kPTHe3yTlYLXiY, https://lh5.googleusercontent.com/p/AF1QipP12lQT4zMbgWjTWpCGYIZ8CFqu7rGKu0WuNNZF, "
Nhà Hàng Nam Nga,"R692+V3W, P. Hà Tuyên","4,3",14,None,None,Tuyên Quang,"https://lh5.googleusercontent.com/p/AF1QipMEDkmJtqz8meBiYF_9ybTQHPXn1xTNpYW7KLUp, https://lh5.googleusercontent.com/p/AF1QipNybP3gbN47F7g8fEINlf4RypSyErlXIaeyH0AZ, "
Lẩu Thái Huto,Đ. Đinh Tiên Hoàng,"5,0",2,None,None,Tuyên Quang,"https://lh5.googleusercontent.com/p/AF1QipN46m9af_JSulER0jO1N6PAkb84_iZeZD5V7f-J, https://lh5.googleusercontent.com/p/AF1QipOWU0P2om0eABWMA8an2plClKVx7c2NH01DgoRT, "
Lẩu Ngựa Chỉnh Trâm,26 Đ. Phan Thiết,"3,5",2,None,None,Tuyên Quang,
Quán Ăn Hạnh Hùng,111 Đ. Chiến Thắng Sông Lô,"3,4",5,None,None,Tuyên Quang,"https://lh5.googleusercontent.com/p/AF1QipMrPxPRHwhVnuCwlqzPmvq9gWDCdgR2va1NWpeL, "
Lẩu bò giáo sĩ Tuyên Quang,199,"5,0",1,None,None,Tuyên Quang,"https://lh5.googleusercontent.com/p/AF1QipOjj4vcfSED7dQX41C1fAsZhQbcKjBmtiaGOQu0, https://lh5.googleusercontent.com/p/AF1QipPGX5Q_RJXd0ywmMV8xCwQQNby-SZK-FtIGOina, "
Thảo Mộc Tửu,R697+R66,"4,0",37,None,None,Tuyên Quang,"https://lh5.googleusercontent.com/p/AF1QipMgU-7LH2REpaMj_el4kBcKZq17X9BrkH-R4yg4, https://lh5.googleusercontent.com/p/AF1QipP4JNEgYt3HGyj-OfyEEni6-JfXqlfShraIGaB7, "
Khu Ẩm Thực TP Tuyên Quang,R6HC+F8,"4,0",1,None,None,Tuyên Quang,"https://lh5.googleusercontent.com/p/AF1QipM4RaDIUIiglKtBubfKIlhbl5Gt_QvO85i_DTEn, https://lh5.googleusercontent.com/p/AF1QipPxOB72uL-mEbaxhnEZ-zCs9FVUEvlwWAsxfVfN, "
GÓC QUÁN - ĐỒ ĂN ĐÊM,221 Đ. 17 Tháng 8,"3,0",3,None,None,Tuyên Quang,"https://lh5.googleusercontent.com/p/AF1QipObddWGmrNcpQK9qwV96rpbJfpFb7TKYGIttnZk, "
Hanos 75,75 Đ. Bình Thuận,"4,0",24,None,None,Tuyên Quang,"https://lh5.googleusercontent.com/p/AF1QipNH7xGbXgzQL304BACK_t7Vh7xcj9L7ahv2VjyM, https://lh5.googleusercontent.com/p/AF1QipMIO_PtUtvSKdzCR_ALXvTQxzPLQZkIS-ntO1J8, "
Nhà Hàng Phúc Lộc,km 9,"3,8",335,None,1-100.000 ₫,Tuyên Quang,"https://lh5.googleusercontent.com/p/AF1QipObvz5vzC3yhltAp-iwIi4XcsoZSv2Gws_w1uwP, https://lh5.googleusercontent.com/p/AF1QipMswaOeGqi0AlYOE25qmdsk0FF9Ol9HJrEZnA6Z, "
Quán Lá Thắng Quân,P64G+WX2,"3,6",39,None,None,Tuyên Quang,"https://lh5.googleusercontent.com/p/AF1QipMWroKSyjmQAIQOy85jnPBDwRu67rNLAibS-Tyc, https://lh5.googleusercontent.com/p/AF1QipOof5L45ZgwJ1jfDGd0RRG0l6RgRDmXcAawjRBD, "
Nhà hàng Siêu thị Hải sản Biển Đông,55 P. Hà Tuyên,"4,7",3,None,None,Tuyên Quang,"https://lh5.googleusercontent.com/p/AF1QipO0kHu8D_2irMwvJUq0drJRvJDjzUyt5W-iRGzX, https://lh5.googleusercontent.com/p/AF1QipPZprsJkRkq5TC-cFwnPsjnZySK1IRIJuvbclnS, "
Jollibee Vincom Plaza Tuyên Quang,260 Đ. Quang Trung,"4,8",49,None,1-100.000 ₫,Tuyên Quang,"https://lh5.googleusercontent.com/p/AF1QipNMMOcdSLevgiNpd5DX9AaFWuma0ebF7YN9ZIjn, https://lh5.googleusercontent.com/p/AF1QipPo0j_nopoOAucvZw8napjvdrnXkA0lnAsQ-kPH, "
Quán Ốc.35,140 Đ. 17 Tháng 8,"4,3",8,None,None,Tuyên Quang,"https://lh5.googleusercontent.com/p/AF1QipNKk3G85oyeaOAPKYCEFfelIvo9XYOXs5NSc9HW, https://lh5.googleusercontent.com/p/AF1QipPpSL_G9N7U47wbjcjAMWkz-hRDS_UScPnVtNBG, "
Gà Rán FKT Tuyên Quang,Tổ 14 Đường Bình Thuận,"5,0",27,None,None,Tuyên Quang,"https://lh5.googleusercontent.com/p/AF1QipOsWZjkh0KBEIQAmjHdago27mLRjobhtXuWegfG, https://lh5.googleusercontent.com/p/AF1QipO19B4On-fUEClzEIe790pQbWdyCIKJBRjbsat-, "
Nhà hàng Sơn Thủy 168,Tuyên Quang,"4,0",175,None,200.000-300.000 ₫,Tuyên Quang,"https://lh5.googleusercontent.com/p/AF1QipMRV_vOX6HDWfsDhaRsog3J1LZwE5LtB0hUtQ8w, https://lh5.googleusercontent.com/p/AF1QipMWn1Qw4S8eMsyTt1h72EhiYvWeY0IVyZSrrMut, "
Lẩu Thái Su Ki - đối diện cổng bể bơi Royal,4 Lê Lợi,"3,9",18,None,None,Tuyên Quang,"https://lh5.googleusercontent.com/p/AF1QipOn4fdIswPmJ_xG8InPtNWrrSnY3NFPvE-tkNw-, https://lh5.googleusercontent.com/p/AF1QipPnhuWMZPfsHqMYGrEq2yfxo2EQAhtoCWfCO7NK, "
Phở bò Nam Định,481 Đ. 17 Tháng 8,"4,1",64,None,None,Tuyên Quang,"https://lh5.googleusercontent.com/p/AF1QipPYdUD7N3SYiDmijjlM-_pG6jfoikBJpUNrdJoI, https://lh5.googleusercontent.com/p/AF1QipNtsC8O3f1ViW00_bSdj3rs4_djOCJjhO3uthR8, "
Quán nướng Trung Quốc,10 Đ. Lý Thái Tổ,"4,8",4,None,None,Tuyên Quang,"https://lh5.googleusercontent.com/p/AF1QipMDqmImVMFOd04s45WpxzJFX4zFKrqt0a3BryIL, https://lh5.googleusercontent.com/p/AF1QipPXlqxY7i_0yq6lrdvfOiSAl2Q8TVdqqNu9g4Os, "
Bánh cuốn Nguyệt Bích An,53 P. Nguyễn Bỉnh Khiêm,"4,5",15,None,1-100.000 ₫,Tuyên Quang,"https://lh5.googleusercontent.com/p/AF1QipOcxDNkdYflfWxCR6VoACB23PyJ2P1O4E02CmTH, https://lh5.googleusercontent.com/p/AF1QipPRJmCCZwuKs-jwPBEyVZ7CaVuQRCC77pniT91_, "
BÚN CÁ DUY HƯNG,Rạp Tháng Tám,"4,1",40,None,None,Tuyên Quang,"https://lh5.googleusercontent.com/p/AF1QipPGn7pD_VgQ9894P-o-QT3hKSlxbOVnDtDzaRff, https://lh5.googleusercontent.com/p/AF1QipNOz2P_cnFEhuZ_3BaJIYYO68We-9fUmAM2iNr7, "
Natcha Thai,87 Đ. Chiến Thắng Sông Lô,"4,5",6,None,None,Tuyên Quang,"https://lh5.googleusercontent.com/p/AF1QipOJOOPt23YSpAy2Wyp4D3R39zWKSyeL3-5rFg83, https://lh5.googleusercontent.com/p/AF1QipO57cGmwSNxIu0RnIrUM77UWG1mheQvbcxTWDnj, "
Nhà Hàng Khách Sạn Tuyên Thoa,"388, Đường 17 Tháng 8, Phường Phan Thiết, Thành Phố Tuyên Quang, Tỉnh Tuyên Quang","5,0",1,None,None,Tuyên Quang,"https://lh5.googleusercontent.com/p/AF1QipNh82YV7pkUsMXNQZAH8u9oOmzrLfZBt9tIcK_k, https://lh5.googleusercontent.com/p/AF1QipMMvSvjofFyidN5CXWcAlOYf2G1usax1wM3qBnw, "
Ốc Đảo Restaurant,275,"3,8",13,None,200.000-300.000 ₫,Tuyên Quang,"https://lh5.googleusercontent.com/p/AF1QipOhM1TiUEYYvHhD65pAB00d4refs2B_lDFWBh4, https://lh5.googleusercontent.com/p/AF1QipOqGbs0MvtqbjfxVSy5bGFSVOs2fd47xUiu4og, "
Quán ăn tuyên quang,88 Phố Xã Tắc,"1,0",1,None,None,Tuyên Quang,
lẩu nướng khánh ngọc,R697+R55,"3,5",8,None,None,Tuyên Quang,"https://lh5.googleusercontent.com/p/AF1QipOKLDlg2KMzoeWi6PYjJjAf-qn2_qaQ6UIgPX_X, https://lh5.googleusercontent.com/p/AF1QipM6Ql5u6d2GZDDaD8x70F22mdvAA-szo7BCodq_, "
Le bang tuyen,P6HJ+QF5,"3,6",8,None,None,Tuyên Quang,
Bún Chả Thảo Vinh,"R666+2XG, Đ. Phạm Văn Đồng","4,1",41,None,1-100.000 ₫,Tuyên Quang,"https://lh5.googleusercontent.com/p/AF1QipMKDm7CcbAzbHj7uwcFnC7TlRkdloHrzcqCJgxc, https://lh5.googleusercontent.com/p/AF1QipMH_JE8ZniGUSHPgPEk-FmD-peWxZqljAI_sBrj, "
Cháo Dinh Dưỡng Huyền Trang,"P6JR+7CV, Đường An Hòa","4,7",3,None,None,Tuyên Quang,"https://lh5.googleusercontent.com/p/AF1QipOBwKauDOQlTtIOvuFkZkyuLligIezifJbQ4wJK, https://lh5.googleusercontent.com/p/AF1QipNd6gpei49_7i1LlcqlrZlutvd_6nMnfnhMUsWl, "
Gà rán FiveStar Tuyên Quang,222 Đ. Phạm Văn Đồng,"4,8",5,None,None,Tuyên Quang,"https://lh5.googleusercontent.com/p/AF1QipN7KhWnmVyuMwucVWgMMQ6c39hxsaPpaj3na-tj, https://lh5.googleusercontent.com/p/AF1QipPtH0OcqLnn7vwEw4DiorWIkcPG73Yatkq25S_e, "
Bún móng giò diện vạn,184 Đ. Nguyễn Trãi,"4,5",4,None,None,Tuyên Quang,"https://lh5.googleusercontent.com/p/AF1QipPMA068RdOOhUPm3FnxcO3U8esv8XcujvrfQe1J, https://lh5.googleusercontent.com/p/AF1QipOtNRHwpzP71ouY0abv2k6YZDf8tHvnTNGduoRI, "
Nhà Hàng Bến Sông Xưa!,68 Đ. Chiến Thắng Sông Lô,"3,0",1,None,None,Tuyên Quang,
Quán lá Nguyễn Quang,"Q455+M2C, QL37","4,4",21,None,100.000-200.000 ₫,Tuyên Quang,"https://lh5.googleusercontent.com/p/AF1QipPpdB1dM1fkrnGN2pFXjqBZ9JzwHkPLnzTFxNoM, https://lh5.googleusercontent.com/p/AF1QipOpvNBx28FH7AlSlMpUB8tuIyhoNVJtZPDsjl4A, "
Nhà Hàng Tùng Bách Quán,km 12,"4,8",5,None,None,Tuyên Quang,"https://lh5.googleusercontent.com/p/AF1QipON7stAumO0Pud1ogpfp5ApdVTppm18ifzk7nuD, https://lh5.googleusercontent.com/p/AF1QipMNzGos7HIsZ82X1hCjuJPeXVSEQrCv72rtIGA0, "
Bún chả huyền trang,"126, Thôn Sông Lô 3","5,0",6,None,None,Tuyên Quang,"https://lh5.googleusercontent.com/p/AF1QipOuAS_imW1z9aU310rjq9bvA7IQSnhyqRrbnk_b, https://lh5.googleusercontent.com/p/AF1QipMc-R3XLY8TielVKCum_-e9n6-fLvMBproddjYf, "
Quán Cơm Phở Hải Yến,"Q6R9+R42, Đ. Phạm Văn Đồng","3,0",1,None,None,Tuyên Quang,
Bia Nguyên Vượng,"R67F+MGF, QL37","3,8",15,None,100.000-200.000 ₫,Tuyên Quang,"https://lh5.googleusercontent.com/p/AF1QipPwZ6yWm7ha6y2jyVeJin9q8RxtYYXmVsZXHLns, https://lh5.googleusercontent.com/p/AF1QipM0Qf7SPRUdOpxj3K1IoHVEWAX_7t4ln0wFobIS, "
"Quán lẩu bò ""Ngon Nhất"" tuyên quang",219 Đ. Trần Phú,Chưa xét,0,None,None,Tuyên Quang,
Quán ăn đêm Gia Bảo,58 Đ. 17 Tháng 8,Chưa xét,0,None,None,Tuyên Quang,
Royal Palace Hotel Tuyên Quang,"176A, đường Bình Thuận, thành phố Tuyên Quang","4,1",779,None,None,Tuyên Quang,"https://lh5.googleusercontent.com/p/AF1QipMRqqJyHCqpxexb0slUGeTi-KZ7GhVK82Ovbcsw, https://lh5.googleusercontent.com/p/AF1QipPOSi33nJ0BUJzm0ZTvwoNYbKE2bBGRfTP6Y3nV, "
Hải Hằng Gốc Nhội,139 Đ. Trần Hưng Đạo,"5,0",1,None,None,Tuyên Quang,"https://lh5.googleusercontent.com/p/AF1QipOiix3fxnroU3PS3ggSPvL0KiFmyGJ08xGrGalx, https://lh5.googleusercontent.com/p/AF1QipMYX_ud15REF8zt1_Gu4hYM9PJCGL4TQbMu1bbn, "
Gà rán Hàn Quốc eNggO Tuyên Quang,27 Đ. Bình Thuận,"2,0",11,None,None,Tuyên Quang,"https://lh5.googleusercontent.com/p/AF1QipMJ5PnEWoNRIP02ZcIBSRXCfGLspcS90speqxCB, https://lh5.googleusercontent.com/p/AF1QipMaWj2RlIo_fRpKmls4eXkPNk3BbHyRp92neeA, "
Phở gà 82,339 Đ. Võ Chí Công,"5,0",4,None,None,Tuyên Quang,"https://lh5.googleusercontent.com/p/AF1QipON5ca6pWROPTgQlN256aKfI-KDfvni7VBuskOG, https://lh5.googleusercontent.com/p/AF1QipM2-Ey7zleOgzYvbclQif3wfNbMIVbiOyhTYv0n, "
Lẩu Lòng Bò Tuyên Quang,R59J+3HR,"3,0",1,None,None,Tuyên Quang,
Phở 82,67 Đ. 17 Tháng 8,"3,9",14,None,1-100.000 ₫,Tuyên Quang,"https://lh5.googleusercontent.com/p/AF1QipN08Yxmn0WsFfzgdbSQU7D-3qBhg6aSjvVwmvQ, https://lh5.googleusercontent.com/p/AF1QipOHtb-1dncG0h8SQwHqeY7SkLMFOM902zEvc9E, "
Nhà hàng Nhiên Hiên,"QFGG+7WR, Unnamed Road","4,6",31,None,200.000-300.000 ₫,Tuyên Quang,"https://lh5.googleusercontent.com/p/AF1QipPZ_TgZY34PUyXxP7LqTavwEc76kxC0tky4jQXL, https://lh5.googleusercontent.com/p/AF1QipP1S4BHKGzMIFeq5AbLQrZOXbqx0hKxOKWLhxhZ, "
Nhà Hàng Thiên Tân,56E Phạm Thái Bường,"4,0",945,None,None,Vĩnh Long,"https://lh5.googleusercontent.com/p/AF1QipMr4guslR0NNNd58OZ1EQ_UsiC7rDbLgMh4PpwK, https://lh5.googleusercontent.com/p/AF1QipNwVkUVhrdeCCfmJiCgGKUjK0ovRAKwlP1UGOGz, "
Nhà hàng Hương Sen,315 Phạm Thái Bường,"4,1",703,None,None,Vĩnh Long,"https://lh5.googleusercontent.com/p/AF1QipMcf1Zb7zJ6CdhLZla7CKeflPRIfs2XhMkz579k, https://lh5.googleusercontent.com/p/AF1QipNHVOtcply05dZ59G0UmkCSYczPuWBX80SXfP1j, "
Quán Lẩu Tài Có,7 Trần Đại Nghĩa,"4,2",141,None,100.000-200.000 ₫,Vĩnh Long,"https://lh5.googleusercontent.com/p/AF1QipPmLBI2TPqYG9HGF_DVUZ2t5c90g1zOxiOOIJSb, https://lh5.googleusercontent.com/p/AF1QipN5p-rch6HXuq2a1fNXIvpi5RjjYGgI8WkaaHHa, "
Quán cơm Tân Tân,6 Trưng Nữ Vương,"4,4",195,None,100.000-200.000 ₫,Vĩnh Long,"https://lh5.googleusercontent.com/p/AF1QipM-28KryV4hGj4kd0nAI8sV08tXtE4-458VPD5D, https://lh5.googleusercontent.com/p/AF1QipNQCXQ5foxrk3aidZvpHxqp1CfLdh6BFG8Xqki8, "
Mèo Ú Kitchen,"60/11B, Mậu Thân","4,2",252,None,1-100.000 ₫,Vĩnh Long,"https://lh5.googleusercontent.com/p/AF1QipMLSkkVzZK8duq4X1O0fKwanGFlDP5RMSfh2JxH, https://lh5.googleusercontent.com/p/AF1QipMQ_gIuQnhLexILjhjO4iNRZUhRI24SHpKmDV1c, "
Nhà Hàng Phương Thủy,1 Phan Bội Châu,"3,9",272,None,100.000-200.000 ₫,Vĩnh Long,"https://lh5.googleusercontent.com/p/AF1QipMpATqrF687fBhXqUD-aFZFY29aIUXl-NWFYabM, https://lh5.googleusercontent.com/p/AF1QipPOVByCiRm0fep4urOfw4ZdfvohRsDei9afmkwz, "
Nhà hàng Đức Phát Hoàng Gia,68/8D Phạm Thái Bường,"4,3",1 N,None,None,Vĩnh Long,"https://lh5.googleusercontent.com/p/AF1QipPwYYco7MwPGJ9v_9yyUcmGrEkS5tumTHvCmA41, https://lh5.googleusercontent.com/p/AF1QipPwOTNb4jEz1AtQ0FjWIDB0m98A9KlOX217X_dB, "
Phở 91,91 Đ. 2 Tháng 9,"4,1",160,None,1-100.000 ₫,Vĩnh Long,"https://lh5.googleusercontent.com/p/AF1QipORxSFzHo4reFB3qdRzAF2WcfSkOjdBZiyhfbOf, https://lh5.googleusercontent.com/p/AF1QipNtPZaE0zE1Hw8qYemQlhtvo6QBNQyKMlLFIgnx, "
Nhà hàng ẨM THỰC PHỐ,Phạm Thái Bường,"4,3",46,None,200.000-300.000 ₫,Vĩnh Long,"https://lh5.googleusercontent.com/p/AF1QipNYvcYSgQ3RIaIVo7r_dezcF89UbGiiBg7zRFOx, https://lh5.googleusercontent.com/p/AF1QipOQJwGes-uxt8tNdns-pw849SZZwajNvPBU3yPC, "
45 Sủi cảo - Cháo lòng - Hủ tiếu (45 nguyễn thái học),45 Nguyễn Thái Học,"4,5",65,None,1-100.000 ₫,Vĩnh Long,"https://lh5.googleusercontent.com/p/AF1QipPqPeAfodxAefzreLNLXnNLgTiSBOrGzSBXtLQ_, https://lh5.googleusercontent.com/p/AF1QipOytLzqRhxc2XBk8El4LKP8VC0K9_RaiHeEsEVZ, "
ẨM THỰC CHAY HOA SEN VĨNH LONG,191/2 ĐƯỜNG LÒ RÈN,"4,5",206,None,1-100.000 ₫,Vĩnh Long,"https://lh5.googleusercontent.com/p/AF1QipOmvVehzgU1g7iYQi-RQLyod5X5yDcm7-H7o7jg, https://lh5.googleusercontent.com/p/AF1QipMtaMroqHOdq3EgmFkaWiyImwuNQdKkurPZaCrR, "
Quán Trưng Vương,290 QL1A,"3,8",1 N,None,100.000-200.000 ₫,Vĩnh Long,"https://lh5.googleusercontent.com/p/AF1QipO-mwdjDtf3Ephmrkuv-yQLrZ7pQzPwPHiRq5mw, https://lh5.googleusercontent.com/p/AF1QipNYIT58TB18FhkH7miDEOKRr-7_bL4zS1Y39Y3e, "
Quán Bà Hến,6XP8+VGP,"4,3",199,None,200.000-300.000 ₫,Vĩnh Long,"https://lh5.googleusercontent.com/p/AF1QipOjxCGZ-m6NmfUJHGIwoBbEW9H89T1MK1bB3SFq, https://lh5.googleusercontent.com/p/AF1QipN2UlyF5RdKcW0_no7HMBmNSRx_GuYtlpVfeNJy, "
Quán Hải Sản Những Người Bạn,27b Phạm Thái Bường,"3,9",153,None,100.000-200.000 ₫,Vĩnh Long,"https://lh5.googleusercontent.com/p/AF1QipMzDZVlK4THAzGfqxQYsePEdVJUGDbSjM8ZUDmg, https://lh5.googleusercontent.com/p/AF1QipPZJM5CmDnXQAZYrrKXCPIaBEEQVBL-NW5vXj8x, "
Quán Nhà Sàn- lẩu gà nòi-quốc lộ 1A,176 Tân Xuân,"3,9",16,None,100.000-200.000 ₫,Vĩnh Long,"https://lh5.googleusercontent.com/p/AF1QipMU_ZyViEejA53HOKFD17E8gYxlwIYoEd4-g1Op, https://lh5.googleusercontent.com/p/AF1QipPs6sW8Vxx4oMRUcqMR3Ws81Z-OwQY97Qd594HQ, "
Tiệm Ăn Đồng Khánh Vĩnh Long,49B Đường 2/9,"3,8",24,None,1-100.000 ₫,Vĩnh Long,"https://lh5.googleusercontent.com/p/AF1QipMN764xLs_23rcQR4if3Q1QaXjMHbi2K8TDDf-I, https://lh5.googleusercontent.com/p/AF1QipMHiLC9tL51-kiPpMliRsMmVxD9fQf_hcJyQKV2, "
Quán cơm văn phòng,41 Đường Nguyễn Thị Minh Khai,"4,4",73,None,1-100.000 ₫,Vĩnh Long,"https://lh5.googleusercontent.com/p/AF1QipP9u9VjYsg1GFkXScrWWzaB1h_eW99DpHqzPePF, https://lh5.googleusercontent.com/p/AF1QipO-gmg4NwYu03Gh84nJu-dwGtdQrXVktUfpgt89, "
King BBQ Vincom Vĩnh Long,55 Phạm Thái Bường,"3,9",184,None,300.000-400.000 ₫,Vĩnh Long,"https://lh5.googleusercontent.com/p/AF1QipPS9weP57BJtbowfrstAnLKqfqYfL2aCpFBtTW9, https://lh5.googleusercontent.com/p/AF1QipMlVYigXt6VVjWS5_mbiT0-0dGm7T2l4SVawiju, "
Quán cơm chay Lạc Viên,3 Đ. Phạm Hùng,"4,2",123,None,1-100.000 ₫,Vĩnh Long,"https://lh5.googleusercontent.com/p/AF1QipMi3oqCGLhEy-JFwd_1nKBYFS_7tojRwDNO0AHX, https://lh5.googleusercontent.com/p/AF1QipNbx00GFPdKfjkHM5s_Exn2_YHTqXgbHpsD0ViG, "
Ngựa Hoang Food & Beer,38d Trần Đại Nghĩa,"4,7",155,None,None,Vĩnh Long,"https://lh5.googleusercontent.com/p/AF1QipPWNNpyZCfEfCeTm8DRUDd8J3IrTkYyDhtK7J9u, https://lh5.googleusercontent.com/p/AF1QipOXy3KTNg7EtMYr2FH_alzs0Xo7haxtWIhZbYTP, "
Bún Đậu Mẹt Vĩnh Long,61/79 đường Mậu Thân 2,"4,3",152,None,1-100.000 ₫,Vĩnh Long,"https://lh5.googleusercontent.com/p/AF1QipNPy7c4UyMju8nGLL8hYuAQJo0VQlHDgB4yXGdg, https://lh5.googleusercontent.com/p/AF1QipN3E_DZfLXuSux3Tjw_NrLk4j4hF8dNBB7EwoCh, "
Nhà hàng Hương Đồng Biển,Vĩnh Long,"4,2",47,None,None,Vĩnh Long,"https://lh5.googleusercontent.com/p/AF1QipPjmPp9GMvhJpiQhZOitSbTclzd59hxr4s6bs1P, https://lh5.googleusercontent.com/p/AF1QipO_4Md0apOxbQmaQu-KOweJ2CSA_5JvNn84Img, "
Cơm Tấm Cô Tuyết,15 Lý Thường Kiệt,"4,6",53,None,1-100.000 ₫,Vĩnh Long,"https://lh5.googleusercontent.com/p/AF1QipN6kYcwZAwMJQyHsAYf1UteN9F6qzwNeLMkIu1X, https://lh5.googleusercontent.com/p/AF1QipMiVFsYba1XH3azHGQbiq4yq7CvBPj0nWrnApS4, "
Quán Mã Văn Tài,6XQJ+C8G,"4,2",94,None,100.000-200.000 ₫,Vĩnh Long,"https://lh5.googleusercontent.com/p/AF1QipOuCMCKas8nK6KuR9UD0GJNp5FhAJii8bohrj_R, https://lh5.googleusercontent.com/p/AF1QipPw96RB-ImklcEVz8y4MRjdlho40omxAf4VPmii, "
Lắc Kiu - Vĩnh Long (Lac Kiu Food & Beers),127 Nguyễn Văn Thiệt,"4,7",33,None,100.000-200.000 ₫,Vĩnh Long,"https://lh5.googleusercontent.com/p/AF1QipN7bH0sReBt3UhMBntAEyC6cQoQ8Ft_G-iJIADZ, https://lh5.googleusercontent.com/p/AF1QipNdZMI_OCa6qKWxRbYSsoF3Mbsnn8jYjtPqnzTH, "
Tàu Nhà Hàng Sông Tiền,"7X49+QCJ, Tô Thị Huỳnh","3,9",193,None,1-100.000 ₫,Vĩnh Long,"https://lh5.googleusercontent.com/p/AF1QipOQw0nF84vm3g5kHO5vpF8HBoDQRM5FmgEgfGyW, https://lh5.googleusercontent.com/p/AF1QipPZHUAJup3EnDF9aip3IW1H8YmtFlFnSC2rNJ7V, "
Cháo cá Miền Tây,"67/11a, Đ. Phó Cơ Điều","4,3",44,None,100.000-200.000 ₫,Vĩnh Long,"https://lh5.googleusercontent.com/p/AF1QipNaV_L_VRGe9DDnG6LDLG088qTlTrWSvHaYa5ej, https://lh5.googleusercontent.com/p/AF1QipMgP49rnP9J_AHLHQY8KAfz4DhnwStL2W9y_IwY, "
Lẩu Thái TOM YUM,71 Lê Văn Tám,"4,2",99,None,None,Vĩnh Long,"https://lh5.googleusercontent.com/p/AF1QipMDagJlVMSWvQg9BN_kaG61-_qy3Df7H_O6PefB, https://lh5.googleusercontent.com/p/AF1QipNZjEg7ISGQB2gYlgANKub3lYqlDDIEdLVmGn4d, "
Quán 44,15 Phạm Thái Bường,"4,0",29,None,1-100.000 ₫,Vĩnh Long,"https://lh5.googleusercontent.com/p/AF1QipMZ-b6Fn7NXsbsyZS-qOKMHOrd98Vz9GKO-xePH, https://lh5.googleusercontent.com/p/AF1QipPozDrjqXBaytcBLE04VoHAPQrjScQWiqvrU3Up, "
Quán Bà Tám,268 Nguyễn Văn Thiệt,"4,0",43,None,1-200.000 ₫,Vĩnh Long,"https://lh5.googleusercontent.com/p/AF1QipMf3gqByX5mWv4IRedgnLfIJUjzEhx1oiyDgxmm, https://lh5.googleusercontent.com/p/AF1QipMjVDd1rQ2EBSYnH7i_9o7luCXm7Cf9jaxJrzH7, "
Quán ăn Tài Có,"67/16a, Phạm Thái Bường","3,2",33,None,1-100.000 ₫,Vĩnh Long,"https://lh5.googleusercontent.com/p/AF1QipPjc1XBG3AO39KEE398PlF6s4gqR8rrjZljH_5Q, https://lh5.googleusercontent.com/p/AF1QipP3TYM2niTerCDlFz6IMv7VteJTjIAZHPFI8x9q, "
Lẫu mắm Ngọc Rạng,76 Mậu Thân,"4,6",30,None,100.000-200.000 ₫,Vĩnh Long,"https://lh5.googleusercontent.com/p/AF1QipOuhiewFNClu4QBxCz-ZRjcIrjj-rpc4Gr6C4wG, https://lh5.googleusercontent.com/p/AF1QipN-5bexma4PeAR1FmwJrfZZ_ysorLuvwMaMmB4g, "
Vựa hải sản VITACUA Vĩnh Long,31 Đinh Tiên Hoàng,"4,2",41,None,100.000-200.000 ₫,Vĩnh Long,"https://lh5.googleusercontent.com/p/AF1QipPdoj115UptlnoPzEhA7VFPuSvEShXzngX59FaV, https://lh5.googleusercontent.com/p/AF1QipPBVCuVBkE_3mzbZKIPZSZuQ6YkUWwJOnR1Whd4, "
Quán chay Âu Lạc,35 Trần Văn Ơn,"4,3",57,None,1-100.000 ₫,Vĩnh Long,"https://lh5.googleusercontent.com/p/AF1QipNeeomuIkclo5-cVvpt4um-AzaWkAaAyWIYxTsg, https://lh5.googleusercontent.com/p/AF1QipNjBF3lzVTbkzm6zEdMhlodo-PwhstH65oCgjRn, "
Quán cơm Tám Ri 1,QL80,"3,1","3,1 N",None,1-100.000 ₫,Vĩnh Long,"https://lh5.googleusercontent.com/p/AF1QipNlk7dvY9A55F7BSsJbetUn9JrZB2tyoCtae0hv, https://lh5.googleusercontent.com/p/AF1QipM9GguNRasgqBpnZFMjtwZYXTXK7gOo5POiUShk, "
Kichi – Kichi Hot Pot Vincom Vĩnh Long,"TTTM VC, 55 Phạm Thái Bường","4,3",79,None,300.000-400.000 ₫,Vĩnh Long,"https://lh5.googleusercontent.com/p/AF1QipPJSdtXjumSYGO2YEbXf0xZefbMUomx-vh-cqty, https://lh5.googleusercontent.com/p/AF1QipPmHS6gREJG5NKZgcQHb-QVQ_O0who7inV_D_yt, "
Quán Đô Bất Tử,116 Mậu Thân 2,"4,1",111,None,100.000-200.000 ₫,Vĩnh Long,"https://lh5.googleusercontent.com/p/AF1QipMaHyT4RbSRFVFLSBOOznptteXxIqcY9F4sj-ch, https://lh5.googleusercontent.com/p/AF1QipNIApIBY1QFEY3z6e6jVAifaQQBIAMsd-Gywuoj, "
NEM NƯỚNG CÔ TÁM,33/7 đường Mậu Thân,"4,9",37,None,1-100.000 ₫,Vĩnh Long,"https://lh5.googleusercontent.com/p/AF1QipNhwVJmkwxkzcZPTP9saadYqRV_Stc3SmSg8GYX, https://lh5.googleusercontent.com/p/AF1QipNmmqDAS6KCPvkxIz7dqsUX9fKwcPLHa6hxj0aG, "
Quán nhậu Huy Ốm,28/11 Trần Phú,"4,7",18,None,None,Vĩnh Long,"https://lh5.googleusercontent.com/p/AF1QipOf77Kwn3R6IYiAirUmo51YWQsi5f-E6lBiAX9C, https://lh5.googleusercontent.com/p/AF1QipNR2IkACkacuGp1iKoIitlfSF-rpg8bmRtjWA48, "
Mì Cay Seoul Vĩnh Long,33/13M Phạm Thái Bường,"3,1",175,None,1-100.000 ₫,Vĩnh Long,"https://lh5.googleusercontent.com/p/AF1QipObUOiI0r86D7BKMcb17RsRJZJZ8qU_XCgwxn3m, https://lh5.googleusercontent.com/p/AF1QipNW9c6OLnx_iRZhPzKSeLV9wHYc_l58_tK33u9N, "
Ốc Nguyễn Sài Gòn 2,6XVF+CMR,"4,6",22,None,100.000-200.000 ₫,Vĩnh Long,"https://lh5.googleusercontent.com/p/AF1QipMcfOAj9laWGHl6wtFLCP65-rgJ1bdTuBTMgVks, https://lh5.googleusercontent.com/p/AF1QipPvlqFW4BOUpJjx6iehn-1tC7lN1UbpE4arrOwF, "
Nhà hàng Paris 1987,106 Đường D8,"3,9",39,None,None,Vĩnh Long,"https://lh5.googleusercontent.com/p/AF1QipPvaknMrbrk8vMiVcIDK-AyBCEv-QG7BHOqEopz, https://lh5.googleusercontent.com/p/AF1QipNoJ7gOWjsYqp1jaxwKOElfN1uXKp_mSJN8ArW_, "
Tiệm Buffet Lẩu & Nướng Nhà Ngân,176 Nguyễn Văn Thiệt,"4,5",53,None,100.000-200.000 ₫,Vĩnh Long,"https://lh5.googleusercontent.com/p/AF1QipP3AhDiQk2OS0m-9s3zs9eAtCE_ZKAgIkpgTygx, https://lh5.googleusercontent.com/p/AF1QipN6gA3WgP48Wcol5TEqZLza4CCf7Dh9ESZcxJM, "
Quán lẩu Hakimi Vĩnh Long,148 Nguyễn Văn Thiệt,"3,5",50,None,100.000-200.000 ₫,Vĩnh Long,"https://lh5.googleusercontent.com/p/AF1QipOXIHIGohJCc-E6GediYwiT99m42xtW568cU6Pl, https://lh5.googleusercontent.com/p/AF1QipMT6CgEur89HVBvf55SLf0zl8m6du2htKwCvieB, "
Lẩu Bò Bảy Mập,168 QL53,"4,2",56,None,100.000-200.000 ₫,Vĩnh Long,"https://lh5.googleusercontent.com/p/AF1QipPYvUrHfh1NwxCvc0MDNLc8XQbvCiFsa48FAKAi, https://lh5.googleusercontent.com/p/AF1QipMc950fPAeRswA6741H0aScGjdQNn5OdROg9WpN, "
Nhà Hàng Hải Sản Gió Biển,43r Trần Đại Nghĩa,"5,0",25,None,None,Vĩnh Long,"https://lh5.googleusercontent.com/p/AF1QipNiQKQWq-k3I-QwsOzfT3EFxdzQtxmMirgcDqcl, https://lh5.googleusercontent.com/p/AF1QipNPcCZjzKQQylbjDuLYA-aljEBfVTAZOrtejBxe, "
Soowon BBQ Vĩnh Long,35 Đ. 3 Tháng 2,"3,8",66,None,200.000-300.000 ₫,Vĩnh Long,"https://lh5.googleusercontent.com/p/AF1QipPnKsjHX3DLdXTji4GWtFM2aVmSDn5h1vyOA_W8, https://lh5.googleusercontent.com/p/AF1QipOotUYnSkspgFWxXZsSvL11pdlLlcBAY8cPOO1b, "
Robusta Koi Garden,68/19 Phạm Thái Bường,"4,1",744,None,1-100.000 ₫,Vĩnh Long,"https://lh5.googleusercontent.com/p/AF1QipN-XjCzptOGdBI79H2JMLxNC0ut4AomUQs-pWQ_, https://lh5.googleusercontent.com/p/AF1QipOtYpNDrg54MgcQTk42Q59ffNwBpivaRRZ1iOjb, "
Cơm Niêu Thanh Vy ( Cây Xăng Đầy ),QL1A Tân Quới Tây,"5,0",111,None,1-100.000 ₫,Vĩnh Long,"https://lh5.googleusercontent.com/p/AF1QipN2DpyOwIdi_nZ2zkV3Zivvc_Aeg6fr6MDkvUx7, https://lh5.googleusercontent.com/p/AF1QipNWlv-9d4a47QyLlUEZc7XB6wxJnwfqm6Tu7fCp, "
Buffet 123,249 Nguyễn Văn Thiệt,"4,5",27,None,None,Vĩnh Long,"https://lh5.googleusercontent.com/p/AF1QipO65gGCQEBMH99W9CzmGnF9oAwVL2l459Zj1SBj, https://lh5.googleusercontent.com/p/AF1QipMIUtISJOnz2LXEH9oHMCqUj98jKc7FkjpW-nw, "
Nhà Hàng Hoàng Gia,41/1 Trần Phú,"4,3",7,None,None,Vĩnh Long,"https://lh5.googleusercontent.com/p/AF1QipOo_7R8oR5J4lBDkLsFK7GbP4um-133IA0cJG0g, https://lh5.googleusercontent.com/p/AF1QipPWtTK4Cr7r02cq1a5nUnNMn5oFV1PKwi-qE08Z, "
Nhà Hàng Tiên Cua Cà Mau,168 Nguyễn Văn Thiệt,"4,1",35,None,None,Vĩnh Long,"https://lh5.googleusercontent.com/p/AF1QipNVflr1HWBbZH2HW836UJpUEVHUodxVYCngd-mZ, https://lh5.googleusercontent.com/p/AF1QipN6dCjD5zZ9vXRTJ-ggUi1u6GGth2Jm1Yhr31sG, "
Nhà Dừa CocoHome Vĩnh Long,Ấp Hoà Quí,"4,4",254,None,100.000-200.000 ₫,Vĩnh Long,"https://lh5.googleusercontent.com/p/AF1QipPZeiZXYt7qwp2-Rtql4BYR47Z7N8KWmQXVyCmA, https://lh5.googleusercontent.com/p/AF1QipP4FN2Pqvi8hhKzieudc25Ej7iFlfs3ikKpuzC2, "
Lotteria,2 Phạm Thái Bường,"4,3",119,None,1-100.000 ₫,Vĩnh Long,"https://lh5.googleusercontent.com/p/AF1QipPu-nPoJeeXDh_rwUzrKrv9rWkzAmGFTIsP16F6, https://lh5.googleusercontent.com/p/AF1QipPq4AXxBmitOPrnRNEUfArjZMVuza9gINsPlBKR, "
BÒ NHÀ NU - VĨNH LONG,"79/6Đ Phó Cơ Điều, 2 Mậu Thân","4,6",44,None,100.000-200.000 ₫,Vĩnh Long,"https://lh5.googleusercontent.com/p/AF1QipOSptdTTnl80vSitndbZy6zQVxiEhxeuyA5P84q, https://lh5.googleusercontent.com/p/AF1QipOp8izy72oLbS9lW6Q1JWZiGVcC5_aNoCfOHMzr, "
Hu Tieu Xua Va Nay,1 Mười Bốn Tháng Chín,"4,1",25,None,1-100.000 ₫,Vĩnh Long,"https://lh5.googleusercontent.com/p/AF1QipOB6nu_50QPZuZi0Fm8-NKbOLJ4rGrBnzEMC1CQ, https://lh5.googleusercontent.com/p/AF1QipMY9y9DoGXWoiaqw75qzijw4C9hYWIbyFPBoKrS, "
Cơm tấm Ba Đào,40 Đường Hưng Đạo Vương,"4,1",21,None,1-100.000 ₫,Vĩnh Long,"https://lh5.googleusercontent.com/p/AF1QipMFmYQpyX21BuF4W1wTKD390DGTx0V_1qvpXfbq, https://lh5.googleusercontent.com/p/AF1QipNE9bCIzOL_o7UIaA7SMw2PNWy0_ZgqKcSncJla, "
Quán Gà Hoa Mận,8/4 ấp tân hưng,"4,2",77,None,100.000-200.000 ₫,Vĩnh Long,"https://lh5.googleusercontent.com/p/AF1QipP4n0mWs9Dy9Q46oFFRTAN7ebB4fRX22agpu5Vd, https://lh5.googleusercontent.com/p/AF1QipOm7h97uHKVmOblukb5iZuydTy-YopoRLirwTbk, "
Omega Vĩnh Long,3 Nguyễn Huệ,"3,4",78,None,100.000-200.000 ₫,Vĩnh Long,"https://lh5.googleusercontent.com/p/AF1QipMAzLlFM1zPC83L63ImnGYNycsbKNppgLcD5JoQ, https://lh5.googleusercontent.com/p/AF1QipMZHdtTOVX5qqB9jDTvWSq4_xG8MAVmK4j56ywT, "
HẢI SẢN 79,60A/60D Mậu Thân 2,"4,1",28,None,None,Vĩnh Long,"https://lh5.googleusercontent.com/p/AF1QipPYPYbR_hVmqQmJ_ZiBUkwhr-oTl-sFUk7M4lqN, https://lh5.googleusercontent.com/p/AF1QipPni7BZQPjujb9JKfrBgSrXk31YOOw_Qlq8Zgn5, "
Đại Bổ Quán,Đ. Võ Văn Kiệt,"4,7",32,None,1-100.000 ₫,Vĩnh Long,"https://lh5.googleusercontent.com/p/AF1QipP295o0Ikwkb0o8TmM46tiri0AlahVLJgSrScwA, https://lh5.googleusercontent.com/p/AF1QipMUC1FmcHJXU8aWAFU4Ot-RyRoTL7vV2eYF8U4m, "
Khu du lịch sinh thái Nhà Xưa,ĐH 25B,"4,2",142,None,200.000-300.000 ₫,Vĩnh Long,"https://lh5.googleusercontent.com/p/AF1QipOZ7Y4CzsTZgtrLCb0VJMTF55T5jDMZGG80CViL, https://lh5.googleusercontent.com/p/AF1QipNrCEo08_ol-8TqWSq_S_-mDLnxzNDAYpkAK_iZ, "
Bò né 3 Tâm,158D Nguyễn Huệ,"4,5",82,None,1-100.000 ₫,Vĩnh Long,"https://lh5.googleusercontent.com/p/AF1QipMaLFPW1ePP7sHXCsU3tfJRFADyH2Yj9N84ps_7, https://lh5.googleusercontent.com/p/AF1QipOq5dYaZ7y20t0lCef35cZzvfun_WO4vaoq4PA1, "
Quán Nem Nướng 12 ( Trần Vũ - Cửu Long ),12 Một Tháng Năm,"4,1",75,None,1-100.000 ₫,Vĩnh Long,"https://lh5.googleusercontent.com/p/AF1QipOEJixGVY-qqMPwXMoBx2_BLl1LB709ATubCkTy, https://lh5.googleusercontent.com/p/AF1QipO8Y6Sgir1eaCmugmX735Jq_G0dELJyXYxL9jPl, "
Cơm tấm Thảo Nguyên,7V8W+63C,"4,2",59,None,1-100.000 ₫,Vĩnh Long,"https://lh5.googleusercontent.com/p/AF1QipMWb6LPrZFg-x52V9BQ8rn4471pWxaIUyRV4XeT, https://lh5.googleusercontent.com/p/AF1QipM-X-bS3fxgP6mB2YjdHflvpVdeukbYIRU2Azy1, "
Cơm chay Hoa Tâm,61/14a Mậu Thân,"4,3",26,None,None,Vĩnh Long,"https://lh5.googleusercontent.com/p/AF1QipMFLeBeCsrHtN2WPSoUhCRphA9EBNYrsVPAoVvf, https://lh5.googleusercontent.com/p/AF1QipNlBi6JsOlDLE-4sbEdAEI5Q1CrbodUSkLPlKU-, "
Cơm tấm hồng thuý,"7V8X+H6F, QL80","4,0",21,None,1-100.000 ₫,Vĩnh Long,"https://lh5.googleusercontent.com/p/AF1QipPc9XZpP5EwMguwVpAMjQ6TPR2Q8lKcy3vi-gCl, https://lh5.googleusercontent.com/p/AF1QipMOZSKksAAvtECX2jDxflm0SrNzqbPKWGoxDKE0, "
ẨM THỰC CÔ BA YẾN,45/99 Đường Bờ Kinh,"3,6",38,None,None,Vĩnh Long,"https://lh5.googleusercontent.com/p/AF1QipOFAZMr8VvxsPgy1c2u8296u9z3HW1h11mYX_yo, https://lh5.googleusercontent.com/p/AF1QipPeQG4gDQhxn6BdAceA7bJtdioy4efo6Y9dergU, "
UMI SUSHI Vĩnh Long,"55B13 (MG2-02, Phạm Thái Bường","4,9",21,None,200.000-300.000 ₫,Vĩnh Long,"https://lh5.googleusercontent.com/p/AF1QipP9BVzqbwWwE3jGMTKRj1nulWnEzZsm-9p6TGf1, https://lh5.googleusercontent.com/p/AF1QipNHLbe98fpTON_jq9O2Xhz1SqFGs4h9nC0lURKY, "
Tiệm Cơm Chí Thành since 1960,64 Lê Thái Tổ,"3,5",10,None,100.000-200.000 ₫,Vĩnh Long,"https://lh5.googleusercontent.com/p/AF1QipMzJRfQwOX5wOyEZ7cEOARBtE_za3A0IjbOYzY9, https://lh5.googleusercontent.com/p/AF1QipN804yUz-4e4h9Y1DufN55es8q7TaH5BUlLLs94, "
Mì Vịt Tiềm Huỳnh Phát,272 Nguyễn Văn Thiệt,"4,1",38,None,1-100.000 ₫,Vĩnh Long,"https://lh5.googleusercontent.com/p/AF1QipMcD_DoHU0kYF2Sj9T6_JN5plQC1V7pT2KebJ0o, https://lh5.googleusercontent.com/p/AF1QipNFygb0T1a1-Z8NbVuFJ6y-6eYsExhxrCQLHplY, "
Thành phố Vĩnh Long,None,Chưa xét,0,None,None,Vĩnh Long,
Buffet Vua Lẩu (Hotpot & BBQ),85B Trần Đại Nghĩa,"3,5",114,None,100.000-200.000 ₫,Vĩnh Long,"https://lh5.googleusercontent.com/p/AF1QipPSe9Avc1drIBt99HDDDpbt2b8YHOLjD3XWKbRE, https://lh5.googleusercontent.com/p/AF1QipNVz3PKpU46A8-tgejnXzbZqjNU4qJlwo4VKwk9, "
Nhà Hàng Hùng Biển 2 (Vĩnh Long),135A/8 Long Thuận A,"4,0",5,None,None,Vĩnh Long,"https://lh5.googleusercontent.com/p/AF1QipNKSweVu7ozw6QY3pVAOSK1t029aMt0fC5vDzdS, https://lh5.googleusercontent.com/p/AF1QipMqpiskI8DIx2UxMb9d2TAqMYWup0zgWbWOXSdd, "
Lẩu bò Lê Thanh,38 Trần Văn Ơn,"4,4",34,None,1-100.000 ₫,Vĩnh Long,"https://lh5.googleusercontent.com/p/AF1QipNsvfWP_qrwKGLqo5b8tq2QXTbY6WIykrnVFmUn, https://lh5.googleusercontent.com/p/AF1QipNdV9Eso_98wDmdAp95hcDjhGx5FTNC5TTbM-U8, "
Tiệm Nướng Ụm Bò,43/1e Nguyễn Văn Thiệt,"4,6",100,None,100.000-200.000 ₫,Vĩnh Long,"https://lh5.googleusercontent.com/p/AF1QipNpW7DnhEOsHSL7dNCVHdch4fF1wPhpYNpXIKW1, https://lh5.googleusercontent.com/p/AF1QipPu0fd92fgXBy0ev6hPKIWbxcR_G9dqvQrP3aaT, "
NEKO SUSHI,71/26c Mậu Thân,"4,7",21,None,100.000-200.000 ₫,Vĩnh Long,"https://lh5.googleusercontent.com/p/AF1QipPnxrph76Kuwge9mSJHKN8rzF7kuH4CMpsQaUT2, https://lh5.googleusercontent.com/p/AF1QipNawTE7-7PR4EfTQffTH60n-t0kqcCsIyDIpzdP, "
"Gà Rán Five Star Phường 8, Vĩnh Long",110T Đinh Tiên Hoàng,"4,6",32,None,1-100.000 ₫,Vĩnh Long,"https://lh5.googleusercontent.com/p/AF1QipNFas9oNbh25tQe1MUPlm9qVmOHGJss_WINoSPi, https://lh5.googleusercontent.com/p/AF1QipMc52FMdvLGIHn_D4UF1O3O2GkqXJIN8i5-sLxv, "
Coffee Kimhoafood,5M Đ. Phan Văn Đáng,"3,8",75,None,1-100.000 ₫,Vĩnh Long,"https://lh5.googleusercontent.com/p/AF1QipN-AEz21INTxplfxP2jYIAf2-hG17TyCIudGQYp, https://lh5.googleusercontent.com/p/AF1QipMmYsvTif_qEsE4V-C3SgEdcKfr-KPq6ee8bGWR, "
BUFFET LẨU NƯỚNG,35B Đ. 3 Tháng 2,"3,6",10,None,None,Vĩnh Long,"https://lh5.googleusercontent.com/p/AF1QipPkE3BN2p69eVo4ZZphyWoSeLRcYNM7zfbYODDo, https://lh5.googleusercontent.com/p/AF1QipO0kttFz9WcRk_ShpzJ8ecTY2iZ7idNPtLAIKSI, "
Quán ăn sân vườn út ruộng,khóm 1/42/80e Nguyễn Văn Lâu,"4,4",8,None,None,Vĩnh Long,"https://lh5.googleusercontent.com/p/AF1QipMIApePtpr25F_wi5Qz1XCRdKM0PTluyrqRbhKh, https://lh5.googleusercontent.com/p/AF1QipMIUQvalucnX7_UNUCoLA2QUQIzboPSiYhG9Pu2, "
Phở BÁT ĐÁ Trưng Vương,44a Trưng Nữ Vương,"4,6",29,None,1-100.000 ₫,Vĩnh Long,"https://lh5.googleusercontent.com/p/AF1QipMTISvpq7NwvsBHcrZA_ue5N-dK1lzqCnKR-Wr3, https://lh5.googleusercontent.com/p/AF1QipOHZ9izpDEwuFFqZNvAwS6HipaGJgLa-2nj1LaP, "
Jollibee Vincom Vĩnh Long,"Vincom Plaza, Lầu 04 - 04A TTTM, Số 55 Phạm Thái Bường","3,9",110,None,1-100.000 ₫,Vĩnh Long,"https://lh5.googleusercontent.com/p/AF1QipPQ5X1SNdEtqa-RO_MGxmTX6QR-B8Qmx7oJPA_M, https://lh5.googleusercontent.com/p/AF1QipN6l-MejKckHH3tkWyB_JpRbNPn27HYpF9X2piQ, "
Song Linh Quán,Nguyễn Văn Lâu,"4,4",21,None,None,Vĩnh Long,"https://lh5.googleusercontent.com/p/AF1QipNeTKRn-stkpArDrz2d5TTwZOUYkj8nWnnFNJx9, https://lh5.googleusercontent.com/p/AF1QipNH2It6iw2KQXBlSoiWHCPXBKfmWRYi5ojRCU6f, "
MỲ CAY ITADA PHƯỜNG 2 VL,147 Nguyễn Huệ,"2,3",40,None,1-100.000 ₫,Vĩnh Long,"https://lh5.googleusercontent.com/p/AF1QipMc5PnemUXY3QqkVP7rk5pvsMk3DU0I8bbaAe-X, https://lh5.googleusercontent.com/p/AF1QipO7UflFNhvvcFoZF_WlTm5q7_LvBkOwXiC_qmCv, "
Lẩu bò HẰNG,111a Trần Đại Nghĩa,"4,6",13,None,100.000-200.000 ₫,Vĩnh Long,"https://lh5.googleusercontent.com/p/AF1QipMG8WGaabe-Lv0FUS0VGpCYPenZ5ghvhlWV89mg, https://lh5.googleusercontent.com/p/AF1QipOr_MI5NN4YQJLF0-p_V3CRMUDAKV9iVwXcsPTm, "
Quán Nhậu Thảo Nguyên,1 Hoàng Thái Hiếu,"3,8",77,None,200.000-300.000 ₫,Vĩnh Long,"https://lh5.googleusercontent.com/p/AF1QipMXnnOSI1fGZOxfkCz3EZ-_TNlmFHR0Fow0yPTT, https://lh5.googleusercontent.com/p/AF1QipMKYsCAv4Vta-FwugxGyxwibdWNVKiZ58hAsCss, "
Quán Lẩu Dê Minh Hải,"7V4P+F8J, Unnamed","4,0",74,None,100.000-200.000 ₫,Vĩnh Long,"https://lh5.googleusercontent.com/p/AF1QipOOLpC9KFPwcAz55sXePVj9EQWvv426APACPvc6, https://lh5.googleusercontent.com/p/AF1QipMezd9xNx8ZrfH_ijs55LR-kX8pupjaf_QwDCHt, "
Hải Sản Tiên Cua 3,164 Nguyễn Văn Thiệt,"3,7",48,None,None,Vĩnh Long,"https://lh5.googleusercontent.com/p/AF1QipN7_-vJcoxJDaPgl0cnE39CEs9CBr4uk_eWwhMY, https://lh5.googleusercontent.com/p/AF1QipO9Pax_xmQazoFaK4r2iSTfCS1BXT6undGproZO, "
Phở Sài Gòn,40b Phạm Thái Bường,"4,5",31,None,1-100.000 ₫,Vĩnh Long,"https://lh5.googleusercontent.com/p/AF1QipMMV3L6KKtu93GagnX4dtFdSUO0cZqYHtAND7SV, https://lh5.googleusercontent.com/p/AF1QipNAIKthiXen1le6tXzYtzQpAJsP_gJweEPe7IDJ, "
Bún Đậu Mắm Tôm 3 Miền Vĩnh Long,Vĩnh Long,"4,3",44,None,1-100.000 ₫,Vĩnh Long,"https://lh5.googleusercontent.com/p/AF1QipNi41mu-MB058Y59HmtP7ujY_UkyuqWDVwkR14, https://lh5.googleusercontent.com/p/AF1QipOeeoE9DNHC6BEUu0kKmYkKjOElGL7nOWqNyhHh, "
Ẩm Thực Ao Sen,100K Đ. Võ Văn Kiệt,"5,0",3,None,None,Vĩnh Long,"https://lh5.googleusercontent.com/p/AF1QipMUqu_Dt_GIvANES4yb4gidx3cEptIahIj5mNw, https://lh5.googleusercontent.com/p/AF1QipMkzvxyxxH9KitrZhoi_kyhlnNp_s5kBOVlQg0, "
CƠM GÀ XỐI MỠ XÌ THẨU,144 Nguyễn Văn Thiệt,"4,5",11,None,None,Vĩnh Long,"https://lh5.googleusercontent.com/p/AF1QipPzGhoWjf41PihfDTJwlNxbjN0je1D9iMcSoTRt, https://lh5.googleusercontent.com/p/AF1QipNSd1NysQsmGAPS92_5mn0YS_Pt7lIBnpwyduGD, "
Phở Tàu Bay,68a Lưu Văn Liệt,"4,4",14,None,1-100.000 ₫,Vĩnh Long,"https://lh5.googleusercontent.com/p/AF1QipNxFtVKqFhOBXUJyRDvMte_9dIWhh3cE21mA8v4, https://lh5.googleusercontent.com/p/AF1QipN4N71Pmh-2gNNbGOA-XuVRKhe35UAVLXbefbhE, "
Hủ Tiếu Phượng,27 Đường Nguyễn Thị Út,"4,3",38,None,1-100.000 ₫,Vĩnh Long,"https://lh5.googleusercontent.com/p/AF1QipO0qNSyhOjpoFylzlSlThIlXAEtnPedw2W31-pj, https://lh5.googleusercontent.com/p/AF1QipOy00zN8UmC5wNkyje4u6Sh04TxxpcEPzRGwWPu, "
Mì cay Kimchi Kimchi,97 Đường Nguyễn Thị Minh Khai,"3,0",2,None,None,Vĩnh Long,"https://lh5.googleusercontent.com/p/AF1QipO_w34mNMf2E8EyvFA0Zlh7nf5KOjLBfmGCiaeV, https://lh5.googleusercontent.com/p/AF1QipP0nmMOl029UBcqlkgyVlMeOdLG3Yrm07Np97xp, "
Ốc hẻm 112,7X4G+R8Q,"4,6",15,None,None,Vĩnh Long,"https://lh5.googleusercontent.com/p/AF1QipPa0goIc9WAkrmR-ccj9jVHXBL8sh6HMvbY7zig, https://lh5.googleusercontent.com/p/AF1QipP7C2zh6ltqJ-gLzFvI-tIyEq9V-Y6Bcxv9MKMr, "
Hủ tíu Mực Thịt bằm Miền Tây,43/6D Nguyễn Văn Thiệt,"4,6",41,None,1-100.000 ₫,Vĩnh Long,"https://lh5.googleusercontent.com/p/AF1QipOYjHyQtjUd4OnE2c5PNvFNQio0uX0JJdEKg185, https://lh5.googleusercontent.com/p/AF1QipPRPi1ACiSOFHi08srgYJxwe1yt5F-dpAB43Ue4, "
Cá lóc nướng 7 Bột,50 Hoàng Thái Hiếu,"3,9",13,None,None,Vĩnh Long,"https://lh5.googleusercontent.com/p/AF1QipOrdDBscPauM2u27fu1fpiSSz9jxi8JVwNRrz16, https://lh5.googleusercontent.com/p/AF1QipPDRMGyA-VCehjbm5141_qZK9wZO_uoVtWEN-yi, "
Cơm Phần Ba Nam,6WHM+RM8,"4,7",13,None,None,Vĩnh Long,"https://lh5.googleusercontent.com/p/AF1QipPGz8DxvrlB-p-IDaxP06McQCJQfNa5T14dTWo, https://lh5.googleusercontent.com/p/AF1QipO3kowN4MrcX8GmnmvZok737_RL1tu6TTLQYE1N, "
Maii Bistro,Hà Nội,"4,9",759,None,200.000-300.000 ₫,Vĩnh Phúc,"https://lh5.googleusercontent.com/p/AF1QipPzV4tFA1xzhYP5TLk-oC9qUnNqnduI2d5mJ-km, https://lh5.googleusercontent.com/p/AF1QipO3o593WDEnk7bLauwbehnWvuY08PvFnzKzTCcI, "
Nhà Hàng Chợ Tình Sa Pa,Hà Nội,"4,5",2 N,None,200.000-300.000 ₫,Vĩnh Phúc,"https://lh5.googleusercontent.com/p/AF1QipOh1APTQUCfp2IiPrO0gvUXH968rJBXz1L7xmTf, https://lh5.googleusercontent.com/p/AF1QipOmUKUwBmBTJ0oV-N1MrGIxvTt0oEsEIw6fEjbP, "
Nhà Hàng Hải Sản Ngon - Vĩnh Phúc,Vĩnh Phúc,"4,0",172,None,None,Vĩnh Phúc,"https://lh5.googleusercontent.com/p/AF1QipMnJU3rRL-Y11I8oVrJcRapGY2vytTKpjCjWzug, https://lh5.googleusercontent.com/p/AF1QipOkmSwkzch87sg2AQOJtqmH26HUFBj3qubJPmZm, "
Nhà Hàng Hương Quê,Đ. Nguyễn Tất Thành,"4,0",593,None,200.000-300.000 ₫,Vĩnh Phúc,"https://lh5.googleusercontent.com/p/AF1QipPMLGV1s3WQIS-vohsoRKz7Bu-zoBhFdyLusWda, https://lh5.googleusercontent.com/p/AF1QipNWLZdIvJDKeq6mAr2EcunT1pkAHHzPOPcj18Rz, "
NHÀ HÀNG DÊ TƠ ĐỒI SAO,399 Đ. Nguyễn Tất Thành,"4,0",88,None,200.000-300.000 ₫,Vĩnh Phúc,"https://lh5.googleusercontent.com/p/AF1QipMvqC7yN9ZrShsCQLtpuJc9gpZlYvt5dOXFP9_k, https://lh5.googleusercontent.com/p/AF1QipNfk_ZQJTXVQ4rPJuTnaTJBbnCTMCv2UU3M1Upw, "
nhà hàng Doncook,01 Trần Phú,"4,4",349,None,None,Vĩnh Phúc,"https://lh5.googleusercontent.com/p/AF1QipOxNAqCMd6Th03t7ryX0U_HzCMBNKV4HLmvN5I1, https://lh5.googleusercontent.com/p/AF1QipMt5okEtwT2v3EZzlLRSoXN4LZIEEBWe8r4baUi, "
"Nhà Hàng Tuấn Hương Tam Đảo - Danh sách,Địa chỉ thưởng thức đặc sản, giá bình dân view đẹp",Vĩnh Phúc,"4,5",355,None,200.000-300.000 ₫,Vĩnh Phúc,"https://lh5.googleusercontent.com/p/AF1QipMUyJBdNiSNLJLVWxLye8IFz8K37g9IVWWmcdsD, https://lh5.googleusercontent.com/p/AF1QipMKwHXHNOLBX-SbR7pc5QtJnBagg3nbcxHcpBGT, "
Cơm niêu Kombo - Vĩnh Phúc,92 Ngô Quyền,"4,7",236,None,100.000-200.000 ₫,Vĩnh Phúc,"https://lh5.googleusercontent.com/p/AF1QipOBid_9aj4OlWovV4pVT3vFuFcnSeHwyNITcNZf, https://lh5.googleusercontent.com/p/AF1QipN6mH6qHBZT7spGe03FH7PlODH7-G5Qllp-el1V, "
HẢI SẢN HƯỜNG LÊ,88 Phan Chu Trinh,"4,1",88,None,None,Vĩnh Phúc,"https://lh5.googleusercontent.com/p/AF1QipP5Bx63QuwXHvPNAIsntGRXgd1WnWYLvWKouZUa, https://lh5.googleusercontent.com/p/AF1QipOpQygu3gxJ021NqNqM4JELEA3jgeQMjIzOFdPD, "
Nhà hàng Tam Giao - TT Hội nghị Tiệc cưới,369D Đ. Nguyễn Tất Thành,"4,2",79,None,100.000-200.000 ₫,Vĩnh Phúc,"https://lh5.googleusercontent.com/p/AF1QipOBPz1EXNrcJq0Cwnp8l6sUuQuu-Um_J9jzLdUi, https://lh5.googleusercontent.com/p/AF1QipNV0Rera7RsE-6QxTZXpxofkhr7WQBLPof2kW-F, "
BUFFALO NGON: Quán trâu ngon nhất Vĩnh Yên.,119 Phố Núi Đinh,"4,4",23,None,100.000-200.000 ₫,Vĩnh Phúc,"https://lh5.googleusercontent.com/p/AF1QipP9AwXbEaHy8G5chY2YadzHcFS5S7J2qDOFIiRl, https://lh5.googleusercontent.com/p/AF1QipMFhYVZGpQZQDBalxjGYL3mH6Olyza3abdOixB1, "
Nhà hàng chay Thuận Phúc,Tổ dân phố Minh Quyết Phường,"4,9",80,None,100.000-200.000 ₫,Vĩnh Phúc,"https://lh5.googleusercontent.com/p/AF1QipOxM2wujyxw9-HpF9NG0pbaGmYd_xXOk8RywkYv, https://lh5.googleusercontent.com/p/AF1QipMaPnXquqi5dmEGPmUGli4g2wlHlHcwXT0Q0bJl, "
Chạn Buffet Vĩnh Yên,251 Phan Chu Trinh,"4,6",253,None,200.000-300.000 ₫,Vĩnh Phúc,"https://lh5.googleusercontent.com/p/AF1QipONd_j_dbiNO7ZdUjKA9Iqhi5L4adn1wwu0Wao_, https://lh5.googleusercontent.com/p/AF1QipO7SYfSWIVj0TWr80SO8YZurk_iVdHbkinWL-U8, "
Nhà Hàng K-BBQ Vĩnh Yên,Ngã Tư Vina,"4,3",23,None,100.000-200.000 ₫,Vĩnh Phúc,"https://lh5.googleusercontent.com/p/AF1QipMjH36lgroRubAgJGt_-jkVwNe3zjcrFE0VLzsn, https://lh5.googleusercontent.com/p/AF1QipPHztWRa7Bdadaipavt3k-1OW484vx2h3nvbY7Q, "
Quán Cá Bờ Sông,Vĩnh Phúc,"3,9",266,None,200.000-300.000 ₫,Vĩnh Phúc,"https://lh5.googleusercontent.com/p/AF1QipNA8W3EOhbwWIdi3lK27b74kMMsRmp4t1lFVQR8, https://lh5.googleusercontent.com/p/AF1QipM-gUR5eHwhWP1to8PaYIFy15fm1oIp1NeT_7cG, "
Nhà hàng Phố núi,Vĩnh Phúc,"3,9",198,None,200.000-300.000 ₫,Vĩnh Phúc,"https://lh5.googleusercontent.com/p/AF1QipO1hD-wvC-Ox4ydby2xKEH8bXPj8FSh8r-BpF65, https://lh5.googleusercontent.com/p/AF1QipPyzdhAEmOcDYC7CZpwZolO1NeN9x7NnUAkoZva, "
Nhà Hàng Hải Đăng Tam Đảo,Vĩnh Phúc,"3,4",374,None,100.000-200.000 ₫,Vĩnh Phúc,"https://lh5.googleusercontent.com/p/AF1QipNHdk-lbNbv11AOylFz3QUuPzuzBSRoVfg106s2, https://lh5.googleusercontent.com/p/AF1QipNpf2m78pFiz9us-WOa-wvgLO3zJlAUY3uCAqq6, "
Nhà hàng Phúc Hương Viên Tam Đảo,"Km 11 + 600, QL2B","4,1",177,None,100.000-200.000 ₫,Vĩnh Phúc,"https://lh5.googleusercontent.com/p/AF1QipPRtjTPbS-y3QWVbCVq1RgaMm9_gPqrE6uxY_sJ, https://lh5.googleusercontent.com/p/AF1QipNkhrLG_Ub3YyQtNDMX-s5JEk11qzEYhGNSgwce, "
Nhà Hàng Sánh Hòa,"8J5C+CJG, Lạc Long Quân","3,9",84,None,None,Vĩnh Phúc,"https://lh5.googleusercontent.com/p/AF1QipPhgGV73e7mrk5i8adFam80xnUB7mbtmgGUwS8r, https://lh5.googleusercontent.com/p/AF1QipN-jL7tvKWIvnQofpMDJLg-lbBWHujQdkzEwiJ9, "
Nhà hàng 468 cơ sở 2,Phố Tống Duy Tân,"4,0",277,None,200.000-300.000 ₫,Vĩnh Phúc,"https://lh5.googleusercontent.com/p/AF1QipPjD21C2_AL3kd0GYulKg3SCdZ3SxLfJPKleq9u, https://lh5.googleusercontent.com/p/AF1QipNsXmwI0Cr-oLUl5UxIBC98Re9bFIT4CG3OPLk, "
Nhà hàng Long Thành,"8H5M+WGV, Đ. Nguyễn Tất Thành","3,8",243,None,300.000-400.000 ₫,Vĩnh Phúc,"https://lh5.googleusercontent.com/p/AF1QipNDJ2w3szfy-HCLwK-rRAITWZx00srHtzVJm8r0, https://lh5.googleusercontent.com/p/AF1QipPYOlzP5Hp6AWNXF6YfBM-8DJAfPd-zR2saltQL, "
Nhà hàng SUSHI TAKE,"cổng VCI Garden, Đ. Nguyễn Tất Thành","4,5",58,None,None,Vĩnh Phúc,"https://lh5.googleusercontent.com/p/AF1QipPf5md8oBYb9jUmPtn8IW2m6Cjk_uK06kdyyTNo, https://lh5.googleusercontent.com/p/AF1QipO148UVYvo-mkn2kTVa_6Q5a4ihfMxe6ufv4Sze, "
Maii Bistro,Hà Nội,"4,9",759,None,200.000-300.000 ₫,Vĩnh Phúc,"https://lh5.googleusercontent.com/p/AF1QipPzV4tFA1xzhYP5TLk-oC9qUnNqnduI2d5mJ-km, https://lh5.googleusercontent.com/p/AF1QipO3o593WDEnk7bLauwbehnWvuY08PvFnzKzTCcI, "
Nhà Hàng Chợ Tình Sa Pa,Hà Nội,"4,5",2 N,None,200.000-300.000 ₫,Vĩnh Phúc,"https://lh5.googleusercontent.com/p/AF1QipOh1APTQUCfp2IiPrO0gvUXH968rJBXz1L7xmTf, https://lh5.googleusercontent.com/p/AF1QipOmUKUwBmBTJ0oV-N1MrGIxvTt0oEsEIw6fEjbP, "
NHÀ HÀNG 3 LẨU,10 Phan Chu Trinh,"3,9",56,None,100.000-200.000 ₫,Vĩnh Phúc,"https://lh5.googleusercontent.com/p/AF1QipO_e0XhmiP649jRsuA4fkbgzz_PIn-GTa1OhUpd, https://lh5.googleusercontent.com/p/AF1QipO-mkzSV4POPR1OW-TbDHfHxW9ZV-1BLPtTJHup, "
Nhà hàng Let's Sushi Vĩnh Phúc,"S5, đường Trần Phú","4,3",167,None,200.000-300.000 ₫,Vĩnh Phúc,"https://lh5.googleusercontent.com/p/AF1QipNrwQ-itgMTa9PzPQwD5jJ5742OwrMS5ZIwU4Vc, https://lh5.googleusercontent.com/p/AF1QipPA-MUOnWqETKl8v493v1XVtN-GBFDpEh9qhK8Q, "
Nhà hàng Chim To Dần,"9JC4+RH7, QL2B","4,0",199,None,None,Vĩnh Phúc,"https://lh5.googleusercontent.com/p/AF1QipO2UcF9h4IuflPUsDOzA2Nwy_fIoibQ-zs7UxQ, https://lh5.googleusercontent.com/p/AF1QipNElRnY7xAkEzS-OYp7xWpU7cEIDKVVUfEQ1l9W, "
Nhà hàng An Phát,Vĩnh Phúc,"4,2",81,None,200.000-300.000 ₫,Vĩnh Phúc,"https://lh5.googleusercontent.com/p/AF1QipObkZciYbYsSIfIEpjV1YGVdeEFXTMFMHNLBpDx, https://lh5.googleusercontent.com/p/AF1QipNRsTsk-IKICr8tH2oO9_jdJ8M9v2XTl3okbr9X, "
Hinochi Vĩnh Yên - Nhà Hàng Buffet Lẩu Nướng,49 Phan Chu Trinh,"4,5",96,None,200.000-300.000 ₫,Vĩnh Phúc,"https://lh5.googleusercontent.com/p/AF1QipPvP9PYF0eq96w510hsyb56vs61WvRug6f2UR2H, https://lh5.googleusercontent.com/p/AF1QipOyQpWI1biV29zAbWgfio-sN9bwR72MsVLQhT1N, "
Nhà hàng Xuân Dương,dốc Tam Đảo,"4,4",137,None,200.000-300.000 ₫,Vĩnh Phúc,"https://lh5.googleusercontent.com/p/AF1QipMkaL7QhLdMI-U4nLZkcIotg1ahdM7mzM2Pu5kn, https://lh5.googleusercontent.com/p/AF1QipPl0ZDA3FJanY6rcBn-i96cSD1eMAeUWNv1IxCn, "
Nhà hàng Hoa Lâm,Vĩnh Phúc,"4,1",47,None,None,Vĩnh Phúc,"https://lh5.googleusercontent.com/p/AF1QipN128EGh6vCIAxvD7C8K6K5f4WCGgV5N7_JmXNU, https://lh5.googleusercontent.com/p/AF1QipO4YnJnjhNT9OyRhOrrIy_h4eZW1Cb55hXbg0Sj, "
Ốc Niêu Quán,47 Phố Chiền,"3,9",73,None,None,Vĩnh Phúc,"https://lh5.googleusercontent.com/p/AF1QipMlfnmMrhr2_i-MzuZ7-sYIoFGH7Jivl4RJfl29, https://lh5.googleusercontent.com/p/AF1QipNBh25ZHPxWvc1C1X87WjPTlEkQ0udbowEry8Fz, "
Nhà Hàng Gà Quê,632 Đ. Mê Linh,"3,7",248,None,100.000-200.000 ₫,Vĩnh Phúc,"https://lh5.googleusercontent.com/p/AF1QipOqoHhWQq8Ijvb_iJFRirBWcQ2-ArYy0tlZnPom, https://lh5.googleusercontent.com/p/AF1QipPYc1S3AevGIToWgE6ahRySWR60wfub5szqxgXy, "
Lẩu nấm kim Anh,57 Phan Chu Trinh,"4,2",101,None,200.000-300.000 ₫,Vĩnh Phúc,"https://lh5.googleusercontent.com/p/AF1QipPdSEm9eCpAeny-e3uXsO95A8XceaoSgPSLmXwk, https://lh5.googleusercontent.com/p/AF1QipNYXG6hy7xoJvK5P1QTyiIChJ4QBxaOUvhKAlgh, "
Nhà hàng Cơm phố 2,"8JF4+46Q, Đ. Nguyễn Tất Thành","3,9",376,None,200.000-300.000 ₫,Vĩnh Phúc,"https://lh5.googleusercontent.com/p/AF1QipM8FJQ9gd1jwJjr-PBMVbyMT4Ki34LqEnl0gwTq, https://lh5.googleusercontent.com/p/AF1QipOA4Vq2u8-OPuqWNlZAB5uXhwSSGq29O7B3zgmN, "
Quán Ngon Ven Hồ,Khu 6 Yên Cát,"4,2",38,None,None,Vĩnh Phúc,"https://lh5.googleusercontent.com/p/AF1QipM8l6gWJjchYl3s01wFAXtK2WpIK_uDUWi_72tv, https://lh5.googleusercontent.com/p/AF1QipO8O6OT-E_-idnBNdS3SwJ4Rsro25TmgOw2z0I, "
Nhà Hàng Gà Chọi O2,"8H6X+VC6, Phùng Thị Toại","3,9",187,None,200.000-300.000 ₫,Vĩnh Phúc,"https://lh5.googleusercontent.com/p/AF1QipMuzkEozNXpJokfddmht2Sak-Hk9Of4vbwm2jw4, https://lh5.googleusercontent.com/p/AF1QipOB46UXzm-X_mfe-ipcDBwVU6qXpHU8cDoVZg4T, "
Quán Ăn Việt Nhật,"8J78+37W, Ng. Gia Tự","3,9",117,None,1-100.000 ₫,Vĩnh Phúc,"https://lh5.googleusercontent.com/p/AF1QipPydc0WaiU8k3ywwJAL9p-eQKYvOji-OomX7EfV, https://lh5.googleusercontent.com/p/AF1QipMOOu1DdhE11Jvk2fYpf0TJJaEbFARaJFz_EpjU, "
Nhà hàng Phú Quý,Cổng chính Flamingo Đại Lải,"4,7",84,None,100.000-200.000 ₫,Vĩnh Phúc,"https://lh5.googleusercontent.com/p/AF1QipM1JN71rrXcgCyuWiti-cbAO2bOH7k4dN8_D8TK, https://lh5.googleusercontent.com/p/AF1QipM2vN5H4iQ8Gov9OK0Hm9nOePCpjmlUUptwNDAr, "
Sabay Thái,175 Phan Chu Trinh,"3,9",37,None,None,Vĩnh Phúc,"https://lh5.googleusercontent.com/p/AF1QipMKEKaBhgWi3houdMRvUdLxYAWULJJDStyLQSEX, https://lh5.googleusercontent.com/p/AF1QipObvkZTIVZkALSgCvldjHlGQOrWmyaTdqinnBp_, "
Nhà hàng SEOUL GARDEN - 서울 가든 빈푹,1D Đường Kim Ngọc,"4,7",16,None,200.000-300.000 ₫,Vĩnh Phúc,"https://lh5.googleusercontent.com/p/AF1QipMfb4FQJyo1zjnN8r8jckE_9Ierk-d-rQXnB86Q, https://lh5.googleusercontent.com/p/AF1QipNiI__Di0R1FtoV1YpDTFBQqq69B3nPq_v7YJ-M, "
Quán Chay Cát Tường Lan,P. Đồng Tum/6 Trần Phú,"4,5",228,None,1-100.000 ₫,Vĩnh Phúc,"https://lh5.googleusercontent.com/p/AF1QipPC8HWUtXv8Fu_RO_Zqa0vcZfbu5_ErO6WQ-3LO, https://lh5.googleusercontent.com/p/AF1QipPbQWrykhjuNfHduIHevIerFY8i92e_iuxEb8IQ, "
Nhà Hàng Thiên Cầm,"9JF4+WJC, QL2B","3,8",260,None,300.000-400.000 ₫,Vĩnh Phúc,"https://lh5.googleusercontent.com/p/AF1QipPeG6xdTjxL3ZBgwKLJ_uvEb1qkIca7xTosy419, https://lh5.googleusercontent.com/p/AF1QipOYlM3_R7e8e_jg64UuEB1pOMFlBA13We0shaDn, "
"XÔI PHỐ - 39 Đội Cấn, Ngô Quyền, TP. Vĩnh Yên",39 Đội Cấn,"4,3",50,None,None,Vĩnh Phúc,"https://lh5.googleusercontent.com/p/AF1QipMQe4Ek58PxdNeUO1ePe_wMUgEl0_R53vm6tfd5, https://lh5.googleusercontent.com/p/AF1QipMHGKbTqMmZQAp5z8oRJCo5brCmyJ2w82-16SEf, "
Maii Bistro,Hà Nội,"4,9",759,None,200.000-300.000 ₫,Vĩnh Phúc,"https://lh5.googleusercontent.com/p/AF1QipPzV4tFA1xzhYP5TLk-oC9qUnNqnduI2d5mJ-km, https://lh5.googleusercontent.com/p/AF1QipO3o593WDEnk7bLauwbehnWvuY08PvFnzKzTCcI, "
Nhà Hàng Chợ Tình Sa Pa,Hà Nội,"4,5",2 N,None,200.000-300.000 ₫,Vĩnh Phúc,"https://lh5.googleusercontent.com/p/AF1QipOh1APTQUCfp2IiPrO0gvUXH968rJBXz1L7xmTf, https://lh5.googleusercontent.com/p/AF1QipOmUKUwBmBTJ0oV-N1MrGIxvTt0oEsEIw6fEjbP, "
Hoa Lư Quán,15-17 S11 Lạc Hồng,"3,7",84,None,None,Vĩnh Phúc,"https://lh5.googleusercontent.com/p/AF1QipP69IVUhItX9_6y9cV4e04QSRiAd0q9mU6ftrpW, https://lh5.googleusercontent.com/p/AF1QipPRW-M863Ce2xqocEoTIYksNP2Qv0XRh7HDEl-b, "
Nhà hàng Lẩu Ốc 123 - Vĩnh Yên,Lý Nam Đế/Đường Sông Hồng Thủ Đô,"4,9",79,None,100.000-200.000 ₫,Vĩnh Phúc,"https://lh5.googleusercontent.com/p/AF1QipM_KcNFu1fdWUcl5ugFGL9fC0CZ6L3dH1sZB1K0, https://lh5.googleusercontent.com/p/AF1QipP_w8Dt9QN-NSgsRTpTDFSC7d8yW0TPA-TDkyCf, "
Bún chả Thanh Hồng,"7FGR+XPV, QL2","4,3",391,None,1-100.000 ₫,Vĩnh Phúc,"https://lh5.googleusercontent.com/p/AF1QipM62PDMaaX_RVutUeFte5PMqFm1NC51eO0jn6Nk, https://lh5.googleusercontent.com/p/AF1QipP9vjRVKEmYzEUwtn--X8ii-imEhkHHbALegEDT, "
NHÀ HÀNG LẨU THÁI HẬU DƯƠNG,Ngõ 3 Lạc Long Quân,"4,2",37,None,100.000-200.000 ₫,Vĩnh Phúc,"https://lh5.googleusercontent.com/p/AF1QipNisx95Y4K5z-YJujdbgaaVF91gcOKj5oT_jdbS, https://lh5.googleusercontent.com/p/AF1QipPN3ffRRVGEVgFgK0Xoa4YiTA_gppHwlqJtINf9, "
Buffet Nướng Sài Gòn 119k Vĩnh Yên,01 Nguyễn Trinh,"3,8",227,None,100.000-200.000 ₫,Vĩnh Phúc,"https://lh5.googleusercontent.com/p/AF1QipPWMqGFgqWD5_ZrlmXsoGoj5EShMmbS3DqKRpqS, https://lh5.googleusercontent.com/p/AF1QipOhGckvLWcX81zFXBpQT3V9c9RsZ4_jE5iCNOMH, "
"Nhà hàng chay ""Tùy Duyên""","8JG2+JP, Lê Đĩnh Chi","4,6",110,None,100.000-200.000 ₫,Vĩnh Phúc,"https://lh5.googleusercontent.com/p/AF1QipM_PO1k9cGPiFK5ha-1lI2YmxRu5N5Xe87_C5Ki, https://lh5.googleusercontent.com/p/AF1QipONz5ztPbRmIZgL-akftdz3z5lK2jtnt995lw, "
Bún đậu tá lả,15 Phạm Ngọc Thạch,"4,0",275,None,1-100.000 ₫,Vĩnh Phúc,"https://lh5.googleusercontent.com/p/AF1QipOyeEpFlSQPx_HwPeMmjOUZYw4smr5H9ZW6Xk5S, https://lh5.googleusercontent.com/p/AF1QipPMHcGvNq_n_utkBLSdBs2ZlbOlZYiH1kJX7maT, "
Nhà hàng Sông Hồng Thủ Đô,189 Lam Sơn,"4,1",284,None,200.000-300.000 ₫,Vĩnh Phúc,"https://lh5.googleusercontent.com/p/AF1QipNkkFzdMzMHXfknl9-8QEOE-LaD60_fHkIGPgd4, https://lh5.googleusercontent.com/p/AF1QipOujiq2KR4EMvMkM_jUXqieoHkwoIVu0rBs3mBJ, "
Bbq Chicken Pizza Vĩnh Yên,20 Trần Quốc Toản,"4,3",30,None,100.000-200.000 ₫,Vĩnh Phúc,"https://lh5.googleusercontent.com/p/AF1QipNli0C8fsYdpM0MQx-D0IU5AhweC-MCXkMB_49-, https://lh5.googleusercontent.com/p/AF1QipN2OzmUAhXNJ6Vqng2KN3l5IWiFKuukzCrY9RdU, "
Mỳ Cay Sasin,29 Trần Quốc Tuấn,"3,7",145,None,1-100.000 ₫,Vĩnh Phúc,"https://lh5.googleusercontent.com/p/AF1QipOZ-W97G3FgNbMmNK1WQ1JGPllHYqn1J22E9m8V, https://lh5.googleusercontent.com/p/AF1QipMon7tdnSK1rF_2AQbzsFURMzHQBgosm5KzRw-6, "
Nhà Hàng Hương Đồng,QL2B,"3,8",63,None,200.000-300.000 ₫,Vĩnh Phúc,"https://lh5.googleusercontent.com/p/AF1QipMt2asmwgXvc_Un-PJc6YlGGe4RPia-qL2Vnlz4, https://lh5.googleusercontent.com/p/AF1QipMJ3nm1MjhMxxccGldXPBAP65whJhc05VQUDmvK, "
Lotteria Vĩnh Phúc Coop Mê Linh,"Soiva Plaza, Đ. Mê Linh","4,2",374,None,1-100.000 ₫,Vĩnh Phúc,"https://lh5.googleusercontent.com/p/AF1QipOxYk4GAMXHBFlXZNZWmMgI3Ij9yLEZB-9JyhFK, https://lh5.googleusercontent.com/p/AF1QipNR6FxVfJCywzkZhznNQyM3kXQRUlFPm0DyC_EV, "
Chi Chi Thành Thành - Vĩnh Yên,40 Nguyễn Tri Phương,"4,1",64,None,100.000-200.000 ₫,Vĩnh Phúc,"https://lh5.googleusercontent.com/p/AF1QipMtyXwve53z_O8Q_UU9Jz7PR_OYzEF7g3tdG8Na, https://lh5.googleusercontent.com/p/AF1QipP454nYeuzZxOJz6nplqRMr-M-95y0JK_EPrzlb, "
Nhà Hàng Thắng Béo,9J65+FM9,"3,9",214,None,100.000-200.000 ₫,Vĩnh Phúc,"https://lh5.googleusercontent.com/p/AF1QipNTrMz8xEhiRGiBBOwhmXubuLco4x7AYOu6aQlA, https://lh5.googleusercontent.com/p/AF1QipOi-3X-3Qk7m9q8Xvf9KNHXNT2tufq50l0lUnHQ, "
Quán Dê Núi Thái Hương,Vĩnh Phúc,"4,0",116,None,100.000-300.000 ₫,Vĩnh Phúc,"https://lh5.googleusercontent.com/p/AF1QipNxpN0Rs0AqUG4NuaKZTzWUomC92WXTs4Br6h_w, https://lh5.googleusercontent.com/p/AF1QipOKF7V-AgaKyf0aSqG5qIZ2Pt5PuHv3J2MfPxeX, "
Nhà Hàng Yummy Hotpot Vĩnh Phúc,8J93+MQX,"3,3",12,None,None,Vĩnh Phúc,"https://lh5.googleusercontent.com/p/AF1QipPXom38Xo2wqsLaKcjjxiA1JQ2SVM8BpujSj9E3, https://lh5.googleusercontent.com/p/AF1QipPATZsXqBEENG9zjrLWwdPMk4KFAvxFRqsbt0q4, "
Nhà hàng NHỚ 2 món ăn đồng quê - Gà ngon. Đẳng cấp - uy tín.,Unnamed Road,"4,4",9,None,None,Vĩnh Phúc,"https://lh5.googleusercontent.com/p/AF1QipNp9YSzwtQ67xEyxZYXISM61QelNZtNy5R6PeUE, https://lh5.googleusercontent.com/p/AF1QipO6CEZxa8Uex0K-pBQLr2PZ1fDK1XGs-p0MUI7x, "
Lẩu nướng phương râu 3,223 Đ. Nguyễn Tất Thành,"3,6",14,None,100.000-200.000 ₫,Vĩnh Phúc,"https://lh5.googleusercontent.com/p/AF1QipPP8OTzzj_WIQQ2ORjXD-gJBFEoai48Wx0RQ6rN, https://lh5.googleusercontent.com/p/AF1QipOyYxSSDxqQydSsVDhxn9KpyjHUr1s6qOC5Y5_m, "
Quán Cơm Ngon,136 Đ. Tôn Đức Thắng,"4,5",6,None,None,Vĩnh Phúc,
Ốc 88,"số 7, Nguyễn Thái Học","4,1",179,None,1-100.000 ₫,Vĩnh Phúc,"https://lh5.googleusercontent.com/p/AF1QipMO40cRF92rxAnxBu9iCSA91-D4YEgjNAgP0DUv, https://lh5.googleusercontent.com/p/AF1QipPKybyIn5fkIPI9DhAX8FIAsqEtAzSSviIVpGI0, "
Maii Bistro,Hà Nội,"4,9",759,None,200.000-300.000 ₫,Vĩnh Phúc,"https://lh5.googleusercontent.com/p/AF1QipPzV4tFA1xzhYP5TLk-oC9qUnNqnduI2d5mJ-km, https://lh5.googleusercontent.com/p/AF1QipO3o593WDEnk7bLauwbehnWvuY08PvFnzKzTCcI, "
Nhà Hàng Chợ Tình Sa Pa,Hà Nội,"4,5",2 N,None,200.000-300.000 ₫,Vĩnh Phúc,"https://lh5.googleusercontent.com/p/AF1QipOh1APTQUCfp2IiPrO0gvUXH968rJBXz1L7xmTf, https://lh5.googleusercontent.com/p/AF1QipOmUKUwBmBTJ0oV-N1MrGIxvTt0oEsEIw6fEjbP, "
Family Steak,Ngã 5 Gốc Vừng,"4,6",21,None,100.000-200.000 ₫,Vĩnh Phúc,"https://lh5.googleusercontent.com/p/AF1QipN2l6t5qM69jcK5DqPRywkHivR9bRbovFnFwo0p, https://lh5.googleusercontent.com/p/AF1QipNpFOu3viDsstYE4M13_yT0wk7PWo4HHu7rbjmM, "
GoGi House,54 Chu Văn An,"4,0",163,None,300.000-400.000 ₫,Vĩnh Phúc,"https://lh5.googleusercontent.com/p/AF1QipOcLvUlwIjBfBYpbnO2LbAwDZ04qjGAHP43rKg, https://lh5.googleusercontent.com/p/AF1QipNj5Nx6fXhozx8HWvO5YbOcg5KnFaNKt-8WdgLq, "
Nhà hàng Tương Hội Lầu,Vĩnh Phúc,"4,3",26,None,200.000-300.000 ₫,Vĩnh Phúc,"https://lh5.googleusercontent.com/p/AF1QipMM3b2WYJEiKrLdPBDObgakHcplkbLuTLah_wW6, https://lh5.googleusercontent.com/p/AF1QipPRHTtz4wAMcHHNQCEawqp1KXu6Fa0X5vssEATF, "
Nhà Hàng Phương Đông (Dê núi),"9JP5+GV6, QL2B","3,9",86,None,None,Vĩnh Phúc,"https://lh5.googleusercontent.com/p/AF1QipOf8Ref687cfNUJ1H7L_Adj21f8RPftjQrx8PUP, https://lh5.googleusercontent.com/p/AF1QipOtdAdKke4-cRmKeiZKXKQoja-bD0xj_fXIt70k, "
Nhà hàng Bình Minh,"Quốc lộ 2B, Km12","4,4",24,None,100.000-200.000 ₫,Vĩnh Phúc,"https://lh5.googleusercontent.com/p/AF1QipMM6Q9pNurKIzAxGYpw7gA1NzrW5Neh9JUpECGC, https://lh5.googleusercontent.com/p/AF1QipO94YUVQ7Rbp0pPCKgBf6OwdcFwVIn5AnKU7U9P, "
Nhà hàng Hoa Cúc Vàng -Vĩnh Phúc (KIKU-BBQ Japanese Restaurant),"L2-06&L2, 07Nguyễn Tất Thành","4,2",32,None,200.000-300.000 ₫,Vĩnh Phúc,"https://lh5.googleusercontent.com/p/AF1QipNE1Cxbx4U7GclcCwB7dyol9S7y7FJgz_xSUuPU, https://lh5.googleusercontent.com/p/AF1QipP4Jc7tF0VUgK4C2dFiFh22VChHFxYPY3Fj4_Zh, "
BONBBQ Lẩu Nướng Không Khói,Phố Lưu Túc,"4,8",18,None,100.000-200.000 ₫,Vĩnh Phúc,"https://lh5.googleusercontent.com/p/AF1QipM5rdVnh6y-0srHkR9w_nvZ2kPOl11GACTznWrB, https://lh5.googleusercontent.com/p/AF1QipPKclqovMUQjO4oWv-0mD6AKcUFZMl0NXfxh17p, "
Quán Sành Lẩu,141 Đ. Nguyễn Tất Thành,"4,3",67,None,None,Vĩnh Phúc,"https://lh5.googleusercontent.com/p/AF1QipOqIYhA_vGG9MGI5OXJ4iRqo0dV8Ua2Kp4d5YZl, https://lh5.googleusercontent.com/p/AF1QipMfv8AaYFabJBg5ohZHOGBQ-OrBSsEP0ch70310, "
Ốc Tuấn Ao,29-47 Phố Chiền,"3,9",39,None,100.000-200.000 ₫,Vĩnh Phúc,"https://lh5.googleusercontent.com/p/AF1QipOUpmiDyHxtJyKLNzkMWSYgdSlEBWkiulNagoHK, https://lh5.googleusercontent.com/p/AF1QipM8v0BdaqDDjJRLCJlnsyqWlcxnPywobR_xblQV, "
Đặc Sản Tam Đảo,"Km6, QL2B","4,3",8,None,None,Vĩnh Phúc,"https://lh5.googleusercontent.com/p/AF1QipOrvs2wy-XK7uLjdeJnjNziGqkzl42JP3VCLK89, https://lh5.googleusercontent.com/p/AF1QipMv-Z_Hz4syfiD1bHFiJiOxmIzgo-LbXgOPcrD7, "
Lẩu cua đồng Vĩnh Yên,"8J87+RVC, Nguyễn Tri Phương","4,1",131,None,100.000-200.000 ₫,Vĩnh Phúc,"https://lh5.googleusercontent.com/p/AF1QipO11BukmJql3IHKbkG9diCneDoOxnRAIyrtgyYP, https://lh5.googleusercontent.com/p/AF1QipNomkmwO7ieGc7W3f1OufXQgBO9KLdP8PnoFaA4, "
Nhà Hàng Hoa Rừng,9JX9+C2R,"4,0",82,None,100.000-200.000 ₫,Vĩnh Phúc,"https://lh5.googleusercontent.com/p/AF1QipOMSnqGLQp5pN1KlOSY9aPkAVB9FAux-c9ijfYn, https://lh5.googleusercontent.com/p/AF1QipPB6PRyRu-HJY4PV-zQedVXJ8Bf_EAyJszDaGA-, "
Rock Cafe Tam Đảo,Vĩnh Phúc,"4,0",973,None,1-100.000 ₫,Vĩnh Phúc,"https://lh5.googleusercontent.com/p/AF1QipMIoLj1MzsSeWt00K5dx67yOglpWNPukOKWDlJr, https://lh5.googleusercontent.com/p/AF1QipOWPFcIglNxyqoBGMeU3nZaefXEfP6ujJR0IsuK, "
Cơm Đốt Thố Lão Đại - TP Vĩnh Yên,14 Phan Chu Trinh,"4,8",25,None,1-100.000 ₫,Vĩnh Phúc,"https://lh5.googleusercontent.com/p/AF1QipOk0BsU-G_V4tvo7aUfFlDLKb_u8Z27hANjIAZV, https://lh5.googleusercontent.com/p/AF1QipMR2Z7Hq3XM9LMjbLnzTPQTxVIg5NPX9U9MpJur, "
Hải Dương Xanh- Hải sản và ẩm thực Việt,Chùa Hà,"4,9",16,None,None,Vĩnh Phúc,"https://lh5.googleusercontent.com/p/AF1QipNJJgFqthsKK6dKw58YrFi_plQ6aSQF2Gqab_PV, https://lh5.googleusercontent.com/p/AF1QipMserBXIaH0n_ok-wSDNArdQt-RjMwRzetldlyY, "
Lẩu nướng & Hải sản 38,38 Đ. Mê Linh,"4,4",5,None,None,Vĩnh Phúc,"https://lh5.googleusercontent.com/p/AF1QipNQ2bkKj2ihpG0vLqIVQBN3-fvLLqg8YvEM0X-d, https://lh5.googleusercontent.com/p/AF1QipPIFruPo1hH8tHURXk4pwUXDqcAa0CxJzUMmPfs, "
NHÀ HÀNG TAM ĐẢO,Vĩnh Phúc,"4,3",3,None,None,Vĩnh Phúc,"https://lh5.googleusercontent.com/p/AF1QipOOV3TpQ6_K73j4teN8U5jvg3yF8K4ubE69O8Kk, https://lh5.googleusercontent.com/p/AF1QipO23lm6sajrn94kum7E-DQJSWnrLrPzxW6P0ao5, "
CHILL BBQ & Buffet,7 Đ. Nguyễn Tất Thành,"4,2",38,None,None,Vĩnh Phúc,"https://lh5.googleusercontent.com/p/AF1QipOIFgMcm_D3IWWfPQzyCzXQUCzvtlt5KfiWo59n, https://lh5.googleusercontent.com/p/AF1QipO2bkOnvKaVlQLE5k-CRcydLKJUYO5j9ekfCvRk, "
Gourmet Buffet Hải Sản 78 Điện Biên Phủ,78 Điện Biên Phủ,"4,1",19,None,300.000-400.000 ₫,Vĩnh Phúc,"https://lh5.googleusercontent.com/p/AF1QipNCUDljsm8JYgPhbTxatIsG2Uty5tFH-5iX4Gmh, https://lh5.googleusercontent.com/p/AF1QipN7oT8uSsnv5R-6iXi1wh0JFSmtwvTpsF43d3dd, "
Trâu Tươi Quán,54 Chùa Hà,"4,0",19,None,None,Vĩnh Phúc,"https://lh5.googleusercontent.com/p/AF1QipP9pzxEvbIlGoFcD-DzTQjQp2lFKM_txY9fDtcy, https://lh5.googleusercontent.com/p/AF1QipOA4OSBiOqdxrxy0S3a8IY2aYgPZ7LbmoO7nCgm, "
Maii Bistro,Hà Nội,"4,9",759,None,200.000-300.000 ₫,Vĩnh Phúc,"https://lh5.googleusercontent.com/p/AF1QipPzV4tFA1xzhYP5TLk-oC9qUnNqnduI2d5mJ-km, https://lh5.googleusercontent.com/p/AF1QipO3o593WDEnk7bLauwbehnWvuY08PvFnzKzTCcI, "
Nhà Hàng Chợ Tình Sa Pa,Hà Nội,"4,5",2 N,None,200.000-300.000 ₫,Vĩnh Phúc,"https://lh5.googleusercontent.com/p/AF1QipOh1APTQUCfp2IiPrO0gvUXH968rJBXz1L7xmTf, https://lh5.googleusercontent.com/p/AF1QipOmUKUwBmBTJ0oV-N1MrGIxvTt0oEsEIw6fEjbP, "
Nhà hàng lẩu ngựa Khương Duy 2,"8J59+R85, Unnamed Road","4,0",272,None,100.000-200.000 ₫,Vĩnh Phúc,"https://lh5.googleusercontent.com/p/AF1QipPoqMwFxnpffgGoQtSkFV9cODYoD81-TSYTMBuk, https://lh5.googleusercontent.com/p/AF1QipNURLZ1BpruKBa0khktOvgHSje1DkicgUebeGHH, "
Nhà HàngTam Mao,Đường Lý Thường Kiệt,"3,8",33,None,None,Vĩnh Phúc,"https://lh5.googleusercontent.com/p/AF1QipN51ldfiPS4tcCXApCDvMYveeF15DOivy8TaqPm, https://lh5.googleusercontent.com/p/AF1QipOklCNGBRGzh7RwLitgBsYa7BiZVmDNmThZ_G0I, "
Nhà Hàng Lẩu Hoàng Khánh,"9HQ9+5W7, ĐT309B","3,9",24,None,None,Vĩnh Phúc,"https://lh5.googleusercontent.com/p/AF1QipNIjt7opqSbvkQyeaEQm6aC65tss74v-ictwyku, https://lh5.googleusercontent.com/p/AF1QipOWZjfN7p6sln24QiagY-11zXjEpEFJeNrvywcb, "
Mì Cay SUSIN,184 Đ. Nguyễn Tất Thành,"4,1",184,None,1-100.000 ₫,Vĩnh Phúc,"https://lh5.googleusercontent.com/p/AF1QipOSoo_SQYPK0MZ3FqQfZaVBgAFr5utgZaL_fGIz, https://lh5.googleusercontent.com/p/AF1QipP2zKZ18GCD-Hy_ixsX4X5VagoKbejfWviTLp7y, "
Trọng Ngựa 568,8H3Q+JMV,"4,1",61,None,200.000-300.000 ₫,Vĩnh Phúc,"https://lh5.googleusercontent.com/p/AF1QipOBb28FQk27KUiNIRgnaj2jnI4vPm7taFraFSdh, https://lh5.googleusercontent.com/p/AF1QipMVMnahAMuwh3LKfNFSAPa4-7JZpiEnPGCbZsDj, "
Phở Gà Phố Cổ Vĩnh Phúc,22 Phạm Văn Đồng,"5,0",13,None,1-100.000 ₫,Vĩnh Phúc,"https://lh5.googleusercontent.com/p/AF1QipMz-Xl8ZPCxfXC1ftybor1UYpape8t8Kc8eXFBf, https://lh5.googleusercontent.com/p/AF1QipPYKYSqKKE72aavAt-nt-ttQOpNw86IA8DIYmY8, "
Nhà hàng Trường Hoa,"8G7W+47M, ĐT305","4,6",13,None,100.000-200.000 ₫,Vĩnh Phúc,"https://lh5.googleusercontent.com/p/AF1QipM-WLkfxR2Tn4U1hYkTQunaBokeERqPFyGqww4y, https://lh5.googleusercontent.com/p/AF1QipPtKo69NF93-e45ktW_BAQ3c1CMQIEf3dM37WvF, "
Nhà hàng Hải Sản Soccer,75 Nguyễn Văn Linh,"4,4",29,None,None,Vĩnh Phúc,"https://lh5.googleusercontent.com/p/AF1QipOctUbA80MojOieCRArXlVONbDsB_2c-8xibLt5, https://lh5.googleusercontent.com/p/AF1QipMPSEeS_Zyoqh9tY9Re3MkmRCem_1OLo-_hBObG, "
Nhà Hàng Quỳnh Nga,117 Trần Quốc Tuấn,"3,8",5,None,None,Vĩnh Phúc,"https://lh5.googleusercontent.com/p/AF1QipMYyGaSP1TTRvnWLIAuK1AdiyoQsiRee_6Jyolj, https://lh5.googleusercontent.com/p/AF1QipN3vBUQYjZuF9oncZaKyoeK2bm3wf7Sju8ur70b, "
Nhà Hàng Khanh Hương,"7PP9+687, Đường Nguyễn Văn Linh",Chưa xét,0,None,None,Vĩnh Phúc,
Quán Phở Anh Quân,22 Nguyễn Trãi,"4,1",32,None,1-100.000 ₫,Vĩnh Phúc,"https://lh5.googleusercontent.com/p/AF1QipP-6g3hsmN0U1iWN2RBbVqHNwOpST_-3NXnsq_9, https://lh5.googleusercontent.com/p/AF1QipP_uIPT-J2fao0jl3oxBL4PqnVsAiVBljPRjDxF, "
Phở Phúc,39 Chu Văn An,"3,8",40,None,1-100.000 ₫,Vĩnh Phúc,"https://lh5.googleusercontent.com/p/AF1QipMmMcAU4DjiYMu1hycskQbKyT9HgmzSJ1neaSs7, https://lh5.googleusercontent.com/p/AF1QipMla05LsklP-1eZFSWvxa9iebO_ozEgi0UlrSl1, "
Cơm sườn Đào Duy Từ - Chi nhánh Vĩnh Yên,46B Lê Xoay,"3,7",30,None,100.000-200.000 ₫,Vĩnh Phúc,"https://lh5.googleusercontent.com/p/AF1QipN2JvuUY7Wuo8zVc-e0zi85jZi4YsYXODESCING, https://lh5.googleusercontent.com/p/AF1QipPT_Qn6MiaZWWsYwYEcr_Ixhn5RUL26ebVWnX-a, "
Nhà Hàng Phố Núi,Vĩnh Phúc,"4,3",36,None,None,Vĩnh Phúc,"https://lh5.googleusercontent.com/p/AF1QipMtMXHKJATH5vNqUa1kQ-f_NGIzPSLr9OjZgKxB, https://lh5.googleusercontent.com/p/AF1QipMUB9OVyI_Ito6Y9X3AtdJt4nX-1GCZI-5nGoKq, "
Nhà Hàng Hương Rừng 2,CJ39+RGF,"3,9",145,None,200.000-300.000 ₫,Vĩnh Phúc,"https://lh5.googleusercontent.com/p/AF1QipOQELulm1YhzGIKIGJ30cUcW1SJzMhF-XeeQp4H, https://lh5.googleusercontent.com/p/AF1QipM9h8wLY-9k-Sw8KARLW_LjWAf9XXpfdOPd_wwK, "
The King BBQ,185 Lam Sơn,"3,9",42,None,100.000-200.000 ₫,Vĩnh Phúc,"https://lh5.googleusercontent.com/p/AF1QipM3FBnWokxOpYKcgT3UH7lrHhkBSd8wkKWjFmn4, https://lh5.googleusercontent.com/p/AF1QipNSW6euAQJqG-UKVQbxArZAmBP1O98RFKI59iDU, "
Đường lạc long quân phường khai quang thành phố vĩnh yên vĩnh phúc,9 Lạc Long Quân,"5,0",1,None,None,Vĩnh Phúc,
Quán Chim Thịnh Yến,Hoàng Hoa Thám,"4,1",78,None,None,Vĩnh Phúc,"https://lh5.googleusercontent.com/p/AF1QipN-9xdxjha3bd_v2zpY71LphGjLBWGU-TOtjBSI, https://lh5.googleusercontent.com/p/AF1QipPCcK2RRGsp9bCmMopp5vFAIVpCTkapQRF8BWvu, "
Sông Hồng Resort,Số 189 Lam Sơn,"4,2","1,7 N",None,None,Vĩnh Phúc,"https://lh5.googleusercontent.com/p/AF1QipPurpxtSHM_FfHivoJRXXoVAuyJ3me5mFPgxY9b, https://lh5.googleusercontent.com/p/AF1QipNWLJ1KxyblNClRA8UUAWkKQOSHPe5qdPg2Kqod, "
Jollibee Go! Vĩnh Phúc,"Siêu thị Go, Trung tâm thương mại Vĩnh Phúc","4,1",28,None,100.000-200.000 ₫,Vĩnh Phúc,"https://lh5.googleusercontent.com/p/AF1QipNhvYj9CWudSRxZYOh606BHNzjNmbCqqUUs_-iz, https://lh5.googleusercontent.com/p/AF1QipN6d7uTXEaADww3PvNlPvHZRt5dSYhfpMQtKMBK, "
Nhà Hàng Tây Bắc Yên Bái,Tổ 6 Hoàng Quốc Việt,"4,2",716,None,200.000-300.000 ₫,Yên Bái,"https://lh5.googleusercontent.com/p/AF1QipN6yL4cJXjNr6StX7gc-rZfbLcnyEYItrFgMwy8, https://lh5.googleusercontent.com/p/AF1QipPG75A9aYqjz-jq74_eS9uL84DiCFSIR2l9L8Ke, "
NHÀ HÀNG NGON NHẤT TẠI YÊN BÁI- NHÀ HÀNG HIỀN ANH,"Nút Giao IC12 km114, Cao Tốc Nội Bài - Lào Cai","4,5",16,None,100.000-200.000 ₫,Yên Bái,"https://lh5.googleusercontent.com/p/AF1QipM4Qp4B2VoXuJeUkwQH1clNuieqoTswpAPOu28v, https://lh5.googleusercontent.com/p/AF1QipMABiSFFoxbKHF0mxLevvvSc8SV7z_8UtMMXxDl, "
Nhà hàng Mạnh Thắng - Yên Bái,54 Đ. Đinh Tiên Hoàng,"4,0",289,None,1-100.000 ₫,Yên Bái,"https://lh5.googleusercontent.com/p/AF1QipP62XhBKFt_4tLyVc2oK3dMexfZcdyJvuH56TJS, https://lh5.googleusercontent.com/p/AF1QipMiYPWyTGiTCV6vfR1smS8IcIqctrpqKBXylRx2, "
Nhà Hàng Duyên Quý,27 Lê Hồng Phong,"4,1",194,None,None,Yên Bái,"https://lh5.googleusercontent.com/p/AF1QipPWGa-1oMZiQe2vAH_nhDMwL5dQeUY7Cv8HdWxC, https://lh5.googleusercontent.com/p/AF1QipOWM2Ts8S5aJKjT5e5ZGtD-VG1TPRXEq0zupni7, "
QUÁN CÁ HÀ OANH YÊN BÁI,Yên Bái,"4,0",684,None,200.000-300.000 ₫,Yên Bái,"https://lh5.googleusercontent.com/p/AF1QipNk_lTQc6N2uZ98npYfQwbTBWzDUxuB7wWsG0xg, https://lh5.googleusercontent.com/p/AF1QipP9GqNNdfnY0dape31vvKBAGB0vtXwZ0t0kPOvz, "
Nhà Hàng Vua Cá Hồi Yên Bái,Vua cá hồi,"4,1",198,None,None,Yên Bái,"https://lh5.googleusercontent.com/p/AF1QipNA4flla58z6qpKlxuWy0il7to_hXUU_jifbxFv, https://lh5.googleusercontent.com/p/AF1QipO0C9I_Qz3P6Q_ok1aN8CzJKtzMMWasQMVLbmhy, "
Nhà Hàng Đồng Tâm,PW55+QX7,"3,9",161,None,100.000-200.000 ₫,Yên Bái,"https://lh5.googleusercontent.com/p/AF1QipOQmJD3IFQhhQit6Wwp0c1f0M43gkRThAlucEch, https://lh5.googleusercontent.com/p/AF1QipMpkTizt9ZB0FiQo9HHOqX3yo3GXw9Y-te5lFcW, "
Nhà Hàng Thuyền Chài,Hoàng Quốc Việt,"4,1",500,None,200.000-300.000 ₫,Yên Bái,"https://lh5.googleusercontent.com/p/AF1QipOj32DwRcluqT7mzuNCwfpFzIpy1k-qRcKIsSkk, https://lh5.googleusercontent.com/p/AF1QipN3Gabl_FXYkC1xjSRacWP90ZEv0naQdbpfbDH5, "
Bít Tết Ngon,115 Đ. Nguyễn Tất Thành,"4,4",61,None,1-100.000 ₫,Yên Bái,"https://lh5.googleusercontent.com/p/AF1QipMLbi5x8DrY7v5iE0uqZBY-2hNxg9NisozYFR_y, https://lh5.googleusercontent.com/p/AF1QipO6ee7u4BqHBAWzKiY6VI9ly_tCkUFW9uNLDyYM, "
Nhà Hàng Lá Dong,Sân quảng trường Khu đô thị Ruby Garden km11,"4,4",21,None,200.000-300.000 ₫,Yên Bái,"https://lh5.googleusercontent.com/p/AF1QipMDGH-3ZSoViu1EcdYVA_QsX3hVKUQk_Z-R7168, https://lh5.googleusercontent.com/p/AF1QipOlcDIMQvYzlUD7isFe3fTpizDQAlTamS9LBIhT, "
Nhà Hàng Tùng Dương,37 Đường Quang Trung,"4,2",187,None,None,Yên Bái,"https://lh5.googleusercontent.com/p/AF1QipOfgc1W-L6E70nrS08OFBGyMXj2H5fuV6zWMZ8, https://lh5.googleusercontent.com/p/AF1QipNTlO4ws6tdJ4v1seV7a0ZNzjsFKGukmC6tr2P2, "
Nhà Hàng Yên Bái - 中国餐厅,Yên Bái,"5,0",22,None,100.000-200.000 ₫,Yên Bái,"https://lh5.googleusercontent.com/p/AF1QipN6Ax-LR-6DY8U1w9Z_UAZkrsIjONVslDe6vVX8, https://lh5.googleusercontent.com/p/AF1QipNSU8r6LUyTAH6fG3lSxf3xdP0cK039Visylwun, "
Nhà Hàng Oanh Hợp,"Nhà Hàng Oanh Hợp Km2,5 (gần thuế thành phố Yên Bái)","4,0",42,None,None,Yên Bái,"https://lh5.googleusercontent.com/p/AF1QipNHtgiKGRvK6Pa0JdPaOOiWqfgwTsCi_6S4mCbP, https://lh5.googleusercontent.com/p/AF1QipMb9O137BTGth8QFdnoklOPvzMBsbio_fVoFe56, "
Nhà hàng Cây Cọ (ẩm thực Tây Bắc),279 Đ. Nguyễn Tất Thành,"3,9",91,None,200.000-300.000 ₫,Yên Bái,"https://lh5.googleusercontent.com/p/AF1QipNIhFWXz_ouFA8d_Au8pGXrbuxHGJeGrSX2p69-, https://lh5.googleusercontent.com/p/AF1QipO8U7xA9v-DPWilX52zO9LgnbtxP5V8ZP_xrqhG, "
Mì Cay Seoul,173 Nguyễn Thái Học,"3,9",203,None,1-200.000 ₫,Yên Bái,"https://lh5.googleusercontent.com/p/AF1QipOV7mNgfntOwkhHyDB6fctJ18XC0gy_vk0Y9AeX, https://lh5.googleusercontent.com/p/AF1QipNV421YW_nInXM_MPKJqdycCaVGTMfF-DkDSBV4, "
Nhà hàng Oanh Hiện,01 Thành Công,"3,8",118,None,None,Yên Bái,"https://lh5.googleusercontent.com/p/AF1QipPTEUZzvHn-E_uvdN-Bwe7rLvKJemgdZIPJYM0g, https://lh5.googleusercontent.com/p/AF1QipOKAYdpPGpQlVorBqxSQX521F5Zdz2GVjARRNmb, "
Nhà hàng Hưng Anh,13/65 Lê Lợi,"4,0",144,None,200.000-300.000 ₫,Yên Bái,"https://lh5.googleusercontent.com/p/AF1QipNYwmReErq3osqRUr5booRcTvhp5vB2UoyK3ge9, https://lh5.googleusercontent.com/p/AF1QipMnf3GH5-hc7zgXUF_3TSaSHhj3LVvakcvFrIYM, "
Thắng Vịt,5 Minh Khai,"4,2",12,None,None,Yên Bái,"https://lh5.googleusercontent.com/p/AF1QipM4yK52Xr_zXYQD64RhAVLOOe0PRVeIDHvTpB77, https://lh5.googleusercontent.com/p/AF1QipMNW093AoPhm6PCJWaYCXshrxZVKOIlP4sUgM9q, "
Quán Ăn,"Tổ 51, Phường Minh Tân, Thành Phố Yên Bái, Tỉnh Yên Bái",Chưa xét,0,None,None,Yên Bái,
Nhà Hàng Trọng Nam,Gần cây Xăng Cường Anh,"5,0",16,None,100.000-200.000 ₫,Yên Bái,"https://lh5.googleusercontent.com/p/AF1QipM0-PpfrtuuEQGsHB1W9ngjfBCDSTHJMjligERi, https://lh5.googleusercontent.com/p/AF1QipMRpFtVtBHneXkQeLbpK1R90tVMl3TEatgZsAQk, "
"Nhà Hàng, Quán Ăn",381 Lê Hồng Phong,"3,8",4,None,None,Yên Bái,
Soju BBQ & HOTPOT,129 đường Trần Phú,"3,8",39,None,100.000-200.000 ₫,Yên Bái,"https://lh5.googleusercontent.com/p/AF1QipP_sG6DPW9fVSQLcgnC9Z9x4OnA7y-ebsrLvnnk, https://lh5.googleusercontent.com/p/AF1QipOHswyj5zW1zmQPqJxLitoAtApX07Nn3PVDlbvK, "
Nhà Hàng Việt Hoa,Yên Bái,"4,8",5,None,100.000-200.000 ₫,Yên Bái,"https://lh5.googleusercontent.com/p/AF1QipPfqfqzlz8gQXM0PGxT8DQFkACjrlfCYOH5MhpC, https://lh5.googleusercontent.com/p/AF1QipOxvAxkPKPMkTNxQ61Gl77k-2XDH5m6LchcABCR, "
Ẩm Thực Việt 86 Nguyễn Đức Cảnh,2 Minh Khai,"4,0",53,None,None,Yên Bái,"https://lh5.googleusercontent.com/p/AF1QipMvr87FeSew2gBVwyqbdQru_CDbmepxdYv0v14Z, https://lh5.googleusercontent.com/p/AF1QipOWpVkIi50Q-ZutbHRURCbGVpd9Tv9AF1tnCeLj, "
Nhà hàng Phố Mới,"PWC9+59R, Nguyễn Văn Cừ","3,8",61,None,None,Yên Bái,"https://lh5.googleusercontent.com/p/AF1QipP1gjN6E5Ld_GTl9UyjqhJYCiTtEBrtEOXiLGBG, https://lh5.googleusercontent.com/p/AF1QipONNAkq0o7-mJsj4LwdeGzyE_j5_Gy1VuWoTC3J, "
Cơm Bình Dân Tình Em,"MW52+6V9, Âu Cơ","4,3",166,None,1-100.000 ₫,Yên Bái,"https://lh5.googleusercontent.com/p/AF1QipNMTAjjsJ2oxe4XfyB58ra09f9uTmmx35UfIt-o, https://lh5.googleusercontent.com/p/AF1QipO2vbze1Iwt5KJWUaUYbAauHLbX31Uk_oYjY4k4, "
Cơm Thố Anh Nguyễn - Yên Bái,322 Thành Công,"4,7",12,None,1-100.000 ₫,Yên Bái,"https://lh5.googleusercontent.com/p/AF1QipNHSJdSLjsbGcXO5RyE9xmgs5MEFCTAHa6NxBbh, https://lh5.googleusercontent.com/p/AF1QipMiBR_eSLsZBZUxh2cfuWr2sQ3DeYBxfZ8eFvo, "
Nhà hàng Hưng Diệp,PWGC+5C3,"4,3",29,None,None,Yên Bái,"https://lh5.googleusercontent.com/p/AF1QipND919YdOKS8zGRb5B9eGVJo98bhS-vvzl4BKED, https://lh5.googleusercontent.com/p/AF1QipM99-UnNR-RT17WHncPbn95_VUQUBVuTXJjA0jf, "
Nhà Hàng Thuần Việt,299 Nguyễn Thái Học,"5,0",6,None,None,Yên Bái,"https://lh5.googleusercontent.com/p/AF1QipOE6qE_TfY29fe9sT-J50fUMMH3Jf_PPy1xDlYn, https://lh5.googleusercontent.com/p/AF1QipMXBohtswbfFHB9n1ir-yOVsDW7rQUI0WV4lQ8b, "
Nhà hàng Đồng Tâm Quán,Đường Âu Cơ,"4,5",11,None,None,Yên Bái,"https://lh5.googleusercontent.com/p/AF1QipO5gIsk24C1zBgg90jjFlA-cL88kb6Sqse1dV_B, https://lh5.googleusercontent.com/p/AF1QipOglEFCM0w57zCa_j86iWGJyQHnfi6r2RKltrXL, "
Nhà hàng Bến Thượng Hải,Đường Hoàng Quốc Việt,"4,6",5,None,None,Yên Bái,"https://lh5.googleusercontent.com/p/AF1QipMx3c4WQw6J98PNZWijZ3AcCs1GlWtBzJroh7FU, https://lh5.googleusercontent.com/p/AF1QipPZPsmA5LmpYELJ0o0ZELUCkLwiTxmDSTqE-Nwz, "
Quán Ăn Sáng Ngon Yên Bái,Yên Bái,"5,0",1,None,None,Yên Bái,"https://lh5.googleusercontent.com/p/AF1QipMFPunOKTtb79q7tX8Xrh9UEGy-QZTm7NHVpwZW, https://lh5.googleusercontent.com/p/AF1QipMoomqHoPRKZaEDTVuSOvMrSyvOeovgigbxcXLO, "
Nhà hàng Quý Cá,PV8M+VJP,"3,6",8,None,None,Yên Bái,"https://lh5.googleusercontent.com/p/AF1QipOxunX2CYurf7--Ti_OOrU54h0n26DDwVrB-NAy, https://lh5.googleusercontent.com/p/AF1QipP6l-oidER5ZljQH-UNG_O4PJpe7-pY6BkL6RZV, "
Tiệc Cưới Hoàng Gia,"PWHG+4J2, Đ. Nguyễn Tất Thành","3,8",197,None,200.000-300.000 ₫,Yên Bái,"https://lh5.googleusercontent.com/p/AF1QipO7JF1hZahPNAubFptlP-Aw18_Y1dl53uZXZF4N, https://lh5.googleusercontent.com/p/AF1QipNlYponG43K9sfMj-Gx0feMdMTUSkYCyJ7Vhh6X, "
Quán Ăn Ngon Bệnh Viện Yên Bái,Đường Hoàng Quốc Việt,"5,0",1,None,None,Yên Bái,"https://lh5.googleusercontent.com/p/AF1QipMKIj85jtTq4QbJcxRx5u0OxJH12wqy_IeVwQpC, https://lh5.googleusercontent.com/p/AF1QipNCRU0ereLNgIobfnyb3htIH4dj9_PpmwlFiUbk, "
Nhà Hàng Dê Kiều Oanh,PW55+M78,"4,0",41,None,None,Yên Bái,"https://lh5.googleusercontent.com/p/AF1QipPj_PSQEL4sZj1HPmmgMz0WCKf9J0noFD1tD4Gp, https://lh5.googleusercontent.com/p/AF1QipOb7wk_zQKzvX7gqaS7FL1EYMY9Wm2OI1oPfpOh, "
Nhà Hàng Tuyền Bếp,"PWFC+776, Nguyễn Đức Cảnh","3,8",59,None,100.000-200.000 ₫,Yên Bái,"https://lh5.googleusercontent.com/p/AF1QipNPZHduSEy-NsjGnF_3qonHn5MD6ZQ8fIuDKuk6, https://lh5.googleusercontent.com/p/AF1QipMiThF_0tFxpHigAeOXueDfFrhlzkkrCiQrZ8ia, "
Quán ăn sáng Thắng Yên,91 Lê Lợi,"3,9",42,None,None,Yên Bái,"https://lh5.googleusercontent.com/p/AF1QipM_su79UTcrrqyN45nP4mIcdZs34nFrDH-H8ekm, https://lh5.googleusercontent.com/p/AF1QipMybtEj_uiV-yMcGXTo3l2drMDSnMiSX05OrJOO, "
Bầu Pizza Yên Bái,344 Thành Công,"3,9",22,None,None,Yên Bái,"https://lh5.googleusercontent.com/p/AF1QipODh6QRDf2hpP9BwRxA1eZGczZnbiL0WXpNA6uM, https://lh5.googleusercontent.com/p/AF1QipN3sbeowoUBfSyFll3aLjDAshxUvhJVSBf0ktl4, "
Chè Hương,238 Lê Hồng Phong,"4,2",103,None,1-100.000 ₫,Yên Bái,"https://lh5.googleusercontent.com/p/AF1QipNazkDYx35BehKRUarZJUmsrcU29MAOo4tIYW8l, https://lh5.googleusercontent.com/p/AF1QipOvImDGzFmJ6DAGeOiqPiFVF-iKhCG-Kc7INPTu, "
Chè Hương,238 Lê Hồng Phong,"4,2",103,None,1-100.000 ₫,Yên Bái,"https://lh5.googleusercontent.com/p/AF1QipNazkDYx35BehKRUarZJUmsrcU29MAOo4tIYW8l, https://lh5.googleusercontent.com/p/AF1QipOvImDGzFmJ6DAGeOiqPiFVF-iKhCG-Kc7INPTu, "
Nhà Hàng Gà Mạnh Hoạch,57 Nguyễn Đức Cảnh,"3,9",73,None,100.000-200.000 ₫,Yên Bái,"https://lh5.googleusercontent.com/p/AF1QipPEysX9qmSPjaRn0JrdekPd4URW-SkfOFUQ4dw-, https://lh5.googleusercontent.com/p/AF1QipNEwUwFoDzKXgXKAtL1q5T78GLTQrBna-BAQWKl, "
Nhà hàng Phương Hân,PWF9+R85,"4,1",8,None,None,Yên Bái,
Nhà hàng Chiến Chim,194 Đường Quang Trung,"4,0",56,None,300.000-400.000 ₫,Yên Bái,"https://lh5.googleusercontent.com/p/AF1QipMft0HJMI2l1b3cRrIV9tU-q9l3CNaXR-0GOLbz, https://lh5.googleusercontent.com/p/AF1QipMSp-PxL3d4D7RIOjwg5jfaByCKqT0niW3G5BED, "
Nhà Hàng SUNRISE,PW84+M9R,"4,1",59,None,200.000-300.000 ₫,Yên Bái,"https://lh5.googleusercontent.com/p/AF1QipN0sEeiClaReDKLkRaMQCTLNdCswotcl4BH6M4I, https://lh5.googleusercontent.com/p/AF1QipOCp6_pXmHjI7jbl8Gw9i3ebr4R_pCeEOWPRsrV, "
Nhà hàng Fuji Sushi,30 Minh Khai,"4,4",14,None,200.000-300.000 ₫,Yên Bái,"https://lh5.googleusercontent.com/p/AF1QipNcpf7cQRESyYN_QaGqh1PZW31cHV-Lk9AlXAWK, https://lh5.googleusercontent.com/p/AF1QipPxvYwAM3N0msHTjPeehFo9FIbLZ-bC9cmBIGoq, "
Cơm Tình Anh,Đường Âu Cơ,"3,9",304,None,1-100.000 ₫,Yên Bái,"https://lh5.googleusercontent.com/p/AF1QipNtftcCra8hLuPUxXeXChx0MPz1En6X3N8ayKls, https://lh5.googleusercontent.com/p/AF1QipOWoeOvYSWSQ_-ixf_vILO3u8FT46EQ3qcWmBmZ, "
Bia Cây Dừa,"PV7G+VQQ, Trần Bình Trọng","3,8",32,None,1-100.000 ₫,Yên Bái,"https://lh5.googleusercontent.com/p/AF1QipPbfOhcc6ZJfj-eJZWBfRDx9ot1LuBaVop5L9dk, https://lh5.googleusercontent.com/p/AF1QipNgfcpKlKCaHLfW3O2ns6-JW0kn6XGXAjDxKzgA, "
Nhà hàng Đại Vượng,60Lê Lợi,"3,7",95,None,None,Yên Bái,"https://lh5.googleusercontent.com/p/AF1QipNZ4J4II3c7ctyTTunPMSH7WVQnDU-qxvLt_yVC, https://lh5.googleusercontent.com/p/AF1QipM06-bucgkVL1wLTEnlXr_Bg0El5IOgX5Wcs2QV, "
PHỞ TRÂU YÊN BÁI,244 Cao Thắng,"5,0",7,None,None,Yên Bái,
Nhà Hàng Sông Hồng,"MVWC+XMX, Thanh Niên","5,0",1,None,None,Yên Bái,
Hải sản Khánh Nga,3 Đường Âu Cơ,"4,0",26,None,None,Yên Bái,"https://lh5.googleusercontent.com/p/AF1QipMcYn7l2R7-Js0DJzKJHnyKMniXroaOak5ncqkz, https://lh5.googleusercontent.com/p/AF1QipPLB_6ypK3IKUJ-ZHZqVWcrI43vcUudWP-ta9um, "
Quán Phở Thủy Điệp,103 Đ. Đinh Tiên Hoàng,"4,5",21,None,1-100.000 ₫,Yên Bái,"https://lh5.googleusercontent.com/p/AF1QipP9W6Ru3aevUAt1eCZiMmqdIeYccMTIOAhRUOjO, https://lh5.googleusercontent.com/p/AF1QipM6CMfR21hjnmVVzNQl0Ss0Wgp3Mg0X5kQ5UsE5, "
Cơm rang Ngon Yên Bái,1077 Yên Ninh,"4,8",9,None,None,Yên Bái,"https://lh5.googleusercontent.com/p/AF1QipOGwfzoOB8SfOWNDg_5rRRbS-KeSsYNZGCNPy-X, "
Sanh BBQ,Tổ 37,"4,1",12,None,None,Yên Bái,"https://lh5.googleusercontent.com/p/AF1QipMk4EuyBZEW4Tk0gVlgPRFrBHRH23m3AeYf3-qY, https://lh5.googleusercontent.com/p/AF1QipPPRsMFTXNa7B5Pgis7BuJ9OJkjL5GiWaG6z-m9, "
Nhà hàng Dê núi Chiến Hải (Since 1994),46 Trần Quốc Toản,"5,0",89,None,None,Yên Bái,"https://lh5.googleusercontent.com/p/AF1QipNqNB_Jpi4fuuY7uNpZ0ZQTsKBE9qO5VT2IIZBm, https://lh5.googleusercontent.com/p/AF1QipPn8okVq3-pqtNyKRsigj3WL41BhzYDGAo52U4L, "
MỎ KHOÉT QUÁN,160 Đ. Đinh Tiên Hoàng,"4,4",5,None,None,Yên Bái,"https://lh5.googleusercontent.com/p/AF1QipPbZPARoiSeu8jJnVwqBKL8YQ4jGXl1f-vPcTU-, "
Phở Bát Đá Ngon Yên Bái,32 Đ. Nguyễn Tất Thành,"5,0",1,None,None,Yên Bái,"https://lh5.googleusercontent.com/p/AF1QipODhFAj_L_RDUEIcCiTpDMSlBmc_hP7n3x8HwNi, https://lh5.googleusercontent.com/p/AF1QipMV4vBtraaPYepvWRtR4HQn_py3mvghYFW263k-, "
Lẩu Ếch OMG Bách Lẫm,"Cầu Bách Lẫm ,Ngã 5","4,2",13,None,None,Yên Bái,
Nem Nướng Nha Trang TK,364 Đ. Nguyễn Tất Thành,"4,9",25,None,1-100.000 ₫,Yên Bái,"https://lh5.googleusercontent.com/p/AF1QipMtuAmxTceZGsxITG-C0XhkaiBJVa93iIOjJjsN, https://lh5.googleusercontent.com/p/AF1QipP7WcI2U83shykg_7bt0HWp8egSe4Qg_G-hX4Im, "
Jollibee Vincom Yên Bái,Thành Công,"4,3",38,None,1-100.000 ₫,Yên Bái,"https://lh5.googleusercontent.com/p/AF1QipMzmtyuJwogAbsxgnYqxcer-Xjx5UjdVQxjx5iQ, https://lh5.googleusercontent.com/p/AF1QipOjA2wWVrNQzpFIrrq9c8VWUyqUdKX63UqGoHM, "
ỐC NGON YÊN BÁI,Yên Bái,"4,4",9,None,1-100.000 ₫,Yên Bái,"https://lh5.googleusercontent.com/p/AF1QipMI16qZIPM2xu-18Td3dsNeGRC59r5IYHYAoQJS, https://lh5.googleusercontent.com/p/AF1QipMYZjMc5hr1i675SUWTL4Qp9IKbPvO2tPnlTgdk, "
Quán cơm Tùng Núi,"JVWR+C69, Âu Cơ","4,2",19,None,1-200.000 ₫,Yên Bái,"https://lh5.googleusercontent.com/p/AF1QipP2hrRoQu7lZwKqft_s26NPHfgYMbFEqp12V_K-, https://lh5.googleusercontent.com/p/AF1QipOdOQKY4jD5bbz5pSZhOCjgcPOWiQoTNnPQbzgw, "
Nướng Ngói Dalton,Ngô Minh Loan,"4,5",24,None,100.000-200.000 ₫,Yên Bái,"https://lh5.googleusercontent.com/p/AF1QipOrANclMbQ8etfIB67qhHVer7_l52Z2KE87jPMZ, https://lh5.googleusercontent.com/p/AF1QipNVNq2U3KnwAZN9mkcBj8d0Txw0ttD3ZEJkBstn, "
PHỞ PHÚ CƯỜNG,118 Đ. Đinh Tiên Hoàng,"4,4",16,None,None,Yên Bái,"https://lh5.googleusercontent.com/p/AF1QipOGKWSTPVpTqDWEYMjjmQdIM_eUajWUPoJEEda1, https://lh5.googleusercontent.com/p/AF1QipNWCdhN2785uY0JOOIBpUhJu62xlGPR0poNDX7d, "
Bún Riêu Cua Hải Sản Công Liên,1117 Yên Ninh,"4,4",31,None,1-100.000 ₫,Yên Bái,"https://lh5.googleusercontent.com/p/AF1QipOS1ERSEjWJdkEY5NR-Ijf6J2GiPjaa863Z8XNY, https://lh5.googleusercontent.com/p/AF1QipOU3oaBgXWAf05lkewzQybfA7-FaB1dy8XnusPv, "
Nhà hàng Đèn Lồng Phố,Cổng A KCN phía nam,"5,0",3,None,None,Yên Bái,"https://lh5.googleusercontent.com/p/AF1QipP3SXsy8HfnKmK4FUb12Wkx8euFb2ZB4SMTkgEF, https://lh5.googleusercontent.com/p/AF1QipNGOU7-4xxqNaziw6x7rQKNeVp6CkVWUIoA5xvH, "
NÉT HỘI AN - Món ngon Nét Hội,198A Nguyễn Thái Học,"4,1",20,None,100.000-200.000 ₫,Yên Bái,"https://lh5.googleusercontent.com/p/AF1QipMlsSuawhqMBOFcMJQJLR-ICbg1Ox2Ui_XaDgEn, https://lh5.googleusercontent.com/p/AF1QipNa-Tf9ykAjvd5A9oHC9kJS9Y0_mZwGnb0Np6md, "
Nhà hàng Lan Nguyện,P2XX+X7C,"4,3",43,None,100.000-200.000 ₫,Yên Bái,"https://lh5.googleusercontent.com/p/AF1QipP2AXyz-JMHJgtgDfLzamGiS1VhVB9IJNBH_RyV, https://lh5.googleusercontent.com/p/AF1QipMgK0L_r7e3utkCcN951fkVGv9_JoDyAoommdJ6, "
Quán Ăn Vặt,108 Lê Hồng Phong,"5,0",2,None,None,Yên Bái,
Quán ăn đêm Hoà Hói,57 Nguyễn Du,"5,0",3,None,None,Yên Bái,"https://lh5.googleusercontent.com/p/AF1QipOy4hEuBNgjTjx1A8NDyaBnaQaxeTC7c3eAWTQj, https://lh5.googleusercontent.com/p/AF1QipMh2URHilYNJ7pxGpNlUgoicF2WnUU12SnRvwJx, "
Nhà Hàng Hoa Quế - Hoa Quế Palace,Cầu Mậu A,"4,5",47,None,None,Yên Bái,"https://lh5.googleusercontent.com/p/AF1QipMFnvyvWc18H4BQylbR4baqF_Cma-7pQNuidB_H, https://lh5.googleusercontent.com/p/AF1QipOeP3y77CTNm8_SlBBKpzkrA-QmkdwjnVYNSgVo, "
Dương Cá Sông,Yên Bái,"4,1",457,None,100.000-200.000 ₫,Yên Bái,"https://lh5.googleusercontent.com/p/AF1QipPJRbKWDOZxp3AICpjrcaK0YgEydfgUre8p5Cv5, https://lh5.googleusercontent.com/p/AF1QipMhPgaKb1XvRxTc49OHQcaPEPNgIfh0vonmeP5g, "
"Huy quán Yên Bái - Nem nướng, Bánh tráng nướng",368 Yên Ninh,"3,3",3,None,None,Yên Bái,"https://lh5.googleusercontent.com/p/AF1QipM39GtvHehyW5ERLNai4CMPY5x05my1Jii8vNtm, https://lh5.googleusercontent.com/p/AF1QipPe_JNERtkC99z5iokxYBZMMMjV3k7wvf4o5VGI, "
Quán ăn Phú Hường,123 Đ. Đinh Tiên Hoàng,"4,3",7,None,None,Yên Bái,"https://lh5.googleusercontent.com/p/AF1QipNSvkUw2X7gLI8_xZOYk0EWk91c8-PJSLaobYaW, https://lh5.googleusercontent.com/p/AF1QipNMyd-E-UWjWc9waNPkDXEe4oPEftGUZLxwCUy5, "
Nhà Hàng Dê Núi Ngon Tại Nghĩa Lộ - Nhà hàng Bình Minh,Ao Sen,"4,6",45,None,200.000-300.000 ₫,Yên Bái,"https://lh5.googleusercontent.com/p/AF1QipNRMVukhEYp_U5VNnI7x_opMSuOhju17wfPlq7F, https://lh5.googleusercontent.com/p/AF1QipOZIJPmMB8aRJkCoYiaxFVkCaz6L5IEXvy6fwW9, "
Quán cơm Bờm Thúy,"PW96+6R3, Ngô Sĩ Liên","5,0",1,None,None,Yên Bái,"https://lh5.googleusercontent.com/p/AF1QipMCxxM0vTEIeHKRGkjmjwTgn5ZI6CAtLPQ_yOnM, https://lh5.googleusercontent.com/p/AF1QipMQoFrqYdLqwM0wXB1_F3sRbbYQndRM0N6tkZB6, "
Nhà hàng thắng giang,Yên Bái,"4,4",13,None,100.000-200.000 ₫,Yên Bái,"https://lh5.googleusercontent.com/p/AF1QipM-ozLjpsusHLIYS4lb7r4-fd0cNeklUBfAq9fT, https://lh5.googleusercontent.com/p/AF1QipP4ZMKyYEYJSUwnR9NopWymohfdG3Yrgyq1IPa9, "
Quán ăn Trung Thọ,QR4G+W9W,"4,0",39,None,1-100.000 ₫,Yên Bái,"https://lh5.googleusercontent.com/p/AF1QipMQ4qnSKloBJJz5dTo_V5O6R1Q3c9yMuRn18PIV, https://lh5.googleusercontent.com/p/AF1QipPDoGnIOR4D4NHdNHo5iQ3CnzXDxN-KJhHimlMj, "
Quán cơm Hồng Điệp,"Km 117+500, CT05","4,0",36,None,1-100.000 ₫,Yên Bái,"https://lh5.googleusercontent.com/p/AF1QipO6Syueb6H0T_Lft_swD5CCZQNcQF-KgLa4a3ie, https://lh5.googleusercontent.com/p/AF1QipNhIRuZwutleh0A28L6zEi70hFX-SZ0ovlvNfTe, "
Bánh Mì Đức Thành,386 Đ. Đinh Tiên Hoàng,"4,8",5,None,None,Yên Bái,
Nhà Hàng Giang Bính,270 272 Điện Biên,"4,0",365,None,100.000-200.000 ₫,Yên Bái,"https://lh5.googleusercontent.com/p/AF1QipPAfn0edg-ieHweINapaEo9WqWkrIoJMFGpIjIK, https://lh5.googleusercontent.com/p/AF1QipNNWglGuU80OWGpe4ewu-yZjnLwSYEmIHYxJHvV, "
"Quán Bún phở, Xôi xéo bà Quyên","Chợ Phường Minh Tân, Yên Ninh","4,5",6,None,None,Yên Bái,"https://lh5.googleusercontent.com/p/AF1QipMew4GJFhuGjdqErPbT9uKqIcTPVpsJ9Y7H3n6_, https://lh5.googleusercontent.com/p/AF1QipO6SdZFC3jX9OwqYb6AkKPlKdq_A-e2zqHi5i9N, "
Nhà Hàng Cơm Mường Lò,281 Điện Biên,"4,0",279,None,100.000-200.000 ₫,Yên Bái,"https://lh5.googleusercontent.com/p/AF1QipNzxUUnXXGRL3t4bFTGbCNyCgH_jRpg3OFvWhpv, https://lh5.googleusercontent.com/p/AF1QipM2ERjwNA-TBqKfvd1Z9_koOIVWdyAzPRDmKU8T, "
Bún Huế O Thanh,412 Nguyễn Thái Học,"4,1",65,None,1-100.000 ₫,Yên Bái,"https://lh5.googleusercontent.com/p/AF1QipNJE1zCmTrQTbfhZwcYFVYJegQ7GDu_1cwak3e5, https://lh5.googleusercontent.com/p/AF1QipNVqZyxpYTbKklyGsRQYVntgy9WRFGqtl5KOKFF, "
Cơm Ngon Đèo Din,HR2H+Q8,"4,9",85,None,1-100.000 ₫,Yên Bái,"https://lh5.googleusercontent.com/p/AF1QipNwNmyQa0jKxbwHPrrYh0k3rdzfTKQHA92BTniQ, https://lh5.googleusercontent.com/p/AF1QipN9Kx8h2YTE-VUjaQA-PnhCLjM4aG5dFAR0O9om, "
Nhà hàng Mạnh Oanh,VMGG+WX3,"4,0",201,None,100.000-200.000 ₫,Yên Bái,"https://lh5.googleusercontent.com/p/AF1QipOh_5XjVgqVR7znpLbSB3XaGgiOCU5ta1UYyicg, https://lh5.googleusercontent.com/p/AF1QipNy-fsVZSoj2had4ClIG93_q6EZH_g4rVrLE7Ez, "
Nhà Hàng Kiên Giang Yên Bái,285 Đường Quang Trung,"3,7",3,None,None,Yên Bái,"https://lh5.googleusercontent.com/p/AF1QipN_06aZRQIcXl3mJTFY1ln4FODnp2Bz5opF3TUo, https://lh5.googleusercontent.com/p/AF1QipNiikwDPBEjTgJQh0BVxNxjQGRFJvXBqYUEkvSH, "
Pizza Phúc Cò,"PWF9+H43, Đ. Nguyễn Tất Thành","4,5",10,None,None,Yên Bái,"https://lh5.googleusercontent.com/p/AF1QipNmO8iKt0O2nGStoe6eoxO8W9tTDqir5l6blAdV, https://lh5.googleusercontent.com/p/AF1QipMcefI73G3iqIwo6zVovHfMSbdIAtn60b1-uTfQ, "
Nhà hàng Minh Anh,Đường Điện Biên,"4,3",93,None,200.000-300.000 ₫,Yên Bái,"https://lh5.googleusercontent.com/p/AF1QipNk-R2PjsYprMZzSnme478coqqT34uOe9xIQBHI, https://lh5.googleusercontent.com/p/AF1QipOWAtUlSajc9JB4I-FMqPnQ212kMqQZXM-ZizZl, "
Quán ăn sáng Huyền béo,"PVC4+533, ĐT163","4,0",2,None,None,Yên Bái,"https://lh5.googleusercontent.com/p/AF1QipNJl84swfNLghO4zp6Tgfnw_AgFX4pPHPYdn0bw, https://lh5.googleusercontent.com/p/AF1QipPy0x698biJ8RXKNi_BHWPe__akuPb2Zzj4kfrY, "
"Quán ăn sáng Bún , Phở , Cháo -Tuấn,Hương",59 Yên Lạc,"4,0",3,None,None,Yên Bái,
Quán Cơm - Phở Anh Đào,80 Đ. Đinh Tiên Hoàng,"3,3",19,None,None,Yên Bái,"https://lh5.googleusercontent.com/p/AF1QipOAe7qFInoAYVNOKOg1WrE-u0PpxWHLBDCNQaWo, https://lh5.googleusercontent.com/p/AF1QipPsrlKH2phceJm0mhiNvtv91lpnTF5L_-Q9_OG-, "
Quán Cơm Trưa Văn Phòng,680 Yên Ninh,"3,7",3,None,None,Yên Bái,
Quán Cơm Phương Anh,"305, Điện Biên, Phường Yên Ninh, Thành Phố Yên Bái, Tỉnh Yên Bái","3,0",1,None,None,Yên Bái,
Tiệm Sành Ăn Yên Bái - Chuyên đồ ăn vặt,438 Yên Ninh,Chưa xét,0,None,None,Yên Bái,"https://lh5.googleusercontent.com/p/AF1QipNllmW34_-Bj2SECN4MHxzYg_fJ43PFI_7a1MN5, https://lh5.googleusercontent.com/p/AF1QipM1ssCE5Wdn98LCUbRqEsCSIm06AFJzGUnXLTUZ, "
Trang Quán,518 Đ. Đinh Tiên Hoàng,"5,0",7,None,None,Yên Bái,"https://lh5.googleusercontent.com/p/AF1QipN0alDttMFIoN7Z1g9v6OnaeTkhe7BZjNy3qWRJ, https://lh5.googleusercontent.com/p/AF1QipNhP8T5y0HtpeNaotFUxcJ5Me_MVnFm6J4k-hwd, "
Quán Đại Bàng,MVJR+7XF,"5,0",1,None,None,Yên Bái,"https://lh5.googleusercontent.com/p/AF1QipPAodQAtHnvHGh3m9X5Ed-oKGfP11MFcdHvjRE, https://lh5.googleusercontent.com/p/AF1QipMFfzEYpYVACQYd_2Y7biC7hf2--NeBFba1leo, "
"NHÀ HÀNG ""NGON"" - BIA HƠI - CƠM LẨU",Đường vành đai,"4,4",26,None,100.000-200.000 ₫,Yên Bái,"https://lh5.googleusercontent.com/p/AF1QipPufSRAGBjI66ri4fWGiyPWYm4ukxv_hwE4Mpdl, https://lh5.googleusercontent.com/p/AF1QipPGVbGOVKba_nW_T4XB_sQ5wCMoTAhLnFRpUiyn, "
Nhà Hàng Hào Gia,2 Trần Phú,"4,3",12,None,None,Yên Bái,"https://lh5.googleusercontent.com/p/AF1QipMIKZvsKAdel9rVaUBK0PHiMhxuPs8hN93d1f2L, https://lh5.googleusercontent.com/p/AF1QipMn-VCmoCND7Wm1QtC9lKYeV8bsXKGiGNmQ7btH, "
