name,address,score,reviews count,latitude,longitude,province,category,price,discount,services,description images
Cụm Khách sạn Đông Xuyên,"9A Lương Văn Cù, Mỹ Long, Thành phố Long Xuyên, An Giang, Việt Nam","4,1",1.520,10.3823825,105.1523284,An Giang,Khách sạn 3 sao,799.036 ₫,Không có giảm giá,"Wi-Fi miễn phí, Bữa sáng miễn phí, Đỗ xe miễn phí, Có điều hòa nhiệt độ, Dịch vụ giặt ủi, Dịch vụ phòng, Phù hợp với trẻ em, Nhà hàng, Bồn tắm nước nóng, Spa, ","https://lh5.googleusercontent.com/p/AF1QipNCQT88xnqiuFkd33iOkyV97ABwpt7oa5d9k_Bl, https://lh5.googleusercontent.com/p/AF1QipPyhyOJp2c23Ef0RDBtqAQnVVYFCXnqdGh9_b2c, https://lh5.googleusercontent.com/p/AF1QipPJdzT7gjiWfPLgLjglIcBtgCdtNcXDsiHsS-DT, https://lh5.googleusercontent.com/p/AF1QipP2siV1QwABaG1MyWqkCyNeTuqZsawajcMeUbYU, "
The Luxe Hotel - Châu Đốc | Khách Sạn 3 Sao Gần Chùa Bà,"394 - 396 Tân Lộ Kiều Lương, Châu Phú A, Châu Đốc, An Giang, Việt Nam","4,3",173,10.694283,104.8094843,An Giang,Khách sạn 3 sao,554.641 ₫,Ít hơn 16% so với bình thường,"Wi-Fi miễn phí, Đỗ xe miễn phí, Phù hợp cho người khuyết tật, Có điều hòa nhiệt độ, Dịch vụ giặt ủi, Phù hợp với trẻ em, Không hút thuốc, ","https://lh5.googleusercontent.com/p/AF1QipM3TjlN6S9PWSoCVOLGO2vs4OYUHKDPZhukWRF_, https://lh5.googleusercontent.com/p/AF1QipOEnyqDaPq2EPAVf9uTK8MNNEMN1kDPfmGkFMJ2, https://lh5.googleusercontent.com/p/AF1QipNjXQs-g2XHJqBnOYW_O-iHzyq3jzwHKpCpwnNc, https://lh5.googleusercontent.com/p/AF1QipOlG049Vx8UdLKWxjx2SC5AMGMtxyqX6hPJ14Da, "
Khách sạn Đồng Xanh,"227 Đ. Nguyễn Tri Phương, Khóm Hoà Bình, Châu Đốc, An Giang, Việt Nam","3,9",483,10.6976764,104.8379628,An Giang,Khách sạn 2 sao,319.412 ₫,Không có giảm giá,"Wi-Fi miễn phí, Đỗ xe miễn phí, Có điều hòa nhiệt độ, Dịch vụ giặt ủi, Phù hợp với trẻ em, Nhà hàng, ","https://lh5.googleusercontent.com/p/AF1QipMeqsID-AJvZizdq4tux5muL1t9TfJwJygPtda2, https://lh5.googleusercontent.com/p/AF1QipNaoZL-j26fV0WjS6L0pDXYJmgsRFZ7ySUIwwFd, https://lh5.googleusercontent.com/p/AF1QipN7EOtlGtB73iLIBbsO_fF7Yoz-ni1p8D3Dia6F, https://lh5.googleusercontent.com/p/AF1QipMB6BmtorJuOXv5aRuLtx-IB08BUxkfC9OVkVwn, "
LARA HOTEL LONG XUYEN,"46-48 Đ. Hùng Vương, P. Mỹ Phước, Thành phố Long Xuyên, An Giang 881000, Việt Nam","4,5",233,10.3790347,105.1534004,An Giang,Khách sạn,767.201 ₫,Không có giảm giá,"Wi-Fi miễn phí, Bữa sáng miễn phí, Đỗ xe miễn phí, Dịch vụ giặt ủi, Nhà hàng, Không hút thuốc, ","https://lh5.googleusercontent.com/p/AF1QipNwgScanEeyLXh4Ab7psBO1Rvp4Vn_7L0UqGFyX, https://lh5.googleusercontent.com/p/AF1QipMwQrJ3N0XbvRNDLOTv1xgbvMV-nbyRF9m68dKq, https://lh5.googleusercontent.com/p/AF1QipOpYq1CgPavSXnjeg-TXM8N_fAPGYVeJC5XNxOI, https://lh5.googleusercontent.com/p/AF1QipOLAQ4H1s7sKBmSlUue7Aq0DdCOMlLeznWtSaYE, "
Khách sạn Ngọc Hân,"266 Trà Sư, Nhà Bàng, Tịnh Biên, An Giang 884000, Việt Nam","3,8",235,10.6237649,104.7168433,An Giang,Khách sạn 2 sao,258.661 ₫,Không có giảm giá,"Wi-Fi miễn phí, Đỗ xe miễn phí, Có điều hòa nhiệt độ, Dịch vụ giặt ủi, Trung tâm thương mại, Phù hợp với trẻ em, Nhà hàng, Không hút thuốc, ","https://lh5.googleusercontent.com/p/AF1QipOAtYwx3A9piYN2pAWdQdSnGFaTv6ENVjAWJzTc, https://lh5.googleusercontent.com/p/AF1QipPGXgS-nd4YfhZRc-Plj3e4XJmIErrT6nLqXwj8, https://lh5.googleusercontent.com/p/AF1QipMjL1iRyT4KhTAWEN1__CQvgquE9K98eyFee2eB, https://lh5.googleusercontent.com/p/AF1QipNoqj5NQ4aDpkpSlGEEAWlpTeDJZBH34sQkjYwr, "
Châu Khương Hotel,"Số 2 Đ. Hà Hoàng Hổ, Phường Mỹ Xuyên, Thành phố Long Xuyên, An Giang 90108, Việt Nam","4,3",235,10.3784365,105.150582,An Giang,Khách sạn 3 sao,1.048.086 ₫,Không có giảm giá,"Wi-Fi miễn phí, Bữa sáng miễn phí, Đỗ xe miễn phí, Có điều hòa nhiệt độ, Dịch vụ giặt ủi, Nhà hàng, Bồn tắm nước nóng, ","https://lh5.googleusercontent.com/p/AF1QipN5sv6H0w0ONzAAnspv_KkilDVS2g2R6qz7KYlg, https://lh5.googleusercontent.com/p/AF1QipMSu1jaMvne5JCldPGgHA1afkOwk4wcX9ysR0BJ, https://lh5.googleusercontent.com/p/AF1QipPIBe_1Am5ZDgUsBHwNS8jE9HMhJ-zJ3iWDxlIZ, https://lh5.googleusercontent.com/p/AF1QipNj58AWnwHj3AEaErhST8cfAjKxy5BafdW3KC1H, "
Khách Sạn Hải Châu,"63 Đ. Sương Nguyệt Anh, Châu Phú A, Châu Đốc, An Giang, Việt Nam","3,8",95,10.7115635,104.8294871,An Giang,Khách sạn 2 sao,350.000 ₫,Không có giảm giá,"Wi-Fi miễn phí, Đỗ xe miễn phí, Có điều hòa nhiệt độ, Dịch vụ giặt ủi, Phù hợp với trẻ em, Nhà hàng, ","https://lh5.googleusercontent.com/p/AF1QipNRRsJ2AMVkuuYUsMwECLFSGg0X-0uR3nVreZIs, https://lh5.googleusercontent.com/p/AF1QipOfm9ml8TCeXWb6A3QS2Ew1hA7yQKgqRsA3uVSE, https://lh5.googleusercontent.com/p/AF1QipM0cxxpqCcef2vWdTgMwQa0xQQsiFikeUuQruf7, https://lh5.googleusercontent.com/p/AF1QipODgMsJbvQNL-vKB6dESdfv7goFe2qH0DpO9sS0, "
Khách sạn Victoria Châu Đốc,"1 Đ. Lê Lợi, Châu Phú B, Châu Đốc, An Giang, Việt Nam","4,8",2.980,10.7080956,104.8360777,An Giang,Khách sạn 4 sao,2.333.792 ₫,Không có giảm giá,"Wi-Fi miễn phí, Bữa sáng miễn phí, Đỗ xe miễn phí, Phù hợp cho người khuyết tật, Bể bơi ngoài trời, Có điều hòa nhiệt độ, Dịch vụ giặt ủi, Dịch vụ phòng, Phù hợp với trẻ em, Nhà hàng, Xe đưa đón ra sân bay, Bồn tắm nước nóng, Spa, Trung tâm thể dục, Quán bar, ","https://lh5.googleusercontent.com/p/AF1QipPbJr9TVO6Pye8p_XNC8qqE4UU7pu-sDJJmexgu, https://lh5.googleusercontent.com/p/AF1QipOcYx6fZM8APJm3gb63g1IbDpWJTkHaffIE-O7J, https://lh5.googleusercontent.com/p/AF1QipOvx2-UI8HySn24DjBJgOuc-BIo2UEEnq6kL85W, https://lh5.googleusercontent.com/p/AF1QipMUGXqR86cIGSmG62CxDlvGfJo5pyagpg62Nee5, "
HOTEL BẢO QUÂN - Núi Sam - Châu Đốc,"Đường Số 1, P. Núi Sam, Châu Đốc, An Giang, Việt Nam","4,3",83,10.68227,104.7961861,An Giang,Khách sạn,265.452 ₫,Không có giảm giá,,"https://lh5.googleusercontent.com/p/AF1QipMow_h6E0JWyXO9KoC-4orODDTmd_Tess5mk3o, https://lh5.googleusercontent.com/p/AF1QipN-Eg_MyEPVBTsEix7ed5xq1ZNHgO_Wcu2sisU, https://lh5.googleusercontent.com/p/AF1QipNyaniq8OpBc75qQ4A5LqRsXcVwHpUADUxQZU8, https://lh5.googleusercontent.com/p/AF1QipOUcJrVyrg5WydhjDkM2yw-cfRPAkg__jIWIvc, "
Khách sạn Paris Châu Đốc,"Đ. Trần Nguyên Hãn Đường Số 2, Châu Phú B, Châu Đốc, An Giang, Việt Nam","4,6",29,10.7068434,104.8356094,An Giang,Khách sạn,747.657 ₫,Không có giảm giá,,"https://lh5.googleusercontent.com/p/AF1QipNKBjYRv8MKVTYL5qm6lIbd-7XsckmxPSpqmtw, https://lh5.googleusercontent.com/p/AF1QipOOcjPqmDdSqiJyPBuqOBGQW9hu_1vZ7dLTbZM6, https://lh5.googleusercontent.com/p/AF1QipOY_vFSdk9rhNpErXtPied9hzny_yAgo7GiDmqd, https://lh5.googleusercontent.com/p/AF1QipMPwr66Eb__foUIAND6ykKsPrX23Ic63XDQKLmz, "
Hùng Cường Group - Hùng Cường Hotel,"96 Đống Đa, Châu Phú A, Châu Đốc, An Giang, Việt Nam","3,9",496,10.710618,104.8286167,An Giang,Khách sạn 3 sao,479.624 ₫,Không có giảm giá,"Wi-Fi miễn phí, Bữa sáng miễn phí, Đỗ xe miễn phí, Có điều hòa nhiệt độ, Dịch vụ giặt ủi, Phù hợp với trẻ em, Nhà hàng, ","https://lh5.googleusercontent.com/p/AF1QipN78v6rufU64sg82kCWL1EvjlAGZaSEUuEmnUHg, https://lh5.googleusercontent.com/p/AF1QipMvOLUviCd0Fk-aOigf2iAEucme8b9FZy7xzwjN, https://lh5.googleusercontent.com/p/AF1QipPhZThipRuZSXgH43l7hePa62FoVrdE7YS3JFZc, https://lh5.googleusercontent.com/p/AF1QipOvQk21impr5zEsGZYpE5wWi9sXugHJaPjSyhqN, "
Khách Sạn Ngọc Khả Tú,"Ngô Thời Sỹ, Mỹ Quý, Thành phố Long Xuyên, An Giang, Việt Nam","3,4",121,10.3595603,105.14913,An Giang,Khách sạn 1 sao,287.521 ₫,Không có giảm giá,"Wi-Fi miễn phí, Đỗ xe miễn phí, Có điều hòa nhiệt độ, Dịch vụ giặt ủi, ","https://lh5.googleusercontent.com/p/AF1QipNb037XLyureMLZsHGifNgSyUntTO4_Cf7ng9IK, https://lh5.googleusercontent.com/p/AF1QipMAiYqqTxEm61SfHSClV-DUKT2PJe17TbXqV_t4, https://lh5.googleusercontent.com/p/AF1QipOq2s4bzl9TudjPgFMz1U4rtviPC3LP3sP3DB1o, https://lh5.googleusercontent.com/p/AF1QipNBlNvWqutV0cfc7W2J5WtK-4mlRnUssMQcgU5o, "
Khách sạn Victoria Núi Sam,"M3CG+HW2, Vinh Dong 1 Nui Sam Ward Chau Doc City, Ward, Vinh Dong 1, Châu Đốc, An Giang, Việt Nam","4,6",2.432,10.6712159,104.7890541,An Giang,Khách sạn 3 sao,1.699.000 ₫,Không có giảm giá,"Wi-Fi miễn phí, Bữa sáng miễn phí, Đỗ xe miễn phí, Bể bơi ngoài trời, Có điều hòa nhiệt độ, Dịch vụ giặt ủi, Dịch vụ phòng, Phù hợp với trẻ em, Nhà hàng, Xe đưa đón ra sân bay, Spa, Quán bar, ","https://lh5.googleusercontent.com/p/AF1QipNdbouLgrgVptQF_jAr5RVbc_blc_CiwATN49w0, https://lh5.googleusercontent.com/p/AF1QipNJzlnN7Uer1V0-bGU-wGrkPPW3DJ5xTnhbkw0W, https://lh5.googleusercontent.com/p/AF1QipOQzCAflcuX8vBje03Zg4rbTaFptxpWuut3iJSb, https://lh5.googleusercontent.com/p/AF1QipNlzNg7f9P2Asr7TsdM83nxC1EWSTevEox6bTNG, "
Resort Sang Như Ngọc,"F2WF+CW4, An Hảo, Tịnh Biên, An Giang, Việt Nam","3,6",35,10.4960153,104.7364269,An Giang,Khách sạn,748.034 ₫,Không có giảm giá,"Wi-Fi miễn phí, Bể bơi, Có điều hòa nhiệt độ, Dịch vụ giặt ủi, Nhà hàng, ","https://lh5.googleusercontent.com/p/AF1QipMcfhH6DktV1Bxt6X9AAP4yRpLniTwYYF2pELST, https://lh5.googleusercontent.com/p/AF1QipMOTpP2oSIEuHQXw7VpzQSEJcNKBCrrirkEZR1h, https://lh5.googleusercontent.com/p/AF1QipMRmvLIuss8DUa1WhcHZidlXwfwOYSL2Jeppnsj, https://lh5.googleusercontent.com/p/AF1QipOjDR0Qvn1_q4eSx9kJf_UROKC08jvb738dPJJ-, "
KHÁCH SẠN HIỆP HÒA HOTEL,"Vĩnh Tây 3, Châu Đốc, An Giang, Việt Nam","4,6",65,10.6822369,104.7940998,An Giang,Khách sạn,490.507 ₫,Không có giảm giá,"Wi-Fi miễn phí, Dịch vụ giặt ủi, ","https://lh5.googleusercontent.com/p/AF1QipNFzUelyptqkvVhCyGLy_2YkiqLi_8QS5GaWaGt, https://lh5.googleusercontent.com/p/AF1QipN5WBQRG_7NPyk9n-AmEnuUHNM_lPyJwVGNflSo, https://lh5.googleusercontent.com/p/AF1QipMdgKT3VitcjNYBbs2_6GkJyPg7O9HG6MswjjKD, https://lh5.googleusercontent.com/p/AF1QipOLMAtRUCvPC9QlC9Gk24rdSVjRPrhuKr3ReX1H, "
Căn hộ Khách sạn Cao cấp Marina Plaza,"9CMP+JPP, Tổ 1, khóm Bình Long 3, Lê Văn Nhung, P. Mỹ Bình, Thành phố Long Xuyên, An Giang 880000, Việt Nam","4,4",89,10.3829873,105.1483071,An Giang,Khách sạn,673.752 ₫,Không có giảm giá,,"https://lh5.googleusercontent.com/p/AF1QipPT0DXxr-xYipB7RD4BH8fkYAn5sCKSUnjZd7vo, https://lh5.googleusercontent.com/p/AF1QipNsvZVoQELHF4WWPXeajVXmnzKUfkILpUfIZWgg, https://lh5.googleusercontent.com/p/AF1QipOaDWniEL8DftcnH3TbsgWGTG4ZzE0HOJuAbHtQ, https://lh5.googleusercontent.com/p/AF1QipNC2Gbwl1GDV9ibt7ZFKwRWD0xqg7LvSElO9BR7, "
LÁ HOMESTAY 1,"12 Đ. Số 4, Khu đô thị Tây Sông Hậu, Thành phố Long Xuyên, An Giang 90000, Việt Nam","4,4",79,10.3711152,105.1640428,An Giang,Khách sạn,304.925 ₫,Ít hơn 43% so với bình thường,,"https://lh5.googleusercontent.com/p/AF1QipMjBK_IwDhQOhR-kHnNebioWgXpbqlM7mmwa6eU, https://lh5.googleusercontent.com/p/AF1QipO42r_Xaw6OIwM_QVlAda2SjwhbluGy7dqWsDhA, https://lh5.googleusercontent.com/p/AF1QipPVV6QIeSN6l37cDTh9aHrAecGt-a3doOl_0PAD, https://lh5.googleusercontent.com/p/AF1QipNBqY-hoJ22YWYo8bTiYPWZbyoi_x-fGoMXddql, "
hotel Đại Lợi,"68 Nguyễn Văn Thoại, Châu Phú B, Châu Đốc, An Giang, Việt Nam","3,4",207,10.7097509,104.8301684,An Giang,Khách sạn 2 sao,499.366 ₫,Không có giảm giá,"Wi-Fi miễn phí, Đỗ xe miễn phí, Có điều hòa nhiệt độ, Dịch vụ giặt ủi, Nhà hàng, ","https://lh5.googleusercontent.com/p/AF1QipM8P7dtCAukg909w7In3FoXfMMk1jAV6TlqtL49, https://lh5.googleusercontent.com/p/AF1QipPZ1CBsPYBtJHaaxKWfx8lqesqYPX8B539ZFfqB, https://lh5.googleusercontent.com/p/AF1QipOEIddWwOH4WMbJqCcRxIZ-3zkKnO3P6D79QuxM, https://lh5.googleusercontent.com/p/AF1QipP8jZttk0jbFM4U2hXjCBYy_l9ajUhpO66G1LoJ, "
Khách sạn Hòa Bình 2,"08 Đ. Lê Hồng Phong, P. Mỹ Bình, Thành phố Long Xuyên, An Giang 90000, Việt Nam","3,8",717,10.389301,105.1444954,An Giang,Khách sạn 2 sao,658.060 ₫,Không có giảm giá,"Wi-Fi miễn phí, Bữa sáng miễn phí, Đỗ xe miễn phí, Có điều hòa nhiệt độ, Dịch vụ giặt ủi, Phù hợp với trẻ em, Nhà hàng, ","https://lh5.googleusercontent.com/p/AF1QipPIrcr8jMZ0C1Ab77mUIkt5g4sxigMYXnoz-dud, https://lh5.googleusercontent.com/p/AF1QipP8lMAo8C9aI_WB9VY1fNiZsrhSGtutbLOVHMO4, https://lh5.googleusercontent.com/p/AF1QipN9tS1p1ZvRbFMpl-tseLEDB8ULhujxaTnqgybq, https://lh5.googleusercontent.com/p/AF1QipPCkpe6EKtq7vhv9YSIDZoeczPl-kigc-fStRLy, "
khách sạn Trung nguyễn,"86 Bạch Đằng, Châu Phú A, Châu Đốc, An Giang, Việt Nam","3,6",240,10.7108701,104.8297865,An Giang,Khách sạn 1 sao,504.934 ₫,Không có giảm giá,"Có điều hòa nhiệt độ, Phù hợp với trẻ em, ","https://lh5.googleusercontent.com/p/AF1QipPIlqDbh3I0yxVG-RHgq4mRI7Eh53Zy6uzU654, https://lh5.googleusercontent.com/p/AF1QipOjw-rGgGX7yhNooS3fKj0REtjK5b8TFFBYJKXH, https://lh5.googleusercontent.com/p/AF1QipNRAMrwfUCYOBwTPxvJEcHY7Oy6YMeMVd_mgj34, https://lh5.googleusercontent.com/p/AF1QipMJ48rm_dOyt4id6KSXzjjXSUfAnQbb8gpwwS5J, "
"Khách Sạn Phương Nam - Long Xuyên, An Giang","75 Trần Hưng Đạo, P. Mỹ Bình, Thành phố Long Xuyên, An Giang, Việt Nam","4,1",410,10.3892693,105.142584,An Giang,Khách sạn 1 sao,493.013 ₫,Không có giảm giá,"Wi-Fi miễn phí, Bữa sáng có tính phí, Đỗ xe miễn phí, Phù hợp cho người khuyết tật, Có điều hòa nhiệt độ, Dịch vụ giặt ủi, Dịch vụ phòng, ","https://lh5.googleusercontent.com/p/AF1QipNXbN_IxI51e_88r3yGlpbIaSJVfIanwwioFGsZ, https://lh5.googleusercontent.com/p/AF1QipODRs92zVAhCdH4lXWopoCRt74pmvsfrGKUsDa2, https://lh5.googleusercontent.com/p/AF1QipPQHcppQtmsiHbDWPOvEvulnTkxpPUrHlFnd9v4, https://lh5.googleusercontent.com/p/AF1QipP42KqqBUbx8aQR_wnGLKEynQm0hz90PRyxx_pq, "
Ha Long Hotel,"M3JM+QHG Vòng, P. Núi Sam, Châu Đốc, An Giang, Việt Nam","3,7",219,10.6819458,104.795565,An Giang,Khách sạn 3 sao,731.480 ₫,Không có giảm giá,"Wi-Fi miễn phí, Bữa sáng miễn phí, Đỗ xe miễn phí, Có điều hòa nhiệt độ, Dịch vụ giặt ủi, Nhà hàng, ","https://lh5.googleusercontent.com/p/AF1QipMuT_nS1WbFPcJYl81loFNQyfKUqAsMFm8NKMg2, https://lh5.googleusercontent.com/p/AF1QipPjWElqasRWxThPoUbkOKnskBz8PIpFk170FIZ_, https://lh5.googleusercontent.com/p/AF1QipPQS79drIUienDopsVnGttofKKsOk22q534ulCg, https://lh5.googleusercontent.com/p/AF1QipOVIawzSCHEGJO0yz66T2nY-mh5_rnlUW6uIUeG, "
Khách sạn Hòa Bình 2,"08 Đ. Lê Hồng Phong, P. Mỹ Bình, Thành phố Long Xuyên, An Giang 90000, Việt Nam","3,8",717,10.389301,105.1444954,An Giang,Khách sạn 2 sao,658.060 ₫,Không có giảm giá,"Wi-Fi miễn phí, Bữa sáng miễn phí, Đỗ xe miễn phí, Có điều hòa nhiệt độ, Dịch vụ giặt ủi, Phù hợp với trẻ em, Nhà hàng, ","https://lh5.googleusercontent.com/p/AF1QipPIrcr8jMZ0C1Ab77mUIkt5g4sxigMYXnoz-dud, https://lh5.googleusercontent.com/p/AF1QipP8lMAo8C9aI_WB9VY1fNiZsrhSGtutbLOVHMO4, https://lh5.googleusercontent.com/p/AF1QipN9tS1p1ZvRbFMpl-tseLEDB8ULhujxaTnqgybq, https://lh5.googleusercontent.com/p/AF1QipPCkpe6EKtq7vhv9YSIDZoeczPl-kigc-fStRLy, "
Nhà Nghỉ Minh Kim,"622 Tôn Đức Thắng, Vĩnh Mỹ, Châu Đốc, An Giang, Việt Nam","4,2",246,10.6977893,104.8489926,An Giang,Khách sạn,239.686 ₫,Không có giảm giá,"Wi-Fi miễn phí, Đỗ xe miễn phí, Có điều hòa nhiệt độ, Dịch vụ giặt ủi, Phù hợp với trẻ em, ","https://lh5.googleusercontent.com/p/AF1QipPY2XbW1iHV7QXqCQRlF7XQORGO1dUI7ntGjDEg, https://lh5.googleusercontent.com/p/AF1QipPVoH5j9xbvAj8joKUtm8FaVHY98ymDOymlf5r9, https://lh5.googleusercontent.com/p/AF1QipO6KC8r05wUhWNKqupTrPhIiD8QZRjriz5dnO8V, https://lh5.googleusercontent.com/p/AF1QipMOtYJ4JayjyFJBsIIh__XPF8cBt7LAbv5lPmZ4, "
Resort Núi Cấm,"An Hòa, Tịnh Biên, An Giang, Việt Nam","4,3",19,10.4952834,104.7267508,An Giang,Khách sạn,1.125.767 ₫,Không có giảm giá,"Wi-Fi miễn phí, Đỗ xe miễn phí, Dịch vụ giặt ủi, Nhà hàng, Bếp ở một số phòng, ","https://lh5.googleusercontent.com/p/AF1QipMbAPG7nPrGZ_BUPPQvkNQiLFN3dTEAEGkvzdoD, https://lh5.googleusercontent.com/p/AF1QipOkkMYpllOcdLIDNq6qsns3h0iW5SKWHV2FzP7V, https://lh5.googleusercontent.com/p/AF1QipNuwZ8rxsZw7Bmd0fOOrBREC6lHI5PQKpAwscVH, https://lh5.googleusercontent.com/p/AF1QipNv6jNh0sFdZgB9AY-WA3qibA6uSotw_iE75fhA, "
Khách sạn Sao Mai,"199 Đường Quản Cơ Thành, p. Bình Khánh, Thành phố Long Xuyên, An Giang, Việt Nam","4,2",223,10.3946526,105.1408015,An Giang,Khách sạn 2 sao,370.285 ₫,Không có giảm giá,"Wi-Fi miễn phí, Dịch vụ giặt ủi, ","https://lh5.googleusercontent.com/p/AF1QipOQ0LN_Qyi9vr6pnadrNODl3XWhNIiLD4r048Pl, https://lh5.googleusercontent.com/p/AF1QipOhi4rBqtGo2-U1gIMjqx0XPs5AGi4lrbkzAmbL, https://lh5.googleusercontent.com/p/AF1QipMcWQSKkXsaje8G26GubIu4OmxT0xazkYgrDPcn, https://lh5.googleusercontent.com/p/AF1QipNwy375RMjcGw3J82fQoXh4Yk4JuUJsBuE6g-vW, "
Khách sạn Đăng Khoa 2,"Số 79 Tân Lộ Kiều Lương, Châu Phú A, Châu Đốc, An Giang 90500, Việt Nam","4,2",111,10.6823206,104.7945769,An Giang,Khách sạn,498.607 ₫,Không có giảm giá,,"https://lh5.googleusercontent.com/p/AF1QipNaKsvDe4Mt_uQSnnD8_Sd_fGOegvdGW7xLFbD2, https://lh5.googleusercontent.com/p/AF1QipNtJjgwKrRRw17FaIc-nZiIpyeQekNsixzx94ci, https://lh5.googleusercontent.com/p/AF1QipPaDCR05AMUXdqF7O-bnaA2Dx7e9LWTe1zKWVTm, https://lh5.googleusercontent.com/p/AF1QipN7ZPvYiKxiw5CHgOicIZQVwou-v7csyNJviUoS, "
Khách Sạn Hoàng Đức,"M4W2+J87, Tân Lộ Kiều Lương, Châu Phú A, Châu Đốc, An Giang, Việt Nam","3,7",236,10.6965363,104.8123956,An Giang,Khách sạn 3 sao,1.385.468 ₫,Không có giảm giá,"Wi-Fi miễn phí, Bữa sáng có tính phí, Đỗ xe miễn phí, Có điều hòa nhiệt độ, Dịch vụ giặt ủi, Phù hợp với trẻ em, Nhà hàng, ","https://lh5.googleusercontent.com/p/AF1QipNYTNML7teq7tq8ZD35uyBEjMsa0rcrvNl8dEeK, https://lh5.googleusercontent.com/p/AF1QipPoLANAIjNYmi0EkkcOql-hL0H8H3IkkB4EwOP6, https://lh5.googleusercontent.com/p/AF1QipN6WEiDnkdSI4cylrTxuXaFHtVbIY8Xd690P_nP, https://lh5.googleusercontent.com/p/AF1QipNcZ3fxo4Ykbg2iFi7Ibc5YhmpMyXki-qBHJLNV, "
Lệ Hằng hotel,"20 Lý Thái Tổ, Mỹ Long, Thành phố Long Xuyên, An Giang, Việt Nam","3,5",193,10.3806342,105.1583416,An Giang,Khách sạn,294.355 ₫,Không có giảm giá,,"https://lh5.googleusercontent.com/p/AF1QipMzF0z__f6Q2fcq6mQntMuk9CB6JbhDOXpOtNKY, https://lh5.googleusercontent.com/p/AF1QipN1iMg3RJruRATvzKCDmV4LE-a_MBlCGEGVdtn-, https://lh5.googleusercontent.com/p/AF1QipOPgKeNvz1SkqYL96QwkTtT5SGc_Vih3p9MWavU, https://lh5.googleusercontent.com/p/AF1QipMQfiaUCxr31ILDYtBeTwFeN3npfiF9vd9dQiId, "
Motel Cason,"470 Hoàng Diệu, Châu Phú B, Châu Đốc, An Giang, Việt Nam","3,4",8,10.6970168,104.8349084,An Giang,Khách sạn,253.334 ₫,Không có giảm giá,,"https://lh5.googleusercontent.com/p/AF1QipNzFEwkolU7EiImy8bY-OpAuO8vI-47t4stusU1, https://lh5.googleusercontent.com/p/AF1QipNsJjcbEVeWpvKsi-uu7uBBZS0J7tM1U9INLWji, https://lh5.googleusercontent.com/p/AF1QipNzFEwkolU7EiImy8bY-OpAuO8vI-47t4stusU1, https://lh5.googleusercontent.com/p/AF1QipOSqkdTOt4cbQPr22dZYE0Qb2toJrxKAwRnLhnG, "
Bao Thy Hotel,"KDT Con Tien, Street 2, Phuoc Tho, Da Phuoc, An Phu, Đa Phước, An Phú, An Giang, Việt Nam","4,4",185,10.7202934,104.8331943,An Giang,Khách sạn 4 sao,249.303 ₫,Không có giảm giá,"Wi-Fi miễn phí, Có điều hòa nhiệt độ, Dịch vụ giặt ủi, Phù hợp với trẻ em, Bếp ở một số phòng, ","https://lh5.googleusercontent.com/p/AF1QipMphJwV_FRjki2wDj2cJybcfAjZkVdoSNt18RYJ, https://lh5.googleusercontent.com/p/AF1QipMTIXB3aP4EdYEoc8NVBfXhE7VRudpRYsLX6rIN, https://lh5.googleusercontent.com/p/AF1QipND_ZMTwH8r2pcn-7Remku3PQ58nMA2O9Sg9320, https://lh5.googleusercontent.com/p/AF1QipOJdJnKydd8lJmUQBNlYDVPZcqtbIQaC3citzQ, "
Khách Sạn Bảo Bảo,"128 Trưng Nữ Vương, Châu Phú B, Châu Đốc, An Giang, Việt Nam","3,6",162,10.7041009,104.8265601,An Giang,Khách sạn 2 sao,415.590 ₫,Không có giảm giá,"Wi-Fi miễn phí, Bữa sáng có tính phí, Đỗ xe miễn phí, Có điều hòa nhiệt độ, Dịch vụ giặt ủi, Bồn tắm nước nóng, Spa, Trung tâm thể dục, Không hút thuốc, ","https://lh5.googleusercontent.com/p/AF1QipN1GpC9QgeaBb0c4LLfyaKU0ZwBCPJN-sJ1hPFj, https://lh5.googleusercontent.com/p/AF1QipN4WuusxX0W0vmsd9nbDgmQongtmz32DYZDKNDd, https://lh5.googleusercontent.com/p/AF1QipMvx_XZajlWs0lPY-TUNxNYvqnbimupxWxo8LNi, https://lh5.googleusercontent.com/p/AF1QipOG2brJ36pGXm0W7PJmWMTo_FYyk3L8A6lP3ZUI, "
Nhà nghỉ KIM PHÁT LUXURY - Núi Cấm,"Chợ Mây, Tịnh Biên, An Giang, Việt Nam","5,0",18,10.5048729,104.6932316,An Giang,Khách sạn,545.956 ₫,Không có giảm giá,"Wi-Fi miễn phí, Đỗ xe miễn phí, Có điều hòa nhiệt độ, Dịch vụ giặt ủi, Chấp nhận vật nuôi, Không hút thuốc, ","https://lh5.googleusercontent.com/p/AF1QipMeXfYDJ-lkpJWhlSxXJNgj1N1D9qfnxpBq_pOZ, https://lh5.googleusercontent.com/p/AF1QipPREVL71Mj7965ZM6z70xAXIg-MtPUM7z3b0NfM, https://lh5.googleusercontent.com/p/AF1QipPDauOWLJAC1bQuHIPsPqIVAw2cFX5mQ31vCtA, https://lh5.googleusercontent.com/p/AF1QipNqL6fILHO653pDoytTJfLUIckLg1ozo4aH78M, "
LITTLE SÀI GÒN HOSTEL,"190 Đường Bờ Tây, Châu Phú B, Châu Đốc, An Giang, Việt Nam","4,2",117,10.6989528,104.8280112,An Giang,Khách sạn 3 sao,458.283 ₫,Không có giảm giá,"Wi-Fi miễn phí, Bữa sáng có tính phí, Đỗ xe miễn phí, Có điều hòa nhiệt độ, Dịch vụ giặt ủi, Dịch vụ phòng, Nhà hàng, Bếp ở một số phòng, Quán bar, ","https://lh5.googleusercontent.com/p/AF1QipOz9OJWfT3AU46yU3O8a9AjkEdfDLiT22n7bac, https://lh5.googleusercontent.com/p/AF1QipPKBz5BgYABaWGmYnuDalSQLG-BDeY5d1quhwg, https://lh5.googleusercontent.com/p/AF1QipP9IuyNkY3crMKsC_gFf0FPqbnNCpnhwbyUnfm-, https://lh5.googleusercontent.com/p/AF1QipOM-ldP4QiUu_U0stp50kUth8EMA01_UBW3BVE, "
Khách sạn Ngọc Khả Tú 2 - Ngoc Kha Tu 2 Hotel,"336 Trần Hưng Đạo, P. Bình Đức, Thành phố Long Xuyên, An Giang, Việt Nam","3,9",81,10.4158969,105.1241672,An Giang,Khách sạn 3 sao,309.794 ₫,Không có giảm giá,"Wi-Fi miễn phí, Đỗ xe miễn phí, Có điều hòa nhiệt độ, Dịch vụ giặt ủi, Phù hợp với trẻ em, ","https://lh5.googleusercontent.com/p/AF1QipPuIG-eHYK7TuKGWkVCo0k5YEJlDXJ0mm75SFKI, https://lh5.googleusercontent.com/p/AF1QipOewD9Cv6c_etSrDm3lqCEl-iyfRlcs8xJlQ0-2, https://lh5.googleusercontent.com/p/AF1QipM4rEICwK6EmIZBT-PpotLEdftVnjk8r4nNwQYS, https://lh5.googleusercontent.com/p/AF1QipP3EsgaCL43-bFpk12sMNbfeTB0sEwaqxtZIh4i, "
Khách Sạn ĐĂNG KHOA 1,"79 Châu Thị Tế, P. Núi Sam, Châu Đốc, An Giang 90510, Việt Nam","3,9",78,10.6833751,104.7915432,An Giang,Khách sạn 2 sao,461.654 ₫,Không có giảm giá,"Wi-Fi miễn phí, Đỗ xe miễn phí, Có điều hòa nhiệt độ, Dịch vụ giặt ủi, ","https://lh5.googleusercontent.com/p/AF1QipOLEps1vkC5zsanXe0ffzXYZo3TG5MzIrzIhiws, https://lh5.googleusercontent.com/p/AF1QipOfA3m8Dp1zGnFrNXfVnDygkm2FviTDpR1EhoO9, https://lh5.googleusercontent.com/p/AF1QipOfA3m8Dp1zGnFrNXfVnDygkm2FviTDpR1EhoO9, https://lh5.googleusercontent.com/p/AF1QipPs5U5SSyJhvGY_p7dbqA87nTSxAb5Wu9OeOBOO, "
Rồng Vàng Resort,"19 Đường Nguyễn Thị Minh Khai, TT. Tri Tôn, Tri Tôn, An Giang 90800, Việt Nam","4,8",132,10.4278443,104.7095614,An Giang,Khách sạn,670.208 ₫,Không có giảm giá,,"https://lh5.googleusercontent.com/p/AF1QipNPNKboUm9jU_ZspRP_VzOWlg2IlxZZQqthhAId, https://lh5.googleusercontent.com/p/AF1QipPMqctpw9vey2WHJWl1UumAZTqStDBsV2Bc7d7o, https://lh5.googleusercontent.com/p/AF1QipOdx-l5qx_coriAUK8ejJpBo0pB8e-G_4FtDrwc, https://lh5.googleusercontent.com/p/AF1QipNTaguixtu91ejO0IzsWKO9LrTAqb7INBUo4NeV, "
Hero Hostel & Billiards,"sau lưng siêu thị co.op mart, đường Đ. Trần Nguyên Hãn, Châu Phú B, Châu Đốc, An Giang, Việt Nam","4,3",102,10.7068881,104.835406,An Giang,Khách sạn 3 sao,315.000 ₫,Không có giảm giá,"Wi-Fi miễn phí, Đỗ xe miễn phí, Có điều hòa nhiệt độ, Dịch vụ giặt ủi, Dịch vụ phòng, Xe đưa đón ra sân bay, ","https://lh5.googleusercontent.com/p/AF1QipOGLj2s2svNdbxnpiwnnmamSaFAw4x400XwZa_r, https://lh5.googleusercontent.com/p/AF1QipNqldVh85SMOA5tyb2fnQrX9htQakgskmakydmQ, https://lh5.googleusercontent.com/p/AF1QipOBqVqksdV1eepYjKb-1lipFwB3NkK2PcA-saun, https://lh5.googleusercontent.com/p/AF1QipNnOEHnAVZPfi9fUx54LNIdxZrZbiyCfzaG2Ddj, "
LÁ HOMESTAY GARDEN,"64 D. Số 9, Mỹ Quý, Thành phố Long Xuyên, An Giang 90000, Việt Nam","3,8",29,10.3696491,105.1642036,An Giang,Khách sạn,548.876 ₫,Ít hơn 20% so với bình thường,,"https://lh5.googleusercontent.com/p/AF1QipO2IkVd1oXEYbwAV93ABu3KFDv6stIXXJaPNkIT, https://lh5.googleusercontent.com/p/AF1QipOWit4puIH8wIvc0wJZ5O4rmcYQgTPAC93jDmh1, https://lh5.googleusercontent.com/p/AF1QipPDekYxfk7a_yutFN7QsTPwVqVmxn5BYvH0x-XH, https://lh5.googleusercontent.com/p/AF1QipP67iXq0jXCAGG5v0L1pYcI4q1Hl__N6HwlsTBF, "
Hostel Đặng Lợi,"187 Đ. Nguyễn Tri Phương, Châu Phú B, Châu Đốc, An Giang, Việt Nam","4,3",101,10.6986059,104.8388215,An Giang,Khách sạn 3 sao,408.503 ₫,Không có giảm giá,"Wi-Fi miễn phí, Đỗ xe miễn phí, Có điều hòa nhiệt độ, Dịch vụ giặt ủi, ","https://lh5.googleusercontent.com/p/AF1QipMQNCdrzry22XXi_Owq9uhRgF3fLmm6pe-UCkg, https://lh5.googleusercontent.com/p/AF1QipPjXSvonlPLcAje7vQJARiUBYhE8I6XcUHd59A, https://lh5.googleusercontent.com/p/AF1QipNpWQFv7J-VLDh3z7VN5oWcf-TJAMb-P8XdXiPY, https://lh5.googleusercontent.com/p/AF1QipMu-cu8rc_oJ8yi3Jmjo0wXMLWVWmSseYLr-u4, "
Nhà Nghỉ Minh Trang,"91 Tân Lộ Kiều Lương, Vĩnh Tây 2, Châu Đốc, An Giang, Việt Nam","4,2",306,10.6830016,104.7955004,An Giang,Khách sạn 2 sao,262.191 ₫,Ít hơn 23% so với bình thường,"Wi-Fi miễn phí, Đỗ xe miễn phí, Có điều hòa nhiệt độ, Dịch vụ giặt ủi, Phù hợp với trẻ em, Nhà hàng, ","https://lh5.googleusercontent.com/p/AF1QipMUcQ-Xqs2Mhpcb3IxmTSK7KBjwBvk4B6jw-Qve, https://lh5.googleusercontent.com/p/AF1QipMd5utgxi4Co0WikSozGmD-1u5a07h1dR6hab1g, https://lh5.googleusercontent.com/p/AF1QipNgpa24bnXHrNIEe4j4f3ZZRAE2-6MjLLEie2Kq, https://lh5.googleusercontent.com/p/AF1QipPs1lplyokkGRG_2kW3AHse3e4fW68zVoBC6p0t, "
DeMi Homestay 2,"184 Châu Thị Tế, P. Núi Sam, Châu Đốc, An Giang 90000, Việt Nam","4,9",16,10.6828055,104.7937463,An Giang,Khách sạn,439.381 ₫,Ít hơn 19% so với bình thường,,"https://lh5.googleusercontent.com/p/AF1QipNJjXsZNScv36ZQEW8PxhT5v5MKeTiCKkTV2g1v, https://lh5.googleusercontent.com/p/AF1QipO5dcIJw-GM3Wiy90ziQgbdA4uMKxFMBu-3Ldnj, https://lh5.googleusercontent.com/p/AF1QipOs1Cal0OmmQ-wwtIQdwy0Lmlf6qXvZQ1g6aEA9, https://lh5.googleusercontent.com/p/AF1QipNBWff1o7q8xqoVB7z15WVjSB8Qoaa7wn9nvufs, "
Khách Sạn Đăng Khôi 2,"Khu đô thị Cồn Tiên đường Số 2 ấp, Phước Thọ, An Phú, An Giang, Việt Nam","4,0",34,10.7185451,104.8308515,An Giang,Khách sạn,299.670 ₫,Không có giảm giá,"Wi-Fi miễn phí, Đỗ xe miễn phí, Dịch vụ giặt ủi, Bếp ở một số phòng, ","https://lh5.googleusercontent.com/p/AF1QipOscGVuwNem_uqUwY4b8tMTdFAfWIejDopdo9Ne, https://lh5.googleusercontent.com/p/AF1QipOqjT6eL4AfetDqlGeh5jMn8Ec0lrFgqrmDJ5iR, https://lh5.googleusercontent.com/p/AF1QipM46yhOoWmDwusZFOCooXtHL_eeyFjO32EpTXF7, https://lh5.googleusercontent.com/p/AF1QipNpdhOJNP541gAe8axWxMMl7a_BPDdf7zA1fa68, "
khách sạn The CK,"86 Bạch Đằng, Châu Phú A, Châu Đốc, An Giang, Việt Nam","5,0",1,10.7108701,104.8297865,An Giang,Khách sạn,506.000 ₫,Không có giảm giá,,
Đông Bảo Hotel,"21 Phan Văn Vàng, Châu Phú B, Châu Đốc, An Giang, Việt Nam","4,0",212,10.7091207,104.830403,An Giang,Khách sạn 1 sao,349.278 ₫,Không có giảm giá,"Wi-Fi miễn phí, Có điều hòa nhiệt độ, Dịch vụ giặt ủi, Phù hợp với trẻ em, Nhà hàng, Bếp ở một số phòng, ","https://lh5.googleusercontent.com/p/AF1QipMdLSd1pwX0AUCCT4TYUUqdg6sGoQKxosrt_HnQ, https://lh5.googleusercontent.com/p/AF1QipMWVTad8rMtvngRlyVnJ04w6drG6ftgnubX4WFQ, https://lh5.googleusercontent.com/p/AF1QipMsROFRLRYinkFlQo0xK7Sl71nFVUZAmSm6PBtu, https://lh5.googleusercontent.com/p/AF1QipO2pWBasLQrCyullvofRPvhhqjpgzmcFjUKdJMa, "
Khách sạn Hòa Bình 1,"130 Trần Hưng Đạo, P. Mỹ Bình, Thành phố Long Xuyên, An Giang 90000, Việt Nam","4,1",1.118,10.3868114,105.1446795,An Giang,Khách sạn,757.426 ₫,Không có giảm giá,"Wi-Fi miễn phí, Bữa sáng miễn phí, Đỗ xe miễn phí, Bể bơi ngoài trời, Có điều hòa nhiệt độ, Dịch vụ giặt ủi, Trung tâm thương mại, Phù hợp với trẻ em, Nhà hàng, Bồn tắm nước nóng, ","https://lh5.googleusercontent.com/p/AF1QipMRGOb3Cxk-GA1_2l2RKrjFM29Mngo5U_AZnBd0, https://lh5.googleusercontent.com/p/AF1QipMfLteevQUvRVzwqxq5KKXOO2PKTD-VXz1mH2gv, https://lh5.googleusercontent.com/p/AF1QipNivYV_MIwE0puYUfh7Z9Mt7BTqlghDh6mv4_TX, https://lh5.googleusercontent.com/p/AF1QipMGplshrk6GxEYSJ-WvrgC3coVXK7OsP-sYrT6C, "
Homestay Khoa Chaudoc,"116 Nguyễn Văn Thoại, Châu Phú A, Châu Đốc, An Giang, Việt Nam","4,8",197,10.7089935,104.8291789,An Giang,Khách sạn,299.670 ₫,Ít hơn 20% so với bình thường,"Wi-Fi miễn phí, Đỗ xe miễn phí, Có điều hòa nhiệt độ, Dịch vụ giặt ủi, Phù hợp với trẻ em, ","https://lh5.googleusercontent.com/p/AF1QipMhXPbQmqb2IOEjErRTN9g_bKj2eKhKmtO54HS-, https://lh5.googleusercontent.com/p/AF1QipPMh7bEKSMTxLJZhE6ecaPC02q4KNGj1xlL8QxP, https://lh5.googleusercontent.com/p/AF1QipOU2isjJh3ZxGUyzmmFwUG7ZlsRlj7BqGBsHYyR, https://lh5.googleusercontent.com/p/AF1QipOJFmfBn1j_awUavdGzz1NeI1iQSaMq8t2RyGOr, "
HOTEL SFO,"HOTEL SFO, Tân Lộ Kiều Lương, Vĩnh Đông, Thánh Phố, Châu Đốc, An Giang 111385, Việt Nam","3,6",33,10.6828004,104.7951954,An Giang,Khách sạn 1 sao,436.765 ₫,Không có giảm giá,"Phù hợp với trẻ em, ","https://lh5.googleusercontent.com/p/AF1QipNTZh_hv3EuY5Eg58UwT2J3i-90_73cTfWCqIxX, https://lh5.googleusercontent.com/p/AF1QipP-tjHEK17qIkqFU8oAFMSANzbME9UfYpNhPS5n, https://lh5.googleusercontent.com/p/AF1QipMA7NOmGDiwlR_JgoY_SbQhOZ9ScqJAcrfiqtHA, https://lh5.googleusercontent.com/p/AF1QipMdknXtHptAnp1qWGTskLgPuvK2WsdMXAXDpi2M, "
Motel Hoàng Đế,"290/132 Đường số 3, Tổ 7, K. Châu Quới 1, Châu Đốc, An Giang, Việt Nam","4,1",56,10.7026841,104.8427089,An Giang,Khách sạn,527.085 ₫,Không có giảm giá,,"https://lh5.googleusercontent.com/p/AF1QipPxz8nkeFlGBsQw-GfWvakILgbCr0WvESADsj9W, https://lh5.googleusercontent.com/p/AF1QipOV85N5t94JDU_sGIUeDzPCD1aSh7cN-Pq_aRWF, https://lh5.googleusercontent.com/p/AF1QipOeD_0GsU063-iXMIyb_mkgsuLUcHC2WukB7lfa, https://lh5.googleusercontent.com/p/AF1QipP4uSkKHuRt-3XYcRWy9hW6WZ2yfaNrdU7ZNqJM, "
Kim Ngân Motel,"286 Tân Lộ Kiều Lương, khóm 8, Châu Đốc, An Giang, Việt Nam","4,5",49,10.6963515,104.8121862,An Giang,Khách sạn,296.886 ₫,Không có giảm giá,,"https://lh5.googleusercontent.com/p/AF1QipMVWBnJpcFnnwukRfHCO8VXTZSYZGHklJ34vaU6, https://lh5.googleusercontent.com/p/AF1QipPqrvJmwcVUZAhYUZMueKxtOzWmNSFDKZcEH6Jj, https://lh5.googleusercontent.com/p/AF1QipONoAs7FV9urhoRBXgCOQnjUpSqH4PZ2FEKgwK9, https://lh5.googleusercontent.com/p/AF1QipN2VGloQ2Rsyl_p2QA1fN4FGWUOQ6JIZmgnr8vA, "
Phú Sĩ Homestay Núi Cấm,"Đường Ba Lưới, ấp Thiên Tuế, Tịnh Biên, An Giang, Việt Nam","4,3",57,10.6963515,104.5649938,An Giang,Khách sạn,327.258 ₫,Không có giảm giá,"Wi-Fi, ","https://lh5.googleusercontent.com/p/AF1QipPu6KDiVqOeuOb0vXWR3pCOR3xWOfY9kqwsBuao, https://lh5.googleusercontent.com/p/AF1QipMgf3TNnJHivPfPklPmY7KaHXX5ha0PFJzFbyYA, https://lh5.googleusercontent.com/p/AF1QipO9_I2k7JyDGS41myAhpGDRvM55Orhx8AEleTF2, https://lh5.googleusercontent.com/p/AF1QipNKo4f_NOs2_x3Hs7sK_kMAA9066DREKcd82WgV, "
Nhà nghỉ Thanh Xuân - cho thuê xe máy và có xuất hóa đơn,"169/3a Ngô Văn Sở, Phường Đông Xuyên, Thành phố Long Xuyên, An Giang 880000, Việt Nam","3,7",158,10.3781268,105.1437758,An Giang,Khách sạn,248.544 ₫,Không có giảm giá,"Wi-Fi miễn phí, Bữa sáng có tính phí, Đỗ xe miễn phí, Phù hợp cho người khuyết tật, Có điều hòa nhiệt độ, Dịch vụ giặt ủi, Chấp nhận vật nuôi, Bếp ở một số phòng, ","https://lh5.googleusercontent.com/p/AF1QipOx5gEiR63ehN0S2t2BWXr81yuw3McFoqKOQNcJ, https://lh5.googleusercontent.com/p/AF1QipOfCmcIpfwX_vj7l4hcMmFQiU0EpLxKsPcpvrru, https://lh5.googleusercontent.com/p/AF1QipOdlkXiWPe0tFsiXs4uIRI_qgdnbw6GyDbhmbrf, https://lh5.googleusercontent.com/p/AF1QipOg0_2eeUXCxG9zg1h91ImtknreSLBJ6YV4FeYc, "
Hotel Van Xuan 79,"M3MP+PM3 Duong Le Dai Cuong, Lê Đại Cương, P. Núi Sam, Châu Đốc, An Giang, Việt Nam","4,1",109,10.6843016,104.7982382,An Giang,Khách sạn 2 sao,323.238 ₫,Không có giảm giá,"Wi-Fi miễn phí, Đỗ xe miễn phí, Có điều hòa nhiệt độ, Dịch vụ giặt ủi, Nhà hàng, ","https://lh5.googleusercontent.com/p/AF1QipMUg4lbWV957qq_Ld8Kc7dFrZKFR00-TXJzxglF, https://lh5.googleusercontent.com/p/AF1QipPaS_fbn7YU0q-4kS5g_vhI-ycjB1euiVJxZvl5, https://lh5.googleusercontent.com/p/AF1QipMlCc3KKmmtPFxSbD2OFAliJAV3fuQWAHSo4_qm, https://lh5.googleusercontent.com/p/AF1QipNTvrvOG8Emp99R9X6hjb6rIOBuo6Iwu9-GbvqR, "
Nina Homestay Long Xuyen,"60 Đường Số 5, Mỹ Quý, Thành phố Long Xuyên, An Giang, Việt Nam","4,9",25,10.3703113,105.1652383,An Giang,Khách sạn,538.850 ₫,Không có giảm giá,"Wi-Fi miễn phí, Đỗ xe miễn phí, Dịch vụ giặt ủi, Bếp ở một số phòng, Không hút thuốc, ","https://lh5.googleusercontent.com/p/AF1QipOYqPh2TnqSJwbQwiscdrVzyK9DPrFILoxLsHU, https://lh5.googleusercontent.com/p/AF1QipO-8uorg_VXJjp6640cEM_0umk5M1Ob4qNHbb4t, https://lh5.googleusercontent.com/p/AF1QipPX1nXS0eekdVDdcY5OChSTokb8EaHSAnXTEKs1, https://lh5.googleusercontent.com/p/AF1QipMxRWf5gtSBtv1tSw2Ff-zRQTRCzMxYPS-4IMzO, "
Homestay LaDi Home,"Đ. Số 13, Khu đô thị Tây Sông Hậu, Thành phố Long Xuyên, An Giang, Việt Nam","5,0",6,10.3729486,105.1635222,An Giang,Khách sạn,650.000 ₫,Không có giảm giá,"Wi-Fi miễn phí, Bãi đỗ xe, Có điều hòa nhiệt độ, Dịch vụ giặt ủi, Dịch vụ phòng, Bếp ở một số phòng, Xe đưa đón ra sân bay, ","https://lh5.googleusercontent.com/p/AF1QipMs2_2jDdm24di0EZIUPkaejDEP-LAE_SXjp02K, https://lh5.googleusercontent.com/p/AF1QipPlX6J7Dzo9FxcT9Q2J5X1_uTYGGZ-J2WBtGD4v, https://lh5.googleusercontent.com/p/AF1QipONETnVzi8RTqNYD_tvlRjpa6PW0ZOKcuAkPlk5, https://lh5.googleusercontent.com/p/AF1QipOCgg96X2gClYqtCNSb9V_DyL02AHIGD2xK8VKa, "
Cherry Homestay,"290/134 Đ. Lê Lợi, Châu Phú B, Châu Đốc, An Giang 90500, Việt Nam","4,5",26,10.7027484,104.8426922,An Giang,Khách sạn,527.085 ₫,Không có giảm giá,,"https://lh5.googleusercontent.com/p/AF1QipNlvwwtMMvYrQo_O7I3s8iQ40TYMHo0IVxQhmdX, https://lh5.googleusercontent.com/p/AF1QipN7JAJHZLt-6NTN7u0spMWlahPvwBHLkUgpFl9K, https://lh5.googleusercontent.com/p/AF1QipNlvwwtMMvYrQo_O7I3s8iQ40TYMHo0IVxQhmdX, https://lh5.googleusercontent.com/p/AF1QipMKusBXLfl1NdSLNsW1nVmXPfWYJGfctKKpHer3, "
DeMi Homestay,"891 Đ. Vòng Núi Sam, P. Núi Sam, Châu Đốc, An Giang, Việt Nam","4,6",25,10.6831471,104.7901008,An Giang,Khách sạn,469.500 ₫,Không có giảm giá,,"https://lh5.googleusercontent.com/p/AF1QipP0XK7XS3gVi8OvuODZkPEuBNAB2VNYxoPoQ8Df, https://lh5.googleusercontent.com/p/AF1QipMeffpqPWXjabHMojX25FeuR4yQGq69jWKPZQRI, https://lh5.googleusercontent.com/p/AF1QipOER7v2eUYve5JadyDRtDgyMyspUUoAslC5g6qP, https://lh5.googleusercontent.com/p/AF1QipP8gWOTrFM1LunbiyV1jLwEVcto-kFP1X_QhvMK, "
Bờ Hồ Hotel,"24 Lê Lợi, P. Mỹ Bình, Thành phố Long Xuyên, An Giang, Việt Nam","5,0",5,10.3905083,105.1485747,An Giang,Khách sạn,873.529 ₫,Không có giảm giá,,"https://lh5.googleusercontent.com/p/AF1QipMmmo1rAqKXGHM_Is063HyYCjAoa26jmtVKMC7a, https://lh5.googleusercontent.com/p/AF1QipM5ZCMufkF2nCbDnUZc7SfPUGCn39GniyGoZb3U, https://lh5.googleusercontent.com/p/AF1QipPZAb5iNJsTkevylS-hI_3hZzNrG7_etbBijFmb, https://lh5.googleusercontent.com/p/AF1QipO1H-CdVgiVm9qjY5Gw6wrA2Q8eGu9e0hAsqCKJ, "
MURRAY Guesthouse,"11-15 Hẻm Trương Định, Châu Phú B, Châu Đốc, An Giang, Việt Nam","4,2",113,10.7052916,104.8408666,An Giang,Khách sạn 2 sao,443.178 ₫,Không có giảm giá,"Wi-Fi miễn phí, Bữa sáng miễn phí, Có điều hòa nhiệt độ, Dịch vụ giặt ủi, Phù hợp với trẻ em, Nhà hàng, ","https://lh5.googleusercontent.com/p/AF1QipOU5Il8XkWIIs1Sc9H9VBMve47X9339vSyM-cAl, https://lh5.googleusercontent.com/p/AF1QipMBsPjADS1eMV2qdT784OALpIhesL8D_BYRIP7i, https://lh5.googleusercontent.com/p/AF1QipOswiuUUDbE1oU0S9S95irCmRmwpScbb5H68dAD, https://lh5.googleusercontent.com/p/AF1QipPQ8i9EluPUwqEogfq8rWlZNpz7S2cTao8mdCMx, "
NHA NGHI HOA LY - CHÂU ĐỐC,"Đ. Trần Nguyên Hãn, Châu Phú B, Châu Đốc, An Giang 90100, Việt Nam","4,2",9,10.7069674,104.8350702,An Giang,Khách sạn 2 sao,256.896 ₫,Không có giảm giá,"Wi-Fi miễn phí, Có điều hòa nhiệt độ, Dịch vụ giặt ủi, ","https://lh5.googleusercontent.com/p/AF1QipPWuEM_xSH7G-wXInfkF-TcdiUubn6xueXhVeN0, https://lh5.googleusercontent.com/p/AF1QipP4yCWx1OtLGNP_6uP1QOhYTajYt_jChqTeVpEA, https://lh5.googleusercontent.com/p/AF1QipO9xOK-qmM0FtFkJdj5jHyKwW399kZ2nRUCAUmP, https://lh5.googleusercontent.com/p/AF1QipM1SVnVPYl5iC2t9-Axv1rCBAARAIXlbvjzNFtN, "
Nhà nghỉ Fami Nguyễn,"Tân Lộ Kiều Lương, P. Núi Sam, Châu Đốc, An Giang, Việt Nam","4,3",134,10.6981256,104.8165258,An Giang,Khách sạn,597.569 ₫,Không có giảm giá,"Wi-Fi miễn phí, Đỗ xe miễn phí, Dịch vụ giặt ủi, Bếp ở một số phòng, ","https://lh5.googleusercontent.com/p/AF1QipPjWK8_Js-T-eY0nNX4UFxhXUql1hTwjXGdiWEd, https://lh5.googleusercontent.com/p/AF1QipMaAz_5EyovhE99SoUsEyh1MgA58QeJGFf5tzlS, https://lh5.googleusercontent.com/p/AF1QipN3s89QnIPzutMOqKQLvJBwzT-7bACQjYHUm8Eb, https://lh5.googleusercontent.com/p/AF1QipODLIpmjqTkinfj23U6bpTxmGnqbl23vtyXug9D, "
Chau Doc Homestay,"Nguyễn Chí Linh/188 Ward, Khánh Hòa, Châu Phú, An Giang, Việt Nam","4,1",43,10.6818404,104.8737983,An Giang,Khách sạn 2 sao,479.371 ₫,Không có giảm giá,"Wi-Fi miễn phí, Bữa sáng miễn phí, Đỗ xe miễn phí, Dịch vụ giặt ủi, Chấp nhận vật nuôi, Dịch vụ phòng, Phù hợp với trẻ em, Nhà hàng, Xe đưa đón ra sân bay, ","https://lh5.googleusercontent.com/p/AF1QipM2pUq27Hog-di8hZj5DDr05xSOU7UGfhYJykG-, https://lh5.googleusercontent.com/p/AF1QipOsX8CeQ-HxmdDAkSseSvxGYFc9ES7MxBfZbCnk, https://lh5.googleusercontent.com/p/AF1QipOvzHet-kRLhQZJJoOeMmWeFygi4-H2PIIdOqUp, https://lh5.googleusercontent.com/p/AF1QipOxBzJix2C1rQMTIw2_Swzjaxh7KcLBaERdaEyg, "
Nhà Nghỉ Ngọc Mây,"396 Hoàng Diệu, Châu Phú B, Châu Đốc, An Giang, Việt Nam","3,9",157,10.6986336,104.8302052,An Giang,Khách sạn,269.552 ₫,Không có giảm giá,"Wi-Fi miễn phí, Đỗ xe miễn phí, Có điều hòa nhiệt độ, Dịch vụ giặt ủi, ","https://lh5.googleusercontent.com/p/AF1QipOT517zSJz7TbWFT2sABBF0RnraL5j_eC4jK2n9, https://lh5.googleusercontent.com/p/AF1QipMDoKJf134lPNcHO4bh6RaGzCn3HhZ8Ws6xFVAQ, https://lh5.googleusercontent.com/p/AF1QipM2eW-yqqkZktDqJOG9nnbXWwSW2s4048giuahU, https://lh5.googleusercontent.com/p/AF1QipPGHuB9lnzrGb805v-5uXbyWSpiaqJoOUsPwgKS, "
Khách sạn Châu Phố,"88 Trưng Nữ Vương, Châu Phú B, Châu Đốc, An Giang, Việt Nam","3,9",692,10.7055094,104.8280886,An Giang,Khách sạn 3 sao,Không có giá,Không có giảm giá,"Wi-Fi miễn phí, Bữa sáng miễn phí, Đỗ xe miễn phí, Có điều hòa nhiệt độ, Dịch vụ giặt ủi, Phù hợp với trẻ em, Nhà hàng, Không hút thuốc, ","https://lh5.googleusercontent.com/p/AF1QipPYRtK_iHnAMlBea1bQnI3TSaBIkYVQ9O19H-hA, https://lh5.googleusercontent.com/p/AF1QipOtl3-8pPO7B96s6lCYliXtyEgnMXgkdnBXEYX5, https://lh5.googleusercontent.com/p/AF1QipM_WbX_fMPIHdKeN0IVU8EHgKSUcWCHz_FwtTmu, https://lh5.googleusercontent.com/p/AF1QipMxEh0vtguSNXG8LeBa5Ot6IkvG7r0b2T9I3p5f, "
Hotel Trung Hiếu,"126 Châu Thị Tế, Vĩnh Tây 3, Châu Đốc, An Giang, Việt Nam","4,5",2,10.683158,104.7921906,An Giang,Khách sạn,371.297 ₫,Không có giảm giá,,"https://lh5.googleusercontent.com/p/AF1QipOxrA2Zwqd09cDA5rvNdkvdP4hRdogMF09_JH8, https://lh5.googleusercontent.com/p/AF1QipMQcrmKCywEsSgYkhsAkVulPKTHUnHEkQTP6Q_6, https://lh5.googleusercontent.com/p/AF1QipP0asxPqzkH1PtlOQ2Sp7Gmkmvz99V-I1s97iLQ, https://lh5.googleusercontent.com/p/AF1QipOxrA2Zwqd09cDA5rvNdkvdP4hRdogMF09_JH8, "
Ngọc Thảo Tân Motel,"199 Tôn Đức Thắng, Vĩnh Mỹ, Châu Đốc, An Giang, Việt Nam","3,5",45,10.7025721,104.8441933,An Giang,Khách sạn,309.557 ₫,Không có giảm giá,,"https://lh5.googleusercontent.com/p/AF1QipO3AZndywfH9WNZzPiYOZf-rOBKQKdCXCBj4iG0, https://lh5.googleusercontent.com/p/AF1QipP3gdovmVm7ARigIB_N10G6TLojj1KA73bbjL5i, https://lh5.googleusercontent.com/p/AF1QipMbCWxC4d5imtweP0esa6OszHw3X8xdLEj5fBPa, https://lh5.googleusercontent.com/p/AF1QipNasAzK86GJlkUb-JIWaYT6JQAAsM9rKfT7N0L8, "
Nhà Trọ Số 2,"6 Đ. Vòng Núi Sam, Khóm Vĩnh Đông, Châu Đốc, An Giang 883190, Việt Nam","4,1",32,10.6813658,104.7932581,An Giang,Khách sạn,560.000 ₫,Không có giảm giá,"Wi-Fi miễn phí, Đỗ xe miễn phí, Có điều hòa nhiệt độ, Dịch vụ giặt ủi, Chấp nhận vật nuôi, Nhà hàng, Không hút thuốc, ","https://lh5.googleusercontent.com/p/AF1QipN0eZnT_Bes5d2Lm6yeOyWdNDm5uA48gwjp1YUg, https://lh5.googleusercontent.com/p/AF1QipOo8RgN8iZG3Cf_J06E85p2fWTRQS8Xd_YX5FiC, https://lh5.googleusercontent.com/p/AF1QipN_dxWFmiMcywTsuiobmT64XTZ-6Uxm7oBGUzUy, https://lh5.googleusercontent.com/p/AF1QipNcXBpi2OHv4XPFMWwB9dBpMV1i9oHOks-5oomC, "
Happy Homestay,"189 Group 9, Binh Tan, Binh Phuoc Xuan, Huyen Cho Moi, An Giang, Bình Phước Xuân, Chợ Mới, An Giang, Việt Nam","4,6",48,10.4376574,105.2725189,An Giang,Khách sạn 1 sao,249.556 ₫,Không có giảm giá,"Wi-Fi miễn phí, Dịch vụ giặt ủi, Phù hợp với trẻ em, Nhà hàng, ","https://lh5.googleusercontent.com/p/AF1QipN34BRI_5Y7MTdLSmicHEX11RLifaRLCvG2AeWm, https://lh5.googleusercontent.com/p/AF1QipPc_PfXOtevIQUc7u9tgMtshJj4L5_nFkvZlMSB, https://lh5.googleusercontent.com/p/AF1QipPyftQqmMxvboMxZF8L8-zMyVWv-pD3YlXGrdHK, https://lh5.googleusercontent.com/p/AF1QipP2zK27rX4LqGQHVZgwIMUPX8lqWfaE71bp677a, "
Nhà nghỉ Lucky190 ( 180.000 đ/ngày ),"Tây Xuyên, Vinh Ngươn, Châu Đốc, An Giang, Việt Nam","4,5",100,10.7158474,104.8202345,An Giang,Khách sạn,215.641 ₫,Không có giảm giá,"Wi-Fi miễn phí, Đỗ xe miễn phí, Có điều hòa nhiệt độ, Dịch vụ giặt ủi, ","https://lh5.googleusercontent.com/p/AF1QipPDov_zBgMhUZC9XzIqzup5KB3DaOQmqnkWZit6, https://lh5.googleusercontent.com/p/AF1QipOPF-A19VjUNMxP-J2DESLaQdIbwCrCdA-HmABg, https://lh5.googleusercontent.com/p/AF1QipP0fo9ZML6pUSSstTMehsA3p6JGmH2n31VLUcfX, https://lh5.googleusercontent.com/p/AF1QipPcvDJpwUzXLrIWbOIS7wy1GCHSBHRKMi4XGsZ4, "
Tuyết Anh Homestay & Coffee,"86 Đường Nguyễn Thị Minh Khai, TT. Tri Tôn, Tri Tôn, An Giang, Việt Nam","4,6",14,10.4264468,104.7051059,An Giang,Khách sạn,349.278 ₫,Không có giảm giá,,"https://lh5.googleusercontent.com/p/AF1QipMfOcSNAbWDTY7C7r6DRvs-kEb6IWceE4zuQQ3p, https://lh5.googleusercontent.com/p/AF1QipMyx0QGziqQtgGlQ9E_g1wmmOEdtsSWrF92gkWI, https://lh5.googleusercontent.com/p/AF1QipP-tLHf9yczmHi2e-OG-P-76BIA17fX6xr6OYIn, https://lh5.googleusercontent.com/p/AF1QipOfofFVW2uHSvM6hktHBcm8asttzeN7SzI3ad45, "
Nhà Trọ Kim Ánh,"261P Trần Hưng Đạo, Hẻm 8, Phường Mỹ Xuyên, Thành phố Long Xuyên, An Giang, Việt Nam","4,3",55,10.3764013,105.1498492,An Giang,Khách sạn,149.835 ₫,Không có giảm giá,"Wi-Fi miễn phí, Có điều hòa nhiệt độ, Dịch vụ giặt ủi, ","https://lh5.googleusercontent.com/p/AF1QipPEK0qtQfzCNdTRFFHFVICwFwgHDw3-g7I-nEBE, https://lh5.googleusercontent.com/p/AF1QipNwn1CFnfnEckwkMzKbnF5p8BLrAYQSf3na5NYv, https://lh5.googleusercontent.com/p/AF1QipNUDnH3DmPxn1r57gAtJmkZLT0zurN_8IzOzEqg, https://lh5.googleusercontent.com/p/AF1QipM1_lQxQOi__ZQGafvjXNc8sw7u32SRGR_vCAPI, "
Nhà nghỉ Thanh Vân 1,"398 Hoàng Diệu, Châu Phú B, Châu Đốc, An Giang, Việt Nam","3,6",74,10.6975795,104.8331418,An Giang,Khách sạn 1 sao,282.713 ₫,Không có giảm giá,"Wi-Fi miễn phí, Có điều hòa nhiệt độ, Dịch vụ giặt ủi, ","https://lh5.googleusercontent.com/p/AF1QipPfab6hPFZY8L_4zs8PHF_8RaqJzAaLL7UFMhnk, https://lh5.googleusercontent.com/p/AF1QipONyV26t0yceqmvV5Vt4I72Ruc24wozzI4RZoqD, https://lh5.googleusercontent.com/p/AF1QipNkJb2XRqApZOMC0cr6PF_5_cDORiTLGyd-zxql, https://lh5.googleusercontent.com/p/AF1QipOWHpleVmnf9Ed8WsmFFbhfOGGMmyM5l9Nh5PuO, "
Doanh Nghiệp Tư Nhân Khách Sạn Lệ Hằng,"19-20-21D Lý Thái Tổ, Mỹ Long, Thành phố Long Xuyên, An Giang, Việt Nam",Chưa xét,0,10.3775121,105.1536012,An Giang,Khách sạn,294.816 ₫,Không có giảm giá,,
Motel Bảo Trâm,"26 Lê Hồng Phong, P. Núi Sam, Châu Đốc, An Giang 90100, Việt Nam","4,9",22,10.6869887,104.8034061,An Giang,Khách sạn,162.000 ₫,Không có giảm giá,"Wi-Fi miễn phí, Bữa sáng miễn phí, Bãi đỗ xe, Dịch vụ giặt ủi, Chấp nhận vật nuôi, ","https://lh5.googleusercontent.com/p/AF1QipNNhGto0M7PVlz7hh_b_gC_Uu14JDox5RsJQ4O8, https://lh5.googleusercontent.com/p/AF1QipNJDNG4H5v595PIGybDAF3DWyvtTcAfXrzQcgWl, https://lh5.googleusercontent.com/p/AF1QipPbshPStb-xjZ3WDlRoKepAtxkRseB8sxrnsbDS, https://lh5.googleusercontent.com/p/AF1QipNOKPgZVUdzxPqo4sN8z_e3rE0cL50Iu4KWM4ed, "
Nhà Trọ Phú Thông,"M3MJ+6PJ, Hậu Miếu Bà, P. Núi Sam, Châu Đốc, An Giang, Việt Nam","3,1",30,10.6830802,104.7933847,An Giang,Khách sạn,299.417 ₫,Không có giảm giá,"Wi-Fi miễn phí, Đỗ xe miễn phí, Có điều hòa nhiệt độ, Dịch vụ giặt ủi, Nhà hàng, ","https://lh5.googleusercontent.com/p/AF1QipP0aK4uhZpgl-3APYXjR3G04DE2OHAzYfcgf3i0, https://lh5.googleusercontent.com/p/AF1QipNW8HsSsMx6h3-iFBCvnCEBbzxiP9AOYZ68H0kO, https://lh5.googleusercontent.com/p/AF1QipPZRyDtUpuhdBGUcIjEtVfppS6OzPjz37VIWAVk, https://lh5.googleusercontent.com/p/AF1QipMmgxo5iZBaXN1e-TQH-8i91dLrdAB48WNe93UR, "
Nhà Nghỉ Lê Tuấn,"839 QL91, Ấp Bình Phú 1, Châu Thành, An Giang, Việt Nam","4,4",16,10.447372,105.0655176,An Giang,Khách sạn,189.572 ₫,Không có giảm giá,"Wi-Fi miễn phí, Đỗ xe miễn phí, Phù hợp cho người khuyết tật, Có điều hòa nhiệt độ, Dịch vụ giặt ủi, Chấp nhận vật nuôi, ","https://lh5.googleusercontent.com/p/AF1QipM-EfcgmxajYFg_ai0qg4LtD4TBGFk9C4l5qupL, https://lh5.googleusercontent.com/p/AF1QipOxWQckYPSEs51W5-9-4YOuby0980iFvpSOA9DV, https://lh5.googleusercontent.com/p/AF1QipOkGehzMlmcc1PMk3Emnwub5BL9G7A9E1p62wvC, https://lh5.googleusercontent.com/p/AF1QipNavEtB7ykhvZHKrr2MoEjRsasBid9ups9-OXLQ, "
Nhà Trọ Hương Tràm 1,"Anh Vũ Sơn, Văn Giáo, Tịnh Biên, An Giang, Việt Nam","4,2",84,10.447372,104.8183252,An Giang,Khách sạn,149.835 ₫,Không có giảm giá,"Wi-Fi miễn phí, Đỗ xe miễn phí, Dịch vụ giặt ủi, Bếp ở một số phòng, ","https://lh5.googleusercontent.com/p/AF1QipP-LCmP64zPZQiCTNrK1iN9Dhvu0-2wIt-swE-F, https://lh5.googleusercontent.com/p/AF1QipP8Kgfu1wWuDbx2FG8KQT5E6ioQbgKWQJBH3W__, https://lh5.googleusercontent.com/p/AF1QipNU_q68GrNveOVm670JtCNRn2AbBkJqlyX-xSxk, https://lh5.googleusercontent.com/p/AF1QipMcSMWRgapBCHzIN08AovQi5aibCgJGs-2h6vc, "
KHÁCH SẠN YÊN CHÂU,"89 đường Hoàng Diệu, khóm châu, Châu Đốc, An Giang 02963, Việt Nam","3,6",186,10.7017172,104.8222734,An Giang,Khách sạn 3 sao,Không có giá,Không có giảm giá,"Wi-Fi miễn phí, Bữa sáng miễn phí, Đỗ xe miễn phí, Có điều hòa nhiệt độ, Dịch vụ giặt ủi, Chấp nhận vật nuôi, Nhà hàng, ","https://lh5.googleusercontent.com/p/AF1QipPGvrmY1w1F0UZ01w-IPmKuCCBuWu3DfvocYWfN, https://lh5.googleusercontent.com/p/AF1QipM4zzgP5Ti1GgvSoLt22UkLpB-6NIqw6wC8oI_P, https://lh5.googleusercontent.com/p/AF1QipMRRnOk4c9f9eURuRYUt4UuQa3Amz2BihbUjWVo, https://lh5.googleusercontent.com/p/AF1QipPVQU8KaAr-ChjdNsnqLe94jDKk7-HAY-l_3zfi, "
Khải Vy Hotel,"03 Lê Hồng Phong, Xuân Tô, Tịnh Biên, An Giang, Việt Nam","4,6",20,10.7017172,104.575081,An Giang,Khách sạn,Không có giá,Không có giảm giá,,"https://lh5.googleusercontent.com/p/AF1QipOhKjwfo6uaxPDjNhJ3FbusdwhGHOjK3pAYuob2, https://lh5.googleusercontent.com/p/AF1QipOl_effNRQjfOExhFCEL0xT32xv8GDLgySuA2eB, https://lh5.googleusercontent.com/p/AF1QipNPZhlTABApeStHkOAHcXq-bhHu-zxjAWkBEGN8, https://lh5.googleusercontent.com/p/AF1QipOMSAOhmO7OFKWzVO4eQg0uI7NDap1CIxuAdfsz, "
Khách Sạn Đông Nam,"Tân Lộ Kiều Lương, Khóm 8, Châu Đốc, An Giang 700000, Việt Nam","3,9",363,10.6952502,104.8105168,An Giang,Khách sạn 3 sao,Không có giá,Không có giảm giá,"Bữa sáng, Có điều hòa nhiệt độ, ","https://lh5.googleusercontent.com/p/AF1QipPKDmQYvUSplrLRrgEDuFHMMyErEt6xVNFxNHcu, https://lh5.googleusercontent.com/p/AF1QipOFUrqV0K0F6hnGmYZFp2Clk3frDGb8GG2vjnjP, https://lh5.googleusercontent.com/p/AF1QipPOouJFXx3Y4HRNvURSmVCHxlh6GUeRAzV3-5rS, https://lh5.googleusercontent.com/p/AF1QipN8PfZZXXaxB7PUeABezB0Z2D1fjOlTJHfmAZvr, "
Khách sạn Helen,"173/1 Nguyễn Thái Học, P. Mỹ Bình, Thành phố Long Xuyên, An Giang, Việt Nam","3,8",671,10.3846867,105.1442041,An Giang,Khách sạn 2 sao,Không có giá,Không có giảm giá,"Wi-Fi miễn phí, Đỗ xe miễn phí, Có điều hòa nhiệt độ, Dịch vụ giặt ủi, Nhà hàng, ","https://lh5.googleusercontent.com/p/AF1QipNRdptXns3slWUdss0olQg_HJElCqek1S-MY-Sd, https://lh5.googleusercontent.com/p/AF1QipO_tAq9a2vvYV9JvWrLSH_imLFkxSboSqlgBAPj, https://lh5.googleusercontent.com/p/AF1QipMknQtZiMWbx0Cq-kHwh-0HeSHQH8gGSubqYOyV, https://lh5.googleusercontent.com/p/AF1QipO0ZWaUtDjLSKMtvB1AdljlhYiJo4T9iE1wh_YV, "
RIVER HOTEL,"22 đường 5F, khu Tây Sông Hậu, Tp. Long Xuyên, An Giang, Việt Nam","4,3",100,10.370718,105.1654326,An Giang,Khách sạn,Không có giá,Không có giảm giá,,"https://lh5.googleusercontent.com/p/AF1QipNEMc37BCYvBTdVShGIJEeP-W7cByfDbE56ScNk, https://lh5.googleusercontent.com/p/AF1QipNX2aQT8ryTf3Fefen0QWzme-eOPvxsD2vh687e, https://lh5.googleusercontent.com/p/AF1QipM-lBkxBmtuwn0AznemVraKcmz1Hf1jD3vl2C3v, https://lh5.googleusercontent.com/p/AF1QipPAY7lxNjwlJ2PIm_1ADlZVkC2-8Hlrk0xjHLc1, "
Khách Sạn Cửu Long,"19-21 Nguyễn Văn Cưng, Mỹ Long, Thành phố Long Xuyên, An Giang 880000, Việt Nam","3,8",87,10.3826925,105.151893,An Giang,Khách sạn,Không có giá,Không có giảm giá,,"https://lh5.googleusercontent.com/p/AF1QipMr-eVrgEakTQU-NqM4cqoX-06AC8CY_3gv9Of6, https://lh5.googleusercontent.com/p/AF1QipMi0MvAdSZKWd-WSz2d91h6J_NlFt8b7B_SPrhc, https://lh5.googleusercontent.com/p/AF1QipPf4_OqzbPqkKXPs4p1PpD9Qjy3Oc7urQIzSJl_, https://lh5.googleusercontent.com/p/AF1QipNKLQYlc8nbRibl2OWJNw205LjGNrZFhpGD76Xj, "
Khách Sạn Quang Phương 2,"9E3 Nguyễn An Ninh, p. Bình Khánh, Thành phố Long Xuyên, An Giang, Việt Nam","3,9",275,10.3915325,105.1337548,An Giang,Khách sạn,Không có giá,Không có giảm giá,"Wi-Fi miễn phí, Đỗ xe miễn phí, Có điều hòa nhiệt độ, Dịch vụ giặt ủi, ","https://lh5.googleusercontent.com/p/AF1QipOv9lnRe_c7hiO1x05apZqj7QWmkf9xeCQs4iz4, https://lh5.googleusercontent.com/p/AF1QipOkkSLI4TxsqDDzQcffqWQJWwW-T8mc8rJY5pLU, https://lh5.googleusercontent.com/p/AF1QipM-fjr9e0UegXL_ep_Ho-NNL3PRpyVxgM18FfGJ, https://lh5.googleusercontent.com/p/AF1QipMKe5bNiMIzRpsLC-1PXAQBj_XMCZWEOak4uzOk, "
Khách Sạn Song Lạc,"199 Trần Hưng Đạo, TT. Tân Châu, Tân Châu, An Giang, Việt Nam","3,3",242,10.8007173,104.957877,An Giang,Khách sạn 3 sao,Không có giá,Không có giảm giá,"Wi-Fi miễn phí, Đỗ xe miễn phí, Có điều hòa nhiệt độ, Dịch vụ giặt ủi, Phù hợp với trẻ em, ","https://lh5.googleusercontent.com/p/AF1QipMLpnczXDwnoqZUd7cSaPFeUzUdYnFvX9JOMS1k, https://lh5.googleusercontent.com/p/AF1QipP1Xwcg-_nyESMPXiZCiq4Fl2yU_GMBTkKQxfkV, https://lh5.googleusercontent.com/p/AF1QipMOBWhVMJ69rqOBf2NKHgJ7PMDTNRyFTBThkv-_, https://lh5.googleusercontent.com/p/AF1QipNB-xA02manDpuXtjA7buDBmlCtXlp8dgW21WPB, "
Khách sạn Đăng Khôi 1,"79 Đường Số 2, P. Núi Sam, Châu Đốc, An Giang 880000, Việt Nam","4,2",99,10.8007173,104.7106846,An Giang,Khách sạn,Không có giá,Không có giảm giá,"Wi-Fi miễn phí, Đỗ xe miễn phí, Có điều hòa nhiệt độ, Dịch vụ giặt ủi, Chấp nhận vật nuôi, Bếp ở một số phòng, ","https://lh5.googleusercontent.com/p/AF1QipPxo4Yruc4nIEU68ov9KKKFp_w1J10ysE9CeU9T, https://lh5.googleusercontent.com/p/AF1QipNzA3250Jn1jUaTzQsV4mhqXaUKfzW8nwT1Ehzv, https://lh5.googleusercontent.com/p/AF1QipMTP8Qkift318EalcdCoI9F-ewZVnjMpL_mapHa, https://lh5.googleusercontent.com/p/AF1QipO5F5y2jJ2hlY4kpMeWdgjaoEj4Jh8SPYuG5dCw, "
Long Xuyên Hotel,"19 Nguyễn Văn Cưng, Mỹ Long, Thành phố Long Xuyên, An Giang, Việt Nam","3,7",333,10.3826721,105.1518796,An Giang,Khách sạn 3 sao,Không có giá,Không có giảm giá,"Wi-Fi miễn phí, Bữa sáng miễn phí, Có điều hòa nhiệt độ, Dịch vụ giặt ủi, Phù hợp với trẻ em, Nhà hàng, Xe đưa đón ra sân bay, ","https://lh5.googleusercontent.com/p/AF1QipMzb7Fxuz64pEPBRXJRM47vxJkkJp68GnW9Agkn, https://lh5.googleusercontent.com/p/AF1QipOpq96fDizGlxXVn9inWyQlPwI20oy2St2WhtAQ, https://lh5.googleusercontent.com/p/AF1QipNN80Pus8LfbfVHw2pBhQygUwX4aabD0PHAq1nR, https://lh5.googleusercontent.com/p/AF1QipOoL3cTHtkHQ2zvcJGVRIkV0zXCsSZHT60FYYhj, "
The Malibu Hotel Long Xuyen,"30/3 Trần Hưng Đạo, Mỹ Quý, Thành phố Long Xuyên, An Giang, Việt Nam","4,5",19,10.3649481,105.1616344,An Giang,Khách sạn,Không có giá,Không có giảm giá,"Wi-Fi miễn phí, Dịch vụ giặt ủi, Bếp ở một số phòng, ","https://lh5.googleusercontent.com/p/AF1QipPdtd9cTdKZH01R3N-2g7z1S6VY_CsJ9BmeI2oq, https://lh5.googleusercontent.com/p/AF1QipOXxMEDglJ93C-MDvNJfbIlRSWl-iKvpDtOm_2b, https://lh5.googleusercontent.com/p/AF1QipOpolaD8gTHBjejsthBsLnVw79zTfQyn_Jlnq-3, https://lh5.googleusercontent.com/p/AF1QipMDf6EdXqg_ABu671s2Dr2Me2KJ16mJReX4Fj3X, "
Khách sạn Minh Loan,"283 Dường Châu Văn Liêm, Mỹ Luông, Chợ Mới, An Giang, Việt Nam","4,6",30,10.5037489,105.2052671,An Giang,Khách sạn,Không có giá,Không có giảm giá,,"https://lh5.googleusercontent.com/p/AF1QipMEqmyi8q9pMCVLIcxPl3HV7LmozLauXL7W68Pm, https://lh5.googleusercontent.com/p/AF1QipOxL7PzA69OqlGmRz9LeYYumlLdFB0aUFqRphh2, https://lh5.googleusercontent.com/p/AF1QipP7Y3RANJybc_cToluuuqofF7uXDyk4zTFPTArx, https://lh5.googleusercontent.com/p/AF1QipN3xfnO8aGEhWS5hUDzg28cB4UwTks90OCz-_OP, "
Khách sạn Thanh Bình,"299 Tỉnh lộ 942 Ấp Mỹ Hoà, Chợ Mới, An Giang 880000, Việt Nam","4,1",164,10.5031557,105.2057724,An Giang,Khách sạn 3 sao,Không có giá,Không có giảm giá,,"https://lh5.googleusercontent.com/p/AF1QipM27bqIX6ym7ryPT-4knCSy7TFrJFAYqrKz-DK8, https://lh5.googleusercontent.com/p/AF1QipPEfUSqi7l0RIq0vA-Iu4hIqxh372iC7tvAl9LB, https://lh5.googleusercontent.com/p/AF1QipMHP4Z3oHMbvmIeHDMX_4nB2JX4VbO6rmU_oPPd, https://lh5.googleusercontent.com/p/AF1QipPkhXG7d4QTbjK6V-fBJ_AV2d5CWpqxJAB_l0g2, "
Hotel & Coffee Mai Van Anh,"1 Hàm Nghi nối dài/G1, p. Bình Khánh, Thành phố Long Xuyên, An Giang, Việt Nam","3,9",141,10.3932963,105.1338058,An Giang,Khách sạn 2 sao,Không có giá,Không có giảm giá,"Wi-Fi miễn phí, Đỗ xe miễn phí, Có điều hòa nhiệt độ, Dịch vụ giặt ủi, Nhà hàng, ","https://lh5.googleusercontent.com/p/AF1QipMvQvyH3bo2opWnUwdayIeDQQBmrsAuNL64R9bw, https://lh5.googleusercontent.com/p/AF1QipNFVk2BJVTVANdBgsIC8TMV51cfF6REQGIqMRJS, https://lh5.googleusercontent.com/p/AF1QipPqDkJuk1O8xd1sNKcE3nhO4wMCA0rygpFOmFbW, https://lh5.googleusercontent.com/p/AF1QipPE7uK5qJDi9ZINauhkGgAWYTQF4ihzpQJdjc4P, "
Ngọc Truyền Hotel,"229 Nguyễn Trường Tộ, Châu Long 5, Châu Đốc, An Giang 90500, Việt Nam","5,0",5,10.7034358,104.8341508,An Giang,Khách sạn,Không có giá,Không có giảm giá,,"https://lh5.googleusercontent.com/p/AF1QipNq6Ahgq9gSEJdt4BikgKFwzhG62Sajp89uRqZg, https://lh5.googleusercontent.com/p/AF1QipNiXuI9vdkMBAyi_rYE-NsmY_JMOhBHSOu8lC5O, https://lh5.googleusercontent.com/p/AF1QipMiLqvHLp7Llq6TMsFXqeFgh4T87nHVwKwL1a9v, https://lh5.googleusercontent.com/p/AF1QipO8BYsVlvj8JbyGPWi_5YB5MgAyWho60u6KgfT7, "
Kieu Lan Hotel,"85 Vong Nui Sam, Châu Đốc, Việt Nam","4,2",46,10.6786035,104.7950088,An Giang,Khách sạn,Không có giá,Không có giảm giá,"Có điều hòa nhiệt độ, Chấp nhận vật nuôi, Phù hợp với trẻ em, ","https://lh5.googleusercontent.com/p/AF1QipOnRASIujucv0d6R7tPqJBD9PjA2mQ44ocaNK1W, https://lh5.googleusercontent.com/p/AF1QipNHc10U4YFCraS--v7KZMht7xfPT5hTNva-W9lO, https://lh5.googleusercontent.com/p/AF1QipNwLn9_l-OR-hnZEeOOobvZLQfahIm0IVzTYpxS, https://lh5.googleusercontent.com/p/AF1QipOgk_k7Nf7ZqiAB5XYak9K_wbacgwKYscJyF-Ot, "
khách sạn Chí Nguyễn,"Số 01 Đường 30/4, Châu Phú B, Châu Đốc, An Giang, Việt Nam","3,7",130,10.6960173,104.8359007,An Giang,Khách sạn 2 sao,Không có giá,Không có giảm giá,"Wi-Fi miễn phí, Đỗ xe miễn phí, Có điều hòa nhiệt độ, Dịch vụ giặt ủi, Nhà hàng, ","https://lh5.googleusercontent.com/p/AF1QipPNmXfpDoXDX9n1HE5ZJ73u37auV7-hGFdywLDG, https://lh5.googleusercontent.com/p/AF1QipP9NB_WOh4u5jBbzv1OzIuAYoHNnS650GR5pWwU, https://lh5.googleusercontent.com/p/AF1QipN_IEj-2ZU6ZEvKNyqkkw7rQTrAJCZt39UxpVeo, https://lh5.googleusercontent.com/p/AF1QipMer2h8xCTrblAR_PPLBLQ3cMA3zWZmPWv28kaI, "
HOSTEL HAIVAN,"102-104 Hoàng Diệu, Châu Phú B, Châu Đốc, An Giang, Việt Nam","3,9",339,10.7003595,104.8254715,An Giang,Khách sạn,Không có giá,Không có giảm giá,"Wi-Fi miễn phí, Bãi đỗ xe, Dịch vụ giặt ủi, ","https://lh5.googleusercontent.com/p/AF1QipOJDJ_P9xqi2pgSemj1WcnDpWE6uezelTWCVvYe, https://lh5.googleusercontent.com/p/AF1QipNWgbt2Zrjnl7h8MjFhQc3rdXmLB_Z5oWNWrwr7, https://lh5.googleusercontent.com/p/AF1QipMatB0MlB_Ilqj4GU0rWznwOIQW6c-nVpSo3iCl, https://lh5.googleusercontent.com/p/AF1QipN-Hzj_9IBbd7HrJYj92PlN46DCn3cvdDczu-t6, "
Khách Sạn Phi Mai,"Unnamed Road, P. Núi Sam, Châu Đốc, An Giang, Việt Nam","3,9",35,10.6839041,104.798565,An Giang,Khách sạn,Không có giá,Không có giảm giá,,"https://lh5.googleusercontent.com/p/AF1QipOE2-8iCALHVecyUoYXSRWqzB8M6WebX1yVKwRk, https://lh5.googleusercontent.com/p/AF1QipPlHh0LWdNFdFmAXfQ68CY_oeDStSl3j6SZ2TQa, https://lh5.googleusercontent.com/p/AF1QipOxdvRk8nMkfpxkSlHa7t8j83OZnS1ERnOt1egg, https://lh5.googleusercontent.com/p/AF1QipOiobV0Pu7UII3-g8YjHhUfMyXAxgvNwWHTPRNc, "
Ngọc Lĩnh Motel,"162 Mai Văn Tạo, khóm Vĩnh Đông, Châu Đốc, An Giang 02963, Việt Nam","4,5",75,10.6773271,104.7961513,An Giang,Khách sạn 2 sao,Không có giá,Không có giảm giá,"Wi-Fi miễn phí, Đỗ xe miễn phí, Có điều hòa nhiệt độ, Dịch vụ giặt ủi, Nhà hàng, ","https://lh5.googleusercontent.com/p/AF1QipPbOEEjttOuwKi5nrFynMP0HCtXh9bmGaHC9dBB, https://lh5.googleusercontent.com/p/AF1QipMy5uqZT9IStmNubpnA8rIPexQIROlwcE4epvVS, https://lh5.googleusercontent.com/p/AF1QipOr2GreBPz7mdu8867GrRVk6jCj5h6nur9-aPO_, https://lh5.googleusercontent.com/p/AF1QipPKWbXnx6s6mZBq6H1TGCOS51v55Dnxl8F7pj2d, "
Khách Sạn Huệ Bình,"M3MM+8P7, Tân Lộ Kiều Lương, P. Núi Sam, Châu Đốc, An Giang, Việt Nam","3,8",64,10.6832874,104.7959072,An Giang,Khách sạn 2 sao,Không có giá,Không có giảm giá,"Có điều hòa nhiệt độ, ","https://lh5.googleusercontent.com/p/AF1QipM2gSZXoEbkTbFSjZarmVmztZRx_PI8zvwQpwlW, https://lh5.googleusercontent.com/p/AF1QipOqZnPGPQrLf87wt16ZTjmFNNIc3dWxawn_q1ao, https://lh5.googleusercontent.com/p/AF1QipMY3NyBStsv9tMO6TwUDqOKFvmFDOD4nSaDWOhf, https://lh5.googleusercontent.com/p/AF1QipOST8KEXwfKGk6RSn8T5FTMJfWKgeF1PV8LRqNx, "
khách sạn Khá Thuận,"410 Tôn Đức Thắng, Vĩnh Mỹ, Châu Đốc, An Giang, Việt Nam","3,9",62,10.7012207,104.8455022,An Giang,Khách sạn,Không có giá,Không có giảm giá,,"https://lh5.googleusercontent.com/p/AF1QipOk_hAn3DjPgtPMUBYPVoDaZCKe2fkjlvCbjkTZ, https://lh5.googleusercontent.com/p/AF1QipOwmqhZbldaQoAWZmrBB0essiQ33Vm6Swe7Ug_Z, https://lh5.googleusercontent.com/p/AF1QipOZ4aWiuGxZ_7NU2Atb0RVfoRTaAvEKZ7Jb3cpF, https://lh5.googleusercontent.com/p/AF1QipPBOnI7lX8DJvn5x8h9omntQ698ZUDfKrLPEK-m, "
Resort Sao Mai Châu Đốc,"Đường Tân Lộ Kiều Lương, P. Núi Sam, Châu Đốc, An Giang, Việt Nam","3,5",52,10.6836489,104.7958036,An Giang,Khách sạn 3 sao,Không có giá,Không có giảm giá,"Có điều hòa nhiệt độ, Chấp nhận vật nuôi, Phù hợp với trẻ em, ","https://lh5.googleusercontent.com/p/AF1QipPkuZgKI4XRTEIqjjogAvIfDPEw_pTqTV4-JT9Q, https://lh5.googleusercontent.com/p/AF1QipMoWq18dBgWJLKsi715XeQQG1s90iNgspIUZc7v, https://lh5.googleusercontent.com/p/AF1QipPaaSuVQKCMJtCz0fpCh2RmsmRy-4w9jVoW0j0L, https://lh5.googleusercontent.com/p/AF1QipN4Kk4MWRrMyK_pv1mGmd-zNpsTPCY_XZQEzud6, "
Khách Sạn Ngoc Minh,"15B Phạm Cự Lượng, Mỹ Quý, Thành phố Long Xuyên, An Giang, Việt Nam","3,7",82,10.3665677,105.1593465,An Giang,Khách sạn 3 sao,Không có giá,Không có giảm giá,,"https://lh5.googleusercontent.com/p/AF1QipMMLaEbYxQ4TLAzttInF8Tc1WN-CIAAjFlYkWsZ, https://lh5.googleusercontent.com/p/AF1QipOcSWpo-It3IrmE_NY80YlucWPn-kTrwfgEnc4m, https://lh5.googleusercontent.com/p/AF1QipNRKPAD4rksXI0SYIdflSKRS8ySW1LTojLJvc8R, https://lh5.googleusercontent.com/p/AF1QipM_Mg6wXCJX8TrHpyFQCs9VsfXsfvbyhQ-IR0hX, "
Khách sạn Hoàng Đức Long Xuyên,"59 Lê Thiện Tứ, Phường Mỹ Xuyên, Thành phố Long Xuyên, An Giang 880000, Việt Nam","4,3",55,10.3750798,105.1423807,An Giang,Khách sạn,Không có giá,Không có giảm giá,,"https://lh5.googleusercontent.com/p/AF1QipMa2C1bySNyWZmCYjq8noyxvku7Ju6BFPi0vkY8, https://lh5.googleusercontent.com/p/AF1QipMzs6uF3PegcjFsh1kR0_rASKUJ_FYEzwPsBKsw, https://lh5.googleusercontent.com/p/AF1QipNFFuEFVGCxfwHum9pM_voybz3mmd29BrAxRgID, https://lh5.googleusercontent.com/p/AF1QipOP9ALOaKR_Z-YKN8Pc_3VurAB8zt4L0SkTro0K, "
Song Hao Hotel,"P449+JPJ Thu Khoa Huan, Châu Phú B, Châu Đốc, An Giang 880000, Việt Nam","3,9",73,10.7065889,104.8308849,An Giang,Khách sạn 3 sao,Không có giá,Không có giảm giá,"Wi-Fi miễn phí, Có điều hòa nhiệt độ, Dịch vụ giặt ủi, Phù hợp với trẻ em, ","https://lh5.googleusercontent.com/p/AF1QipPfoOLXVTX0xWAy-FXHTMG2dcnqMhuzGFqCyyCN, https://lh5.googleusercontent.com/p/AF1QipMyzV7usvBKyacq5cnL6oshfes83QkkoIKLtarR, https://lh5.googleusercontent.com/p/AF1QipMyKKCceXdwhZtBC8G_70tCJ2kXnEbR1j3akqqX, https://lh5.googleusercontent.com/p/AF1QipMZUAm5gRHf5G-hP06t1nkG4HBiqyyzXvLERMVP, "
Khách sạn An Long,"279 Trần Hưng Đạo, Mỹ Long, Thành phố Long Xuyên, An Giang 880000, Việt Nam","3,5",170,10.3776633,105.1514111,An Giang,Khách sạn,Không có giá,Không có giảm giá,"Wi-Fi miễn phí, Đỗ xe miễn phí, Có điều hòa nhiệt độ, Dịch vụ giặt ủi, Bếp ở một số phòng, ","https://lh5.googleusercontent.com/p/AF1QipMnz0Gzd5N45QyMbrA9u-H7FEwmgzGVLQkjbbfz, https://lh5.googleusercontent.com/p/AF1QipMavqDkscwicu4fWC-zKDtuZVxKkUltBwK52yrk, https://lh5.googleusercontent.com/p/AF1QipM1LXmtwOBOr3vceNTZX4s2N4yLY5Cks871Jo5C, https://lh5.googleusercontent.com/p/AF1QipOv59rgAX3pytk8IHU0dHHZ2kIXNdVKSmwFdjUQ, "
Hotel Thanh Mai,"23-25 Phan Văn Vàng, Châu Phú B, Châu Đốc, An Giang, Việt Nam","2,8",93,10.7090832,104.8304261,An Giang,Khách sạn 3 sao,Không có giá,Không có giảm giá,,"https://lh5.googleusercontent.com/p/AF1QipPatYGEYQNqBhvaB0VbSa37ZBsZWESpGrIX_m0V, https://lh5.googleusercontent.com/p/AF1QipNMvpc2aMXZKuVAjgUBt5JV_cotHp6C2VbLiSWk, https://lh5.googleusercontent.com/p/AF1QipMm57tpDoA--CrApZAcT4fxdqpUs-8Z3redVpnn, https://lh5.googleusercontent.com/p/AF1QipOoy4sKuZMYyJy-3aqNEXjFVt7jcDDLC81LmZNN, "
Khách sạn Gió Sông,"472 Quản Cơ Thành, p. Bình Khánh, Thành phố Long Xuyên, An Giang, Việt Nam","3,5",187,10.3940015,105.1403965,An Giang,Khách sạn 2 sao,Không có giá,Không có giảm giá,"Wi-Fi miễn phí, Đỗ xe miễn phí, Có điều hòa nhiệt độ, Dịch vụ giặt ủi, ","https://lh5.googleusercontent.com/p/AF1QipNVsw55GHk3memq6h0riPbYylQ7BSBTJQAhrJdL, https://lh5.googleusercontent.com/p/AF1QipO63gSFw2x1gZEZQUnGNBuianed9jB5G1pL1VBV, https://lh5.googleusercontent.com/p/AF1QipNcvsNuSTVrL6O5spcekUPdLTAHm8zOOLGARb3A, https://lh5.googleusercontent.com/p/AF1QipN5iKHIWo-DXvZiLKqZxMvc2fA1ghvLMOAsoDjo, "
Khách sạn Ngọc Gia Trang,"345 Thủ Khoa Huân, Châu Phú B, Châu Đốc, An Giang, Việt Nam","3,5",27,10.6989647,104.8377992,An Giang,Khách sạn,Không có giá,Không có giảm giá,,"https://lh5.googleusercontent.com/p/AF1QipNZY59P7ZxdBOUNFvMjiHTetWG2qN6nPE3OW1fB, https://lh5.googleusercontent.com/p/AF1QipNp_GCHsWqnsqJ6ZeY34uatQo4Yl1Y16jgtk1pk, https://lh5.googleusercontent.com/p/AF1QipPQlTJiNKwr2bSjyhZa1IMKfLTpWYdTkblHm65w, https://lh5.googleusercontent.com/p/AF1QipNHiLjfRQAQvJOklY5UCs7cST7jpM8XXpkDyLSE, "
Floating Hotel,"Châu Phú B, Tp. Châu Đốc, An Giang, Việt Nam","3,9",61,10.7073843,104.8377629,An Giang,Khách sạn 1 sao,Không có giá,Không có giảm giá,,"https://lh5.googleusercontent.com/p/AF1QipObeL_lfz4q7vKxutOl0A6jHLeHh1LeGTCQkKc4, https://lh5.googleusercontent.com/p/AF1QipO1foIwmyIPy4WTVnt4szSY6e8P-UJ6BjZN0pwx, https://lh5.googleusercontent.com/p/AF1QipMX8YW_RDsNzaiksMnw2tG5UKrXrXEXhUh5Ul1U, https://lh5.googleusercontent.com/p/AF1QipMSjte9xbzE-jOoScHTTRWlLMRYC1J2nWvgRJOW, "
Nhà nghỉ Kiến Quốc_ Nhận phòng 24/24- có xuất đơn,"Nam kinh, Phường Đông Xuyên, Thành phố Long Xuyên, An Giang, Việt Nam","4,4",50,10.3734544,105.1459342,An Giang,Khách sạn,Không có giá,Không có giảm giá,,"https://lh5.googleusercontent.com/p/AF1QipM2mvHJ665RuEqCSkRDBB7B2dCeacPLRIIM2UrF, https://lh5.googleusercontent.com/p/AF1QipMyut-pmBV114VmmozOdIno-6aBV1NsfTs5d8h5, https://lh5.googleusercontent.com/p/AF1QipNSZ2mSHsUhoTnFn1NPGv579dvE4E6yvs-_fdLg, https://lh5.googleusercontent.com/p/AF1QipPFmUzjGF_KrbBi0Agwra9GlNRLdKQcTd6R5Zp-, "
VILLA 26-28,"Đường số 2/26 - 28 Thoại Ngọc Hầu, khu Dân Dân Cư, Châu Đốc, An Giang 90507, Việt Nam","4,8",19,10.7010074,104.8175523,An Giang,Khách sạn,Không có giá,Không có giảm giá,"Wi-Fi miễn phí, Đỗ xe miễn phí, Có điều hòa nhiệt độ, Dịch vụ giặt ủi, Bếp ở một số phòng, ","https://lh5.googleusercontent.com/p/AF1QipNdwooG3NferEl3P9VbYSThGUuKKlFH8KyvPyf-, https://lh5.googleusercontent.com/p/AF1QipMv3Jdnu2vhh4RNNo3H6LLl6BAzGYXddqUbXMe5, https://lh5.googleusercontent.com/p/AF1QipMm4W48l1_UqPtPH3rqbnKJU4ybGsV-E0l9EUk8, https://lh5.googleusercontent.com/p/AF1QipONn2eQDsTQD2fbSyU0HaP4-AYk5tI_nrU36WL6, "
Hotel Đăng Khôi Núi Sam,"M3JM+PQ4, Tân Lộ Kiều Lương, An Giang, Việt Nam","4,5",6,10.6817741,104.7960526,An Giang,Khách sạn 2 sao,Không có giá,Không có giảm giá,"Wi-Fi miễn phí, Đỗ xe miễn phí, Có điều hòa nhiệt độ, Dịch vụ giặt ủi, Bếp ở một số phòng, ","https://lh5.googleusercontent.com/p/AF1QipP8_oVl6yVjwqzx9B7haIJkJm7shnbGhkrY-Vtl, https://lh5.googleusercontent.com/p/AF1QipP8_oVl6yVjwqzx9B7haIJkJm7shnbGhkrY-Vtl, https://lh5.googleusercontent.com/p/AF1QipPjLGe1vdXXLQ2DuaLd5e9TXXqmRpCR73YhXwDc, "
Khách Sạn Hải Trà,"2496 Trần Hưng Đạo, P. Mỹ Thạnh, Thành phố Long Xuyên, An Giang, Việt Nam","2,9",9,10.339336,105.1844197,An Giang,Khách sạn,Không có giá,Không có giảm giá,,"https://lh5.googleusercontent.com/p/AF1QipOraNYJo3SI12bDM6LfDtAYhKwHJtV2kR_Crqrg, https://lh5.googleusercontent.com/p/AF1QipO0ud6ITPEc3_mZ92rijSXYvk4jbhll28JnxR38, https://lh5.googleusercontent.com/p/AF1QipO4Ugz6vWjbqFqVSjKXFbpMfhpbiGBsFRsdULLk, https://lh5.googleusercontent.com/p/AF1QipP3gzQDVIQHtxH2YYsKRgurCwF8eJXDvt_wSg3d, "
An Suối Garden Camp,"công viên Soài Check, 02, Tri Tôn, An Giang, Việt Nam","4,4",61,10.404261,104.6935109,An Giang,Khách sạn,Không có giá,Không có giảm giá,,"https://lh5.googleusercontent.com/p/AF1QipNmAG5HUxuRw6Pf0EEZF-R2z2pcuyUtuHNUM3rE, https://lh5.googleusercontent.com/p/AF1QipMyHSkBASagQaUHnWKij9GLm-nsAJ_MC1xj0e35, https://lh5.googleusercontent.com/p/AF1QipNUo-RY7RrhlA7lYSONnWIJ3HKvbMKRf6lufN3Z, https://lh5.googleusercontent.com/p/AF1QipMu3r_lM_EugtVfDRefbuKovKSkGwugvvsp6mZ6, "
Nhà khách An Khang,"5-7-9 Thi Sách, Mỹ Long, Thành phố Long Xuyên, An Giang, Việt Nam","3,8",139,10.3807646,105.1547777,An Giang,Khách sạn,Không có giá,Không có giảm giá,"Wi-Fi miễn phí, Bữa sáng miễn phí, Đỗ xe miễn phí, Có điều hòa nhiệt độ, Dịch vụ giặt ủi, ","https://lh5.googleusercontent.com/p/AF1QipMdgmnqcYaL2MdK_0zgTkkZP4J7ca4HQFdxVezN, https://lh5.googleusercontent.com/p/AF1QipM1778VIGQSlCjm8oOXEV_lyYkrotVLVAkj3Qx6, https://lh5.googleusercontent.com/p/AF1QipOYKeatjrpygf1nsWUrfmi_XLPf9L9u7Njf3Gsy, https://lh5.googleusercontent.com/p/AF1QipMFi5M5GkK6lzwXTrGvq8UwW_m29LAeTtzOPTBJ, "
Nhà Nghỉ Phong Lan,"452 Hoàng Diệu, Châu Phú B, Châu Đốc, An Giang, Việt Nam","4,2",142,10.6971563,104.8344729,An Giang,Khách sạn 3 sao,Không có giá,Không có giảm giá,"Wi-Fi miễn phí, Đỗ xe miễn phí, Có điều hòa nhiệt độ, Dịch vụ giặt ủi, ","https://lh5.googleusercontent.com/p/AF1QipPULzKEfmYxj0-_vfJyEK-e-Ildcq17cgqDohsC, https://lh5.googleusercontent.com/p/AF1QipMhN0FPZWsJg45rhVSSdvmuUgSr5NR2gpVXfJen, https://lh5.googleusercontent.com/p/AF1QipO6S6jnMhGYGfypMLrz-20MQod148vivfLAPKNH, https://lh5.googleusercontent.com/p/AF1QipOyODwIJPrqYwwd1AZtcDa-zORrTxheUjYHOBCN, "
Khách Sạn Phú Vinh,"M3MM+49P, Quốc Lộ 91, Vĩnh Tây 3, Châu Đốc, An Giang, Việt Nam","3,7",40,10.6828437,104.7950703,An Giang,Khách sạn 2 sao,Không có giá,Không có giảm giá,,"https://lh5.googleusercontent.com/p/AF1QipPYUrxV7FoHpibh_iMl_MkBON_oI_O3c7iPXIi1, https://lh5.googleusercontent.com/p/AF1QipMXKx9K-Y2Dliq9RNLDDcNpbYHeTMlr55yK9E7Y, https://lh5.googleusercontent.com/p/AF1QipOxv-cgFXhiHz4jtphexorBKE-fj5at7ngUpPd6, "
BLUE DIAMOND HOMESTAY,"624 QL91, Bình Hòa, Châu Thành, An Giang, Việt Nam","4,6",11,10.4485063,105.0727142,An Giang,Khách sạn,Không có giá,Không có giảm giá,,"https://lh5.googleusercontent.com/p/AF1QipNFPR378iX5UWT2JzNIjxMYW4hCEeXyytaK1KXS, https://lh5.googleusercontent.com/p/AF1QipNEH_wfAuMCxaRBF2k9Zu75ymyzbjv_3h_6VCRs, https://lh5.googleusercontent.com/p/AF1QipNFPR378iX5UWT2JzNIjxMYW4hCEeXyytaK1KXS, https://lh5.googleusercontent.com/p/AF1QipMDfLX9CQnuz0_88LmQ-asfXd6v_MsKhJMQxzN7, "
Khách Sạn Á Châu,"M3HF+J2R, Tân Lộ Kiều Lương, khóm vĩnh tây 1, Châu Đốc, An Giang, Việt Nam","4,4",5,10.679101,104.7841323,An Giang,Khách sạn,Không có giá,Không có giảm giá,,"https://lh5.googleusercontent.com/p/AF1QipOTs2criuFlVbYUtc9Je-qFHoDjSLkI0ufdNb-7, https://lh5.googleusercontent.com/p/AF1QipN86jMymI9yiEX1IrpUIpd0a1qCciN3hNsMQqek, https://lh5.googleusercontent.com/p/AF1QipPzrTQA0dhZ-nCBy7QYcAhqBz-MdMCS0qX9aYYN, "
Vạn Hương Mai,"QL91, mỹ phó, Châu Phú, An Giang 900000, Việt Nam","4,0",1.420,10.6724077,104.8746658,An Giang,Khách sạn 3 sao,Không có giá,Không có giảm giá,"Wi-Fi miễn phí, Đỗ xe miễn phí, Bể bơi ngoài trời, Có điều hòa nhiệt độ, Dịch vụ giặt ủi, Nhà hàng, ","https://lh5.googleusercontent.com/p/AF1QipNjIiLjsLERqV-_X8rf-Fl2AC4Cgm1myAhTcTv-, https://lh5.googleusercontent.com/p/AF1QipN9cAIuSPMKDtrlJLAtmcVAsFQgycNyUXovff3s, https://lh5.googleusercontent.com/p/AF1QipOxYYV_AB7OhjGQFDBOmHvkmB-GrQmVd57_dKNc, https://lh5.googleusercontent.com/p/AF1QipNGtPrQKBISsAJTSVoi1-H50Jda9R0AxLxbvplS, "
Hanvy Garden,"20.22 Lê Văn Lương, P. Mỹ Phước, Thành phố Long Xuyên, An Giang 880000, Việt Nam","4,9",107,10.3632216,105.1460984,An Giang,1-100.000 ₫,Không có giá,Không có giảm giá,,"https://lh5.googleusercontent.com/p/AF1QipMd8frtdmEff5uyWLCaIJkEXMQVW2Xccwn8H559, https://lh5.googleusercontent.com/p/AF1QipNRxxWOUBz1zUgp23iNNTFhThJNoAp30-yJhHv5, https://lh5.googleusercontent.com/p/AF1QipPDDz65ZfsJ6wWIOQIenEJXnyfPQQU2t4Ow1DNS, https://lh5.googleusercontent.com/p/AF1QipNRxxWOUBz1zUgp23iNNTFhThJNoAp30-yJhHv5, "
Sun Beach Hotel,"i1 Thái Văn Lung, Phường 2, Vũng Tàu, Bà Rịa - Vũng Tàu 79000, Việt Nam","4,5",306,10.3370419,106.794405,Bà Rịa - Vũng Tàu,Khách sạn 2 sao,295.819 ₫,Không có giảm giá,"Wi-Fi miễn phí, Đỗ xe miễn phí, Có điều hòa nhiệt độ, Dịch vụ giặt ủi, Phù hợp với trẻ em, Nhà hàng, Bếp ở một số phòng, Xe đưa đón ra sân bay, ","https://lh5.googleusercontent.com/p/AF1QipPqyEo7Bsm_xAiymAp2_i8w0PPEds0tUoo2Jq6p, https://lh5.googleusercontent.com/p/AF1QipOHBI-JLJsj32LBPJGABxZU7wbqYtCZx_63blno, https://lh5.googleusercontent.com/p/AF1QipNvp8mCiLicpRWeLdko_OYTdUopizt07RWKC54E, https://lh5.googleusercontent.com/p/AF1QipNyNBzSC41RxngedyLIU2AobjIyUj_Z7Ck0u60v, "
Praha Hotel,"19 La Văn Cầu, Phường Thắng Tam, Vũng Tàu, Bà Rịa - Vũng Tàu 78000, Việt Nam","3,9",260,10.3380247,106.801809,Bà Rịa - Vũng Tàu,Khách sạn 3 sao,198.145 ₫,Ít hơn 16% so với bình thường,"Wi-Fi miễn phí, Đỗ xe miễn phí, Có điều hòa nhiệt độ, Dịch vụ giặt ủi, Có đường ra bãi biển, Phù hợp với trẻ em, ","https://lh5.googleusercontent.com/p/AF1QipOsN4De5rFrjJUZMZda7Vppgdi4SSN5lxVEVcPo, https://lh5.googleusercontent.com/p/AF1QipPfWft9bTR7WubKs8N7mpOkKVoQ9Hk6I-t6dZU0, https://lh5.googleusercontent.com/p/AF1QipNi9NcD4klmEBMlYxzJh9HPMtQVYs_2HW4X16qT, https://lh5.googleusercontent.com/p/AF1QipNua9ZYGVX3dPJ2-suDiP0TN0i_PQ8LZR44xgqN, "
Ruby Hotel & Apartment,"LK6-10 ATA , Lý Thường Kiệt , kp.Vạn Hạnh , p, thị xã, Tân Thành, Bà Rịa - Vũng Tàu 790000, Việt Nam","5,0",142,10.5924102,106.7722052,Bà Rịa - Vũng Tàu,Khách sạn,284.484 ₫,Không có giảm giá,"Wi-Fi miễn phí, Bữa sáng có tính phí, Đỗ xe miễn phí, Có điều hòa nhiệt độ, Dịch vụ giặt ủi, Bếp ở một số phòng, Xe đưa đón ra sân bay, ","https://lh5.googleusercontent.com/p/AF1QipNBtYTObzRP9H0eEtB1yOTSevx7UxF-G624JUji, https://lh5.googleusercontent.com/p/AF1QipMFsAKQ95uUJCWDinj__wl5nC8W8eoWQp_CZqt5, https://lh5.googleusercontent.com/p/AF1QipN2eadgh8gSjLblsbTWVVerN8WlJDkBkcfx5_Q5, https://lh5.googleusercontent.com/p/AF1QipOC5nxxMVDwYga3uUAMZxmMnkuBZS8IJVKjqvwY, "
Hotel Quốc Việt,"Hùng Vương, Phước Hưng, Bà Rịa, Bà Rịa - Vũng Tàu, Việt Nam","4,3",49,10.5099175,106.8937482,Bà Rịa - Vũng Tàu,Khách sạn,299.417 ₫,Không có giảm giá,"Wi-Fi miễn phí, Có điều hòa nhiệt độ, Dịch vụ giặt ủi, ","https://lh5.googleusercontent.com/p/AF1QipN34Da9H_R7rLG5_7S76NOwMSJi6mVS-25XRzc-, https://lh5.googleusercontent.com/p/AF1QipPrh0ZXAhEBh7FICR413ei3VdLDZE1xGESgY89v, https://lh5.googleusercontent.com/p/AF1QipMJDqIHrl3BdPRcLesOScOfMURGDm3jE9_w4UMq, https://lh5.googleusercontent.com/p/AF1QipNO6uWjZ1P_uWPRXky43BR8J-jxr7pw7i4_9S4d, "
VeeVoo Hotel Vung Tau,"47 Phan Văn Trị, Phường Thắng Tam, Vũng Tàu, Bà Rịa - Vũng Tàu, Việt Nam","4,3",348,10.3381972,106.8005021,Bà Rịa - Vũng Tàu,Khách sạn 3 sao,252.109 ₫,Không có giảm giá,"Wi-Fi miễn phí, Đỗ xe miễn phí, Có điều hòa nhiệt độ, Dịch vụ giặt ủi, Phù hợp với trẻ em, Nhà hàng, ","https://lh5.googleusercontent.com/p/AF1QipPyIeNfoTYfaCR6KXD3Lhj5qZ2znPOJcG8_lVvT, https://lh5.googleusercontent.com/p/AF1QipNkAMWTmookmFJo5Qqtn5gVULCWngaRCVZYAefN, https://lh5.googleusercontent.com/p/AF1QipPLlt2meiUqgSbDfh0I7LkUZ2XqwneXtmCeXyD6, https://lh5.googleusercontent.com/p/AF1QipM_3Qjx2VZsVnVHENDsNkc4orBmKFPcPFZdqhWq, "
Joi Hospitality - Central,"E7 Tạ Uyên, Phường 3, Vũng Tàu, Bà Rịa - Vũng Tàu 720000, Việt Nam","4,5",875,10.3495849,106.7965912,Bà Rịa - Vũng Tàu,Khách sạn,159.200 ₫,Ít hơn 33% so với bình thường,,"https://lh5.googleusercontent.com/p/AF1QipMajGta33ttz19SUbNl0k1XVLFDtaDltoD290u5, https://lh5.googleusercontent.com/p/AF1QipNcCx9kIpIIM9uW18OhWL-WZOSyqLXWswDYJ4lz, https://lh5.googleusercontent.com/p/AF1QipMzSrtCrthuL9DVBaUOf0Xs77CNDtAuhO8j3BvJ, https://lh5.googleusercontent.com/p/AF1QipOVgW7kz2JqPvMgODkMBX1TvT-HU4KMjK7e4RpU, "
CAROLINE BEACH VUNG TAU,"53 Phan Văn Trị, Phường Thắng Tam, Vũng Tàu, Bà Rịa - Vũng Tàu 70000, Việt Nam","4,3",429,10.3382605,106.8002924,Bà Rịa - Vũng Tàu,Khách sạn,153.421 ₫,Ít hơn 39% so với bình thường,"Wi-Fi miễn phí, Bữa sáng có tính phí, Đỗ xe miễn phí, Phù hợp cho người khuyết tật, Bể bơi trong nhà, Có điều hòa nhiệt độ, Dịch vụ giặt ủi, Chấp nhận vật nuôi, Có đường ra bãi biển, Dịch vụ phòng, Phù hợp với trẻ em, Nhà hàng, Quán bar, Không hút thuốc, ","https://lh5.googleusercontent.com/p/AF1QipMO-E5XZHHGkU4BKc7jJnqNSqihk_Etv5ETv5cD, https://lh5.googleusercontent.com/p/AF1QipP2WjcSk9xPm8HQKWzwKf4E9sskw_6aBeC-RrwY, https://lh5.googleusercontent.com/p/AF1QipNDBfBhZsdoTJAhPEaNxQ550e_U7oniCTQcHtKr, https://lh5.googleusercontent.com/p/AF1QipOzZRP7kQXJ9HTNSmrihc3cRSqu7wLxvMALdZvd, "
Joi Hospitality - Front Beach,"136 Hạ Long, Phường 2, Vũng Tàu, Bà Rịa - Vũng Tàu 72000, Việt Nam","4,2",146,10.3399718,106.784158,Bà Rịa - Vũng Tàu,Khách sạn,211.339 ₫,Ít hơn 36% so với bình thường,,"https://lh5.googleusercontent.com/p/AF1QipO-TRT0uwHXNYZaXgqc-KSFbWUFf48Wta2OA2pX, https://lh5.googleusercontent.com/p/AF1QipP0x7NdPqHt5xnRGo6UXDMrD6ou7vV7OOpo7uFt, https://lh5.googleusercontent.com/p/AF1QipM3wV3JgIad-0g4qA57eM7W_MYqsISsTg5GFIJv, https://lh5.googleusercontent.com/p/AF1QipMhkNprXswWLNkLcPvkbMhMJehwjFaR5FsNL0rz, "
ZELDA hotel,"61 Phó Đức Chính, Phường Thắng Tam, Vũng Tàu, Bà Rịa - Vũng Tàu 78000, Việt Nam","4,8",156,10.3377397,106.8001581,Bà Rịa - Vũng Tàu,Khách sạn 1 sao,260.929 ₫,Ít hơn 19% so với bình thường,"Wi-Fi miễn phí, Đỗ xe mất phí, Có điều hòa nhiệt độ, Dịch vụ giặt ủi, Chấp nhận vật nuôi, Có đường ra bãi biển, Dịch vụ phòng, Xe đưa đón ra sân bay, Không hút thuốc, ","https://lh5.googleusercontent.com/p/AF1QipOot5j10VUZS1cJnnOeyD43Fs6uTLECOJ6k1jM_, https://lh5.googleusercontent.com/p/AF1QipNhq5O2nc23rYRjYSK3yLG6G8swSt4D4stYSsjo, https://lh5.googleusercontent.com/p/AF1QipP-Ovs0luNqaHkopV0yH5176mZ3Za_k4VV5JKvQ, https://lh5.googleusercontent.com/p/AF1QipPpOZt6_1qItdXsXH1eMbDezdvWoNVce_RNcFXW, "
Mercury Hotel & Apartment,"9 Trương Vĩnh Ký, Phường 1, Vũng Tàu, Bà Rịa - Vũng Tàu 78000, Việt Nam","4,4",139,10.3490496,106.7845156,Bà Rịa - Vũng Tàu,Khách sạn 2 sao,267.442 ₫,Không có giảm giá,"Wi-Fi miễn phí, Đỗ xe miễn phí, Có điều hòa nhiệt độ, Dịch vụ giặt ủi, Chấp nhận vật nuôi, Có đường ra bãi biển, Bếp ở một số phòng, Không hút thuốc, ","https://lh5.googleusercontent.com/p/AF1QipO1ykmTzJ8wLYf1L41FOv4oHvmR-33fUDmYfOVe, https://lh5.googleusercontent.com/p/AF1QipNbaBZ5Fsga5egXINvFm-6CyKTlnMdS83myjmus, https://lh5.googleusercontent.com/p/AF1QipPwLqageL2gm21UxgvjGYUAaxTvo6qEuBQjkRku, https://lh5.googleusercontent.com/p/AF1QipP_-Orvrscr6N5I7XpYvGktDfmI1n2ALFoPd2pv, "
Ngọc Hân Hotel By The Moment,"Lô A2 Thùy Vân, Phường 8, Vũng Tàu, Bà Rịa - Vũng Tàu, Việt Nam","4,9",978,10.3518043,106.8121379,Bà Rịa - Vũng Tàu,Khách sạn 2 sao,266.337 ₫,Ít hơn 24% so với bình thường,"Wi-Fi miễn phí, Bữa sáng miễn phí, Đỗ xe miễn phí, Có điều hòa nhiệt độ, Dịch vụ giặt ủi, Chấp nhận vật nuôi, Có đường ra bãi biển, Nhà hàng, ","https://lh5.googleusercontent.com/p/AF1QipOt9_FIhYAuyABq3EbxUYwBJxBLx86etssFTVT6, https://lh5.googleusercontent.com/p/AF1QipPCftH3stnGDbG2Og75Hvr-OiXBxOUK2fXuJj1_, https://lh5.googleusercontent.com/p/AF1QipONHZCFOmxDmFdAHYsxJWIHcfNV_93jMPYo-9RT, https://lh5.googleusercontent.com/p/AF1QipOTAmYPanNewhy6VTuwIQJplIAgBfdRzplZzsVm, "
KHÁCH SẠN MINH ĐĂNG,"5 La Văn Cầu, Phường Thắng Tam, Vũng Tàu, Bà Rịa - Vũng Tàu, Việt Nam","4,2",309,10.3377675,106.8021696,Bà Rịa - Vũng Tàu,Khách sạn 2 sao,252.088 ₫,Không có giảm giá,"Wi-Fi miễn phí, Đỗ xe miễn phí, Có điều hòa nhiệt độ, Dịch vụ giặt ủi, Có đường ra bãi biển, Phù hợp với trẻ em, Nhà hàng, ","https://lh5.googleusercontent.com/p/AF1QipN__xyndM4ITM3pKLcbIileUCDOaP8taV8ZzHjh, https://lh5.googleusercontent.com/p/AF1QipPvtgp1wSyto2Y6_DvRp7MRGPvMKiERNnqmeZYK, https://lh5.googleusercontent.com/p/AF1QipPsFolPQzT5xxWJkRnJKtHr9jFYKs42XoAqC0Aq, https://lh5.googleusercontent.com/p/AF1QipPFA8ASc0yFrr7492L9lcusbEXwJLhZ7rr-Ny5r, "
Seika Hotel by The Moment,"68 Võ Thị Sáu, Phường 2, Vũng Tàu, Bà Rịa - Vũng Tàu 78000, Việt Nam","4,7",900,10.3366436,106.7981001,Bà Rịa - Vũng Tàu,Khách sạn 2 sao,237.774 ₫,Không có giảm giá,"Wi-Fi miễn phí, Bữa sáng có tính phí, Đỗ xe miễn phí, Có điều hòa nhiệt độ, Dịch vụ giặt ủi, Trung tâm thương mại, Phù hợp với trẻ em, Nhà hàng, Bếp ở một số phòng, ","https://lh5.googleusercontent.com/p/AF1QipONK-1HKp-APAcmQvoT9nT_eYg2MrfahBf-v95I, https://lh5.googleusercontent.com/p/AF1QipNE06nwbIjVAjBK7W2kqoe_IMf2zKRI12kmhB4g, https://lh5.googleusercontent.com/p/AF1QipOegy6UbdM3A5uZO-3XIFP1kim1jRV9dyTNIW_X, https://lh5.googleusercontent.com/p/AF1QipPwN1e7_wYbgWxGv8Fcd-m-2Hk4rnmZEkLHPrN-, "
BELLA VT HOTEL,"17 Phan Văn Trị, Phường Thắng Tam, Vũng Tàu, Bà Rịa - Vũng Tàu, Việt Nam","4,0",446,10.3375554,106.8015052,Bà Rịa - Vũng Tàu,Khách sạn 3 sao,261.959 ₫,Không có giảm giá,"Wi-Fi miễn phí, Bữa sáng miễn phí, Đỗ xe miễn phí, Có điều hòa nhiệt độ, Dịch vụ giặt ủi, Nhà hàng, ","https://lh5.googleusercontent.com/p/AF1QipPEb524mRZEUQ8y4r6IyJjPLRM-d_Mscq82AUyF, https://lh5.googleusercontent.com/p/AF1QipNHVKV3Cdd2n2F-BnEWylDGKxv0yeiMpBnp6JPR, https://lh5.googleusercontent.com/p/AF1QipMOVfR40Cfsgfm_qEa7Scbo19G9Y999q4453NBg, https://lh5.googleusercontent.com/p/AF1QipOGKoDx4-c5KJ4ym6t2-Utj0mULceSOBEUsgMUZ, "
Jupiter Hotel Vung Tau,"257 Lê Hồng Phong, Phường 8, Vũng Tàu, Bà Rịa - Vũng Tàu, Việt Nam","3,9",95,10.3501436,106.8043415,Bà Rịa - Vũng Tàu,Khách sạn,224.500 ₫,Không có giảm giá,"Wi-Fi miễn phí, Đỗ xe miễn phí, Có điều hòa nhiệt độ, Dịch vụ giặt ủi, Bếp ở một số phòng, Xe đưa đón ra sân bay, ","https://lh5.googleusercontent.com/p/AF1QipOYYJtMjMMQKBnLSKm78fS9JgvwLwfWrSPFMl1o, https://lh5.googleusercontent.com/p/AF1QipOSrlnC-wcbwQcVjGnBFO0oDEF3r1AkfM4OoLni, https://lh5.googleusercontent.com/p/AF1QipOCkzQ7rzC5IkLCsfyB4SZWcwD6YOJtTq8EaVvv, https://lh5.googleusercontent.com/p/AF1QipOMH3Wk_b5GRccjT99Ia5wTE2zTn2ZexY8qiHgw, "
Khách sạn Hồng Hải 2,"154c Đ. Hoàng Hoa Thám, Phường 2, Vũng Tàu, Bà Rịa - Vũng Tàu, Việt Nam","4,0",265,10.3350871,106.7984968,Bà Rịa - Vũng Tàu,Khách sạn 3 sao,276.502 ₫,Ít hơn 24% so với bình thường,"Wi-Fi miễn phí, Bể bơi, Có điều hòa nhiệt độ, Dịch vụ giặt ủi, Nhà hàng, Bếp ở một số phòng, ","https://lh5.googleusercontent.com/p/AF1QipNzhPgqkDRU9UeEdHN2HDkp8Km38SZSJb1wDWCn, https://lh5.googleusercontent.com/p/AF1QipPtsJHKYYb36qe6a0joxuGbr89pNDLaD2I_b1OF, https://lh5.googleusercontent.com/p/AF1QipNO4YEZFCOyAOXNo-nosuKBG5vjSoz7_81oycr1, https://lh5.googleusercontent.com/p/AF1QipO1Wp3a-UMls9bvPnCez0oB08Ajki0rtI-yV7Rv, "
Caroline Sea Hotel,"151 Đ. Hoàng Hoa Thám, Phường 2, Vũng Tàu, Bà Rịa - Vũng Tàu 008454, Việt Nam","4,6",221,10.33592,106.7982568,Bà Rịa - Vũng Tàu,Khách sạn,157.770 ₫,Ít hơn 46% so với bình thường,,"https://lh5.googleusercontent.com/p/AF1QipM5u7R4w9SedLpYTAkVZxi8Zkd9v_U3pe5mVtjC, https://lh5.googleusercontent.com/p/AF1QipNbRBk0mZakz6D1lBxYehZcmG_gMuRKrHQW5am1, https://lh5.googleusercontent.com/p/AF1QipMBx7wIi4mXUTQ6zdWtCmnpQNC4wofHrz1XzL7M, https://lh5.googleusercontent.com/p/AF1QipOiHv66pQCfngJcFuDrlSezAFZr6HCE1RV-S-Sg, "
RIO HOTEL & APARTMENT,"39 Đ. Phan Huy Ích, Phường 2, Vũng Tàu, Bà Rịa - Vũng Tàu 78000, Việt Nam","4,1",207,10.3375421,106.7939938,Bà Rịa - Vũng Tàu,Khách sạn 2 sao,131.118 ₫,Không có giảm giá,"Wi-Fi miễn phí, Đỗ xe miễn phí, Có điều hòa nhiệt độ, Dịch vụ giặt ủi, Chấp nhận vật nuôi, Phù hợp với trẻ em, Bếp ở một số phòng, ","https://lh5.googleusercontent.com/p/AF1QipPXdF_St0DQG-uz9-onGCwB8aubDfTAy9G6Oe3b, https://lh5.googleusercontent.com/p/AF1QipOyJIcgh0qWURYLhQLuk29ne_P1wfq5I4ImLiMN, https://lh5.googleusercontent.com/p/AF1QipMiRRuiG8O9jl-Ut-cgbIdHSEA8osMwGe2P98_r, https://lh5.googleusercontent.com/p/AF1QipMcYyvKyygCJAUCfbIHo9SNOdveTb1oFyHGWsTU, "
The Sóng Vũng Tàu,"28 Đường Thi Sách, Phường 8, Vũng Tàu, Bà Rịa - Vũng Tàu 78000, Việt Nam","3,9",1.996,10.3500246,106.8074712,Bà Rịa - Vũng Tàu,Khách sạn,213.964 ₫,Ít hơn 44% so với bình thường,"Wi-Fi miễn phí, Đỗ xe mất phí, Phù hợp cho người khuyết tật, Bể bơi ngoài trời, Có điều hòa nhiệt độ, Dịch vụ giặt ủi, Có đường ra bãi biển, Nhà hàng, Bếp trong tất cả các phòng, Xe đưa đón ra sân bay, Bồn tắm nước nóng, Spa, Trung tâm thể dục, Không hút thuốc, ","https://lh5.googleusercontent.com/p/AF1QipN3MvxDsrEBXY5x4E0m1PeAVQzqTj1KrKTGmT6-, https://lh5.googleusercontent.com/p/AF1QipP_Do08ryHXH9YspSZF6GnCX1Outo3oPRVyjxXP, https://lh5.googleusercontent.com/p/AF1QipOvuuCBLdlWQ7kOXb4CYHvoKdZ_8nV0Yu4NUQ5S, https://lh5.googleusercontent.com/p/AF1QipMXp8yaCbdETVfy55UP2d-DjN9Yu0BlOmhrbh37, "
Khách sạn Sunrise Vũng Tau,"Khách Sạn Sunrise, No.16 La Văn Cầu, Phường Thắng Tam, Vũng Tàu, Bà Rịa - Vũng Tàu 78000, Việt Nam","3,1",46,10.3380794,106.8019068,Bà Rịa - Vũng Tàu,Khách sạn 2 sao,287.380 ₫,Không có giảm giá,"Wi-Fi miễn phí, Bãi đỗ xe, Có điều hòa nhiệt độ, Dịch vụ giặt ủi, Có đường ra bãi biển, Bếp ở một số phòng, ","https://lh5.googleusercontent.com/p/AF1QipMRqekNQXaRYrjbK2FQR1VUwbEYA_g2N5oWpsBo, https://lh5.googleusercontent.com/p/AF1QipOcHTqv7PWSZ_9Rq62piReW009wIqAE95gZPR7t, https://lh5.googleusercontent.com/p/AF1QipM1bw2xKLOdZKMQ7dSJtuuFX8OlIE3qAJNYvBTo, https://lh5.googleusercontent.com/p/AF1QipPEt8jWCsMjhLoVzXkfLH0VKCfiuaE4BfgLVtYQ, "
Sunrise Hotel Bạc Liêu,"Khu Villa Vincom, Căn HG, 37 - 39 Trần Huỳnh, Phường 7, Bạc Liêu, Việt Nam","4,7",118,9.2905224,105.646344,Bạc Liêu,Khách sạn,706.149 ₫,Không có giảm giá,,"https://lh5.googleusercontent.com/p/AF1QipOwMkF8DPWQ7Uq0aYbL9lSUu6cAe8F1W_gjqdp9, https://lh5.googleusercontent.com/p/AF1QipMq6ITX9OsuDZwli_6AotKqAjKWcYDUEtnFc8Pb, https://lh5.googleusercontent.com/p/AF1QipOeEYKwDb5wqM56Oo7B-_Y8oio4CT7IXSq7XPbU, https://lh5.googleusercontent.com/p/AF1QipMilN4E2NHCJasrpKMcvECeU-Anv_lLwYZ9NnKH, "
Khách sạn Sài Gòn Bạc Liêu,"2-4-6, Hoàng Văn Thụ, Phường 3, Bạc Liêu, Việt Nam","3,9",884,9.284969,105.6516718,Bạc Liêu,Khách sạn 3 sao,619.021 ₫,Ít hơn 22% so với bình thường,"Wi-Fi miễn phí, Bữa sáng miễn phí, Đỗ xe miễn phí, Có điều hòa nhiệt độ, Dịch vụ giặt ủi, Trung tâm thương mại, Dịch vụ phòng, Phù hợp với trẻ em, Nhà hàng, Bồn tắm nước nóng, Spa, ","https://lh5.googleusercontent.com/p/AF1QipPcHkIqkTadB2J4_wmi4NhYi3zxBY_gXSj7thEa, https://lh5.googleusercontent.com/p/AF1QipNSlbyYt9krPMq2MDsaPLl3xPDOEwxQr9NtalE-, https://lh5.googleusercontent.com/p/AF1QipPehYGvxWkZk46YyjDEIHujyJlgzqy79ocfYsDe, https://lh5.googleusercontent.com/p/AF1QipOepRFaqAINSLJNodAbWlKv3kQ3cXzVnD85I-Ms, "
Khách sạn Trần Vinh,"85 - 87 Hai Bà Trưng, Phường 3, Bạc Liêu, Việt Nam","4,1",535,9.286511,105.6530583,Bạc Liêu,Khách sạn 3 sao,452.767 ₫,Không có giảm giá,"Wi-Fi miễn phí, Bữa sáng miễn phí, Đỗ xe miễn phí, Có điều hòa nhiệt độ, Dịch vụ giặt ủi, Phù hợp với trẻ em, Nhà hàng, ","https://lh5.googleusercontent.com/p/AF1QipNbPcl6t_LNzDuZN6X6LAZ4J9Sm_IJMTqn67nc, https://lh5.googleusercontent.com/p/AF1QipP1NcfgD2oh_UE4szhkKIKWVbQQWGwa8hAkKWE, https://lh5.googleusercontent.com/p/AF1QipPehsNjd_SSNUdQ8cyf0c-tMUtvP7WheG8OoUzi, https://lh5.googleusercontent.com/p/AF1QipO3qsluj1c9X_5mpe2xWyX9thiANAjdiDsz5F8, "
Khách sạn New Palace,"36 Trần Quang Diệu, Phường 1, Bạc Liêu, 260000, Việt Nam","4,0",866,9.3062771,105.6593533,Bạc Liêu,Khách sạn 5 sao,728.100 ₫,Không có giảm giá,"Wi-Fi miễn phí, Bữa sáng miễn phí, Đỗ xe miễn phí, Bể bơi ngoài trời, Có điều hòa nhiệt độ, Dịch vụ giặt ủi, Dịch vụ phòng, Phù hợp với trẻ em, Nhà hàng, Spa, ","https://lh5.googleusercontent.com/p/AF1QipPfPOFRTy9zoAZs6tmv0NIzaxYfANikX5bl-QTx, https://lh5.googleusercontent.com/p/AF1QipNgbwQprhFxW8k0f_FFlcncklIa4BKFAkIQJLfp, https://lh5.googleusercontent.com/p/AF1QipMyPkCUAt_yGZeZoK6RacIUkBFj_NhRbkjHV4GH, https://lh5.googleusercontent.com/p/AF1QipP7uaagERHSAmR4by53NS0WsSUI9oX0EwKIUILF, "
THIÊN ÂN BOUTIQUE HOTEL,"Khu Villa Vincom Trần Huỳnh, HG01, Trần Huỳnh, Phường 7, Bạc Liêu, 84291, Việt Nam","4,9",39,9.2921678,105.6456255,Bạc Liêu,Khách sạn,970.908 ₫,Ít hơn 16% so với bình thường,,"https://lh5.googleusercontent.com/p/AF1QipPCi4Uo6Mw0TeBaUtXWx8EKncGHr9a-VZclWwdd, https://lh5.googleusercontent.com/p/AF1QipP-dumcU7RgQEeyeRdauf2WL5ZBtzU_pevzXdP6, https://lh5.googleusercontent.com/p/AF1QipN8OkvMes-oapjfzjswZVGMOGyjbeeayymZt4mC, https://lh5.googleusercontent.com/p/AF1QipPstW0rfHnfpvsuQ3pZ0I04RXOR8B1q05zqGHMV, "
Hotel Royal,"8 Phan Đình Phùng, Phường 3, Bạc Liêu, Việt Nam","4,2",104,9.2875725,105.6547839,Bạc Liêu,Khách sạn,425.000 ₫,Không có giảm giá,"Wi-Fi miễn phí, Đỗ xe miễn phí, Có điều hòa nhiệt độ, Dịch vụ giặt ủi, ","https://lh5.googleusercontent.com/p/AF1QipMfHdEwxa_EeDMYazQUfZD4XdSuCV9zBtpHlo_c, https://lh5.googleusercontent.com/p/AF1QipNG1mbcWJqK8QQWZxjx3VXffEktf4Nw4Wi4nnWu, https://lh5.googleusercontent.com/p/AF1QipNQ0lVPvrRct1v5Zl9C_4sjmUb-XMcKgvuAOUsa, https://lh5.googleusercontent.com/p/AF1QipMhy2mNWfpeO6qClQ8TRldKVgnO167JDUok8nWZ, "
Royal Hotel,"63 Nguyễn Vĩnh Nghiệp, Phường 2, Bạc Liêu, Việt Nam","4,1",47,9.2778605,105.6510202,Bạc Liêu,Khách sạn 2 sao,313.862 ₫,Ít hơn 32% so với bình thường,"Wi-Fi miễn phí, Đỗ xe miễn phí, Có điều hòa nhiệt độ, Dịch vụ giặt ủi, ","https://lh5.googleusercontent.com/p/AF1QipPDmpG6F-VllceL-99_joumo7ZlVXwzIEeWDs8W, https://lh5.googleusercontent.com/p/AF1QipOSHoJH9KTMrGAK452WyWRVssApD_X1FT42ghfK, https://lh5.googleusercontent.com/p/AF1QipN_UVORG6cZosZW4xrj6BPEhVTerVpCErVBDJbi, https://lh5.googleusercontent.com/p/AF1QipOkJchKxw-KRXdiNWf6-Jhw5e_YSKa3AQkUa8L-, "
"Khách Sạn Đạt Ngọc, Khách sạn giá rẻ view đẹp, Khách sạn uy tín tại Bạc Liêu","488 Đường Võ Thị Sáu, Phường 3, Bạc Liêu, Việt Nam","2,7",99,9.2853523,105.6490336,Bạc Liêu,Khách sạn,1.350.035 ₫,Không có giảm giá,"Wi-Fi miễn phí, Dịch vụ giặt ủi, Bếp ở một số phòng, ","https://lh5.googleusercontent.com/p/AF1QipOB228LBHZ7PBDu1Mb2cgdDAntP8ilW8BtESHJA, https://lh5.googleusercontent.com/p/AF1QipMa0yiNB2aWDcFH2EnT9AykxbI3Xp3hpuyEKK_A, https://lh5.googleusercontent.com/p/AF1QipO9atgf_g-tmTBSQKRvJ2cffrIWdQHGiKNGC-29, https://lh5.googleusercontent.com/p/AF1QipOAUqn85OVoE37Bmrmo1FaIinpP4X4BiZAtcA0D, "
Khách sạn Vân Nhi,"56 Đ. Lê Hồng Phong, Khu đô thị TM ven sông Bạc Liêu, Bạc Liêu, 84291, Việt Nam","4,3",172,9.2747278,105.6529311,Bạc Liêu,Khách sạn,329.536 ₫,Không có giảm giá,"Wi-Fi miễn phí, Đỗ xe miễn phí, Có điều hòa nhiệt độ, Dịch vụ giặt ủi, Chấp nhận vật nuôi, Xe đưa đón ra sân bay, ","https://lh5.googleusercontent.com/p/AF1QipNj8qMCIpvNRb4bxLbqU1PXPIsXGoyCPmiSuej6, https://lh5.googleusercontent.com/p/AF1QipMjAzUXQRat8s30muEKaEqwFeRlZ1XWTMPdfByL, https://lh5.googleusercontent.com/p/AF1QipN-VksKPHS9wXoxoNeRR8CrIKOorqohZvZGVJCf, https://lh5.googleusercontent.com/p/AF1QipPMx01QkQhJ9NnKoZ6M1oKLvK6xKHDdJIm7OfHG, "
Khách Sạn HOÀNG KIM,"31 Trần Huỳnh, Phường 8, Bạc Liêu, Việt Nam","4,3",140,9.292002,105.6431757,Bạc Liêu,Khách sạn,249.556 ₫,Không có giảm giá,"Wi-Fi miễn phí, Đỗ xe miễn phí, Có điều hòa nhiệt độ, Dịch vụ giặt ủi, Xe đưa đón ra sân bay, Không hút thuốc, ","https://lh5.googleusercontent.com/p/AF1QipP50QcqQuR3Q-2XRCRbDuGaBS1C4JF9e3tj-ooD, https://lh5.googleusercontent.com/p/AF1QipOOo7moSFyyskS8b3e548NcSLYZubwHkWXIY-PW, https://lh5.googleusercontent.com/p/AF1QipPx3dinEzwH-Tq8JK2t6fNA3aRW_VCIj8aw_99Z, https://lh5.googleusercontent.com/p/AF1QipNfkD3K01A6ENSmAaGOFZmKF-LEtRuw_djb-bYR, "
Khách Sạn Phụng Hoàng Vũ,"Số 89 Phan Văn Xoàn, Phường 3, Bạc Liêu, 84291, Việt Nam","4,4",101,9.2735786,105.6532001,Bạc Liêu,Khách sạn,369.273 ₫,Không có giảm giá,,"https://lh5.googleusercontent.com/p/AF1QipNJ0EOPQDK9N_qbw_kRG_8VUQGiQPeu_c03DU2f, https://lh5.googleusercontent.com/p/AF1QipPbNLkayhnPPXCq2_SpBuWtvMMYtthIuOh5s4Mi, https://lh5.googleusercontent.com/p/AF1QipPXPKNUe9Sd0DKcR-vnMl7D2SshgEOs8ONo6jsq, https://lh5.googleusercontent.com/p/AF1QipMQIW4111woJbt_J0o51mCDsiUaZuaXCrVSjT9F, "
Hotel Sen Việt Bạc Liêu,"86 Ninh Bình, Phường 2, Bạc Liêu, Việt Nam","3,9",91,9.2750888,105.6529961,Bạc Liêu,Khách sạn,279.422 ₫,Không có giảm giá,"Wi-Fi miễn phí, Đỗ xe miễn phí, Dịch vụ giặt ủi, ","https://lh5.googleusercontent.com/p/AF1QipPDR_scJRT-DNvdwYqgzoGADeEvS5unEYv4Pr4s, https://lh5.googleusercontent.com/p/AF1QipNzgu3QZuemuQx0b5ADAZiXbrrBkePR7CMfoiFG, https://lh5.googleusercontent.com/p/AF1QipOfnikhNtrpTGqTHAS8VSr_271O7gs2piGjgoX-, https://lh5.googleusercontent.com/p/AF1QipNnv-qwu-VL1JMLA8lYvUhS06tVs67sexqsXtut, "
Chí Hiếu Homestay,"3 Trần Văn Tất, Phường 1, Bạc Liêu, Việt Nam","3,3",203,9.2982181,105.654672,Bạc Liêu,Khách sạn 3 sao,179.338 ₫,Ít hơn 17% so với bình thường,"Wi-Fi miễn phí, Đỗ xe miễn phí, Có điều hòa nhiệt độ, Dịch vụ giặt ủi, ","https://lh5.googleusercontent.com/p/AF1QipNpDFfWmyeKxI7jTlmWIGUkUNA2pyVdKmyNZbhg, https://lh5.googleusercontent.com/p/AF1QipPbQJGrKWAQKVbPq0fECfbTUYrzO4vsb2JQg4na, https://lh5.googleusercontent.com/p/AF1QipP27ikx5m_8n8YQhZr16RjffWbXwcaCXoJXJBjh, https://lh5.googleusercontent.com/p/AF1QipP923dW1SyfYHBNw5LBs-xFwRxLoxuOZ29ktwpQ, "
HOTEL AN LÀNH,"146 Trần Huỳnh, Phường 1, Bạc Liêu, Việt Nam","5,0",30,9.2997123,105.6602356,Bạc Liêu,Khách sạn,256.796 ₫,Không có giảm giá,,"https://lh5.googleusercontent.com/p/AF1QipPXn6PPetal91orkWnMhT3GSJTTLD_3mVGoh3ti, https://lh5.googleusercontent.com/p/AF1QipOC6JFcRJ9XV3KOXYAs8Z8BEu6mRiqiMeEYgsdE, https://lh5.googleusercontent.com/p/AF1QipNnlnFeY5j59SBUJhl-5QR9yEvtsBwTedyKiZGH, "
Khách Sạn Văn Khang,"472 Trần Phú, Phường 7, Bạc Liêu, Việt Nam","4,8",123,9.3023808,105.6492436,Bạc Liêu,Khách sạn,290.559 ₫,Không có giảm giá,,"https://lh5.googleusercontent.com/p/AF1QipN9iznts6rPayEt9vldTndTnzbnK_xHOcYGX2Eq, https://lh5.googleusercontent.com/p/AF1QipPfeFVYUfJPBxPbakJdy6KWkCdOiupaOixbq8gY, https://lh5.googleusercontent.com/p/AF1QipNsL2nMa3xN-jdo7qc_SR8g4zdUUByXMddGcoqB, https://lh5.googleusercontent.com/p/AF1QipMH49HNggR6QCLqbvt-Yp-LIV-c9ZE9wtcDgUc5, "
Khách Sạn Anh Tuấn,"48 Ninh Bình, khóm 4, Bạc Liêu, 970000, Việt Nam","4,5",89,9.2756185,105.6529865,Bạc Liêu,Khách sạn,332.826 ₫,Không có giảm giá,"Wi-Fi miễn phí, Bữa sáng có tính phí, Đỗ xe miễn phí, Phù hợp cho người khuyết tật, Có điều hòa nhiệt độ, Dịch vụ giặt ủi, Trung tâm thương mại, Chấp nhận vật nuôi, Dịch vụ phòng, Phù hợp với trẻ em, Nhà hàng, Bồn tắm nước nóng, Quán bar, Không hút thuốc, ","https://lh5.googleusercontent.com/p/AF1QipNZpD6JyTGpX0HDnhBA6L65eDlEwJ1rZXW4Yxjr, https://lh5.googleusercontent.com/p/AF1QipNG--yoFEows_qqwGNrox_fYzS9xwIwXeu-m78k, https://lh5.googleusercontent.com/p/AF1QipPe0yIpNjGCVGfuSmPeodwIMoiWZ33jdG9tfys5, https://lh5.googleusercontent.com/p/AF1QipPmBJtyq8qxHlQ8qjOmqwRVEBA51D8j_rzQU2Rt, "
Khách sạn Hoàng Sa,"234B/7 Hoàng Sa, Phường Nhà Mát, Bạc Liêu, 961300, Việt Nam","4,7",12,9.2106684,105.6724966,Bạc Liêu,Khách sạn 2 sao,339.298 ₫,Không có giảm giá,"Wi-Fi miễn phí, Đỗ xe miễn phí, Có điều hòa nhiệt độ, Dịch vụ giặt ủi, Bếp ở một số phòng, ","https://lh5.googleusercontent.com/p/AF1QipOs9ms4ROpReX7ScStkyMhmnqUlqs9pHgTlDof2, https://lh5.googleusercontent.com/p/AF1QipOz8u2r8PdD6H1jX7J0RmJ4SSBpYUPuu2Ho0V1l, https://lh5.googleusercontent.com/p/AF1QipOIR8cDpc5pdaldz_-llsdY-BqVMP_4o_bGTHjY, https://lh5.googleusercontent.com/p/AF1QipOYd4mbQiHj1Ew9ZvP3rBuIDS0V16hPLQ7GnTS-, "
Khách sạn Gia Nghiêm,"150 Võ Thị Sáu, Phường 8, Bạc Liêu, Việt Nam","4,7",19,9.293348,105.6389355,Bạc Liêu,Khách sạn,349.278 ₫,Không có giảm giá,"Wi-Fi, ","https://lh5.googleusercontent.com/p/AF1QipOFinN5Rc5NU3vwNd4p1j0mmEbwPuP0uzLwCr_D, https://lh5.googleusercontent.com/p/AF1QipNqWqO_hwSmFRdr6XKaIzVLygwOCxi0ESDEu0uy, https://lh5.googleusercontent.com/p/AF1QipNUuxgeMpkp0nJ8JWrPGl_xgk5Srj2PQkM5_69L, https://lh5.googleusercontent.com/p/AF1QipOI2FYJqE41x5xNmazK5qlGSdTpX4dEGe4kVcBR, "
Motel Happy House,"Phường 1, Bạc Liêu, Việt Nam","4,8",36,9.2901562,105.6517866,Bạc Liêu,Khách sạn,351.073 ₫,Không có giảm giá,,"https://lh5.googleusercontent.com/p/AF1QipPibOVWfXo6AycUsLqdFhGycd7X36IEQnClvwyY, https://lh5.googleusercontent.com/p/AF1QipOolFrVMx5ppZ4Xva9aWuF-jBmMNW_8r6GbUZ1B, https://lh5.googleusercontent.com/p/AF1QipNAa9c2fs-gUmqKEIqGpLqflm1-FZzKdPOjunHw, https://lh5.googleusercontent.com/p/AF1QipMECJCvZzdv1N4oEmuvbNptV917c4SLqHnuNZSN, "
Motel Sơn Tùng,"Motel Sơn Tùng, 205 23 Tháng 8, Phường 8, Bạc Liêu, Việt Nam","4,3",108,9.2952952,105.6389132,Bạc Liêu,Khách sạn 3 sao,279.675 ₫,Không có giảm giá,"Wi-Fi miễn phí, Đỗ xe miễn phí, Có điều hòa nhiệt độ, Dịch vụ giặt ủi, ","https://lh5.googleusercontent.com/p/AF1QipNP4DZlosPQ2IdIGfjx6qhaCX94v3saqL-USOjc, https://lh5.googleusercontent.com/p/AF1QipMAvIaLpEv4ACdpqbZMemSYmEFGHESf9PhRJ4U, https://lh5.googleusercontent.com/p/AF1QipPc9FtLEB5wG1ScLzOVMTql3EYISPKF5y1sgqAI, https://lh5.googleusercontent.com/p/AF1QipPJspWZ7pHEFgzoKDLKLiQ77-pMjKxHFBSJZ_UK, "
Motel Sơn Tùng,"Motel Sơn Tùng, 205 23 Tháng 8, Phường 8, Bạc Liêu, Việt Nam","4,3",108,9.2952952,105.6389132,Bạc Liêu,Khách sạn 3 sao,279.675 ₫,Không có giảm giá,"Wi-Fi miễn phí, Đỗ xe miễn phí, Có điều hòa nhiệt độ, Dịch vụ giặt ủi, ","https://lh5.googleusercontent.com/p/AF1QipNP4DZlosPQ2IdIGfjx6qhaCX94v3saqL-USOjc, https://lh5.googleusercontent.com/p/AF1QipMAvIaLpEv4ACdpqbZMemSYmEFGHESf9PhRJ4U, https://lh5.googleusercontent.com/p/AF1QipPc9FtLEB5wG1ScLzOVMTql3EYISPKF5y1sgqAI, https://lh5.googleusercontent.com/p/AF1QipPJspWZ7pHEFgzoKDLKLiQ77-pMjKxHFBSJZ_UK, "
Nhà Trọ Hoàng Uyên Phương,"36 Nguyễn Đình Chiểu, Phường 7, Bạc Liêu, Việt Nam","4,1",25,9.2941921,105.6452462,Bạc Liêu,Khách sạn,3.278.149 ₫,Không có giảm giá,,"https://lh5.googleusercontent.com/p/AF1QipNMY26I18TmGw-04K4Yfk_NHW52_X0Owm5AU1Gq, https://lh5.googleusercontent.com/p/AF1QipNdsRIZEBuwkMHkJtbFDxHO6aPRzLVcSfBHqSxB, https://lh5.googleusercontent.com/p/AF1QipMcbQXqfM_L94oX5sjOX7i0CJUTImAxZn8D7tbe, https://lh5.googleusercontent.com/p/AF1QipMLQGbdr8o1AJ2K9Vtr7Bh6VbaF4AQoG5eKW-Go, "
Sunrise Homestay Vincom Bạc Liêu,"Khu Villa Vincom, Căn PG, 02-08 Trần Huỳnh, Phường 7, Bạc Liêu, Việt Nam","5,0",11,9.2917659,105.6466,Bạc Liêu,Khách sạn,Không có giá,Không có giảm giá,,"https://lh5.googleusercontent.com/p/AF1QipNjp0YJw9CDb7TO0dlIJGKgbTpcCZx5PyNizh9h, https://lh5.googleusercontent.com/p/AF1QipMZWK7N6_wnTFnNPaI2IxA7OZt5EvJmarUa0JNs, https://lh5.googleusercontent.com/p/AF1QipOUdJJzRUHivX_tHrF0H1_f4AtmQf6XV2Tw1Njf, https://lh5.googleusercontent.com/p/AF1QipMYv_GgTVT-4G4M9Dotq5z7wW5_vHi6872OKthH, "
Ngọc Cường,"474 Trần Phú, Phường 7, Bạc Liêu, Việt Nam","3,3",46,9.3023137,105.6491544,Bạc Liêu,Khách sạn,249.556 ₫,Không có giảm giá,"Wi-Fi miễn phí, Đỗ xe miễn phí, Có điều hòa nhiệt độ, Dịch vụ giặt ủi, ","https://lh5.googleusercontent.com/p/AF1QipOrd9Wpk0Eu3_zPqiF1lZrRSEhqBt4roeZf3P-W, https://lh5.googleusercontent.com/p/AF1QipPBncQZED9rIL6O0wrHFiwHCYsSdZMIpXYSY2aC, https://lh5.googleusercontent.com/p/AF1QipPcg8maBZdjUleX0Iivnf-ywZtHqjEIZWp_SNDZ, https://lh5.googleusercontent.com/p/AF1QipMilwyMijR5iAHsN9_UKo3geriAfAsjAITK1BZR, "
Resort Hồ Nam,"2 Trần Quang Diệu, Khóm 10, Bạc Liêu, Việt Nam","4,0",98,9.3029541,105.6600015,Bạc Liêu,Khách sạn 3 sao,Không có giá,Không có giảm giá,"Wi-Fi miễn phí, Bữa sáng miễn phí, Đỗ xe miễn phí, Bể bơi ngoài trời, Dịch vụ giặt ủi, Dịch vụ phòng, Nhà hàng, Spa, Sân gôn, ","https://lh5.googleusercontent.com/p/AF1QipMAYB9K0OcYH07lT_sJzc-Hckt-1_SrArtpnj81, https://lh5.googleusercontent.com/p/AF1QipMUU_7lqqGOO15zmowH3aHS9EoZMHy3-eossfwb, https://lh5.googleusercontent.com/p/AF1QipN_YSY_JquzwWhHuNxSEf9ARxXeyXtjgINnh2uQ, https://lh5.googleusercontent.com/p/AF1QipMSf0SCC1aXTKKkeuJHIjoixqY917uCcUTUGpoI, "
Khách Sạn Hoàng Gia,"47 Trần Huỳnh, Phường 7, Bạc Liêu, Việt Nam","3,6",431,9.2928479,105.6457212,Bạc Liêu,Khách sạn 1 sao,Không có giá,Không có giảm giá,"Wi-Fi miễn phí, Có điều hòa nhiệt độ, Dịch vụ giặt ủi, ","https://lh5.googleusercontent.com/p/AF1QipMVO6HngKE52c6Lu-ue98NuOECTrbw0Nra-fzjK, https://lh5.googleusercontent.com/p/AF1QipOVa_Xc67uDT2g_9a6WL1USB4uDK9gQvbbz1nnO, https://lh5.googleusercontent.com/p/AF1QipPh2KObMK3BhgbQ1Dm-zCnh0PZS8B6e0MMdSN1Y, https://lh5.googleusercontent.com/p/AF1QipM2_XSHahwgNKEhgc0qDMKeOrIZGU8PwpqStYpQ, "
Dream Palace Hotel,"9, Cai Day Hamlet, Chau Hung, Vinh Loi, Việt Nam","3,6",75,9.3346111,105.644601,Bạc Liêu,Khách sạn 2 sao,Không có giá,Không có giảm giá,"Có điều hòa nhiệt độ, Phù hợp với trẻ em, ","https://lh5.googleusercontent.com/p/AF1QipMqIKB3Byp14wDTBAIXmkmEigiOZplZw7EKW1vX, https://lh5.googleusercontent.com/p/AF1QipPZ1erdITAOksm7tIVIF5JLWJYOEKOYph5GJTeP, https://lh5.googleusercontent.com/p/AF1QipP03QaLWnfP-Xw6vyQFJT7Zz5Pa-OCYNi3IMHGx, https://lh5.googleusercontent.com/p/AF1QipPtVlZPmrvLrvjBjze5GrFROmQMuhSVeOcG0to, "
Khách sạn Trần Vinh 2,"05-07 đường 30/4, phường 3, Bạc Liêu, 97106, Việt Nam","4,2",76,9.2872591,105.6526774,Bạc Liêu,Khách sạn,Không có giá,Không có giảm giá,,"https://lh5.googleusercontent.com/p/AF1QipNuFPzinbdnw1Eeq9i-lDBbbLpQHiiP3XNnlRsN, https://lh5.googleusercontent.com/p/AF1QipMP6c_4MaIw00KPG_yBGGNrvmBVgOEIaGtkYKac, https://lh5.googleusercontent.com/p/AF1QipPuEpWEGrbhlNGeWSOuwEP420sWZikAPiJPJKgg, https://lh5.googleusercontent.com/p/AF1QipMgC93NWmSul0bZuuSjgTBjgX5gK3zwBAnGwPTX, "
Khách sạn Kim Hưng 2 Bạc Liêu,"331 - 332, Võ Thị Sáu, Phường 7, Bạc Liêu, Việt Nam","3,8",227,9.2887801,105.6458171,Bạc Liêu,Khách sạn,Không có giá,Không có giảm giá,"Wi-Fi miễn phí, Đỗ xe miễn phí, Có điều hòa nhiệt độ, Dịch vụ giặt ủi, ","https://lh5.googleusercontent.com/p/AF1QipOC_0JeTNRK2-LtsnbTvjyVDEDZhAldetJZFTXV, https://lh5.googleusercontent.com/p/AF1QipOolsFpEc0aMX21rRH0jMPO7ltSMIndm47z0kSt, https://lh5.googleusercontent.com/p/AF1QipPpc0FLoeHysvm1p6fTMaeyOqJxbvG3y9C9MLeI, https://lh5.googleusercontent.com/p/AF1QipM3dMx6sBPdj6tfE88w8JqLkix8N8wCLv9nTvvS, "
Nha Mat Resort,"District, Nha Mat Resort, Bạc Liêu, Việt Nam","4,0",255,9.2043268,105.6720892,Bạc Liêu,Khách sạn 3 sao,Không có giá,Không có giảm giá,"Wi-Fi miễn phí, Bữa sáng miễn phí, Đỗ xe miễn phí, Bể bơi ngoài trời, Có điều hòa nhiệt độ, Dịch vụ giặt ủi, Có đường ra bãi biển, Phù hợp với trẻ em, Nhà hàng, Xe đưa đón ra sân bay, ","https://lh5.googleusercontent.com/p/AF1QipNl7hIAbhVLAdpEc2ngcfCL9RkI5CJtVEe_BBuh, https://lh5.googleusercontent.com/p/AF1QipPbGPpo368_9yjbXayyuP7VnblZqTLcdutRE3qt, https://lh5.googleusercontent.com/p/AF1QipPBFMmEo-GD1YwgPhv0kniDwA4c4mIKiySsEOKI, https://lh5.googleusercontent.com/p/AF1QipMQ-wfrO17Gpcecpsnp6aGhAbHMbORixiliXuLJ, "
Khách sạn Như Toàn,"7PJF+247, Nguyễn Thị Minh Khai, Phường 2, Bạc Liêu, Việt Nam","3,6",213,9.2800363,105.6507111,Bạc Liêu,Khách sạn,Không có giá,Không có giảm giá,"Wi-Fi miễn phí, Đỗ xe miễn phí, Có điều hòa nhiệt độ, Dịch vụ giặt ủi, Phù hợp với trẻ em, ","https://lh5.googleusercontent.com/p/AF1QipMoe29TO56svKHyiNp_Vtgc7gonbkVCkTVaBng, https://lh5.googleusercontent.com/p/AF1QipM1J39UpTnZZL377o2xykM9VBq5A_pqjWVvZTrR, https://lh5.googleusercontent.com/p/AF1QipPMe5m-2LpYOKGjC7fsvQmH7nljuIPlzqOnBWEf, https://lh5.googleusercontent.com/p/AF1QipNoLnlCvsbEdN5PBUYeYEyqA7w06O-o4w8CBWxk, "
Khách Sạn Đại Tân Tân,"Nhà Mát, Bạc Liêu, Việt Nam","3,8",135,9.2121287,105.670053,Bạc Liêu,Khách sạn,Không có giá,Không có giảm giá,"Có điều hòa nhiệt độ, Chấp nhận vật nuôi, Phù hợp với trẻ em, ","https://lh5.googleusercontent.com/p/AF1QipPLcoQKwSK9kOsGVBJDGFfetfLJvNviObZ3PuI, https://lh5.googleusercontent.com/p/AF1QipM0dC4kK-xP3eCiSrw8hC3PiWsGKlXcgbjFP-4w, https://lh5.googleusercontent.com/p/AF1QipMbwVa-FybKwH03Pj1C5XmRb7LdyVA_cCAAws1A, https://lh5.googleusercontent.com/p/AF1QipMZBTfo4ryoL90bi5-Vg721Q_kpN6IMQg34qoZ6, "
Nhà khách số 1 Hùng Vương,"số 1 Hùng Vương, Phường 7, Tp. Bạc Liêu, Bạc Liêu, Việt Nam","3,9",394,9.2921743,105.6522664,Bạc Liêu,Khách sạn 1 sao,Không có giá,Không có giảm giá,"Wi-Fi miễn phí, Đỗ xe miễn phí, Có điều hòa nhiệt độ, Dịch vụ giặt ủi, Nhà hàng, ","https://lh5.googleusercontent.com/p/AF1QipOetq29d8EWldPLKqE77QApzPIKCQ7n_KIXShWN, https://lh5.googleusercontent.com/p/AF1QipMjTOevuk8Kl58pyKya6AQrVTGffVHyjV9DtO3C, https://lh5.googleusercontent.com/p/AF1QipO3qcgzpt4QB-XkzpERHm1ONUlXDhABFK804oTF, https://lh5.googleusercontent.com/p/AF1QipMkIVrtwuxj2SVaadeU7J8GBuRD6kbzn1cCbmlm, "
Khách Sạn Hồng Ân,"89 Đ. Số 6, Phường 2, Bạc Liêu, Việt Nam","3,4",24,9.273432,105.6531972,Bạc Liêu,Khách sạn,Không có giá,Không có giảm giá,,"https://lh5.googleusercontent.com/p/AF1QipNj7cXsyd8i46WhMjMVrvHMINC8QrgwT-huak9_, https://lh5.googleusercontent.com/p/AF1QipP4i5MfwnOXEqaBZfifXnMIFQUfXG5x22q8cpuV, https://lh5.googleusercontent.com/p/AF1QipN1q0HNTNyer7xDlaMKqIf-SON0nf2v2ME4DtUw, "
Khách Sạn Lê Minh,"94 23 Tháng 8, Phường 7, Bạc Liêu, Việt Nam","3,0",41,9.2975118,105.6469252,Bạc Liêu,Khách sạn,Không có giá,Không có giảm giá,"Wi-Fi miễn phí, Đỗ xe miễn phí, Có điều hòa nhiệt độ, Dịch vụ giặt ủi, ","https://lh5.googleusercontent.com/p/AF1QipP4t3RB9iSTHHljk9O53NxWvkd7PX00CVeeJnWM, https://lh5.googleusercontent.com/p/AF1QipOKdmJ1RW6ydCrE_LcVYn01lA8Di6daNp-i7Tbo, https://lh5.googleusercontent.com/p/AF1QipPJpf0Lc00uNqYyPdOlGGkD_guF3U9ZlSymsKUl, https://lh5.googleusercontent.com/p/AF1QipOruvqE9CsURH76fPaFKaNp82MEYGo_x8k-r6d_, "
HOTEL ANH TUẤN,"QL1A, Phường 7, Bạc Liêu, Việt Nam","3,7",9,9.3132316,105.6474376,Bạc Liêu,Khách sạn,Không có giá,Không có giảm giá,,"https://lh5.googleusercontent.com/p/AF1QipMoKQ5kLxFJIjQRiyew8tmkuKF1Xs-JEzKAYf_P, https://lh5.googleusercontent.com/p/AF1QipNil240EbSTVszRWqRgcygHSX6JONMbex7rCsBz, https://lh5.googleusercontent.com/p/AF1QipMet3u-YJsZf0aqufMlNR1KO4KN3mY_p6pIMZkx, https://lh5.googleusercontent.com/p/AF1QipPcb2NxawD8vgpnf7vnzjjBx7JpPCOuzefmlbsw, "
Hotel massage Riverside,"56 Cao Văn Lầu, Phường Nhà Mát, Bạc Liêu, Việt Nam","3,9",16,9.2465094,105.658803,Bạc Liêu,Khách sạn,Không có giá,Không có giảm giá,"Wi-Fi miễn phí, Đỗ xe miễn phí, Dịch vụ giặt ủi, ","https://lh5.googleusercontent.com/p/AF1QipPFgtJhqhcuAGZDO6Iail9PV0H9n3xP9-TU6gnp, https://lh5.googleusercontent.com/p/AF1QipMBaqTSo339GRQQybJcvsyB-zYTe_SVLeu-KDA1, https://lh5.googleusercontent.com/p/AF1QipNvlasBhaVFRudtdp_fCCoGhQSyW42SM4q22t_o, https://lh5.googleusercontent.com/p/AF1QipNjNLm6SV6_bR3gVntD2ua5PCp6Lst9O58wdmIn, "
Palace Hotel 2,"48 Phạm Ngũ Lão, Phường 5, Bạc Liêu, Việt Nam","4,0",3,9.2850983,105.6562645,Bạc Liêu,Khách sạn,Không có giá,Không có giảm giá,,
Anh Tuấn HOTEL,"182 Trần Phú, Phường 7, Bạc Liêu, Việt Nam","4,6",5,9.2921325,105.6497587,Bạc Liêu,Khách sạn,Không có giá,Không có giảm giá,,
KHÁCH SẠN NHƯ BÌNH 2,"370 QL1A, Tân Tạo, Vĩnh Lợi, Bạc Liêu, Việt Nam","3,5",50,9.3178218,105.6467641,Bạc Liêu,Khách sạn,Không có giá,Không có giảm giá,"Wi-Fi miễn phí, Đỗ xe miễn phí, Có điều hòa nhiệt độ, Dịch vụ giặt ủi, Phù hợp với trẻ em, ","https://lh5.googleusercontent.com/p/AF1QipNPhVc2cQc8rYOn-cLmMzU66dyxlkxI1qcC-QQN, https://lh5.googleusercontent.com/p/AF1QipM15x2RPEk8C5NurOwKjtmtVbve0CJB_F1xo7I, https://lh5.googleusercontent.com/p/AF1QipM_-UHZ_Jyn9UBVd4OvLt9xten6Zydgcx9Ql7Wj, https://lh5.googleusercontent.com/p/AF1QipPfX0n11wVyOmv8plRce7a_pCkX0_ljgi1aSaZR, "
Nhà nghĩ Cao Thắng,"30-32 Nguyễn Thị Bùi, Phường 2, Bạc Liêu, Việt Nam","4,8",39,9.2695438,105.6535435,Bạc Liêu,Khách sạn,Không có giá,Không có giảm giá,,"https://lh5.googleusercontent.com/p/AF1QipMXTUhfQTAJRWSkra1tbawDy29SIoMUWjNY9F8x, https://lh5.googleusercontent.com/p/AF1QipOfhTy-IGXatJPtHtluEMe5ik7B2su4h1cb7tS4, https://lh5.googleusercontent.com/p/AF1QipM18ZM6DdW7VwEIejmPRCv9IX4h4Pix8zjrlBAJ, https://lh5.googleusercontent.com/p/AF1QipMzaSb2v0sRjqc91A_AXqI3xskXXa_wCociaasT, "
Khách sạn Kiều Hối,"28 Hòa Bình, Phường 3, Bạc Liêu, Việt Nam","2,3",6,9.2875741,105.64864,Bạc Liêu,Khách sạn,Không có giá,Không có giảm giá,,
Nhà nghỉ bình dân số 3 Bạc Liêu,"63 Đường Nguyễn Thị Bùi, khóm 3, Bạc Liêu, Việt Nam","4,7",104,9.2693879,105.6531044,Bạc Liêu,Khách sạn,Không có giá,Không có giảm giá,,"https://lh5.googleusercontent.com/p/AF1QipODKsaHA04isJydwJxhpUPgmon0FJyI5vSygkpf, https://lh5.googleusercontent.com/p/AF1QipMLNd7NIZGSzyIgRCui5vdga9F44gnR-35taRBJ, https://lh5.googleusercontent.com/p/AF1QipNTcOX7i5ot3Vz4uOlRBc1TYljkjVDKvtrdlrNH, https://lh5.googleusercontent.com/p/AF1QipNCxel0AbIgtffhDoKd1o7LErAMoijUQQ2Nz3T7, "
Nhà nghỉ nhật quang (BÙI HẢO),"6P4P+VW6, Nhà Mát, Bạc Liêu, Việt Nam",Chưa xét,0,9.2071403,105.6650096,Bạc Liêu,Khách sạn,Không có giá,Không có giảm giá,,
Phương Nam hotel,"Tổ 16, TT. Minh Khai, Bắc Kạn, Việt Nam","4,3",23,22.1551042,105.5522941,Bắc Kạn,Khách sạn,272.842 ₫,Ít hơn 21% so với bình thường,,"https://lh5.googleusercontent.com/p/AF1QipOUhU60ceOGl_xiT6te6sYuECQU3p46Vw8YMUZb, https://lh5.googleusercontent.com/p/AF1QipOh8uCdqKszUk9qFuP_YcFRYWkC2Lq4pYFTSUUg, https://lh5.googleusercontent.com/p/AF1QipM8bMxdvVv0whgXSyiVeTgxOJp7pwu-Evt39AX2, "
Nhà Hàng - Khách Sạn Sơn Nữ,"1A, Phùng Chí Kiên, Bắc Kạn, Việt Nam","4,1",298,22.1508001,105.5579521,Bắc Kạn,Khách sạn,853.453 ₫,Không có giảm giá,,"https://lh5.googleusercontent.com/p/AF1QipPFlWpMpIhRJRpeYF10MMaNFI1jj2XhReyxqcg9, https://lh5.googleusercontent.com/p/AF1QipNZVzAGbPHCr1KXKYClT7X2Mhjxf55rYf1Ofwp5, https://lh5.googleusercontent.com/p/AF1QipOUuBHFxbPIVwGuGQg_7fEHjN3yEqx2V7ABwbt6, https://lh5.googleusercontent.com/p/AF1QipNlFaqZGR2iUqkPpvOV-FT53ya9LNMXUPkO1cds, "
Nam Hotel,"Thành phố, Bắc Kạn, Việt Nam","4,4",29,22.1479286,105.547196,Bắc Kạn,Khách sạn,274.360 ₫,Không có giảm giá,,"https://lh5.googleusercontent.com/p/AF1QipNJGGljejB5y7KURPnv1qAzn6hLN4TkPNSamh0o, https://lh5.googleusercontent.com/p/AF1QipPkzi6Uub8gg_J28SKHVxDLTKSyFtjHkz0jIhfe, https://lh5.googleusercontent.com/p/AF1QipNefvqe8_skYk1cYXioauCIr2geVHr-CzT-zXJI, https://lh5.googleusercontent.com/p/AF1QipNRi_JBklKMbYp60rYyodaLsItb9NMVqUUZhDkS, "
KHÁCH SẠN AN VŨ HOTEL,"472 Đ. Kon Tum, tổ 5, Bắc Kạn, 260000, Việt Nam","4,6",45,22.1392019,105.5456555,Bắc Kạn,Khách sạn,299.417 ₫,Không có giảm giá,,"https://lh5.googleusercontent.com/p/AF1QipNvb8e6uwT1OtP7bDxd5XYofCtNhv_TEJiUA3ct, https://lh5.googleusercontent.com/p/AF1QipNUp8kunMREwv9Br5YHxrB4whTevtpGRcSeeQRV, https://lh5.googleusercontent.com/p/AF1QipOAlqEYkDv8MTJm7xYvzrFjyxQKE0K2qtOJBlfZ, https://lh5.googleusercontent.com/p/AF1QipOKw_SPcRYmfExGRjZ2_qJC1DeCw8Q1MAPA5GHJ, "
Green Hotel & Coffee,"46 Trần Hưng Đạo, Phùng Chí Kiên, Bắc Kạn, Việt Nam","4,2",133,22.1444034,105.5456336,Bắc Kạn,Khách sạn,Không có giá,Không có giảm giá,,"https://lh5.googleusercontent.com/p/AF1QipMXnu6fKvJaYmWJg-eyUOVqagJijda0wJcI-LgP, https://lh5.googleusercontent.com/p/AF1QipNFpGKA05ZbKjLjQfyL-_DacRvkrh6Kn_LlqlvE, https://lh5.googleusercontent.com/p/AF1QipN9_77LBPYdPMdsbzyjKktlJenRtevgksNDsf9S, https://lh5.googleusercontent.com/p/AF1QipOccygwfD1eWm6W_a5MR_dIMbnrL6-Zc2z0hKET, "
Khách Sạn Núi Hoa,"5 Trường Chinh, Phùng Chí Kiên, Bắc Kạn, Việt Nam","3,8",372,22.1492446,105.5502761,Bắc Kạn,Khách sạn,Không có giá,Không có giảm giá,"Wi-Fi miễn phí, Đỗ xe miễn phí, Bể bơi, Có điều hòa nhiệt độ, Dịch vụ giặt ủi, Phù hợp với trẻ em, Nhà hàng, Xe đưa đón ra sân bay, ","https://lh5.googleusercontent.com/p/AF1QipPSf94j3Gz3SHiLiFyeOy9TQ0Et64fHsVkGVjz_, https://lh5.googleusercontent.com/p/AF1QipMQWhEzik2956V0MqPUWJU2IEBE-SSXguRSSQTF, https://lh5.googleusercontent.com/p/AF1QipNzUCHG75diyIDY_nj2p2GK3oJ81zuAxVYKpYOI, https://lh5.googleusercontent.com/p/AF1QipPxbLjBCc9hAIvM1i27sSD7k6QLjFSpwecfGYd3, "
Nhà Nghỉ Phúc Anh,"190 Đ. Kon Tum, Tổ 4, Bắc Kạn, Việt Nam","4,4",45,22.148843,105.5505862,Bắc Kạn,Khách sạn,249.556 ₫,Không có giảm giá,,"https://lh5.googleusercontent.com/p/AF1QipNyydvdvpu4T3GkZk8fnatihcjydHaKeBJXh7qE, https://lh5.googleusercontent.com/p/AF1QipMcGbSmrVvAqzxQYclrtHz1q3IRIm1DN-A7Ey2W, https://lh5.googleusercontent.com/p/AF1QipMfCChzm-1DyYwITkJcNBAjODHCyYFoLoPR9d-8, https://lh5.googleusercontent.com/p/AF1QipNcAVwdoiANCSgIgdmBk54v23toQCRxebOLQnz6, "
Nhà Nghỉ Hưng Vân,"368 Nguyễn Thị Minh Khai, TT. Minh Khai, Bắc Kạn, Việt Nam","4,0",36,22.1556345,105.552652,Bắc Kạn,Khách sạn 2 sao,249.303 ₫,Không có giảm giá,"Wi-Fi miễn phí, Có điều hòa nhiệt độ, Dịch vụ giặt ủi, ","https://lh5.googleusercontent.com/p/AF1QipORciMS8PV7zmJCa9QrC07ppdf5QZqPUHv9iBxb, https://lh5.googleusercontent.com/p/AF1QipOFodjocxnKf_gn5ph0XZY96pY6x_Ho6ktJydsF, https://lh5.googleusercontent.com/p/AF1QipNVpzTNoQjjT33O8LaX5ebS8jSUWgVKnf_FOoC5, https://lh5.googleusercontent.com/p/AF1QipPzp7YPfovq3diyS3UNRI-bis686PyXe2ltUtHR, "
"Khách Sạn Thái Bình Ba Bể, Khách sạn 2 sao","ĐT254, Khang Ninh, Ba Bể, Bắc Kạn 262934, Việt Nam","3,8",160,22.4210657,105.353626,Bắc Kạn,Khách sạn 1 sao,431.029 ₫,Không có giảm giá,"Wi-Fi miễn phí, Bữa sáng có tính phí, Đỗ xe miễn phí, Phù hợp cho người khuyết tật, Có điều hòa nhiệt độ, Dịch vụ giặt ủi, Chấp nhận vật nuôi, Phù hợp với trẻ em, Nhà hàng, Bếp ở một số phòng, Xe đưa đón ra sân bay, ","https://lh5.googleusercontent.com/p/AF1QipPawTFVULT6LGWReqqka_zQ9qOocRVvnpYDqGpv, https://lh5.googleusercontent.com/p/AF1QipP986pPxb_cyt1Jd-SIIvX-82mcNg5Ad1wpjrl0, https://lh5.googleusercontent.com/p/AF1QipNjEt8iq5Zf690mTguutnlJJ98UX0WkGsFX7xg1, https://lh5.googleusercontent.com/p/AF1QipONCgFNA3jbjxssSH_yoa3j8wvxAukGavNPCJ8z, "
Le Jardin Bac Kan,"2/455 tổ 9A, Bắc Kạn, Việt Nam","4,4",38,22.1430113,105.5497432,Bắc Kạn,Khách sạn,Không có giá,Không có giảm giá,"Wi-Fi miễn phí, Bữa sáng miễn phí, Đỗ xe miễn phí, Bể bơi, Có điều hòa nhiệt độ, Dịch vụ giặt ủi, Phù hợp với trẻ em, Nhà hàng, Xe đưa đón ra sân bay, ","https://lh5.googleusercontent.com/p/AF1QipNDlwHz9yOcta6V5_O2j69DPzR_EZM54ozAbf9V, https://lh5.googleusercontent.com/p/AF1QipOc8EOqHahwZEI7PoKMfc13e_E4qTHZlwcWMq2k, https://lh5.googleusercontent.com/p/AF1QipO-9_vCgbO8SmCTNgpnHziUN1ssBdfq72aChnqB, https://lh5.googleusercontent.com/p/AF1QipNdpZ7cNUoahVALjOKReWwqBWbpNs_Ex4k1W6sp, "
Ba Be Legend Hotel,"ĐT254, Nà Mầm, Ba Bể, Bắc Kạn, Việt Nam","4,7",199,22.4229093,105.35766,Bắc Kạn,Khách sạn 3 sao,448.999 ₫,Không có giảm giá,"Wi-Fi miễn phí, Bữa sáng có tính phí, Đỗ xe miễn phí, Có điều hòa nhiệt độ, Dịch vụ giặt ủi, Phù hợp với trẻ em, Nhà hàng, Xe đưa đón ra sân bay, Không hút thuốc, ","https://lh5.googleusercontent.com/p/AF1QipMwM93MN7q7fj1Tr2kcbkL0xUlbHp6xGmS0TsQJ, https://lh5.googleusercontent.com/p/AF1QipNrebS-IhvtSaSc78vHCP0uk3efY5xZcgFjbKSm, https://lh5.googleusercontent.com/p/AF1QipOaoxfYFjDAeRg_w2mnLJTZeKg0NTJZzm2tBzZ7, https://lh5.googleusercontent.com/p/AF1QipP8jqcoBW98rEWfmwO3kEOBSug_pDROEAV9t6WW, "
NHÀ NGHỈ AN VŨ CƠ SỞ 2,"381 tổ Giao Lâm, Huyền Tụng, Bắc Kạn, Việt Nam","5,0",9,22.1811192,105.558284,Bắc Kạn,Khách sạn,439.381 ₫,Không có giảm giá,,"https://lh5.googleusercontent.com/p/AF1QipMr9D3Sd0m2X28VPQ2Pm0UB4wEAEacaMzBc2Vam, https://lh5.googleusercontent.com/p/AF1QipOAjslLQqvppyHOk0Fg8HvCHLpXNxatinrWm22A, https://lh5.googleusercontent.com/p/AF1QipMr9D3Sd0m2X28VPQ2Pm0UB4wEAEacaMzBc2Vam, https://lh5.googleusercontent.com/p/AF1QipNMolCiArtnQdGDxe4KbvL2noDCduHS1gB3mNGI, "
Hotel Hoa Hồng,"89 Trần Hưng Đạo, Phùng Chí Kiên, Bắc Kạn, Việt Nam","3,9",15,22.1436737,105.5468127,Bắc Kạn,Khách sạn,Không có giá,Không có giảm giá,"Có điều hòa nhiệt độ, Chấp nhận vật nuôi, ","https://lh5.googleusercontent.com/p/AF1QipN4BMbUf0_vyac6IIu7KerfRwm-oxJ4zPc9r6uS, https://lh5.googleusercontent.com/p/AF1QipNpV3s23K9bBlxLkfAT458zdfaD20Vju7IVHVF3, https://lh5.googleusercontent.com/p/AF1QipPVUMr-GRVKKqjoVVUw8_uAxZvCTkBIB8zdp1E3, "
Khách sạn An Thảo Ba Bể,"ĐT254, Khang Ninh, Ba Bể, Bắc Kạn 262934, Việt Nam","4,4",39,22.4196509,105.3496513,Bắc Kạn,Khách sạn,474.309 ₫,Không có giảm giá,"Wi-Fi miễn phí, Bữa sáng miễn phí, Đỗ xe miễn phí, Có điều hòa nhiệt độ, Dịch vụ giặt ủi, Dịch vụ phòng, Nhà hàng, Bếp ở một số phòng, ","https://lh5.googleusercontent.com/p/AF1QipOxUJVqE-lbPb678T_KG5nT4hIIsUQLy0wZkJM_, https://lh5.googleusercontent.com/p/AF1QipPwjDo21fYQAS23eWpZRolIdeLh0liM_xbHtHJc, https://lh5.googleusercontent.com/p/AF1QipOD8Jn_XXC6mOum0g6Q99jddndS7WetWVXZGiUK, https://lh5.googleusercontent.com/p/AF1QipNRUHfkLptTHP5vNWJQ8X8HigNS9oXncqpwFNDp, "
Khách Sạn Hoa Lan Ba Bể,"Pác Nghè, Ba Bể, Bắc Kạn, Việt Nam","3,8",18,22.4272658,105.3598184,Bắc Kạn,Khách sạn,416.855 ₫,Không có giảm giá,,"https://lh5.googleusercontent.com/p/AF1QipPHQXQrN069Bb0HWKl1Y9sGHChYVU9wBpTgGPBr, https://lh5.googleusercontent.com/p/AF1QipP5Ema5uieAgx7q78w2ar3Jt3U0xj5EIVWhWIzf, https://lh5.googleusercontent.com/p/AF1QipNDHQAdFRD43dJ8tT02plUyxa6z2ya4ywRdhI9A, https://lh5.googleusercontent.com/p/AF1QipMzbZsca6SAb8d_py5ImLh5j_LsJlORPxGQOfLG, "
KHÁCH SẠN - NHÀ HÀNG THÀNH LUÂN,"Nà Mầm, Ba Bể, Bắc Kạn 230000, Việt Nam","5,0",2,22.4193873,105.3493902,Bắc Kạn,Khách sạn,269.804 ₫,Ít hơn 20% so với bình thường,,"https://lh5.googleusercontent.com/p/AF1QipNQU5HmVpYzHb8U60cOiiUjZCnCyasc6i5mCNud, https://lh5.googleusercontent.com/p/AF1QipNm1s-FhfuoKDZ5rWAMV3k6XD7Tvt8vijlrwMWT, https://lh5.googleusercontent.com/p/AF1QipOdhMCuWvJXvdgPr7gIK4FzBJtNBAa3JJcTk_sE, https://lh5.googleusercontent.com/p/AF1QipNAXdKWyrsoqdK5oVuJxPbOkAzz67URgQA9ZdYS, "
Khách sạn Paradise - massage,"Số 459 - Quốc lộ 3 Bắc Kạn - Thái Nguyên, Bắc Kạn, Việt Nam","5,0",9,22.1191146,105.5570865,Bắc Kạn,Khách sạn,Không có giá,Không có giảm giá,,"https://lh5.googleusercontent.com/p/AF1QipP_fTY6d2oURXDFuTzLkMHRs8Sb374ASnpBRwzJ, https://lh5.googleusercontent.com/p/AF1QipPV4SX0UuhB1tJr4VeaikhwP-nF6JWOOYPCzIyC, https://lh5.googleusercontent.com/p/AF1QipPt1DQA7-Kln_B2zcUYaX6deviRBxv5zPMLvirH, https://lh5.googleusercontent.com/p/AF1QipPaeq1zEzHLbwF0UlEkV_Kn80SBC4Yqy_eGzRQq, "
Nhà nghỉ Anh Quân,"Phùng Chí Kiên, Bắc Kạn, Việt Nam","4,7",35,22.1388527,105.5462048,Bắc Kạn,Khách sạn,Không có giá,Không có giảm giá,,"https://lh5.googleusercontent.com/p/AF1QipObH2JlOZOB0kUYKyF4q6loyBzrjfKXDaIAXEKJ, https://lh5.googleusercontent.com/p/AF1QipPRra0qMHR6JSvi4i7a8-dUFj4rS0ZjobyRYjI2, https://lh5.googleusercontent.com/p/AF1QipObH2JlOZOB0kUYKyF4q6loyBzrjfKXDaIAXEKJ, https://lh5.googleusercontent.com/p/AF1QipN5QA6fpaU-sECyx3ji3P7nHsIn2lNAFFB63Cfm, "
Duy Tuyên Ba Bể Homestay,"Thôn, Pac Ngoi, Ba Bể, Bắc Kạn 23000, Việt Nam","4,7",45,22.3887196,105.349042,Bắc Kạn,Khách sạn,15.439 ₫,Không có giảm giá,"Phù hợp với trẻ em, ","https://lh5.googleusercontent.com/p/AF1QipM6YWKvsZV-8pr0Pff7U52N-GTNMm1pJb-cgQ44, https://lh5.googleusercontent.com/p/AF1QipOso36RWayYtRSKykqhC-tuLtq-ZjUJ7J0FhoYN, https://lh5.googleusercontent.com/p/AF1QipOGX7zQX8uXjcdTgXdE789otlcXB5SZPlLIvbaK, https://lh5.googleusercontent.com/p/AF1QipO3YxTOlZnAWuWlaWM332gAGpUQsESeyP1FnqjW, "
Nhà Nghỉ Hoàng Nguyên,"9H9W+2G4, ĐT254, Nam Cường, Ba Bể, Bắc Kạn, Việt Nam","1,0",1,22.3675123,105.3079409,Bắc Kạn,Khách sạn,249.556 ₫,Không có giảm giá,"Có điều hòa nhiệt độ, Chấp nhận vật nuôi, ","https://lh5.googleusercontent.com/p/AF1QipO3k4fo_-W5qX5c82xnuYbFXl5_moEDwjoA8Z04, https://lh5.googleusercontent.com/p/AF1QipOp5Lo8yC81jeS72erhlYYaBvIPuvIRYKsj9mha, https://lh5.googleusercontent.com/p/AF1QipMNpZFwea1QdZrtpboWw-ZvQJBcO0mFoC8GLoQs, "
Ba Bể Ecolodge,"Thượng Giáo, Ba Bể, Bắc Kạn, Việt Nam","4,0",262,22.4516393,105.4216991,Bắc Kạn,Khách sạn,Không có giá,Không có giảm giá,,"https://lh5.googleusercontent.com/p/AF1QipMqjY5LGJ9vV43boiGm1wqKl57zevACFfdiNhXy, https://lh5.googleusercontent.com/p/AF1QipPU43LCjEuA9hpWvuDuIkGd95DLwXwBU9a5vlbA, https://lh5.googleusercontent.com/p/AF1QipPUSCvYglmyisQP0eekqpBRaX8qB9YUVfViS48G, https://lh5.googleusercontent.com/p/AF1QipPdE5DXHYKdx38_l39xc4LPzgpGLF0ucIcjFbPE, "
Khách sạn - nhà hàng Suối Đậu Ba Bể,"Nà Kiêng, Ba Bể, Bắc Kạn 262934, Việt Nam",Chưa xét,0,22.4211178,105.3553973,Bắc Kạn,Khách sạn,Không có giá,Không có giảm giá,"Có điều hòa nhiệt độ, ","https://lh5.googleusercontent.com/p/AF1QipOsoI59BWlGKgfJwulWAZ2srp5kKFO2T8D0XPVH, https://lh5.googleusercontent.com/p/AF1QipPZn8kg2QdNmxyM-BwZ0b8qji_nObI_A_9keoqk, https://lh5.googleusercontent.com/p/AF1QipMKB9n3-uMjZuZmZhBiOmeqc_ifujEIGlRhl8-q, https://lh5.googleusercontent.com/p/AF1QipOsoI59BWlGKgfJwulWAZ2srp5kKFO2T8D0XPVH, "
Khách sạn Vườn quốc gia Ba Bể,"Khang Ninh, Ba Bể, Bắc Kạn, Việt Nam","3,7",6,22.4514493,105.3858634,Bắc Kạn,Khách sạn,Không có giá,Không có giảm giá,,"https://lh5.googleusercontent.com/p/AF1QipPlS1eUk7LnVYlCH3PdQafPSwxxSH-AvtgFJu-0, https://lh5.googleusercontent.com/p/AF1QipNBEDP9EvYajuhWiapLm1rakmrHS9xrve6Plgv9, https://lh5.googleusercontent.com/p/AF1QipNnaPa2QMVIG_2BCjuV9Mp3yrBKljeR6K9RHQgN, https://lh5.googleusercontent.com/p/AF1QipP6GcLY96wP66zEZgKfLCuwj1uOWWK3vrADN13Z, "
Nhà Nghỉ Thanh Hằng,"5R9W+MWQ TT, Ngõ 30 Chiến thắng phủ Thông, TT. Minh Khai, Bắc Kạn, 960000, Việt Nam","3,5",13,22.1692034,105.5589728,Bắc Kạn,Khách sạn,Không có giá,Không có giảm giá,,"https://lh5.googleusercontent.com/p/AF1QipOlVU_y_gHjG7-UHZzhxMxVlqOrSUkPnTSY-Y_X, https://lh5.googleusercontent.com/p/AF1QipOIdMeUKm63m_uwhPNAN58GEkJGXMMuA_3wHesw, https://lh5.googleusercontent.com/p/AF1QipMkkWmbXXhrCTRfEBs7nLhMxBWCGt0koKwrh_LK, https://lh5.googleusercontent.com/p/AF1QipPhOR2BQndL-OeAS36ceoZF_c8ZIJuq81bn9ztY, "
Nhà Nghỉ 89,"Tieu Khu 1, Ngân Sơn, Bắc Kạn 262301, Việt Nam","4,4",86,22.4332736,105.7087783,Bắc Kạn,Khách sạn,Không có giá,Không có giảm giá,"Wi-Fi miễn phí, Đỗ xe miễn phí, Chấp nhận vật nuôi, Xe đưa đón ra sân bay, Không hút thuốc, ","https://lh5.googleusercontent.com/p/AF1QipNcENK7Ci8hDnzkYiVkfZFONRePTZEOKFZzzkVl, https://lh5.googleusercontent.com/p/AF1QipNSZDkrFvG3rr6wTyJsmk7TectteNOsl2wGpW7l, https://lh5.googleusercontent.com/p/AF1QipN78ydSA4I2Im5unFlHHXbWgzOZG5yxBOvx8yMS, https://lh5.googleusercontent.com/p/AF1QipMGA_F2y_2h3PlwLb3TDk0XYeUbquao7HES93De, "
Khách sạn Anh Khiêm,"Nà Mằm, Ba Bể, Bắc Kạn 23512, Việt Nam","5,0",1,22.4332736,105.4615859,Bắc Kạn,Khách sạn,Không có giá,Không có giảm giá,"Wi-Fi miễn phí, Bữa sáng có tính phí, Đỗ xe miễn phí, Có điều hòa nhiệt độ, Chấp nhận vật nuôi, Nhà hàng, Xe đưa đón ra sân bay, Bồn tắm nước nóng, Spa, Không hút thuốc, ","https://lh5.googleusercontent.com/p/AF1QipOU6gaJ8XsXrRBOBz3bolYm7Tq70ajE_hiPyuDx, https://lh5.googleusercontent.com/p/AF1QipNWPl4zzn2pipvm1SN-ndimBEx4Yap5lwlQ2Lhs, https://lh5.googleusercontent.com/p/AF1QipO7qG-QXWywIIGisz9q0V-v6iC-3GOwnZnnxW45, https://lh5.googleusercontent.com/p/AF1QipOpTUq9KvkrARcAxDQhcsxQdn7KHDK6hFOE1MV-, "
Nhà Nghỉ Hồ Ba Bể - Nhà Nghỉ Trần Đức,"ĐT254, Nam Mẫu, Ba Bể, Bắc Kạn, Việt Nam","4,9",53,22.4332736,105.2143935,Bắc Kạn,Khách sạn,Không có giá,Không có giảm giá,"Wi-Fi miễn phí, Bữa sáng có tính phí, Đỗ xe miễn phí, Dịch vụ giặt ủi, Dịch vụ phòng, Phù hợp với trẻ em, Nhà hàng, Xe đưa đón ra sân bay, Không hút thuốc, ","https://lh5.googleusercontent.com/p/AF1QipNPyDF7iyp3bV5NJxIuaVDNayYERDqFnj5ZNLZN, https://lh5.googleusercontent.com/p/AF1QipM3Rn0mMvofaH3-qN5QTSpp8_Wnl-lP8dD2I8Wu, https://lh5.googleusercontent.com/p/AF1QipPEX2l-w5zoNNl9RyACcCHTjQQ_QgNbarwlH3CX, https://lh5.googleusercontent.com/p/AF1QipPOwpWkZ29ffkmem8KyX7pV-hl3ljpSawo5NXA2, "
Ba Be Hostel,"Thôn Nà Kiêng, Ba Bể, Bắc Kạn 262920, Việt Nam","4,0",4,22.4226522,105.3576503,Bắc Kạn,Khách sạn,Không có giá,Không có giảm giá,,"https://lh5.googleusercontent.com/p/AF1QipMpwD-k1HnLWP4opUc2PCkXbrPeVWuZ1s22J_jM, https://lh5.googleusercontent.com/p/AF1QipO9UQ2o0YzEB01qfo05be7lX_72C64A1UWsWria, https://lh5.googleusercontent.com/p/AF1QipNuv9yFEdtn8iSddE1r7fLEOJ08K8XS-B1Z7qm5, https://lh5.googleusercontent.com/p/AF1QipORB52tX1wnqBVeHLdDMZXKE8GIr3XhaaSRSorL, "
Nhà Nghĩ Pác Ngoài,"9JQQ+C6C, Nam Mẫu, Ba Bể, Bắc Kạn, Việt Nam","5,0",1,22.3885802,105.3496304,Bắc Kạn,Khách sạn,Không có giá,Không có giảm giá,,
Khách sạn Mường Thanh Grand Bắc Giang,"Quảng trường, 3/2, Bắc Giang 26107, Việt Nam","4,2",1.245,21.2823893,106.13126,Bắc Giang,Khách sạn 4 sao,677.942 ₫,Ít hơn 26% so với bình thường,"Wi-Fi miễn phí, Bữa sáng miễn phí, Đỗ xe miễn phí, Phù hợp cho người khuyết tật, Bể bơi ngoài trời, Có điều hòa nhiệt độ, Dịch vụ giặt ủi, Trung tâm thương mại, Dịch vụ phòng, Phù hợp với trẻ em, Nhà hàng, Xe đưa đón ra sân bay, Spa, Trung tâm thể dục, ","https://lh5.googleusercontent.com/p/AF1QipOtmDxkuFMtmozwJeqdRSVzodqt_sqpwZXKaSpV, https://lh5.googleusercontent.com/p/AF1QipM0kNBINEbBKtYe4qklMHIY-Even2UokAC8kl3z, https://lh5.googleusercontent.com/p/AF1QipPFFhv5ic4UfOeIaPtyQJ9WqL2pRbTfvUbHPcsX, https://lh5.googleusercontent.com/p/AF1QipPiQMbgE6pBxGLva2KmWsfqbqtG5ylXdkWIbJkj, "
Korea Hotel Bac Giang,"10 Minh Khai 2, Dĩnh Kế, Bắc Giang, Việt Nam","3,9",54,21.2777045,106.1378548,Bắc Giang,Khách sạn,397.290 ₫,Không có giảm giá,"Wi-Fi miễn phí, Đỗ xe miễn phí, Có điều hòa nhiệt độ, Dịch vụ giặt ủi, Dịch vụ phòng, Phù hợp với trẻ em, Bếp ở một số phòng, Xe đưa đón ra sân bay, Không hút thuốc, ","https://lh5.googleusercontent.com/p/AF1QipN4DkIZOCxrbkNY4-aSsde9wKqgAHeHCsuy--Kz, https://lh5.googleusercontent.com/p/AF1QipPkoKdqBxevXJ7w63U8qg3kRJOYGJio9B-6KT_B, https://lh5.googleusercontent.com/p/AF1QipONJlJk5XQagBlDa5Fbs7jqQHCKw-69WnzDlyRx, https://lh5.googleusercontent.com/p/AF1QipMJnWf8_m6O1SMJXMfEJz7YACe8MyHPT36YQjSL, "
RAVATEL LUXURY HOTEL BAC GIANG,"Đường Hùng Vương 1, Phường Lê Lợi, Bắc Giang, 26000, Việt Nam","4,4",121,21.2686372,106.1330816,Bắc Giang,Khách sạn,548.274 ₫,Không có giảm giá,"Wi-Fi miễn phí, Bữa sáng miễn phí, Đỗ xe miễn phí, Phù hợp cho người khuyết tật, Bể bơi, Có điều hòa nhiệt độ, Dịch vụ giặt ủi, Dịch vụ phòng, Phù hợp với trẻ em, Nhà hàng, Bếp ở một số phòng, Xe đưa đón ra sân bay, Trung tâm thể dục, ","https://lh5.googleusercontent.com/p/AF1QipOzIVpXWtTYWg7vdkdGFNEsW4SgUvgTCXjzU6f_, https://lh5.googleusercontent.com/p/AF1QipO0WM1341gfVF0Jp3leYYDcSVsmoTLtM2Hw8PZA, https://lh5.googleusercontent.com/p/AF1QipPOEjEiHWdWMa7Lb0tpTDgZDGW03F8ceZ6WFPi4, https://lh5.googleusercontent.com/p/AF1QipMTPD6L0P-NQeGTd_-dEvMegzidYpPT8H3GFUMa, "
Mandala Hotel & Suites Bắc Giang,"55 Nguyễn Văn Cừ, Phường Ngô Quyền, Bắc Giang, Việt Nam","4,8",252,21.2756615,106.1239687,Bắc Giang,Khách sạn,482.675 ₫,Ít hơn 30% so với bình thường,"Wi-Fi miễn phí, Bữa sáng miễn phí, Đỗ xe miễn phí, Phù hợp cho người khuyết tật, Bể bơi, Có điều hòa nhiệt độ, Dịch vụ giặt ủi, Dịch vụ phòng, Phù hợp với trẻ em, Nhà hàng, Bếp ở một số phòng, Xe đưa đón ra sân bay, Quán bar, Không hút thuốc, ","https://lh5.googleusercontent.com/p/AF1QipPCETcllgALipKLAhsXpzGl-Cy8ssDjNjurDRkz, https://lh5.googleusercontent.com/p/AF1QipOOstR7QX-AM9wrx143S8nz4yypGfJS9WNon5cx, https://lh5.googleusercontent.com/p/AF1QipMsDUuip2UJYLdELe2Tx2gelpY1lzYsyfsHwkNR, https://lh5.googleusercontent.com/p/AF1QipNCjNYDBN5Sjw-V0vAq8den3RHEndsa_LDYZUui, "
LINN HOTEL,"218 Nguyễn Thị Lưu, Phường Ngô Quyền, Bắc Giang, Việt Nam","5,0",181,21.2823068,106.12951,Bắc Giang,Khách sạn,698.556 ₫,Không có giảm giá,"Wi-Fi miễn phí, Bữa sáng miễn phí, Đỗ xe miễn phí, Có điều hòa nhiệt độ, Dịch vụ giặt ủi, Nhà hàng, Bếp trong tất cả các phòng, Spa, Không hút thuốc, ","https://lh5.googleusercontent.com/p/AF1QipPGhv8EWVxQu1JKLOtKhFddQcQLQfB1Tu_A-gl1, https://lh5.googleusercontent.com/p/AF1QipM8gCg2zEzIylanLpVnUqfe2s-DRp55MNa7b81K, https://lh5.googleusercontent.com/p/AF1QipNLSlfWG3JSnsPvcTtisLJGxAjdv7njxvo5b7Nj, https://lh5.googleusercontent.com/p/AF1QipPMKh6rFzd2Qeh9xbg82fC6wCfZeGu8mVDn1bBP, "
Sojo Hotel Bac Giang,"Số 8 Nguyễn Văn Cừ, Phường Trần Phú, Bắc Giang, 26000, Việt Nam","4,8",130,21.2766819,106.1224136,Bắc Giang,Khách sạn,637.949 ₫,Không có giảm giá,"Wi-Fi miễn phí, Bữa sáng miễn phí, Đỗ xe miễn phí, Dịch vụ giặt ủi, Nhà hàng, Spa, Trung tâm thể dục, Không hút thuốc, ","https://lh5.googleusercontent.com/p/AF1QipMtsCckH02wPTo0DMwZ7bXRzDniatY4BDmUspkg, https://lh5.googleusercontent.com/p/AF1QipPje72S_Cp46qhlcCP_xUivntjSz9vBpwWnjKq1, https://lh5.googleusercontent.com/p/AF1QipOoJnMe6VPJmP_ZySnfYQ1V3GxeB4Icefa9JBsY, https://lh5.googleusercontent.com/p/AF1QipN4iXC8obyVExxMv1vRKayT8dq0wM62TRUaOvso, "
Khách sạn Bắc Giang,"8 Nguyễn Văn Cừ, Phường Trần Phú, Bắc Giang, 26000, Việt Nam","3,5",232,21.276813,106.1223429,Bắc Giang,Khách sạn 4 sao,718.306 ₫,Không có giảm giá,"Wi-Fi miễn phí, Đỗ xe miễn phí, Bể bơi, Có điều hòa nhiệt độ, Dịch vụ giặt ủi, Chấp nhận vật nuôi, Nhà hàng, ","https://lh5.googleusercontent.com/p/AF1QipPX7yljWu4K0vSvXdXKHiEgG_JBEkWi8RqCvuEb, https://lh5.googleusercontent.com/p/AF1QipNWqA4RAID2Qm3l7KO4HrjliXcd3tdXWML_uIbe, https://lh5.googleusercontent.com/p/AF1QipOgHFOuKz6kbMfqbSjY2R-of6PywxIDNHpXKk2f, https://lh5.googleusercontent.com/p/AF1QipNuHXCvrrCVERcs7pjGubfAKt_VxqLCIn7kSF0w, "
Marina Hotel Bac Giang,"162 Nguyễn Thị Lưu, Phường Ngô Quyền, Bắc Giang, 230000, Việt Nam","5,0",9,21.2813404,106.1281205,Bắc Giang,Khách sạn,552.027 ₫,Không có giảm giá,"Wi-Fi miễn phí, Đỗ xe miễn phí, Phù hợp cho người khuyết tật, Có điều hòa nhiệt độ, Dịch vụ giặt ủi, Chấp nhận vật nuôi, Dịch vụ phòng, Phù hợp với trẻ em, Bếp ở một số phòng, Quán bar, ","https://lh5.googleusercontent.com/p/AF1QipMpXyr2OG0G0hCbL8G9EB-DLGYfw42yYBlu2we2, https://lh5.googleusercontent.com/p/AF1QipO9aw6bCZOJwZjvOfgbKgWbejJkmQdyK81UUkDJ, https://lh5.googleusercontent.com/p/AF1QipNiS22B4QDwlMTiiAe5tYeO3rv7wFQL2Q15ct4P, https://lh5.googleusercontent.com/p/AF1QipMDfthgQZlCh6WggV9yj6VOSccowsXRU6SktGMq, "
Ravatel Style Bac Giang,"No.2A Hùng Vương 1, Phường Lê Lợi, Bắc Giang, Việt Nam","5,0",3,21.2678688,106.1318048,Bắc Giang,Khách sạn,674.511 ₫,Không có giảm giá,,"https://lh5.googleusercontent.com/p/AF1QipNQf8D6mfAvejzIeXimLI1eFYL2-oak-hV_H7IX, https://lh5.googleusercontent.com/p/AF1QipN2Pdttk-WcWuXNeI2Rmh4oocsCMCKSobwDCMTX, https://lh5.googleusercontent.com/p/AF1QipMolhEcN1UlFCMXv6Up0uOK-FLzErYEOlaA2kUz, "
RAVATEL HOME BAC GIANG,"3 Hùng Vương 1, Phường Lê Lợi, Bắc Giang, 231042, Việt Nam","4,3",66,21.2673361,106.131111,Bắc Giang,Khách sạn 3 sao,545.352 ₫,Không có giảm giá,"Wi-Fi miễn phí, Bữa sáng miễn phí, Đỗ xe miễn phí, Phù hợp cho người khuyết tật, Bể bơi trong nhà, Có điều hòa nhiệt độ, Dịch vụ giặt ủi, Phù hợp với trẻ em, Nhà hàng, Bếp ở một số phòng, Xe đưa đón ra sân bay, Spa, Trung tâm thể dục, Sân gôn, Không hút thuốc, ","https://lh5.googleusercontent.com/p/AF1QipMCc1DK3Ngo7StgXo55DoEBGXYm05NTtbM1hF46, https://lh5.googleusercontent.com/p/AF1QipNqeMjuV19qRC88WdOl5UzCG41lYtryIG0g84NU, https://lh5.googleusercontent.com/p/AF1QipPYVLohYpW0IRI2F0UKDz0QmVfO225wI_yPEJf5, https://lh5.googleusercontent.com/p/AF1QipOLFv7JioxtkzaxlO06-XjgBZq3AMnbAatawHn2, "
Khách sạn Korea VIP,"63 Lê Hồng Phong, Xương Giang, Bắc Giang, 230000, Việt Nam","5,0",3,21.2872035,106.1391326,Bắc Giang,Khách sạn,416.664 ₫,Không có giảm giá,,"https://lh5.googleusercontent.com/p/AF1QipOc9u45_9ryC6Q5kzSscMuyaEdHZDiZo6JW4IN4, https://lh5.googleusercontent.com/p/AF1QipNgzmR9KR1UsCsjLakseMYxoy0_udPEWuMQh7p2, https://lh5.googleusercontent.com/p/AF1QipPKO9WWzvYHX4gCNqDirEdYCpwKAn1svrRgD_Rx, https://lh5.googleusercontent.com/p/AF1QipMVULl32KPrMItKP_jYWqEfmQYEpaPva6qwGdg6, "
Sky Hotel,"Xương Giang, Bắc Giang, Việt Nam","4,6",25,21.2977563,106.151164,Bắc Giang,Khách sạn,368.260 ₫,Không có giảm giá,,"https://lh5.googleusercontent.com/p/AF1QipPWQoTbSk3XH4FH5lGbopobpT2GAsS6mMD9cMNN, https://lh5.googleusercontent.com/p/AF1QipMsoxM6lNLW4gMd9Dp6uX6CpHT-5bZzqVPOILoM, https://lh5.googleusercontent.com/p/AF1QipNNjnT1w6g4xG9ifWhZHzav5NJELUmshAOJfUvt, https://lh5.googleusercontent.com/p/AF1QipMGQVcj5eaCEvUo0YqBTdHnkAFoEUonQbm0nPtf, "
KHÁCH SẠN THẮNG LỢI 2 BẮC GIANG,"Đường Tạ Thúc Bình, Khu Đô Thị Bách Việt Lake Garden, Bắc Giang, 26000, Việt Nam","5,0",43,21.2820782,106.1512615,Bắc Giang,Khách sạn,400.000 ₫,Không có giảm giá,"Wi-Fi miễn phí, Đỗ xe miễn phí, Phù hợp cho người khuyết tật, Có điều hòa nhiệt độ, Dịch vụ giặt ủi, Xe đưa đón ra sân bay, Bồn tắm nước nóng, ","https://lh5.googleusercontent.com/p/AF1QipN6smcl2iZutyOiEtB3oZu9xU6oB06Dqk9EwvTL, https://lh5.googleusercontent.com/p/AF1QipOLFBLkBbqCjYgsppVcYFhlwEUvyEi8ziAGCRAU, https://lh5.googleusercontent.com/p/AF1QipOV83H9cs0PW80oFBHkap2vZoYmfGyVvFa-K8Xs, https://lh5.googleusercontent.com/p/AF1QipNQ_J3DgjSGfBTxEraNtwVCHG1aiVsk16QnRxY8, "
Hanz Korea 2 Hotel,"23 Phạm Túc Minh, Dĩnh Kế, Bắc Giang, Việt Nam","4,4",12,21.2822826,106.142491,Bắc Giang,Khách sạn,354.593 ₫,Không có giảm giá,"Wi-Fi miễn phí, Đỗ xe miễn phí, Có điều hòa nhiệt độ, Dịch vụ giặt ủi, Xe đưa đón ra sân bay, Bồn tắm nước nóng, ","https://lh5.googleusercontent.com/p/AF1QipN3jPXYbZCn3jt0-gLVQl_MIyr3xMCVIfyz5t5Y, https://lh5.googleusercontent.com/p/AF1QipNDvQhP7mJCpgYeu5s93jjZinmeTgn4tmT4bEzK, https://lh5.googleusercontent.com/p/AF1QipMJLN39vKJPq5G7yd1wKeit-B3C5Tz9v1ByesCn, https://lh5.googleusercontent.com/p/AF1QipPM-l7wcjA0dD-3wHEKxw47QbDFSJrsNiunRAUv, "
Khách sạn Hương Sơn - Bắc Giang,"84 đường Hoàng Văn Thụ, Phường Hoàng Văn Thụ, Bắc Giang, Việt Nam","3,4",168,21.2786466,106.1315862,Bắc Giang,Khách sạn,Không có giá,Không có giảm giá,"Wi-Fi miễn phí, Đỗ xe miễn phí, Có điều hòa nhiệt độ, Dịch vụ giặt ủi, ","https://lh5.googleusercontent.com/p/AF1QipM-y-yTxaeEx45VQI-AoGzfEy2YJ0c1KicWPZbi, https://lh5.googleusercontent.com/p/AF1QipNqVdbT4MMd29WUG4p8Yv0Pf54OnMTrdVs7dWwr, https://lh5.googleusercontent.com/p/AF1QipMfGUSRwYGdrpPVJB7RPNUI5c4Ud8LIcQ7HuNpF, https://lh5.googleusercontent.com/p/AF1QipMBAsV1WRjA3MGlVwnMdpW_ZoXzhchnmBvL9_2t, "
Khách sạn Hải An Bắc Giang (海安酒店）,"2 Cả Trọng, Phường Hoàng Văn Thụ, Bắc Giang, 02043, Việt Nam","4,4",45,21.2750474,106.1323579,Bắc Giang,Khách sạn,Không có giá,Không có giảm giá,,"https://lh5.googleusercontent.com/p/AF1QipNQI4YCdcN_3_pnpXgZZf1vARquF0lEMGsUr8VQ, https://lh5.googleusercontent.com/p/AF1QipMDXwWLdQKWYmIaKeQ1IwMVCNkya_yU1WmZWjco, https://lh5.googleusercontent.com/p/AF1QipM3GT5Yq5HO5YxbgV67VXmSt7KEByFfYf6eXlY2, https://lh5.googleusercontent.com/p/AF1QipO1RwSvHVvIvX6CwWq7AgwvP5goZ_G8HnnbjfHA, "
Nhà nghỉ An Bình 6,"Lô T2, đường, Quách Nhẫn, Phường Ngô Quyền, Bắc Giang, Việt Nam","4,4",24,21.2837874,106.1339157,Bắc Giang,Khách sạn,361.427 ₫,Không có giảm giá,,
TraiTay Homstay,"Trại Tây, Bắc Giang, 231418, Việt Nam","4,0",5,21.2837874,106.0721176,Bắc Giang,Khách sạn,262.465 ₫,Không có giảm giá,"Wi-Fi miễn phí, ","https://lh5.googleusercontent.com/p/AF1QipP7aIDDiXTQ77_6MIPQ8W7gmg9L-o2q0gvJkVeV, https://lh5.googleusercontent.com/p/AF1QipPyYWA5Qr9KTRIiLJpAMaOJMG9yeW57raJRwqUU, https://lh5.googleusercontent.com/p/AF1QipOmKzTq05ecoO88pAr9BMekraMyYluzPGigkVvJ, "
KHÁCH SẠN THẮNG LỢI BẮC GIANG,"299 Cả Trọng, Phường Hoàng Văn Thụ, Bắc Giang, 26000, Việt Nam","4,2",127,21.2766572,106.1379025,Bắc Giang,Khách sạn,Không có giá,Không có giảm giá,,"https://lh5.googleusercontent.com/p/AF1QipPZEkJ_S1usvVn40j8Fl5X4pbKRepkeMS3SolSC, https://lh5.googleusercontent.com/p/AF1QipMangRk8lCwpn5rGvf1CB6KU4ByrRUQSL6gY96w, https://lh5.googleusercontent.com/p/AF1QipOpu963icEv5iT43hUsWAP6ufmWbEyG0DpByp0P, https://lh5.googleusercontent.com/p/AF1QipPxJesVgm_r-e9lVc1py8uCdaE6FUmx87NkIA9A, "
Nhà nghỉ An Chi,"1623 Hoàng Hoa Thám, Song Mai, Tân Yên, Bắc Giang, Việt Nam","4,4",19,21.2766572,106.0761044,Bắc Giang,Khách sạn,243.656 ₫,Không có giảm giá,"Wi-Fi miễn phí, Dịch vụ giặt ủi, Bếp ở một số phòng, ","https://lh5.googleusercontent.com/p/AF1QipOCHGTXskFxrDXue6RZz84Uk2KzkBvMmuatfK2U, https://lh5.googleusercontent.com/p/AF1QipPbh66KtDjiaDIVh-maOu17hAviAPf1jKStBUqm, https://lh5.googleusercontent.com/p/AF1QipNR30HHj-1cU_bkZ6Jv-pcceWMaKTHwZGuMc3BP, https://lh5.googleusercontent.com/p/AF1QipNv9USOrOrGk6_W8ITdmBGz0BcTZVyInxVEiMax, "
Mường Thanh Luxury Bắc Ninh Hotel,"395 Đ. Ng. Gia Tự, P.Tiền An, Bắc Ninh, Việt Nam","4,2",1.290,21.1832982,106.0299537,Bắc Ninh,Khách sạn 4 sao,1.118.954 ₫,Ít hơn 19% so với bình thường,"Wi-Fi miễn phí, Bữa sáng miễn phí, Đỗ xe miễn phí, Bể bơi ngoài trời, Có điều hòa nhiệt độ, Dịch vụ giặt ủi, Trung tâm thương mại, Dịch vụ phòng, Phù hợp với trẻ em, Nhà hàng, Xe đưa đón ra sân bay, Spa, Trung tâm thể dục, ","https://lh5.googleusercontent.com/p/AF1QipNOC5enuo842YQokcBhTKBBCoR-jxCTgF33kQYO, https://lh5.googleusercontent.com/p/AF1QipMLrncxvcuxKngmIJefx600y-whDVJ2KzkZLwaZ, https://lh5.googleusercontent.com/p/AF1QipMnlCfpfVwLtwnZPwkpyL_AXUhg99cr48-hMUDy, https://lh5.googleusercontent.com/p/AF1QipPgnSCJW0FqXJVLX3mDVt_HzWqXGVNpECXL1yJQ, "
Phoenix Resort Bac Ninh,"Khu 6 Đồi Pháo Thủ, P. Đáp Cầu, Bắc Ninh, 220000, Việt Nam","4,3",1.076,21.2010456,106.0562114,Bắc Ninh,Khách sạn 4 sao,1.125.585 ₫,Không có giảm giá,"Wi-Fi miễn phí, Bữa sáng miễn phí, Đỗ xe miễn phí, Bể bơi ngoài trời, Có điều hòa nhiệt độ, Dịch vụ giặt ủi, Dịch vụ phòng, Nhà hàng, Bồn tắm nước nóng, Spa, Trung tâm thể dục, ","https://lh5.googleusercontent.com/p/AF1QipNZ08NRsNLgS93p3ybNTHpZwgHaG3q-nfifPJ9y, https://lh5.googleusercontent.com/p/AF1QipO5reH1fW9NmHMi0Ln47jSbeRuaH8bOwpgrl-Ef, https://lh5.googleusercontent.com/p/AF1QipNvd-L1myO-ACWbrFI6GTzjE9GajkwWEHI8SeZ0, https://lh5.googleusercontent.com/p/AF1QipN8PxWPINXtXuJSSb1niy9ml-7CNUqhDGewylIx, "
Mandala Hotel & Spa Bac Ninh,"Đ. Kinh Dương Vương, Suối Hoa, Bắc Ninh, 220000, Việt Nam","4,4",319,21.2010456,106.0253124,Bắc Ninh,Khách sạn 4 sao,1.267.722 ₫,Ít hơn 26% so với bình thường,"Wi-Fi miễn phí, Bữa sáng miễn phí, Đỗ xe miễn phí, Bể bơi ngoài trời, Có điều hòa nhiệt độ, Dịch vụ giặt ủi, Dịch vụ phòng, Phù hợp với trẻ em, Nhà hàng, Bếp ở một số phòng, Xe đưa đón ra sân bay, Bồn tắm nước nóng, Spa, Trung tâm thể dục, ","https://lh5.googleusercontent.com/p/AF1QipNdlAemXiybh7rhA79UEt611-u84P5t2QX0rFPB, https://lh5.googleusercontent.com/p/AF1QipOFGTKEIwZ5W45sF3JlC7CCFMgnPX1aXsOGbmye, https://lh5.googleusercontent.com/p/AF1QipO1DRiq2vSVJH8FUmM-EWoa_m898965qZLi8YjW, https://lh5.googleusercontent.com/p/AF1QipODvylAA1gFKPcdYvxCN_lrZhBM7gGlsK_iskk5, "
Grand Phoenix Hotel Bac Ninh,"25 Đ. Lý Thái Tổ, Ngã Sáu, Bắc Ninh, 16000, Việt Nam","4,7",1.039,21.1762233,106.0325107,Bắc Ninh,Khách sạn 5 sao,1.660.246 ₫,Ít hơn 16% so với bình thường,"Wi-Fi miễn phí, Bữa sáng miễn phí, Đỗ xe miễn phí, Phù hợp cho người khuyết tật, Bể bơi ngoài trời, Có điều hòa nhiệt độ, Dịch vụ giặt ủi, Trung tâm thương mại, Dịch vụ phòng, Phù hợp với trẻ em, Nhà hàng, Bếp ở một số phòng, Xe đưa đón ra sân bay, Bồn tắm nước nóng, Spa, Trung tâm thể dục, Quán bar, Không hút thuốc, ","https://lh5.googleusercontent.com/p/AF1QipP4bk7Gr2f5q1EkU6-IDSfNz0WZXm9xJs_0yLeD, https://lh5.googleusercontent.com/p/AF1QipMw9HBlGkkqxAU3MU_wHUE163qhGs-N87LSYvhS, https://lh5.googleusercontent.com/p/AF1QipOK5Y1mD4RJ72qbHT0nye92pCXSMxDwaGlxy8g, https://lh5.googleusercontent.com/p/AF1QipMRMpIi5bvB_43pYkk717rtv_Qv9A2n4yVbd5T4, "
Le Indochina Hotel Bắc Ninh,"45 Nguyễn Đăng Đạo, Đại Phúc, Bắc Ninh, Việt Nam","4,0",620,21.1794937,106.0346636,Bắc Ninh,Khách sạn 4 sao,1.152.497 ₫,Ít hơn 22% so với bình thường,"Wi-Fi miễn phí, Bữa sáng miễn phí, Đỗ xe miễn phí, Phù hợp cho người khuyết tật, Bể bơi ngoài trời, Có điều hòa nhiệt độ, Dịch vụ giặt ủi, Trung tâm thương mại, Dịch vụ phòng, Phù hợp với trẻ em, Nhà hàng, Bếp ở một số phòng, Xe đưa đón ra sân bay, Bồn tắm nước nóng, Spa, Trung tâm thể dục, Quán bar, Không hút thuốc, ","https://lh5.googleusercontent.com/p/AF1QipPZ45nz-h1vUvJPRPTtMgkLXyxdE347beyS5XnC, https://lh5.googleusercontent.com/p/AF1QipMrQJ2BfMQGDiKssEOr4VDXFmzZV5zfxq5FXBu-, https://lh5.googleusercontent.com/p/AF1QipMnUWrcuhO4pb94u77t02L8IZUHUxFg-wru3j9B, https://lh5.googleusercontent.com/p/AF1QipPwkN7RRhhNK1UOPdr0bjVhuM0soCOXDDBTfsPf, "
Đèn Chùm Kinh Bắc,"54 Đ. Kinh Dương Vương, p, Bắc Ninh, 79000, Việt Nam","4,1",200,21.1843651,106.0450362,Bắc Ninh,Khách sạn 3 sao,642.030 ₫,Không có giảm giá,"Wi-Fi miễn phí, Bữa sáng miễn phí, Đỗ xe miễn phí, Có điều hòa nhiệt độ, Dịch vụ giặt ủi, Phù hợp với trẻ em, Nhà hàng, Xe đưa đón ra sân bay, ","https://lh5.googleusercontent.com/p/AF1QipMreqUFFvk0GhYAM3rjU_i7WbyQOWPFfbOXetzp, https://lh5.googleusercontent.com/p/AF1QipM0tWqjNKJYPw3w2UDWWQMxZHmCaLuAS2MniAr2, https://lh5.googleusercontent.com/p/AF1QipP_-JGxHgYnN5hx-yPOzg_MTesIoROjW3b8B0wx, https://lh5.googleusercontent.com/p/AF1QipMI_Arc0lG9qeQcfyEV2ZCNZB4P5gVcf254lZ-s, "
Khách sạn Hello Bắc Ninh - Hello Hotel Bac Ninh,"tòa nhà thương mại Thống Nhất, Đ. Lê Thái Tổ, Võ Cường, Bắc Ninh, 16000, Việt Nam","4,1",179,21.1843651,106.0141372,Bắc Ninh,Khách sạn 3 sao,756.017 ₫,Không có giảm giá,"Wi-Fi miễn phí, Bữa sáng miễn phí, Đỗ xe miễn phí, Có điều hòa nhiệt độ, Dịch vụ giặt ủi, Dịch vụ phòng, Phù hợp với trẻ em, Nhà hàng, Xe đưa đón ra sân bay, Quán bar, ","https://lh5.googleusercontent.com/p/AF1QipPPwXRaozZoEyQk9mpfdNAN3SNy5z2ImJFOnTDO, https://lh5.googleusercontent.com/p/AF1QipM2DdC0uOMJ7A58z5QEnxPf-yDMfalaijYKDo2e, https://lh5.googleusercontent.com/p/AF1QipP7IWY3KumSKAoSeni-XiwI53gthNhMu9N1i7RC, https://lh5.googleusercontent.com/p/AF1QipPLKzOG2JmBBS5rceXyAGs0lP_5K5yMxJGBkNYN, "
SKY HOTEL - KHÁCH SẠN BẮC NINH,"36 Nguyễn Quyền, Đại Phúc, Bắc Ninh, 16000, Việt Nam","5,0",70,21.1679993,106.0366491,Bắc Ninh,Khách sạn,332.817 ₫,Không có giảm giá,,"https://lh5.googleusercontent.com/p/AF1QipOWcobWSDQqKWtsa3eiMUaMiYDegyS7HrCCvnq_, https://lh5.googleusercontent.com/p/AF1QipM_KNEjHvUlNIg247tNuJnr5O2RavnwtEZUHSXl, https://lh5.googleusercontent.com/p/AF1QipOFL-_PjPs18NwALVBRQJv9UlzC5AALRf99l0wb, https://lh5.googleusercontent.com/p/AF1QipOT3mitfuEjOxQTtuIldODqPZjhxysrjlUWrz-O, "
Khách Sạn Haengbok,"51 P Lê Chân, Đại Phúc, Bắc Ninh, Việt Nam","4,3",47,21.1746499,106.0396307,Bắc Ninh,Khách sạn 3 sao,485.000 ₫,Không có giảm giá,"Wi-Fi miễn phí, Bữa sáng miễn phí, Có điều hòa nhiệt độ, Dịch vụ giặt ủi, Bếp ở một số phòng, ","https://lh5.googleusercontent.com/p/AF1QipOpeDpyal4-9K2Oo5BK-pyOtb787_4IVeMoQrtR, https://lh5.googleusercontent.com/p/AF1QipO0UpxvdLvzUIAikIUu4_zKO5EYGkYECZ3Ls3aK, https://lh5.googleusercontent.com/p/AF1QipNnfOMw-0zPhqNHR2nfsj1f4Pc7x1YrJzmeE4oU, https://lh5.googleusercontent.com/p/AF1QipMGytOfYc8EfgZ9usgX8VeDUqRpK0nTWKTmjL_r, "
Royal Phoenix Hotel Bac Ninh,"16 Đ. Phù Đổng Thiên Vương, Suối Hoa, Bắc Ninh, 16000, Việt Nam","4,9",58,21.1832782,106.0430223,Bắc Ninh,Khách sạn,1.243.986 ₫,Ít hơn 21% so với bình thường,"Wi-Fi miễn phí, Bữa sáng miễn phí, Đỗ xe miễn phí, Có điều hòa nhiệt độ, Dịch vụ giặt ủi, Xe đưa đón ra sân bay, Trung tâm thể dục, ","https://lh5.googleusercontent.com/p/AF1QipPTQ2I095JzBsOYdvK0fVq77GB2dyAADizPcbr8, https://lh5.googleusercontent.com/p/AF1QipMAixiuikal-rXaFteF0KbQfdF5IZeVIcfkMFLJ, https://lh5.googleusercontent.com/p/AF1QipP-dES-zKDnyse79NEhTdoAeVjG0xGXtWMES_EX, https://lh5.googleusercontent.com/p/AF1QipPpVjbEqtz_aEiflXK2U69F1YgEJvp-3BEPR4rm, "
Center hotel Bắc Ninh,"30 Đ. Kinh Dương Vương, p, Bắc Ninh, 16000, Việt Nam","3,5",19,21.1834131,106.0463458,Bắc Ninh,Khách sạn,644.898 ₫,Không có giảm giá,,"https://lh5.googleusercontent.com/p/AF1QipNxVJClcMa707MZkt284GpUjlGma6QNjvUZ5YbY, https://lh5.googleusercontent.com/p/AF1QipPaIEIChGXcvbxy6nIRORy2P-s27JtGXM00SoY-, https://lh5.googleusercontent.com/p/AF1QipNQn7S-twdFoAzE_Xg0LFmZ__Bou1PLTwBnoqPF, https://lh5.googleusercontent.com/p/AF1QipOzIozkP_D1j4aEe3TgQI-GFet2waEtf0Lj19mG, "
Senna Wellness Retreat,"122 Trần Lựu, P. Thị Cầu, Bắc Ninh, 10000, Việt Nam","4,8",162,21.1968565,106.0555131,Bắc Ninh,Khách sạn 4 sao,1.844.038 ₫,Ít hơn 17% so với bình thường,"Wi-Fi miễn phí, Đỗ xe miễn phí, Bể bơi, Có điều hòa nhiệt độ, Dịch vụ giặt ủi, Chấp nhận vật nuôi, Nhà hàng, Xe đưa đón ra sân bay, Bồn tắm nước nóng, Spa, ","https://lh5.googleusercontent.com/p/AF1QipN7ssnOlmRPoEqPtpwoMasvE8TgWoR5K6x5InqK, https://lh5.googleusercontent.com/p/AF1QipPjDQackbxZ-0u3RciH0UhAyTKjhJdxzgtHNG3a, https://lh5.googleusercontent.com/p/AF1QipPZtH6AYXxfohbx2ox3_p5Vbg-Bvl6BHayOOZg7, https://lh5.googleusercontent.com/p/AF1QipMnSUcPCX2yf8GlAv09-sqPrIfOQufAdkvLoYyj, "
Orange phoenix hotel 桔子酒店,"286 Đ. Hàn Thuyên, Suối Hoa, Bắc Ninh, Việt Nam","4,0",5,21.1836993,106.0435353,Bắc Ninh,Khách sạn,877.820 ₫,Không có giảm giá,,"https://lh5.googleusercontent.com/p/AF1QipNveEyQbMGYf_6sMqulNfx1Y4Bo-VRg09dQQiGf, https://lh5.googleusercontent.com/p/AF1QipOwNrtWdc2V8VN1WP__mVO0nmeqlSxsFEjBrVTx, https://lh5.googleusercontent.com/p/AF1QipNveEyQbMGYf_6sMqulNfx1Y4Bo-VRg09dQQiGf, "
Luxury Phoenix Hotel,"City, 288 Đ. Hàn Thuyên, Suối Hoa, Bắc Ninh, Việt Nam","4,3",38,21.1843508,106.0441633,Bắc Ninh,Khách sạn,888.380 ₫,Không có giảm giá,,"https://lh5.googleusercontent.com/p/AF1QipNoGS4CgwznY_wezUUrB4eEhxTvOYj5iVc9OBLq, https://lh5.googleusercontent.com/p/AF1QipM9YKQEiIu5bGqUHdTUlEa2aUa1xWqXRs8UCF43, https://lh5.googleusercontent.com/p/AF1QipNmMZAJyhi9h8gdsi5LbTN77oQ--E0tUbkmpBaO, https://lh5.googleusercontent.com/p/AF1QipOEG_QaMQsa-p2Cxz7xjeSSsw3Ox8UyUZXgzCJw, "
Cát Tường Hotel,"Đường Nguyễn Văn Cừ, Võ Cường, Bắc Ninh, 16000, Việt Nam","4,5",32,21.1843508,106.0132643,Bắc Ninh,Khách sạn 3 sao,700.000 ₫,Không có giảm giá,"Wi-Fi miễn phí, Đỗ xe miễn phí, Bể bơi, Dịch vụ giặt ủi, Nhà hàng, Bếp ở một số phòng, ","https://lh5.googleusercontent.com/p/AF1QipM1fwq56EWgvZVZIRNHIbZL5oV1WjJwjI4je42C, https://lh5.googleusercontent.com/p/AF1QipMatdrYKYlUPi0vdq4xk7BmWHgXsYpo9Rh7aq3Z, https://lh5.googleusercontent.com/p/AF1QipPKvFNPSiYMOgPi8KkS8sMhrZWwAIBes7WEYDcD, https://lh5.googleusercontent.com/p/AF1QipMuKYF38vQOB5MpND69tgX-7-3-tFWqklF9Y7px, "
Charming Hotel,"3 Đ. Lê Thái Tổ, Võ Cường, Bắc Ninh, Việt Nam","4,2",90,21.1718393,106.0257472,Bắc Ninh,Khách sạn 3 sao,772.506 ₫,Không có giảm giá,"Wi-Fi miễn phí, Bữa sáng miễn phí, Có điều hòa nhiệt độ, Dịch vụ giặt ủi, Phù hợp với trẻ em, Nhà hàng, Xe đưa đón ra sân bay, ","https://lh5.googleusercontent.com/p/AF1QipMbe6-odbLYXlI96pUMCfdc5Y4hLafqo12GQW6w, https://lh5.googleusercontent.com/p/AF1QipNfSzXBuNLaEaBOMMModK2o6HmZnQPMBKUBloDb, https://lh5.googleusercontent.com/p/AF1QipNpI8D4Rd5ayulRJqtI9REcLyosJcQ1lcd19I3S, https://lh5.googleusercontent.com/p/AF1QipPDhgIaSQT_9yIBRe4xY-mdAqGc6eQtO9ZzNN0y, "
维也纳酒店- Khách sạn WEIYENA HUANGJIA,"Số 32, 34, 36, Đ. Lê Thái Tổ, Võ Cường, Bắc Ninh, 16000, Việt Nam","3,7",3,21.172114,106.0254058,Bắc Ninh,Khách sạn,794.733 ₫,Không có giảm giá,,"https://lh5.googleusercontent.com/p/AF1QipNY4Dl3tZXPSYOvICrKpFzoUeCbV_j0XZ5M9OT6, https://lh5.googleusercontent.com/p/AF1QipNUcXZd4GO4p5rtBcGAPrZ5F0PO-W3kTuoHcS0k, https://lh5.googleusercontent.com/p/AF1QipOBmhHOKsCq1CoBb6AmRqK3Pjhr8nCvwHZeVAVd, https://lh5.googleusercontent.com/p/AF1QipMVwiWorsSFJsIgOol610UCEXld2IpFRhUCU09E, "
Lucky Phoenix Hotel & Apartment,"286 Đ. Hàn Thuyên, Suối Hoa, Bắc Ninh, Việt Nam","3,7",14,21.1837112,106.0435635,Bắc Ninh,Khách sạn,742.974 ₫,Không có giảm giá,"Wi-Fi miễn phí, Đỗ xe miễn phí, Có điều hòa nhiệt độ, Dịch vụ giặt ủi, Bếp trong tất cả các phòng, ","https://lh5.googleusercontent.com/p/AF1QipO9uXx6xysex_ST8ilibHNNASRcJf0HkhI7RxR6, https://lh5.googleusercontent.com/p/AF1QipNfq4S98pIARatAl02_F6-fYtRIUK5_OcrbqgXP, https://lh5.googleusercontent.com/p/AF1QipNRqZmLS0MUek2vCC0Lw8GAnczHgnEly3dIKth4, https://lh5.googleusercontent.com/p/AF1QipPWzcKMMzOAOF6zpeHbzY9uGYbvUPA6KzsUpCU6, "
Ben Tre Riverside Resort,"708 Đ. Nguyễn Văn Tư, Phường 7, Bến Tre, Việt Nam","4,3",1.681,10.2219745,106.2055655,Bến Tre,Khách sạn 4 sao,788.000 ₫,Ít hơn 20% so với bình thường,"Wi-Fi miễn phí, Bữa sáng miễn phí, Đỗ xe miễn phí, Phù hợp cho người khuyết tật, Bể bơi ngoài trời, Có điều hòa nhiệt độ, Dịch vụ giặt ủi, Trung tâm thương mại, Dịch vụ phòng, Phù hợp với trẻ em, Nhà hàng, Xe đưa đón ra sân bay, Trung tâm thể dục, Quán bar, ","https://lh5.googleusercontent.com/p/AF1QipMchhmLzszCLd4mzhgeyxR5-dnHuaAW9Noo2JAY, https://lh5.googleusercontent.com/p/AF1QipPKC10W9VOvB_MhCvdxyQKRJtWBVKgnRtigJPaw, https://lh5.googleusercontent.com/p/AF1QipOExMRCYOfoCUGckMxnSEmi8Hwgzsck1Kfsj-4w, https://lh5.googleusercontent.com/p/AF1QipN7Zb3smdeNZHAI9VUqIeWbCCsq1znQFH0zrUaw, "
Diamond Stars Hotel Bến Tre,"140 Hùng Vương, An Hoi Ward, Bến Tre, 86000, Việt Nam","4,5",693,10.2347564,106.231346,Bến Tre,Khách sạn 4 sao,886.897 ₫,Ít hơn 25% so với bình thường,"Wi-Fi miễn phí, Bữa sáng miễn phí, Đỗ xe miễn phí, Phù hợp cho người khuyết tật, Bể bơi ngoài trời, Có điều hòa nhiệt độ, Dịch vụ giặt ủi, Nhà hàng, Xe đưa đón ra sân bay, Spa, ","https://lh5.googleusercontent.com/p/AF1QipNZ0delb2kz5bSDraT96-zpYf6G-1ZIKLEXnRZU, https://lh5.googleusercontent.com/p/AF1QipOiKcE4IJP2cFE91FDMnxWUX9X0p6t_3RdDiIb8, https://lh5.googleusercontent.com/p/AF1QipNL7gxWO90wbLzHBC6VdCIXGf556W7cPJMl3BUW, https://lh5.googleusercontent.com/p/AF1QipMhenRbv38mGE4t3cauHl4KVKcsBrd4j47MHx2a, "
Nhà Nghỉ Hoa Lan Phường 8 Bến Tre,"292B3 Thầy Cai, Phường 8, Bến Tre, 86000, Việt Nam","4,9",31,10.2391369,106.2465143,Bến Tre,Khách sạn,327.005 ₫,Không có giảm giá,"Wi-Fi miễn phí, Đỗ xe miễn phí, Dịch vụ giặt ủi, Bếp ở một số phòng, ","https://lh5.googleusercontent.com/p/AF1QipM7uUdV7Phh3bberE0Obg-Ur2EFE5j76Nm21RZP, https://lh5.googleusercontent.com/p/AF1QipOGDCNP_pjxOL5BUqmoowYLqDLLrpsuFa9LJsJQ, https://lh5.googleusercontent.com/p/AF1QipP_0-C_y-1A7UlNwGk4yB2i2HCMLTrPujXsirbd, https://lh5.googleusercontent.com/p/AF1QipNFeCF2YKCOwsOzhsqHZzm0GCYmec0j3n0PHoib, "
Khách Sạn Việt-Úc,"City 144 Hùng Vương, Hùng Vương/144 Ward, Street, Bến Tre, Việt Nam","4,0",760,10.2346786,106.2307962,Bến Tre,Khách sạn 3 sao,831.386 ₫,Không có giảm giá,"Wi-Fi miễn phí, Bữa sáng miễn phí, Đỗ xe miễn phí, Phù hợp cho người khuyết tật, Có điều hòa nhiệt độ, Dịch vụ giặt ủi, Dịch vụ phòng, Phù hợp với trẻ em, Nhà hàng, Xe đưa đón ra sân bay, Spa, ","https://lh5.googleusercontent.com/p/AF1QipNbz7ttFkIUGwzqwQe9EPcNEk2LBzsM3O_azeOg, https://lh5.googleusercontent.com/p/AF1QipNffA5TmzrbjyAJ8DCGKP-PfndSAEP4TU3qZVw3, https://lh5.googleusercontent.com/p/AF1QipPWitxa1j361o6CT4BS3DqMAiqrArm1bBWlznKs, https://lh5.googleusercontent.com/p/AF1QipO6t5JzLz8nqcJHNOhIgOgARN2B9RYClcM3LJUf, "
Mekong Hotel,"232 Đại Lộ Đồng Khởi, P, Bến Tre, Việt Nam","3,6",287,10.2563237,106.2214124,Bến Tre,Khách sạn 2 sao,319.665 ₫,Không có giảm giá,"Wi-Fi miễn phí, Đỗ xe miễn phí, Có điều hòa nhiệt độ, Dịch vụ giặt ủi, Chấp nhận vật nuôi, ","https://lh5.googleusercontent.com/p/AF1QipPtQdeR2wbs6UM3X4d28NedaLLzx6LvYfwjBz6V, https://lh5.googleusercontent.com/p/AF1QipNkgSfFSfn1N8U7Hx-CgKGfXWQniwxBOnlO1Nak, https://lh5.googleusercontent.com/p/AF1QipNi3p_WsE7KViAEO6_k9j2mWKv5qEPbMRh4baZG, https://lh5.googleusercontent.com/p/AF1QipMXpDwNtC27hJSEJgCHFEDkQNEtbDHvli1qCYWO, "
Khách sạn Hàm Luông,"200c Hùng Vương, Phường 5, Bến Tre, 930000, Việt Nam","4,0",221,10.2339935,106.2246742,Bến Tre,Khách sạn 3 sao,642.313 ₫,Không có giảm giá,"Wi-Fi miễn phí, Bữa sáng miễn phí, Bãi đỗ xe, Có điều hòa nhiệt độ, Dịch vụ giặt ủi, Nhà hàng, ","https://lh5.googleusercontent.com/p/AF1QipOHYSllO_Ub0lujVJz9awovtL1hCdJQmZVu4vpf, https://lh5.googleusercontent.com/p/AF1QipPgwXf_A4SLw968a9zsKm4kHs_Qve-ogfi8WpKP, https://lh5.googleusercontent.com/p/AF1QipPaM67Xe-gA41rSHRkybNfZW1221Itm13M71kD3, https://lh5.googleusercontent.com/p/AF1QipMJclLdDoIEb2IuQeAt-N4O21rt2ppVwTqtMqrb, "
Haven Nest Retreat (Bến Tre),"Ấp 2B, Bến Tre, 100000, Việt Nam","4,9",38,10.1965856,106.2515072,Bến Tre,Khách sạn,Không có giá,Không có giảm giá,,"https://lh5.googleusercontent.com/p/AF1QipOGc8y1iFMfDZnjUUujRKjHeSTf-KoD3dYky64O, https://lh5.googleusercontent.com/p/AF1QipMXkWbaHATrPam-WcUPQBQnsvSelqJr5DVCTD5t, https://lh5.googleusercontent.com/p/AF1QipNx2Kh820R2eTSYgePXAWEZ8yhFrm_Q8Epp8ewR, https://lh5.googleusercontent.com/p/AF1QipP2C6MKdSwmeewb5jWDjK4g-ZA3u31cTzxhYi4k, "
Mango Home Riverside,"Nghia Huan Hamlet, My Thanh Village, Giong Trom, Bến Tre, Việt Nam","4,4",434,10.225202,106.2714694,Bến Tre,Khách sạn 3 sao,755.000 ₫,Ít hơn 16% so với bình thường,"Wi-Fi miễn phí, Bữa sáng miễn phí, Đỗ xe miễn phí, Bể bơi ngoài trời, Có điều hòa nhiệt độ, Dịch vụ giặt ủi, Phù hợp với trẻ em, Nhà hàng, Xe đưa đón ra sân bay, ","https://lh5.googleusercontent.com/p/AF1QipNKDp5vBu3NYjZdt3R_2juajU8ZnVjUQid9g_dO, https://lh5.googleusercontent.com/p/AF1QipPVvAy7nGBekh4Rr5MGM5BA3bli5CYfn-CYvolI, https://lh5.googleusercontent.com/p/AF1QipMFPSi5hOR9zsdq7BAYGP-0AuqDSjr8Fp4SWMyz, https://lh5.googleusercontent.com/p/AF1QipOFvkD4NSM-u9XdFyphzohujOasa30oWOpQ-1ou, "
Nhà nghỉ Trúc Mây,"133A2 Võ Văn Phẩm, Bình Phú, Bến Tre, Việt Nam","4,8",263,10.225202,106.1478733,Bến Tre,Khách sạn,Không có giá,Không có giảm giá,"Wi-Fi miễn phí, Đỗ xe miễn phí, Dịch vụ giặt ủi, Bếp ở một số phòng, ","https://lh5.googleusercontent.com/p/AF1QipP43WunELGpYpgN0opyT0PNXmzphSif_c1cfEnq, https://lh5.googleusercontent.com/p/AF1QipPYVYm_eqJVunbFet_4s6SDLIFp6pAs3rZlyuYH, https://lh5.googleusercontent.com/p/AF1QipMTjFNFOunjbyjzBxVCdJPVnU0c5__FKkdLlSBE, https://lh5.googleusercontent.com/p/AF1QipOBlTFLn7QobhhPtrkbJLACUdXV02vUJvEPuhEp, "
KHÁCH SẠN VINHOMES HUỲNH - HOTEL,"949B ĐT887, Ấp 2, Bến Tre, 86122, Việt Nam","4,7",81,10.2136897,106.2232664,Bến Tre,Khách sạn,239.686 ₫,Không có giảm giá,,"https://lh5.googleusercontent.com/p/AF1QipP5cRKDSWA7K4thw5fInJcHJ19idfez_qxuZtq4, https://lh5.googleusercontent.com/p/AF1QipNABbKqil2-vopIr346e1km-YCX54tCHNh9mmxH, https://lh5.googleusercontent.com/p/AF1QipMVRUg_zQB4D4anb4a29rcXm4wQfFjFwvW1n3CL, https://lh5.googleusercontent.com/p/AF1QipM9doUSi-zWYpmtVp-y5gCQ3HIK5CCUB8jWHxvg, "
Forever Green Resort,"Ấp Phú Khương, Châu Thành, Bến Tre, Việt Nam","4,4",464,10.2136897,106.0996703,Bến Tre,Khách sạn 4 sao,1.192.353 ₫,Ít hơn 23% so với bình thường,"Wi-Fi miễn phí, Bữa sáng miễn phí, Đỗ xe miễn phí, Bể bơi ngoài trời, Có điều hòa nhiệt độ, Dịch vụ giặt ủi, Dịch vụ phòng, Phù hợp với trẻ em, Nhà hàng, Bồn tắm nước nóng, Spa, Trung tâm thể dục, ","https://lh5.googleusercontent.com/p/AF1QipMTby5ntj2NvLEQBJSmIvYxPvyICyUGovPaf6F7, https://lh5.googleusercontent.com/p/AF1QipPkQqVCvtXd37pwIclkrfwVLKqo_tkittIlZYgt, https://lh5.googleusercontent.com/p/AF1QipN7p4dYUSi3loSMf_vpw7qXRcEO1__xObZSQ9lZ, https://lh5.googleusercontent.com/p/AF1QipOWt0_0YpHicxMyRoUzb1V5FaZq3Zvs-GK2U1IN, "
Hotel Điêu Thuyền,"18a9 Trương Định, Phường 6, Bến Tre, 86000, Việt Nam","4,6",27,10.2475106,106.2122241,Bến Tre,Khách sạn,Không có giá,Không có giảm giá,,"https://lh5.googleusercontent.com/p/AF1QipP5Lebb1V2DnI9Szc9SMc6zmFQxUzFaAnAP5mcQ, https://lh5.googleusercontent.com/p/AF1QipM24rQZD9LfK9FxTECflzJYKMsKll5KFSWwIbym, https://lh5.googleusercontent.com/p/AF1QipMlZgtDQ96bvQbrq_xw9KuQOZ-RhGEVfVoEca45, https://lh5.googleusercontent.com/p/AF1QipMkiZec_zs8MnfzVKR0ICJaN60FzmEfQcrfU6ov, "
La villa de Coco Bến tre,"ấp phú khương, Châu Thành, Bến Tre 86000, Việt Nam","4,7",66,10.3044397,106.1200078,Bến Tre,Khách sạn,1.596.048 ₫,Không có giảm giá,,"https://lh5.googleusercontent.com/p/AF1QipN34DCi4OiJx8UcrzIXMzLPjgfhte22tdihYPJ4, https://lh5.googleusercontent.com/p/AF1QipPWROSGhDSlSzDZy2bKH_UR42Q7-P9eE3twrhpV, https://lh5.googleusercontent.com/p/AF1QipORHHg3ujLSUdY6AZ_G0PshXZ9GUJRkmP47EYpm, https://lh5.googleusercontent.com/p/AF1QipOaoFHx1EyRvXiimPwNLjGEa7M2bSMlt--B-RRq, "
Mekong Home,"Ấp 9, Xã Phước Long, Huyện Giồng Trôm, Bến Tre, 930000, Việt Nam","4,7",322,10.1575863,106.2453108,Bến Tre,Khách sạn,Không có giá,Không có giảm giá,"Wi-Fi miễn phí, Bữa sáng miễn phí, Đỗ xe miễn phí, Bể bơi ngoài trời, Có điều hòa nhiệt độ, Dịch vụ giặt ủi, Phù hợp với trẻ em, Nhà hàng, Bếp ở một số phòng, Xe đưa đón ra sân bay, Quán bar, ","https://lh5.googleusercontent.com/p/AF1QipPk3nHy_03klOHEohZO00N3bI5Nr8JtWKDWS-O6, https://lh5.googleusercontent.com/p/AF1QipOTavuEct7ktq5EIPpqISLJjrPyDnr7iV0CZ58, https://lh5.googleusercontent.com/p/AF1QipOt74bABG9lCpZP-nOxnMkC0Y0oZDfMO_K9wItZ, https://lh5.googleusercontent.com/p/AF1QipP0OlNrlaFta-nuvaml6_yDOBN3uwAWfidVgiDL, "
Nhà Nghỉ Ngọc Duy Bến Tre,"61b ấp Phú hữu, Hữu Định, Châu Thành, Bến Tre 86000, Việt Nam","4,5",108,10.2786647,106.2123271,Bến Tre,Khách sạn,Không có giá,Không có giảm giá,"Wi-Fi miễn phí, Đỗ xe miễn phí, Có điều hòa nhiệt độ, Dịch vụ giặt ủi, Chấp nhận vật nuôi, Xe đưa đón ra sân bay, ","https://lh5.googleusercontent.com/p/AF1QipM3FHRZhYeujwIBkCaXjnroNdc3oLqeTvQnzBn8, https://lh5.googleusercontent.com/p/AF1QipONIfaQ79cg8Iaa8hyHH69aAPexNYRB7HbPcPVk, https://lh5.googleusercontent.com/p/AF1QipP-zwUroeSnu5wudW20gAscVoSINb1uMWDoA1wP, https://lh5.googleusercontent.com/p/AF1QipM3FHRZhYeujwIBkCaXjnroNdc3oLqeTvQnzBn8, "
Quoc Phuong Riverside Homestay,"Phú Túc, Châu Thành, Bến Tre, Việt Nam","4,7",179,10.2786647,106.088731,Bến Tre,Khách sạn 2 sao,612.000 ₫,Không có giảm giá,"Wi-Fi miễn phí, Bữa sáng miễn phí, Đỗ xe miễn phí, Bể bơi ngoài trời, Có điều hòa nhiệt độ, Dịch vụ giặt ủi, Phù hợp với trẻ em, Nhà hàng, ","https://lh5.googleusercontent.com/p/AF1QipPW362FUqGqo5noY5Ov2KzKB0tjRlX4EsdaCJmh, https://lh5.googleusercontent.com/p/AF1QipPl3kY1BMhuOG-mLRItUQciyNh7ANnfjiXJGvBn, https://lh5.googleusercontent.com/p/AF1QipMNMrpCmvZ30PpD9chsLpLcHLI4syGPi-d6f2F6, https://lh5.googleusercontent.com/p/AF1QipOXIAWmmdDYdez77rHmBvfV1aafrlYHBCndO2YM, "
Khách sạn Huỳnh Thảo,"69c Đồng Văn Cống, Bình Phú, Bến Tre, Việt Nam","4,4",229,10.2425465,106.2111759,Bến Tre,Khách sạn,724.878 ₫,Không có giảm giá,"Wi-Fi miễn phí, Bữa sáng miễn phí, Đỗ xe miễn phí, Có điều hòa nhiệt độ, Dịch vụ giặt ủi, Phù hợp với trẻ em, Nhà hàng, ","https://lh5.googleusercontent.com/p/AF1QipOK2Y86noPpoNcnX1vSJHu5RZyIvAkugfYr340m, https://lh5.googleusercontent.com/p/AF1QipP-G2PNNfrbpyI9443SqEzakCpuJC0gHG3sSrlU, https://lh5.googleusercontent.com/p/AF1QipO3rbqHVP8CE-g_pfCT0oYvYUFxkbjEJHNpLQjL, https://lh5.googleusercontent.com/p/AF1QipMEjFdaha3BTnoBLjBGn4QwwO-14k1BWAW0fP3O, "
HÒANG HÔN HOMESTAY,"117/4B Trần Văn Cầu, Mỹ Thạnh An, Bến Tre, Việt Nam","4,7",43,10.2179335,106.2152179,Bến Tre,Khách sạn,351.049 ₫,Không có giảm giá,"Có điều hòa nhiệt độ, ","https://lh5.googleusercontent.com/p/AF1QipPKjdY-nxJixtW-mvHQoZMOEDmWJQYMHoUBsgxa, https://lh5.googleusercontent.com/p/AF1QipPFsGLIDicKJ-lTZJY0pPHjYkriN2XyokDmJoJ0, https://lh5.googleusercontent.com/p/AF1QipOlkYb9wBruH8yYPEPWxXAscTA6HAlCfLtadnkD, https://lh5.googleusercontent.com/p/AF1QipMxGEY91n3lAnNxOLhWSiwHdnaiPU4_nsVElHkz, "
Khách Sạn Hùng Long,"tỉnh lộ 885 ấp 1 xã, Lương Hoà, Giồng Trôm, Bến Tre, Việt Nam","4,1",185,10.2182428,106.2968507,Bến Tre,Khách sạn,301.788 ₫,Không có giảm giá,"Wi-Fi miễn phí, Đỗ xe miễn phí, Có điều hòa nhiệt độ, Dịch vụ giặt ủi, Bếp ở một số phòng, ","https://lh5.googleusercontent.com/p/AF1QipMk-2CEW2OtzxUQ_x8dT5SyNwv124hUy9IuF0x3, https://lh5.googleusercontent.com/p/AF1QipNckP_KEyAEHBYQ0SKmzdU5VBP8pjSnAAvm_vrX, https://lh5.googleusercontent.com/p/AF1QipNiSWMFpBlJuH70vpodBWHjKdruHCdlM3aZtFlD, https://lh5.googleusercontent.com/p/AF1QipMY5Q80zZqMii4Qujh8SPXUPdEiSZqUaXdMQOSy, "
SPRING HOTEL,"27D Đ. N2, Lái Thiêu, Thuận An, Bình Dương 75000, Việt Nam","4,3",148,10.9059752,105.557051,Bình Dương,Khách sạn 3 sao,334.305 ₫,Không có giảm giá,"Wi-Fi miễn phí, Có điều hòa nhiệt độ, Dịch vụ giặt ủi, Phù hợp với trẻ em, ","https://lh5.googleusercontent.com/p/AF1QipMsRxAXwbD7ARbzphVObpi_8Gq-wJQGw_Fw-mx2, https://lh5.googleusercontent.com/p/AF1QipNMgX56dw1i14AERUc1SgxrSpK9eNCkjr_he_QQ, https://lh5.googleusercontent.com/p/AF1QipODT-14qvZG5ivfzRvU7H2Nk7twHgYxdCNSkm0p, https://lh5.googleusercontent.com/p/AF1QipP_p1SobT9XbInY9nhiMBnuesyyOT80ZtVrJ8wt, "
Thịnh Gia Hotel Bến Cát,"Lô 95 - 96a Đường NF1, khu phố 7, Bến Cát, Bình Dương 75900, Việt Nam","4,9",133,11.1404938,105.4758325,Bình Dương,Khách sạn,380.409 ₫,Không có giảm giá,"Wi-Fi miễn phí, Đỗ xe miễn phí, Có điều hòa nhiệt độ, Dịch vụ giặt ủi, Bếp ở một số phòng, ","https://lh5.googleusercontent.com/p/AF1QipPpLUPcN7YPukO1DD69CNpdwiJ78KRcMBeCICR2, https://lh5.googleusercontent.com/p/AF1QipMBQuCqtnt5_1CyEw5TteTrCYVnFClSQmU3l_ZM, https://lh5.googleusercontent.com/p/AF1QipNSMd-6_vlrPab0yZ1xE-6DR0HvhdXF6QYQ73H_, https://lh5.googleusercontent.com/p/AF1QipMKwUUpaIv8QWe69ZqWBf34VyMdp4hl0FvRA9Tp, "
Hotel Hoàng Minh Châu,"39 NE8, Phường, Bến Cát, Bình Dương 75900, Việt Nam","3,7",106,11.0969733,105.4844555,Bình Dương,Khách sạn,245.100 ₫,Ít hơn 15% so với bình thường,"Wi-Fi miễn phí, Đỗ xe miễn phí, Có điều hòa nhiệt độ, Dịch vụ giặt ủi, Dịch vụ phòng, ","https://lh5.googleusercontent.com/p/AF1QipOBhDaKOKqz1llzvMjGn6hCNJHFI32XrTcBLJEk, https://lh5.googleusercontent.com/p/AF1QipN3D4BfcQy1cTYkbBf6mpA8cAZxqloLGMCcE5jt, https://lh5.googleusercontent.com/p/AF1QipOL7lnwufLKUBF5jZCU6T77qFlrev4XkbXDk_cu, https://lh5.googleusercontent.com/p/AF1QipNStCpSZmazTLXU6u_sMt8FG6gRCiYRqD1gJRdo, "
Khách Sạn Khang Điền,"L6 An Dương Vương, Phú Chánh, Thủ Dầu Một, Bình Dương 820000, Việt Nam","4,5",72,11.0722376,105.5294579,Bình Dương,Khách sạn,379.397 ₫,Không có giảm giá,"Wi-Fi miễn phí, Đỗ xe miễn phí, Có điều hòa nhiệt độ, Dịch vụ giặt ủi, ","https://lh5.googleusercontent.com/p/AF1QipOeORdqt6v55g_GXHDnT4ilurbAvmfvb54py9ZE, https://lh5.googleusercontent.com/p/AF1QipOyeR0yqXVL54dt8VyZa4UUZCGrpEFXy6c1j7cN, https://lh5.googleusercontent.com/p/AF1QipM9e5axuo3EwL5sjjkSlWu_W-tYX4tkq7H5PX1W, https://lh5.googleusercontent.com/p/AF1QipN_o41NbKYfwx8JdOP5BtRuzbuQGaSK5U6RHu4U, "
Âu Lạc Hotel - 欧乐酒店,"Đường DA 1-2, Mỹ Phước, Bến Cát, Bình Dương, Việt Nam","3,9",284,11.1320016,105.4610368,Bình Dương,Khách sạn 2 sao,177.772 ₫,Ít hơn 20% so với bình thường,"Wi-Fi miễn phí, Đỗ xe miễn phí, Có điều hòa nhiệt độ, Dịch vụ giặt ủi, Chấp nhận vật nuôi, Nhà hàng, ","https://lh5.googleusercontent.com/p/AF1QipN728eH10FuRjx22b13MHKlqkp3x5Y7Zmt-CSXw, https://lh5.googleusercontent.com/p/AF1QipO2Hv9FT6tnkJ8AjuGS8eT9U2yTtSkx5yVmOK6c, https://lh5.googleusercontent.com/p/AF1QipM1fxKHYYgvG1Pxb_OuNvMLgUr5vDSL5MnI7AkP, https://lh5.googleusercontent.com/p/AF1QipPR0Xk_K1KI7_caFJg-yiA8dMM3IS6-YysYB92Z, "
"Khách Sạn Long Bảo Châu ( Thủ Dầu Một, Bình Dương )","9 Đường D10, Chánh Nghĩa, Thủ Dầu Một, Bình Dương 821130, Việt Nam","3,8",319,10.972514,105.5096098,Bình Dương,Khách sạn 3 sao,400.000 ₫,Không có giảm giá,"Wi-Fi miễn phí, Bữa sáng miễn phí, Đỗ xe miễn phí, Có điều hòa nhiệt độ, Dịch vụ giặt ủi, Dịch vụ phòng, Phù hợp với trẻ em, Nhà hàng, Xe đưa đón ra sân bay, Trung tâm thể dục, Quán bar, Không hút thuốc, ","https://lh5.googleusercontent.com/p/AF1QipOcF9HMYGcFWMYz7OgYyVBmvnOK8255vAAgZkuG, https://lh5.googleusercontent.com/p/AF1QipMYokwv7jgTXVT7bFx_Kf_cu6c2OtvufJbgD-0t, https://lh5.googleusercontent.com/p/AF1QipOlCeEPTpCVG2xifjVvroccLDf9GVXCiV9vJxnb, https://lh5.googleusercontent.com/p/AF1QipM_PQco3N8fmnsewUlZnk_SOECrujHIMyHXKY7f, "
Khai Hoan Luxury Hotel,"TC1, Mỹ Phước 2, Bến Cát, Bình Dương 825560, Việt Nam","4,8",117,11.1249319,105.4611071,Bình Dương,Khách sạn 2 sao,377.372 ₫,Không có giảm giá,"Wi-Fi miễn phí, Đỗ xe miễn phí, Có điều hòa nhiệt độ, Dịch vụ giặt ủi, Xe đưa đón ra sân bay, ","https://lh5.googleusercontent.com/p/AF1QipMNEmGpe0MPL6sf9tpJcB8BFMs5-X8-lDEh2Vvd, https://lh5.googleusercontent.com/p/AF1QipPM44m7f1o3WYMH3HzZqpb_gLFatpnIdsDLGyRs, https://lh5.googleusercontent.com/p/AF1QipOeILkxQkR-jyhcCyYP3Xtt4iTVlR1hdpoAlVof, https://lh5.googleusercontent.com/p/AF1QipNiq3JLV6jAmr3JUgE7mDlKvRY7jPoHlfqQGAem, "
Elizabeth Hotel,"39A Trần Văn Ơn, Phú Hoà, Thủ Dầu Một, Bình Dương 75000, Việt Nam","4,4",402,10.9739125,105.5213282,Bình Dương,Khách sạn,884.959 ₫,Không có giảm giá,"Wi-Fi miễn phí, Bữa sáng miễn phí, Đỗ xe miễn phí, Phù hợp cho người khuyết tật, Bể bơi ngoài trời, Có điều hòa nhiệt độ, Dịch vụ giặt ủi, Trung tâm thương mại, Dịch vụ phòng, Phù hợp với trẻ em, Nhà hàng, Bếp ở một số phòng, Xe đưa đón ra sân bay, ","https://lh5.googleusercontent.com/p/AF1QipOcL09DgUy9_7xXVhy2YgUjkmm1ZmrX4kJlGS_m, https://lh5.googleusercontent.com/p/AF1QipPXmW_pMazsja1qGsDO_KPsltuV4Envyi-rew3_, https://lh5.googleusercontent.com/p/AF1QipP6zbypYfdD_ineCaKcEJCc2YSq4WgGUk6DAJ66, https://lh5.googleusercontent.com/p/AF1QipMGfmLNwctZq2EAXZILyGUuyRofPpRjouo6iLNs, "
Anna Hotel,"NE8 Duong KL3, Mỹ Phước, Bình Dương, 75000, Việt Nam","4,2",22,11.0968039,105.4797861,Bình Dương,Khách sạn,418.500 ₫,Không có giảm giá,"Wi-Fi miễn phí, Dịch vụ giặt ủi, Chấp nhận vật nuôi, Dịch vụ phòng, Bếp ở một số phòng, Quán bar, ","https://lh5.googleusercontent.com/p/AF1QipNoCzuNq_EwQ5mRb0ftk-Tm-Em2YqBNmLQwZ2h4, https://lh5.googleusercontent.com/p/AF1QipNjQlzzxsGv0t1FPMpf8zs2zFpFsqWGyRZ5PXlt, https://lh5.googleusercontent.com/p/AF1QipO4xeau9gFPyvNMZNLpUxbj5LCL1U1mDOofNbSu, https://lh5.googleusercontent.com/p/AF1QipNLGVVjvyv4TwZx9aWs4k9Q8YFTnTObQh0CPdEh, "
The Mira Hotel,"555B Đại lộ Bình Dương, Hiệp Thành, Thủ Dầu Một, Bình Dương, Việt Nam","4,3",2.068,10.9869557,105.5111962,Bình Dương,Khách sạn 5 sao,1.123.759 ₫,Không có giảm giá,"Wi-Fi miễn phí, Bữa sáng miễn phí, Đỗ xe miễn phí, Phù hợp cho người khuyết tật, Bể bơi ngoài trời, Có điều hòa nhiệt độ, Dịch vụ giặt ủi, Dịch vụ phòng, Phù hợp với trẻ em, Nhà hàng, Xe đưa đón ra sân bay, Bồn tắm nước nóng, Spa, Trung tâm thể dục, ","https://lh5.googleusercontent.com/p/AF1QipM9dFJAEt4OI6fDHswTxAZnFOGcsVHlGWga-FXW, https://lh5.googleusercontent.com/p/AF1QipPkozfZneSboc3CNYjjGvJjoBQFSyBssTxISVYr, https://lh5.googleusercontent.com/p/AF1QipO1Iqex4g9otSbwCg3DLWvWpW0gonZBSm4-Jcs-, https://lh5.googleusercontent.com/p/AF1QipPOAg0RYetzkjxufcklJQ7L7m0QmFkjK552sFRg, "
Becamex Hotel Thu Dau Mot,"230 Đại lộ Bình Dương, Phú Hoà, Thủ Dầu Một, Bình Dương, Việt Nam","4,2",1.111,10.976177,105.5176343,Bình Dương,Khách sạn 4 sao,1.001.748 ₫,Không có giảm giá,"Wi-Fi miễn phí, Bữa sáng miễn phí, Đỗ xe miễn phí, Bể bơi ngoài trời, Có điều hòa nhiệt độ, Dịch vụ giặt ủi, Dịch vụ phòng, Phù hợp với trẻ em, Nhà hàng, Bếp ở một số phòng, Xe đưa đón ra sân bay, Spa, Trung tâm thể dục, ","https://lh5.googleusercontent.com/p/AF1QipOHrAV6_tlfe8UbOn_4mI3kmh0lRgnE_HuHuoZZ, https://lh5.googleusercontent.com/p/AF1QipNJRJx0LadUcPB_KiJN8FTknRgbL-gaU-QeOTg, https://lh5.googleusercontent.com/p/AF1QipPolSO0b-Es--jxh4s_2CvQeR5zqIlJDN5yXpyu, https://lh5.googleusercontent.com/p/AF1QipNBTAdrcF1nE7qqCiyE0qx0A6Ec9DZL-VtUd0sT, "
Khách Sạn Trần Long - CN Bình Dương,"3MCM+Q7J, Lô K, Khu phố thương mại Uni town, An Dương Vương, Phú Chánh, Thủ Dầu Một, Bình Dương, Việt Nam","3,8",326,11.0719673,105.5295777,Bình Dương,Khách sạn 2 sao,349.967 ₫,Không có giảm giá,"Wi-Fi miễn phí, Đỗ xe miễn phí, Có điều hòa nhiệt độ, Dịch vụ giặt ủi, Nhà hàng, ","https://lh5.googleusercontent.com/p/AF1QipPYI_OjdIUw11y_916LdYaLreo1keZqqrQUTWwC, https://lh5.googleusercontent.com/p/AF1QipOERAi6XuwlK3Y-edaIXwcrRr60ycgTJuaKBrjh, https://lh5.googleusercontent.com/p/AF1QipN9Monj00u5WZqpuiy7yk-3EQZUFj67119rMsfe, https://lh5.googleusercontent.com/p/AF1QipNYQQ1V6yjdieXfBxdl1YrKvh5S7Ei09bsswNH9, "
Khách Sạn Khang Điền,"445 Đ. Nguyễn Văn Trỗi, Hiệp Thành, Thủ Dầu Một, Bình Dương 820000, Việt Nam","4,3",148,10.9971465,105.5082634,Bình Dương,Khách sạn 4 sao,400.000 ₫,Không có giảm giá,"Wi-Fi miễn phí, Bữa sáng có tính phí, Đỗ xe miễn phí, Bể bơi trong nhà và ngoài trời, Có điều hòa nhiệt độ, Dịch vụ giặt ủi, Chấp nhận vật nuôi, Dịch vụ phòng, Xe đưa đón ra sân bay, Không hút thuốc, ","https://lh5.googleusercontent.com/p/AF1QipON9_pexH-S1cTs933HLgMnah-aQw00Pg1dqNDj, https://lh5.googleusercontent.com/p/AF1QipO-x--KAvBCiIPZEeK576H94V0SQ3XnlkVxd_VA, https://lh5.googleusercontent.com/p/AF1QipNfWAyj6KWFXOsz0gyrUa1RYD9GhAHE4dRRR0F5, https://lh5.googleusercontent.com/p/AF1QipNtzwwtKsjxLXThucfYyz3iveXPPyKDasMR444, "
Minh Phương Hotel | Khách sạn Bình Dương,"24 Đường D4, Kp.3, Tp. Thủ Dầu Một, Bình Dương 75114, Việt Nam","4,3",8,11.0651114,105.5114489,Bình Dương,Khách sạn,500.000 ₫,Không có giảm giá,"Wi-Fi miễn phí, Không hút thuốc, ","https://lh5.googleusercontent.com/p/AF1QipP9DtsOotJfTHqmpUYCEaqKLXY0DUHYQghNFCgH, https://lh5.googleusercontent.com/p/AF1QipOKZc9f9D4pW1HXM2nLS2wAgM2PKLklNft6f2D-, https://lh5.googleusercontent.com/p/AF1QipN_AQSmskM3jB1cp4H2inexX-f80fkeRa6pK9ta, https://lh5.googleusercontent.com/p/AF1QipMWJKeUS9dqSEGcm6zuGPRt-dbZFQkttAHJj5uP, "
HOTEL HAPPY,"79 Đường NK 9, KP - 3A, Bến Cát, Bình Dương, Việt Nam","4,9",49,11.0896305,105.4861715,Bình Dương,Khách sạn,232.500 ₫,Ít hơn 18% so với bình thường,,"https://lh5.googleusercontent.com/p/AF1QipMCvcL5OM7r0hXDMURooPlOSleljuV3ra3l9I_3, https://lh5.googleusercontent.com/p/AF1QipM9D6uQZrMx_8GlTP2ypiQAeTfl8lKpuU7Qnepk, https://lh5.googleusercontent.com/p/AF1QipPBvPHkxq7IcuiiA495hhWWDHYPsEWMYX0j1B5k, https://lh5.googleusercontent.com/p/AF1QipNuJZXy9Oi1639JHff9vfvFfDdSiDHS-VrrJ0wc, "
Lucky Life HOTEL,"Đường D5a, kp4, Bến Cát, Bình Dương, Việt Nam","4,8",26,11.1013205,105.4488644,Bình Dương,Khách sạn,340.000 ₫,Không có giảm giá,"Wi-Fi miễn phí, Bữa sáng có tính phí, Đỗ xe miễn phí, Có điều hòa nhiệt độ, Dịch vụ giặt ủi, Dịch vụ phòng, Xe đưa đón ra sân bay, Bồn tắm nước nóng, Không hút thuốc, ","https://lh5.googleusercontent.com/p/AF1QipMP6vafBcyF0nZC6Ijlzale9ByszupNtBGeSC_u, https://lh5.googleusercontent.com/p/AF1QipMbzoGfmQbUeCGDjYGCVBtDRvbSG79ay8yAF1OC, https://lh5.googleusercontent.com/p/AF1QipNMfr1oWLC1T-ZDtoja60XARcMyVIBZOg5yG_-k, https://lh5.googleusercontent.com/p/AF1QipOUoliTjfXXN5xFAKVa6Nnl1eozNWkMDCztqEJY, "
ANH KHOA HOTELS MỸ PHƯỚC,"Đường DA1-1, Mỹ Phước, Bến Cát, Bình Dương 75900, Việt Nam","4,8",152,11.1483719,105.4579925,Bình Dương,Khách sạn,220.956 ₫,Không có giảm giá,"Wi-Fi miễn phí, Bữa sáng có tính phí, Đỗ xe miễn phí, Dịch vụ giặt ủi, Dịch vụ phòng, Quán bar, ","https://lh5.googleusercontent.com/p/AF1QipMH-pMmTYTZGCig69fGhvOFVMBdHv6xZqxvjHws, https://lh5.googleusercontent.com/p/AF1QipMu8H-h08oCechGo2lBmnyq6OhsyJ9TmVsK_-7p, https://lh5.googleusercontent.com/p/AF1QipMIoH-PxfY1ighfbwM-dXUEtJVt5kpR7OyYaCh8, https://lh5.googleusercontent.com/p/AF1QipOUn33-JS-jLMz17clyIiM7A-VAhtZnoS4zb7l4, "
Khách sạn Hoàng Phúc,"Đường số 13, Đường Khu Tái Định Cư, Định Hoà, Thủ Dầu Một, Bình Dương 590000, Việt Nam","4,2",180,11.0428079,105.5066378,Bình Dương,Khách sạn 1 sao,349.278 ₫,Không có giảm giá,"Wi-Fi miễn phí, Bữa sáng có tính phí, Đỗ xe miễn phí, Có điều hòa nhiệt độ, Dịch vụ giặt ủi, Dịch vụ phòng, Phù hợp với trẻ em, Nhà hàng, Xe đưa đón ra sân bay, Bồn tắm nước nóng, Quán bar, Không hút thuốc, ","https://lh5.googleusercontent.com/p/AF1QipMnPPU6m0hy-GbZWEd8n-wXHpAfu5-_PBv-szt4, https://lh5.googleusercontent.com/p/AF1QipPc0hPjMXNqEzttgKryqFHwwvR-s-sGENTSm_bW, https://lh5.googleusercontent.com/p/AF1QipNcIsS8s6T3RxCUs5iVoVrJYM61MckZY0wt73f_, https://lh5.googleusercontent.com/p/AF1QipNwXuH_fzKsKCcnk3OoM0UTu4aYwA1XDwnC9Yqh, "
Citadines Central Binh Duong,"328C Đại lộ Bình Dương, Khu phố Hưng Lộc, Thuận An, Bình Dương 820000, Việt Nam","4,5",618,10.9480647,105.5531178,Bình Dương,Khách sạn 4 sao,751.906 ₫,Ít hơn 16% so với bình thường,"Wi-Fi miễn phí, Bữa sáng có tính phí, Đỗ xe miễn phí, Phù hợp cho người khuyết tật, Bể bơi ngoài trời, Có điều hòa nhiệt độ, Dịch vụ giặt ủi, Dịch vụ phòng, Phù hợp với trẻ em, Nhà hàng, Bếp trong tất cả các phòng, Xe đưa đón ra sân bay, Trung tâm thể dục, Sân gôn, ","https://lh5.googleusercontent.com/p/AF1QipNoDPUl8Qh0qp9VOPbGCmoPSZuIy72Gx6HsyF6k, https://lh5.googleusercontent.com/p/AF1QipN_B1RaEOK7OBlC6ovZBb1fSDSIKGUKz06DDuvC, https://lh5.googleusercontent.com/p/AF1QipPJhVgJ8LEno81zHr4Vym0pu1I7irzlaQ03PxgT, https://lh5.googleusercontent.com/p/AF1QipPMKafJgC4nwWSscXuixZV0kg_FYFUWBmHN_AmX, "
Khách sạn Hoàng Hùng,"trung tâm hành chính, 79 Đ. số 10, Dĩ An, thành phố, Bình Dương 820000, Việt Nam","4,6",126,10.8933885,105.6067192,Bình Dương,Khách sạn 3 sao,484.179 ₫,Không có giảm giá,"Wi-Fi miễn phí, Đỗ xe miễn phí, Bể bơi, Có điều hòa nhiệt độ, Dịch vụ giặt ủi, Nhà hàng, Bếp ở một số phòng, ","https://lh5.googleusercontent.com/p/AF1QipM8POpABE2bDXQSBqk23jUgMkUc3RdNSRKl6zDO, https://lh5.googleusercontent.com/p/AF1QipPf4f2LlwL2hU165S7TXbc_VtpV3y6yo7IWavP2, https://lh5.googleusercontent.com/p/AF1QipM773MQlvmUbaAYgNHt2maJQBF19_2R7qt2UsTt, https://lh5.googleusercontent.com/p/AF1QipOTb_iEgCQdO34TUGqzmI5MdccmJNdvs7sR_gOB, "
Minh Phương Hotel | Khách sạn Bình Dương,"24 Đường D4, Kp.3, Tp. Thủ Dầu Một, Bình Dương 75114, Việt Nam","4,3",8,11.0651114,105.5114489,Bình Dương,Khách sạn,500.000 ₫,Không có giảm giá,"Wi-Fi miễn phí, Không hút thuốc, ","https://lh5.googleusercontent.com/p/AF1QipP9DtsOotJfTHqmpUYCEaqKLXY0DUHYQghNFCgH, https://lh5.googleusercontent.com/p/AF1QipOKZc9f9D4pW1HXM2nLS2wAgM2PKLklNft6f2D-, https://lh5.googleusercontent.com/p/AF1QipN_AQSmskM3jB1cp4H2inexX-f80fkeRa6pK9ta, https://lh5.googleusercontent.com/p/AF1QipMWJKeUS9dqSEGcm6zuGPRt-dbZFQkttAHJj5uP, "
Becamex Hotel Thu Dau Mot,"230 Đại lộ Bình Dương, Phú Hoà, Thủ Dầu Một, Bình Dương, Việt Nam","4,2",1.111,10.976177,105.5176343,Bình Dương,Khách sạn 4 sao,1.001.748 ₫,Không có giảm giá,"Wi-Fi miễn phí, Bữa sáng miễn phí, Đỗ xe miễn phí, Bể bơi ngoài trời, Có điều hòa nhiệt độ, Dịch vụ giặt ủi, Dịch vụ phòng, Phù hợp với trẻ em, Nhà hàng, Bếp ở một số phòng, Xe đưa đón ra sân bay, Spa, Trung tâm thể dục, ","https://lh5.googleusercontent.com/p/AF1QipOHrAV6_tlfe8UbOn_4mI3kmh0lRgnE_HuHuoZZ, https://lh5.googleusercontent.com/p/AF1QipNJRJx0LadUcPB_KiJN8FTknRgbL-gaU-QeOTg, https://lh5.googleusercontent.com/p/AF1QipPolSO0b-Es--jxh4s_2CvQeR5zqIlJDN5yXpyu, https://lh5.googleusercontent.com/p/AF1QipNBTAdrcF1nE7qqCiyE0qx0A6Ec9DZL-VtUd0sT, "
LA VITA Hotel & Apartment,"Khu TM DV CN- KCN, TT. Lai Uyên, Bàu Bàng, Bình Dương, Việt Nam","5,0",19,11.2555618,105.4732618,Bình Dương,Khách sạn,327.574 ₫,Không có giảm giá,"Wi-Fi miễn phí, Đỗ xe miễn phí, Phù hợp cho người khuyết tật, Có điều hòa nhiệt độ, Dịch vụ giặt ủi, Dịch vụ phòng, Phù hợp với trẻ em, Nhà hàng, Bếp ở một số phòng, Xe đưa đón ra sân bay, Bồn tắm nước nóng, ","https://lh5.googleusercontent.com/p/AF1QipM0QMni8usgvGzIC-M9uc7tO_nLasia8EZPrsEN, https://lh5.googleusercontent.com/p/AF1QipPr1NOtRogN1zp9lpfLWWgkrXTLObwkj1UXcaE9, https://lh5.googleusercontent.com/p/AF1QipOSafo5a_gDToUtu57QMVpqdzymfCLD01qgTY_f, https://lh5.googleusercontent.com/p/AF1QipPVyWDel8bQV98bR-GQAeaqUUwhyCpThus1jRKT, "
KHÁCH SẠN TRƯỜNG GIANG,"Lô j56, NE8, Phường, Bến Cát, Bình Dương 820000, Việt Nam","4,1",32,11.0975172,105.4851831,Bình Dương,Khách sạn,250.000 ₫,Không có giảm giá,,"https://lh5.googleusercontent.com/p/AF1QipMiN5PEmIJBf-bAEzVmT7vBfFmOp_hqlb9eVckw, https://lh5.googleusercontent.com/p/AF1QipNql_y3GYz4zTrDSGUfoUNlKzTmE7PiqdI9E-il, https://lh5.googleusercontent.com/p/AF1QipMPUBplnoHT52N2tA4in0b-6mcANHaWymX6nkTi, https://lh5.googleusercontent.com/p/AF1QipO39RBAinAq6KPARZLsBaDjN7_WYRFACAfSUtEd, "
Khách Sạn Diamond Hotel (Bình Dương),"153 Đường Hoàng Văn Thụ, Chánh Nghĩa, Thủ Dầu Một, Bình Dương 700000, Việt Nam","4,7",169,10.972891,105.5125755,Bình Dương,Khách sạn,459.788 ₫,Không có giảm giá,"Wi-Fi miễn phí, Có điều hòa nhiệt độ, Dịch vụ giặt ủi, ","https://lh5.googleusercontent.com/p/AF1QipOI1Igs_rfcBWTVRZVMhLtWqqD_QpUAXMx8r1pW, https://lh5.googleusercontent.com/p/AF1QipO1bmvfD9QblBI_VsKHHk8AnI-qVMi5wAUFx1d5, https://lh5.googleusercontent.com/p/AF1QipP-TdC38KTIBLPcNxY43xqlmSQlMY5p1q4D9Hs2, https://lh5.googleusercontent.com/p/AF1QipPOHKOnrQAvw-WmLMqzr-ifmeB7MwRcmyqXdyZ3, "
Khách sạn Hoàng Phúc,"Đường số 13, Đường Khu Tái Định Cư, Định Hoà, Thủ Dầu Một, Bình Dương 590000, Việt Nam","4,2",180,11.0428079,105.5066378,Bình Dương,Khách sạn 1 sao,349.278 ₫,Không có giảm giá,"Wi-Fi miễn phí, Bữa sáng có tính phí, Đỗ xe miễn phí, Có điều hòa nhiệt độ, Dịch vụ giặt ủi, Dịch vụ phòng, Phù hợp với trẻ em, Nhà hàng, Xe đưa đón ra sân bay, Bồn tắm nước nóng, Quán bar, Không hút thuốc, ","https://lh5.googleusercontent.com/p/AF1QipMnPPU6m0hy-GbZWEd8n-wXHpAfu5-_PBv-szt4, https://lh5.googleusercontent.com/p/AF1QipPc0hPjMXNqEzttgKryqFHwwvR-s-sGENTSm_bW, https://lh5.googleusercontent.com/p/AF1QipNcIsS8s6T3RxCUs5iVoVrJYM61MckZY0wt73f_, https://lh5.googleusercontent.com/p/AF1QipNwXuH_fzKsKCcnk3OoM0UTu4aYwA1XDwnC9Yqh, "
Amanda Boutique Hotel,"38 Đường D4, Chánh Nghĩa, Thủ Dầu Một, Bình Dương, Việt Nam","4,6",50,10.9759614,105.5124485,Bình Dương,Khách sạn,584.548 ₫,Không có giảm giá,"Wi-Fi miễn phí, Đỗ xe miễn phí, Có điều hòa nhiệt độ, Dịch vụ giặt ủi, Chấp nhận vật nuôi, Bếp trong tất cả các phòng, Xe đưa đón ra sân bay, Spa, Quán bar, ","https://lh5.googleusercontent.com/p/AF1QipNtyfpMPiynohzhLBPP5HqoZIeSN7KKtM2PHXng, https://lh5.googleusercontent.com/p/AF1QipNAfww0CSt9c-zn23uC7dtxpFDOVej9YmSG-Jg, https://lh5.googleusercontent.com/p/AF1QipMmFA-yxwk4mG61JNPymFACwLcVQpgpl56fl509, https://lh5.googleusercontent.com/p/AF1QipNrA_mj3jBp8nOzb2ALhNYin0pKw_Aa9pi-4G-d, "
Khách sạn Hoàng Nam 150.000₫,"KCN Kim Huy, Tân Hiệp 52Road, Xã Tân Hiệp, Tân Uyên, Bình Dương, Việt Nam","4,1",40,11.0387923,105.5603615,Bình Dương,Khách sạn,274.866 ₫,Không có giảm giá,,"https://lh5.googleusercontent.com/p/AF1QipPPSg-YBs3TZ4Oc21b5btXASRZBMZIQvdVTwR_f, https://lh5.googleusercontent.com/p/AF1QipNcyltj2tczHtcSD0PAwXGXxfxkBriOLx0aiBql, https://lh5.googleusercontent.com/p/AF1QipNZIqUUNlCilS_XTZml0ltQU2MddqZxnBYmuLaz, https://lh5.googleusercontent.com/p/AF1QipMwcJTPUtEmPnKJmBvxoCVvb_m3fyjc28WC37HK, "
HIIVE by fusion Binh Duong New City,"City, 32A7 Tao Luc 5 street, Vietnam-Singapore Industrial Park 2, Tp. Thủ Dầu Một, Bình Dương 820000, Việt Nam","4,8",70,11.0723009,105.525004,Bình Dương,Khách sạn,1.452.820 ₫,Không có giảm giá,,"https://lh5.googleusercontent.com/p/AF1QipMsgquoURUVxI9dFI1U7wJ7PY9grxWZyYEnquvc, https://lh5.googleusercontent.com/p/AF1QipNcQZET1RASEPII0zpPd0W6rU4kadhaVnI2TCfp, https://lh5.googleusercontent.com/p/AF1QipMtx0rsmzALHZVm-EG0G0rTNn_NaBenIQIw_IyL, https://lh5.googleusercontent.com/p/AF1QipNnHkpZ911IFQET57cUkN_iktRvS3nLdMpWq9Qu, "
Capybara Hotel,"03 đường N 4, khu đô thị TMDV The Seasons, KP, Đông Nhì, thành phố, Thuận An, Bình Dương, Việt Nam","4,3",39,10.9047839,105.5565304,Bình Dương,Khách sạn 2 sao,257.149 ₫,Ít hơn 17% so với bình thường,"Wi-Fi miễn phí, Đỗ xe miễn phí, Có điều hòa nhiệt độ, Dịch vụ giặt ủi, Bếp ở một số phòng, ","https://lh5.googleusercontent.com/p/AF1QipOlHcE72IIhOFFHlZv7cYXfmsIcXTVNEGxXBLcI, https://lh5.googleusercontent.com/p/AF1QipNvqJbUOXcfwELHCGzSkMcxN499At9UKV5_RkI, https://lh5.googleusercontent.com/p/AF1QipMoNjEoVwB-9r0LS4X3tDR9SKKiiQhAppsy14dK, https://lh5.googleusercontent.com/p/AF1QipO-1PCd8heHxfZp6CfgTWpmfm_kWTeGWMLveEZX, "
CitiGo HOTEL,"TTTM Biconsi, Tầng 4-5, Uyên Hưng, Tân Uyên, Bình Dương 820000, Việt Nam","3,9",25,11.0611211,105.6418007,Bình Dương,Khách sạn,707.840 ₫,Không có giảm giá,"Wi-Fi miễn phí, Bữa sáng miễn phí, Đỗ xe mất phí, Phù hợp cho người khuyết tật, Có điều hòa nhiệt độ, Dịch vụ giặt ủi, Dịch vụ phòng, Nhà hàng, Xe đưa đón ra sân bay, Bồn tắm nước nóng, Không hút thuốc, ","https://lh5.googleusercontent.com/p/AF1QipOP5UoXM4_sgawxOzBAlCXM2VQOsrLY3VgjXgYP, https://lh5.googleusercontent.com/p/AF1QipNQYJIVJ5a74C5Y1sxkEOu9Yh_DmJu8ORZiKgOJ, https://lh5.googleusercontent.com/p/AF1QipOdot2a-ftdAQOa2uhkr3iJ3-pITnUN7xqjLhR0, https://lh5.googleusercontent.com/p/AF1QipN3vJKU3i145-JJ2xMM65Dw8DY8Fql2VGjWeJMy, "
Victoria Hotel And Apartment,"12 Huỳnh Thúc Kháng, Phú Chánh, Thủ Dầu Một, Bình Dương, Việt Nam","4,7",6,11.0532512,105.5311127,Bình Dương,Khách sạn,403.188 ₫,Không có giảm giá,,"https://lh5.googleusercontent.com/p/AF1QipPpduo91H7W7FMZzBi6zXC1s_4hexJ7RMV277xp, https://lh5.googleusercontent.com/p/AF1QipMvpXjy_BpicWphKY2XMaL9jsUNt3gWm7hlngQn, https://lh5.googleusercontent.com/p/AF1QipPcBw3nLcfW13Hp4W4MYhbl-K7qBJXkasa0SPkI, https://lh5.googleusercontent.com/p/AF1QipPpduo91H7W7FMZzBi6zXC1s_4hexJ7RMV277xp, "
Khách sạn Phi Long 2,"kp 7/Hẻm 31 Đại lộ Bình Dương, Phú Hoà, Thủ Dầu Một, Bình Dương 00000, Việt Nam","5,0",24,10.9644267,105.5314018,Bình Dương,Khách sạn,347.618 ₫,Không có giảm giá,,"https://lh5.googleusercontent.com/p/AF1QipO1hfMOStgRp3wHrJsJL8uN0QvQFFAEaFMjWg0u, https://lh5.googleusercontent.com/p/AF1QipMBPp663Xp4iuh72Lv_ug_OtIvvK_ZBlFNJZ5mF, https://lh5.googleusercontent.com/p/AF1QipMCRIvOn-p0jIe0UcblupO2wGovw1WFJ1jiVzwZ, https://lh5.googleusercontent.com/p/AF1QipNH_pADj78STPEHnPNA68txS1_HZNrhn3rqW4D9, "
Căn hộ Minh Yến,"XC 1, Mỹ Phước, Bến Cát, Bình Dương, Việt Nam","5,0",3,11.1364393,105.4593965,Bình Dương,Khách sạn,378.637 ₫,Không có giảm giá,,"https://lh5.googleusercontent.com/p/AF1QipONFfsAEk0K_IZdzEZ_HgwR1dyazz3ix94gXtw, https://lh5.googleusercontent.com/p/AF1QipN8h-N_0GOlU8J0OtgJF3TCxzZkM_OxY60mcmI, https://lh5.googleusercontent.com/p/AF1QipNrZ1xILVDhV26f5pNNgyZxqvTMOvUFOu33VfY, https://lh5.googleusercontent.com/p/AF1QipN6T9xnUAT8HyQL-MjJy_io5wtWp1utjDY1dLlb, "
Mia Hotel (Feliz Hotel Binh Duong),"80 Đ. D8, Chánh Nghĩa, Thủ Dầu Một, Bình Dương 820000, Việt Nam","4,1",10,10.9720614,105.5107662,Bình Dương,Khách sạn,608.725 ₫,Không có giảm giá,"Wi-Fi miễn phí, Đỗ xe miễn phí, Có điều hòa nhiệt độ, Dịch vụ giặt ủi, Xe đưa đón ra sân bay, ","https://lh5.googleusercontent.com/p/AF1QipP9kmHl_ma8fsdJ33u6Ih3Vi2QZ1olLDBRxDUOq, https://lh5.googleusercontent.com/p/AF1QipMu6cC0DLJIqZ8Ni34xi66RhjDcvwIAWwxG9UIJ, https://lh5.googleusercontent.com/p/AF1QipMx8JE6mT9-pSnVKfW9bTQgjqlcmxLD5MT0ZyBE, https://lh5.googleusercontent.com/p/AF1QipMsfMVwgwwdHBD5DyJhWEi2PCXKG_CIT8wDZBCV, "
Becamex Hotel New City,"B2 Đường Hùng Vương, Phú Chánh, Thủ Dầu Một, Bình Dương, Việt Nam","4,5",1.375,11.0563016,105.5306223,Bình Dương,Khách sạn 4 sao,1.412.955 ₫,Không có giảm giá,"Wi-Fi miễn phí, Bữa sáng miễn phí, Đỗ xe miễn phí, Phù hợp cho người khuyết tật, Bể bơi ngoài trời, Có điều hòa nhiệt độ, Dịch vụ giặt ủi, Dịch vụ phòng, Phù hợp với trẻ em, Nhà hàng, Xe đưa đón ra sân bay, Bồn tắm nước nóng, Spa, Trung tâm thể dục, ","https://lh5.googleusercontent.com/p/AF1QipN_YeVTCpjPqzWtdj_HNheheWQEXdwj2Gzzyl2l, https://lh5.googleusercontent.com/p/AF1QipMRGK_3xVxgsnIsOFMl2kDw5GOejtlcqJzMd8e9, https://lh5.googleusercontent.com/p/AF1QipOG5qyDZ5hkFhjXPeM5WUdrRH7ZioS2T2x5uwSH, https://lh5.googleusercontent.com/p/AF1QipNkhXsXietnuVLkIBoTnUYvQXO_820AWAkrFPJS, "
Khách sạn 179 Bình Dương,"453/40/10, Lê Hồng Phong, Phú Hoà, Thủ Dầu Một, Bình Dương, Việt Nam","4,3",16,10.9725332,105.530822,Bình Dương,Khách sạn,330.000 ₫,Không có giảm giá,,"https://lh5.googleusercontent.com/p/AF1QipP2cltltqX1dqOLsQ9AblD0WTaOulEdV9ZZ_ty5, https://lh5.googleusercontent.com/p/AF1QipMlkQJDm66166_6LA0l2hSuQCq8r5rqCWgjZaIy, https://lh5.googleusercontent.com/p/AF1QipMTPIw9fWElp3rbaDNjIklaY48pawNHD0c7wd2l, "
Thùy Dương Em Hotel,"DL14, Khu Phố 3B, Bến Cát, Bình Dương, Việt Nam","3,7",10,11.1000096,105.4766226,Bình Dương,Khách sạn,272.842 ₫,Không có giảm giá,,"https://lh5.googleusercontent.com/p/AF1QipNQUAaMhN9awCJRVklB90s3zOzWHalMKSUSJAo, https://lh5.googleusercontent.com/p/AF1QipOFwyzqSG9zXVsxPIxxlAxLqX9mSsCCQwOj2WWZ, https://lh5.googleusercontent.com/p/AF1QipOFwyzqSG9zXVsxPIxxlAxLqX9mSsCCQwOj2WWZ, https://lh5.googleusercontent.com/p/AF1QipNQUAaMhN9awCJRVklB90s3zOzWHalMKSUSJAo, "
Khách sạn New Hotel,"86 Đường Trần Bình Trọng, Phú Thọ, Thủ Dầu Một, Bình Dương, Việt Nam","3,9",20,10.9671849,105.5224801,Bình Dương,Khách sạn 2 sao,419.133 ₫,Không có giảm giá,"Wi-Fi miễn phí, Có điều hòa nhiệt độ, Dịch vụ giặt ủi, Chấp nhận vật nuôi, Nhà hàng, Xe đưa đón ra sân bay, ",
KHÁCH SẠN HỘI NGHĨA - KHÁCH SẠN TÂN UYÊN,"Đường D1, KDC Thành Phố Đẹp, Tân Uyên, Bình Dương 75112, Việt Nam","4,7",53,11.0893782,105.6166026,Bình Dương,Khách sạn,375.298 ₫,Không có giảm giá,"Wi-Fi miễn phí, Bữa sáng miễn phí, Đỗ xe miễn phí, Phù hợp cho người khuyết tật, Bể bơi ngoài trời, Dịch vụ giặt ủi, Trung tâm thương mại, Chấp nhận vật nuôi, Dịch vụ phòng, Phù hợp với trẻ em, Nhà hàng, Bếp ở một số phòng, Xe đưa đón ra sân bay, Bồn tắm nước nóng, Spa, Trung tâm thể dục, Không hút thuốc, ","https://lh5.googleusercontent.com/p/AF1QipPTmZDF_Uoid2JIDN0sFdwkvdP5K7ZRZKRFI0NQ, https://lh5.googleusercontent.com/p/AF1QipOARU10GIKNHW1SfdptmUkzGBMLVwYBCCsjJRYr, https://lh5.googleusercontent.com/p/AF1QipPA4-m26ivKbZhblN-hTbD0lfbNzu_lGT21ho-6, https://lh5.googleusercontent.com/p/AF1QipPe2uAR_jSxrwJY0H5_QEiwNLb-AIpA5F8pHO4S, "
Khách Sạn Thanh Vân,"WP4V+23X, Dĩ An, Bình Dương, Việt Nam","4,1",21,10.9051126,105.589158,Bình Dương,Khách sạn,238.038 ₫,Không có giảm giá,,"https://lh5.googleusercontent.com/p/AF1QipONi94xgBR8u2tPBmFjjqeVt7AMBt3zYQMN0oQf, https://lh5.googleusercontent.com/p/AF1QipPtuBLmYPleHxL3gDVRLTS03qWcUO703TksbZHm, https://lh5.googleusercontent.com/p/AF1QipMp_2Tp6tudOVw8ri61OqZ4u_9tt8kLaUKuD1bX, https://lh5.googleusercontent.com/p/AF1QipNnYKVb5y0sOsgp_WWXPs02NblbGF9CagSt8TZs, "
HIIVE by Fusion Binh Duong,"Boulevard, 10B Hữu Nghị, VSIP 1, Thuận An, Bình Dương 75000, Việt Nam","4,6",100,10.9246193,105.5622696,Bình Dương,Khách sạn,1.529.423 ₫,Không có giảm giá,"Wi-Fi miễn phí, Bữa sáng, Đỗ xe miễn phí, Có điều hòa nhiệt độ, Dịch vụ giặt ủi, Nhà hàng, Bếp ở một số phòng, Xe đưa đón ra sân bay, Quán bar, ","https://lh5.googleusercontent.com/p/AF1QipNlGmmLr5OKRO9alkkJ40sNaD73thBTaFm33FFR, https://lh5.googleusercontent.com/p/AF1QipOqAUbsa_j6nUbaDI7JQC1sMA34uZ4TeQNrGVKQ, https://lh5.googleusercontent.com/p/AF1QipOvWTgYSh-P8u__GeGr8O0Lil9rhndyQDTul1HT, https://lh5.googleusercontent.com/p/AF1QipPW1Pd6apYO1HMPGMb5mpPTVW4o3u2JAjQlhaHO, "
Khách Sạn Bình,"28 Đ. Khánh Bình 28, Khánh Bình, Tân Uyên, Bình Dương 75400, Việt Nam","5,0",3,11.0453821,105.6011785,Bình Dương,Khách sạn,374.603 ₫,Không có giảm giá,,"https://lh5.googleusercontent.com/p/AF1QipNnIyMw24ebzo2aHhhhIGQmt-GvrKoAzq40BwB-, https://lh5.googleusercontent.com/p/AF1QipOafXOG4AwET61NxMrzyogELyiK2-ZFyMQihmmn, https://lh5.googleusercontent.com/p/AF1QipNnIyMw24ebzo2aHhhhIGQmt-GvrKoAzq40BwB-, https://lh5.googleusercontent.com/p/AF1QipOW6ZzdjQq2uYu0h0zjUtuG1NeMxURdq1yh7XK3, "
KHÁCH SẠN KIM THÀNH(giá bình dân),"Đ. 30 Tháng 4/272/82 tổ 9, khu 12, Thủ Dầu Một, Bình Dương, Việt Nam","4,3",89,10.972089,105.5143178,Bình Dương,Khách sạn,335.132 ₫,Không có giảm giá,,"https://lh5.googleusercontent.com/p/AF1QipOZy-eGv86ksozW1TmCjOJvMP5Hsoc9P8LFI5Eg, https://lh5.googleusercontent.com/p/AF1QipNL5-h_5IPyPk6DOuaAKV3EHAN8u0OURS18K0Gu, https://lh5.googleusercontent.com/p/AF1QipMMlxjbDXnAkg35DgGRxkhaQDN5qpaYFxoImgbh, https://lh5.googleusercontent.com/p/AF1QipPiUlyWGOYIE3B8cjpiKWURUk7Qe_aT-wMHdTWj, "
Hotel Hoa Cúc Phương,"Số 7 Đường số 3, khu dân cư 19, 8, KP tây B, Dĩ An, Bình Dương 75300, Việt Nam","4,4",238,10.8908247,105.6250933,Bình Dương,Khách sạn,223.793 ₫,Không có giảm giá,"Wi-Fi miễn phí, Bữa sáng có tính phí, Đỗ xe miễn phí, Phù hợp cho người khuyết tật, Có điều hòa nhiệt độ, Dịch vụ giặt ủi, Chấp nhận vật nuôi, Dịch vụ phòng, Bếp ở một số phòng, Xe đưa đón ra sân bay, Trung tâm thể dục, ","https://lh5.googleusercontent.com/p/AF1QipPlqI4SGiUtiyX24fYnq1D-jvrDGryTw4jpWmmF, https://lh5.googleusercontent.com/p/AF1QipN5U-e02kQz0PujjX0INkMIHXyFS8kbZTVjwb6r, https://lh5.googleusercontent.com/p/AF1QipOCSskt2WI2yaUOoWuus6w47WEBQgFjXo9NLGSw, https://lh5.googleusercontent.com/p/AF1QipO-Cm3ueUAesV1fUfKHzEar9OzodX_7PMkXP0PO, "
Hoang Yen Hotel,"CITY, 11/16 Đại lộ Bình Dương, AVENUE, WARD, Bình Dương, Việt Nam","3,8",208,10.8697299,105.5608721,Bình Dương,Khách sạn 3 sao,515.004 ₫,Không có giảm giá,"Wi-Fi miễn phí, Bữa sáng miễn phí, Đỗ xe miễn phí, Có điều hòa nhiệt độ, Dịch vụ giặt ủi, Phù hợp với trẻ em, Nhà hàng, Xe đưa đón ra sân bay, Spa, ","https://lh5.googleusercontent.com/p/AF1QipPMxCL6elADSE8UisTpwuhaIWUSHeEdTDXQOGlY, https://lh5.googleusercontent.com/p/AF1QipN6fejblj3rERYu2XTmUgQZMI-wsPEBc49M38Q, https://lh5.googleusercontent.com/p/AF1QipOD6OnIiITeX1WcT3i4iFhaT-vRJFimrLxMPRS-, https://lh5.googleusercontent.com/p/AF1QipNBPuz1EPVe1mJIbC8HlJaNPyUCBcvFBd7YMucf, "
Fairfield by Marriott South Binh Duong,"City, No 5 Huu Nghi Avenue Vietnam-Singapore, Industrial Park (Vsip, Ward, Bình Dương 820000, Việt Nam","4,5",314,10.9238888,105.5643619,Bình Dương,Khách sạn 3 sao,1.948.869 ₫,Không có giảm giá,"Wi-Fi miễn phí, Bữa sáng có tính phí, Đỗ xe miễn phí, Phù hợp cho người khuyết tật, Bể bơi ngoài trời, Có điều hòa nhiệt độ, Nhà hàng, Trung tâm thể dục, Quán bar, Không hút thuốc, ","https://lh5.googleusercontent.com/p/AF1QipPcSCJ0teE9Nq0pNR91aT4pbsaZfBH5bLTlvEfr, https://lh5.googleusercontent.com/p/AF1QipPveHvfw04tjzyXoEWXffwgNY8aYJa4gZG9ZP9X, https://lh5.googleusercontent.com/p/AF1QipMzVkqw531Cjh5B82MwJ-SngfdGqKdKXIgekxwk, https://lh5.googleusercontent.com/p/AF1QipNPWsL4o3jwJL7FsVtZWYiFoTZj1nVz5BFBPTD0, "
Khách sạn Milan,"30 GS2, Đông Hoà, Dĩ An, Bình Dương, Việt Nam","3,7",84,10.8896443,105.6204082,Bình Dương,Khách sạn,319.665 ₫,Không có giảm giá,"Wi-Fi miễn phí, Đỗ xe miễn phí, Phù hợp cho người khuyết tật, Có điều hòa nhiệt độ, Dịch vụ giặt ủi, Chấp nhận vật nuôi, ","https://lh5.googleusercontent.com/p/AF1QipPX3hxmD1YDlgLpXTC-RmIvd327nOqB-uoxtIv-, https://lh5.googleusercontent.com/p/AF1QipNHV2N9UQHLzeMJh2Dr3hjnPmafUqO330fPJAGD, https://lh5.googleusercontent.com/p/AF1QipNxTl6xUkQA84Z3HpH7yfts5HnWAo6yDd1-0bpt, https://lh5.googleusercontent.com/p/AF1QipNCXYUuBlF7KDLb_H2O9whE2Ji41YXuqMqxHU7d, "
Ruby Hotel,"Hội Nghĩa, Tân Uyên, Bình Dương, Việt Nam","4,6",47,11.0984125,105.6174824,Bình Dương,Khách sạn,378.000 ₫,Không có giảm giá,,"https://lh5.googleusercontent.com/p/AF1QipPdlTvWMJdidL_33reX2kPrzXQCp-9pNOWwDO4k, https://lh5.googleusercontent.com/p/AF1QipMJ4mSbTeOXEJaYaNyjRSvTEh1Pm0uXq7729Dou, https://lh5.googleusercontent.com/p/AF1QipPVvJXFMHMdcv_h0wFAEmDkgP1KKFJytsGdjUdj, https://lh5.googleusercontent.com/p/AF1QipO4hEM5pDADc5wjzEJe3i3h5IkiiaFNznHe9puY, "
Hoàng Gia Hotel,"Đường 16, Dân Chủ, Đại Lộ, Tân Uyên, Bình Dương, Việt Nam","4,4",43,11.1117946,105.5484388,Bình Dương,Khách sạn,447.341 ₫,Không có giảm giá,,"https://lh5.googleusercontent.com/p/AF1QipOosxQGZZfVj1OrWdggRwyHJunZSShJ-GCWh4Gm, https://lh5.googleusercontent.com/p/AF1QipOyg-t-2X5TQuUzgbkrNfzcgWMYyBryvtjuhG8t, https://lh5.googleusercontent.com/p/AF1QipN8cbWbPGZRf34Keff1hpbCN-Jty7f0DbnEYnfQ, https://lh5.googleusercontent.com/p/AF1QipOmXeaecysCN1bhPq07tYlOtGOtZNL-PES08ApZ, "
BIDECO Hotel,"131 Đường Trần Phú, Chánh Nghĩa, Thủ Dầu Một, Bình Dương, Việt Nam","3,7",60,10.9731612,105.5117806,Bình Dương,Khách sạn 1 sao,500.000 ₫,Không có giảm giá,"Wi-Fi miễn phí, Đỗ xe miễn phí, Có điều hòa nhiệt độ, Dịch vụ giặt ủi, ","https://lh5.googleusercontent.com/p/AF1QipM7IsUgycZ4Z6oZ6F5rgQX8Ly8gYR2vOS5E1yXl, https://lh5.googleusercontent.com/p/AF1QipPLGOho3b49sCdxvtGPIAutr36B1t9pP9pPdzwt, https://lh5.googleusercontent.com/p/AF1QipNnxxXGnlgSDyDBdvn7fBo4Ef17mLuiPom1vVcI, https://lh5.googleusercontent.com/p/AF1QipPawspMa2s--cDVUN7bPsGJIkfLfUCMS65RTmRe, "
LAVENDER HOTEL,"Đường D5, Phú Thọ, Thủ Dầu Một, Bình Dương, Việt Nam","3,8",138,10.9751303,105.5133137,Bình Dương,Khách sạn 2 sao,517.336 ₫,Không có giảm giá,"Wi-Fi miễn phí, Bữa sáng miễn phí, Đỗ xe miễn phí, Có điều hòa nhiệt độ, Dịch vụ giặt ủi, Nhà hàng, Xe đưa đón ra sân bay, ","https://lh5.googleusercontent.com/p/AF1QipMw_hVdx3Vm5ybRi9JMpBxIbzNoy9VRhDBQpTwf, https://lh5.googleusercontent.com/p/AF1QipPVTjN2hQ3IFCD-Vu1SnnAD_VdU0MHkO_aPnVRH, https://lh5.googleusercontent.com/p/AF1QipNQ4FQBDCyzCI0TXAGze2SzPquBLtgS24CEchrU, https://lh5.googleusercontent.com/p/AF1QipNhqXpOuQG4H7B0Ur3J9jBPw2mmZhJ2TZ0xk1WZ, "
CÔNG TY TNHH MTV THIÊN HÀ-KHÁCH SẠN THIÊN HA,"SỐ 58 Đường D9, KDC, Thủ Dầu Một, Bình Dương 820000, Việt Nam","3,6",209,10.9713922,105.5103144,Bình Dương,Khách sạn,332.150 ₫,Không có giảm giá,"Wi-Fi miễn phí, Bữa sáng miễn phí, Đỗ xe miễn phí, Có điều hòa nhiệt độ, Dịch vụ giặt ủi, Phù hợp với trẻ em, Nhà hàng, Xe đưa đón ra sân bay, ","https://lh5.googleusercontent.com/p/AF1QipN95ivlQc2NqtAPNWa3LULMXtZ7-38k8_4wzCZO, https://lh5.googleusercontent.com/p/AF1QipOhLiLi71fIm0A7M3nAOJFwijDgsSyLxVwvFOIp, https://lh5.googleusercontent.com/p/AF1QipOOaoIQvR_DlXw_W-n6HLbI3j9ITyYzPwfPd1rM, https://lh5.googleusercontent.com/p/AF1QipP2sWjhGFKCZsQAyM5vME77X16YJ0sX2VLVOX7y, "
Hotel Trieu Nguyen,"Vĩnh Tân, Thành phố Tân Uyên, Bình Dương, Việt Nam","3,9",25,11.1178669,105.5483927,Bình Dương,Khách sạn,341.432 ₫,Không có giảm giá,,"https://lh5.googleusercontent.com/p/AF1QipPlmTQ0xP3lTqwpj5ocuobC1fnSmJI1eDGF_wOW, https://lh5.googleusercontent.com/p/AF1QipN18Lm8TwwBAw177Ch-ssMjcEBoUbQoFGq1LGg, https://lh5.googleusercontent.com/p/AF1QipOWI9FrPpNfq3_C7um4mkoGGPhbuqto9zssCas, https://lh5.googleusercontent.com/p/AF1QipN1DFkwnrZtd2fQ2XbaiXSUMXqjXoEPKEG-3DVa, "
Hồng Trang Motel,"153 Đường DX-085, Xã Hiệp An, Thủ Dầu Một, Bình Dương 820000, Việt Nam","3,8",9,11.0282458,105.4823931,Bình Dương,Khách sạn,251.130 ₫,Không có giảm giá,,"https://lh5.googleusercontent.com/p/AF1QipPQKReOeM7-Patl6OZANCdlwq9mUX24ahuB8uZG, https://lh5.googleusercontent.com/p/AF1QipOxBkCQqkIFeTzbjNUJ8mlncgr76585mANDDceC, https://lh5.googleusercontent.com/p/AF1QipOWi07VkgjkkH-d4JsEXHK2k6KY3UmeXYkqQgEc, https://lh5.googleusercontent.com/p/AF1QipO5D8pJ00sqwsEbLlIjemo64FnaTA9oZy8qDhU, "
Khách Sạn Dạ Lan,"45 - 281 Quốc lộ 1K, Kdc 19/8, Dĩ An, Bình Dương, Việt Nam","4,6",30,10.8910618,105.6257172,Bình Dương,Khách sạn,250.569 ₫,Không có giảm giá,,"https://lh5.googleusercontent.com/p/AF1QipOQRjmxaNlFjEpTlVSzaBaaHeL3ADaKoxiW_PsR, https://lh5.googleusercontent.com/p/AF1QipM74LS5TI6G_QMUhyyqozaQFIwSFXXzdA8OaUUo, https://lh5.googleusercontent.com/p/AF1QipPaYXo0KUGTxNwmSveJDP-jBfeh_vZidf9P-PJe, https://lh5.googleusercontent.com/p/AF1QipNjEZRKrVj5MMjvgSuIuCBo1_IIK-j-xkYMCYRv, "
THE MIRA BOUTIQUE HOTEL,"318A Đại lộ Bình Dương, Phú Hoà, Thủ Dầu Một, Bình Dương, Việt Nam","4,2",401,10.9810938,105.5151544,Bình Dương,Khách sạn 3 sao,871.245 ₫,Không có giảm giá,"Wi-Fi miễn phí, Bữa sáng miễn phí, Đỗ xe miễn phí, Có điều hòa nhiệt độ, Dịch vụ giặt ủi, Phù hợp với trẻ em, Nhà hàng, Xe đưa đón ra sân bay, ","https://lh5.googleusercontent.com/p/AF1QipPtX8NAjFRw0_gQgoj1THB1qNP5rK8RH_tf5OMm, https://lh5.googleusercontent.com/p/AF1QipOYxi3fJIGIHuD8iTitl1C4OwqE7PL9IWgs2Igo, https://lh5.googleusercontent.com/p/AF1QipNIszi4ly3MAK6HMlA-HzLj1yBVoB0jot-KcDX_, https://lh5.googleusercontent.com/p/AF1QipPm11qvjH8nToQDdhFFhbsJFCfzqNFeCeXQeL2O, "
Khách sạn Thảo Ngân,"79 Đ. Lào Cai, Chánh Nghĩa, Thủ Dầu Một, Bình Dương 820000, Việt Nam","4,0",8,10.9642808,105.5077863,Bình Dương,Khách sạn,327.575 ₫,Không có giảm giá,,"https://lh5.googleusercontent.com/p/AF1QipMxqakwV0w-766gzTka861kLOunBrvzCNZvm21i, https://lh5.googleusercontent.com/p/AF1QipPRvLtCHy9mbL5CymH9QTpSAYHMaJ6N8F0v5JuN, https://lh5.googleusercontent.com/p/AF1QipMzAoA_DYsJ63B4G_qHK-uLE9W4D9EAhexHjIPd, https://lh5.googleusercontent.com/p/AF1QipNfOspBsv_YUDhj523xnbicsQvhC6jXRYcCOqH1, "
Hưng Phát Hotel,"Tổ 3 Khu Phố Bình Hòa 1, Tân Phước Khánh, Tân Uyên, Bình Dương, Việt Nam","4,7",18,10.9975717,105.556574,Bình Dương,Khách sạn,323.000 ₫,Không có giảm giá,,"https://lh5.googleusercontent.com/p/AF1QipMNYy3sYU2yBe3dhR-1GWCW4Lf1KjGHdQjCsKuC, https://lh5.googleusercontent.com/p/AF1QipNRQ0IEXnRfdwojmVEB0rFLnPhGv0XIRELH_g5-, https://lh5.googleusercontent.com/p/AF1QipPIzphOOSAlK_sMvsnE8vdzRdXBjO9h3-SpQeDm, https://lh5.googleusercontent.com/p/AF1QipM_NIqVg-C31UT2FJHlvPLtMkThmXmAsDrOqPMl, "
Tiamo Homes,"XM25+CQF, Lý Tự Trọng, Phú Thọ, Thủ Dầu Một, Bình Dương, Việt Nam","4,3",104,10.9510517,105.5058623,Bình Dương,Khách sạn,291.913 ₫,Không có giảm giá,,"https://lh5.googleusercontent.com/p/AF1QipMQ8kCtkObG8kN-Q3nMStVk8j59LUiMjvuDQAjS, https://lh5.googleusercontent.com/p/AF1QipMAuU0emZLYcJOJ11phmBQksKmD4BD0q2LKpnwq, https://lh5.googleusercontent.com/p/AF1QipMmbbUxerJU4qRR6JjMFUopiTDQznlEY3AlL8NW, https://lh5.googleusercontent.com/p/AF1QipNSkNO58uy-dy6pEcbQb8gH9ZFK5gwInBvQ1lAF, "
Khách sạn Kim Băng - Bình Dương,"22 Đường Trần Phú, Chánh Nghĩa, Thủ Dầu Một, Bình Dương 75000, Việt Nam","4,0",185,10.9762152,105.5105219,Bình Dương,Khách sạn 2 sao,449.505 ₫,Không có giảm giá,"Wi-Fi miễn phí, Bãi đỗ xe, Có điều hòa nhiệt độ, Dịch vụ giặt ủi, Phù hợp với trẻ em, ","https://lh5.googleusercontent.com/p/AF1QipPA8e32nOHrSCtAEch6gtuyHvIUVZsuBMZh-Fr-, https://lh5.googleusercontent.com/p/AF1QipNwmAIy_s7TX4LwF_CV4bX2SEVYjoQCSMi8SlNQ, https://lh5.googleusercontent.com/p/AF1QipMSXsZz2zZk4bWBcI1pJWoCD1tV4kbpn6alR_UG, https://lh5.googleusercontent.com/p/AF1QipNcL-QbJ3mcZPiul-ZZKM4m-Ly8aqWnjQjd2igW, "
Vạn Huệ Homestay Bình Dương,"12C Bùi Hữu Nghĩa, Binh Hoà, Thuận An, Bình Dương 75000, Việt Nam","3,4",21,10.9211725,105.5601346,Bình Dương,Khách sạn,399.392 ₫,Không có giảm giá,"Wi-Fi miễn phí, Bữa sáng miễn phí, Đỗ xe miễn phí, Dịch vụ giặt ủi, Trung tâm thương mại, Chấp nhận vật nuôi, Dịch vụ phòng, Nhà hàng, Bếp ở một số phòng, Quán bar, ","https://lh5.googleusercontent.com/p/AF1QipOBR4ZtHmg849lkDp3Qfpm8raWzlpkRnlYA-XPR, https://lh5.googleusercontent.com/p/AF1QipNLmQuSd5QFntZA7Xp-jeQWu6RVotp5TD7-hsLf, https://lh5.googleusercontent.com/p/AF1QipNPNeDFVmDCKzTSqlKbONSWcjtZR7VRLBOomKI, https://lh5.googleusercontent.com/p/AF1QipN5MRuqYEK4CfmdkHzzZCzcKL6PNoRJWdiMTY4Q, "
Sun Hotel,"Hẻm 1 Trần Bình Trọng, Phú Thọ, Thủ Dầu Một, Bình Dương, Việt Nam","4,2",118,10.9680831,105.5245111,Bình Dương,Khách sạn,329.536 ₫,Không có giảm giá,"Wi-Fi miễn phí, ","https://lh5.googleusercontent.com/p/AF1QipOmg-6zCZpYzL7iWm-wigE3ZvbZYV0g5wFXHvSO, https://lh5.googleusercontent.com/p/AF1QipMew3I8GPlf6Co-poAPbL3yFISzKK8aI5rbse1h, https://lh5.googleusercontent.com/p/AF1QipNJNhUkDHJ3n8NumBqYfiHOqihEc0ILzs74g9hT, https://lh5.googleusercontent.com/p/AF1QipNXmp8p0vxWYcosXd3Qu1T-Ce_mJVvijSrrYh_n, "
Hoàng Triều ( Marina Hotel Bình Dương ),"150 Nguyễn Hữu Cảnh, Phú Thọ, Thủ Dầu Một, Bình Dương 590000, Việt Nam","3,9",52,10.9677806,105.5207181,Bình Dương,Khách sạn,583.901 ₫,Không có giảm giá,,"https://lh5.googleusercontent.com/p/AF1QipPa6xWhmNlnJwXlT-zwojsUpgohFxUCt3_8wo67, https://lh5.googleusercontent.com/p/AF1QipPGxv8I6b2eHzQA-1M92vlouB3ffFowvUXNvrvy, https://lh5.googleusercontent.com/p/AF1QipN1h1dazQ-i1YJ2unX094LUP9ljMVF_haIlLhqG, https://lh5.googleusercontent.com/p/AF1QipM_LZaLn6i2g0gCn7LwvB4Okye0zY8nrybaxA9_, "
Khách Sạn Tràng An,"1182 Đ. Cách Mạng Tháng Tám, Phú Thọ, Thủ Dầu Một, Bình Dương 55000, Việt Nam","4,5",26,10.9630537,105.5189677,Bình Dương,Khách sạn,329.536 ₫,Không có giảm giá,,"https://lh5.googleusercontent.com/p/AF1QipPwpTp-3DOQY6gEXiGquvWH6SmcN5QHV4_RxAtv, https://lh5.googleusercontent.com/p/AF1QipPzrqHipoXUoSbRJP8vsmmZCtDL2KEUlAYcn766, https://lh5.googleusercontent.com/p/AF1QipPwpTp-3DOQY6gEXiGquvWH6SmcN5QHV4_RxAtv, https://lh5.googleusercontent.com/p/AF1QipOz9fPj8BkoPfRy29TvRF7_B8seFSWHbfUOadMg, "
Khách Sạn Hoàng Anh,"108 GS3, Đông Hoà, Dĩ An, Hồ Chí Minh, Việt Nam","4,0",51,10.8909076,105.6184444,Bình Dương,Khách sạn 2 sao,244.643 ₫,Không có giảm giá,"Wi-Fi miễn phí, Đỗ xe miễn phí, Có điều hòa nhiệt độ, Dịch vụ giặt ủi, Dịch vụ phòng, Không hút thuốc, ","https://lh5.googleusercontent.com/p/AF1QipMByPe5wrBJR5V07w3cbziWUDWEJ6gc0upCrSTP, https://lh5.googleusercontent.com/p/AF1QipP4O6r_O1-dnlNcDJUoMKAhU6MuKjq-PrTsCoYv, https://lh5.googleusercontent.com/p/AF1QipNZNulHSttosmNEQ5Nt862MXsGHu-yNT5IJ4xAZ, https://lh5.googleusercontent.com/p/AF1QipM8aifnSgYH-a4tduDTWFsFJRRZljz4vtuhdt8, "
Nhà Nghỉ Ngô Tình,"141A Đường Số 51, Phú Tân, Thủ Dầu Một, Bình Dương 820000, Việt Nam","5,0",25,11.0556463,105.5499595,Bình Dương,Khách sạn,259.011 ₫,Không có giảm giá,,"https://lh5.googleusercontent.com/p/AF1QipNM1wT7BuBAtNB8WhNQO08_ehPvzn8fgS8bMPzy, https://lh5.googleusercontent.com/p/AF1QipMRufF47f0QAVT2hrJAarUwp3GC0eR2N1dPY-KY, https://lh5.googleusercontent.com/p/AF1QipP2jklxdd5ryHCIsoBiYX1bXA5Ny6ij2M3M99DF, https://lh5.googleusercontent.com/p/AF1QipOv0unDv9MST6bGc15SgUE5nb9lx3DgtGVde2k6, "
Japanese Restaurant & Hotel Sakura Phạm Vân,"Binh Nhâm, Thuận An, Bình Dương, Việt Nam","4,2",267,10.9336399,105.5566322,Bình Dương,Khách sạn,762.858 ₫,Ít hơn 48% so với bình thường,"Wi-Fi miễn phí, Bữa sáng miễn phí, Đỗ xe miễn phí, Có điều hòa nhiệt độ, Dịch vụ giặt ủi, Nhà hàng, Xe đưa đón ra sân bay, ","https://lh5.googleusercontent.com/p/AF1QipNlsNnTNsrHOGGkdEtPCTnGa92RtT75T4UW0rEg, https://lh5.googleusercontent.com/p/AF1QipP7rELEcnqal2Lz6QEVRF4nTmXNphGgydNcKq5H, https://lh5.googleusercontent.com/p/AF1QipOwQtUdGMLznFYTGPohwaY9s_H5ytmQdPDsgWeF, https://lh5.googleusercontent.com/p/AF1QipNeHv6DiFnQrkP6CjSqP93S3r5Y5eEO2Yr29F3G, "
Ánh Dương Motel,"đường 25, tổ 1, ấp 2, Bàu Bàng, Bình Dương 75707, Việt Nam","4,9",22,11.3460176,105.4727723,Bình Dương,Khách sạn,238.583 ₫,Không có giảm giá,,"https://lh5.googleusercontent.com/p/AF1QipPvDhAArbNdCacnlodwDZHeeX7fP2_VnPFXtn6F, https://lh5.googleusercontent.com/p/AF1QipNHsEpawQ0RU1Q5fFp62Jtf9BuTHgmz_Uj9qPcX, https://lh5.googleusercontent.com/p/AF1QipMVtnakMIVBQ7bMq7QiCyn0Ui-qRUO77NCQKK8U, https://lh5.googleusercontent.com/p/AF1QipMNOdpllNG9cDhOTvAdCdA5eAZE3Ht1ShbGSmEg, "
Nhà nghỉ VENUS 6,"124 Đường Trần Phú, Kp bàu bàng, Thủ Dầu Một, Bình Dương, Việt Nam","4,5",41,10.9733476,105.5114535,Bình Dương,Khách sạn,373.723 ₫,Không có giảm giá,,"https://lh5.googleusercontent.com/p/AF1QipNjRGk0_9RaZExTwJ2cMFDPjDPq-n-D3XjkTCK5, https://lh5.googleusercontent.com/p/AF1QipPjZACXwqde3ZVzSPwm6BmCC5OX2gvS06bBKhiF, https://lh5.googleusercontent.com/p/AF1QipP2eI3HaBVP8hQbW6tWSV0bwOmA5DLvjYjWuwfX, https://lh5.googleusercontent.com/p/AF1QipNi-73SNuMeFZpULpCHbafX9C9EDnQSnlGgR2uR, "
The emerald golf view hotel,"68 Đại lộ Bình Dương, Lái Thiêu, Thuận An, Bình Dương 820000, Việt Nam","5,0",13,10.9255704,105.5583542,Bình Dương,Khách sạn,708.426 ₫,Không có giảm giá,"Wi-Fi miễn phí, Bữa sáng miễn phí, Đỗ xe miễn phí, Phù hợp cho người khuyết tật, Bể bơi ngoài trời, Có điều hòa nhiệt độ, Dịch vụ giặt ủi, Chấp nhận vật nuôi, Dịch vụ phòng, Bếp trong tất cả các phòng, Trung tâm thể dục, Sân gôn, ","https://lh5.googleusercontent.com/p/AF1QipMLgmHgLesXDVP-bijBhNYhxPyvp2WBc7TQqzmu, https://lh5.googleusercontent.com/p/AF1QipPcXYayH_GPr2P6k5KxHDZKv87Nr0BHGDdFfUPl, https://lh5.googleusercontent.com/p/AF1QipOUSkEcLJ_ALZDw1GuzpgqlQ8Hm1o5BGXFGDIcf, https://lh5.googleusercontent.com/p/AF1QipNNl68jh5pwCRoeqbciaqBXkMY89Ec9eWWbZfHF, "
Khách sạn Hoàng Yến,"66 Nguyễn Chí Thanh, Xã Hiệp An, Thủ Dầu Một, Bình Dương, Việt Nam","4,3",7,11.0072439,105.4910337,Bình Dương,Khách sạn 2 sao,485.750 ₫,Không có giảm giá,"Wi-Fi miễn phí, Có điều hòa nhiệt độ, Dịch vụ giặt ủi, Chấp nhận vật nuôi, Nhà hàng, Xe đưa đón ra sân bay, ","https://lh5.googleusercontent.com/p/AF1QipNQ4UfYUVKROitWAAIsNzce2dEcKHf7OZTlqQ3o, https://lh5.googleusercontent.com/p/AF1QipOvq0fPFcOeMjvDBMa4KPfcTRXwCIZSvTK76PGV, https://lh5.googleusercontent.com/p/AF1QipNQ4UfYUVKROitWAAIsNzce2dEcKHf7OZTlqQ3o, https://lh5.googleusercontent.com/p/AF1QipNJbGcPyZNCgTSFDfo3UemYGkLsUPC1wvq6GmFh, "
Hotel Hoàng Triều 皇朝商务会所,"304/9 Đường Đồng Khởi, Phú Mỹ, Thủ Dầu Một, Bình Dương, Việt Nam","3,8",8,11.0521756,105.5313499,Bình Dương,Khách sạn,525.757 ₫,Không có giảm giá,"Wi-Fi miễn phí, Đỗ xe miễn phí, Có điều hòa nhiệt độ, Dịch vụ giặt ủi, Chấp nhận vật nuôi, Bếp ở một số phòng, Xe đưa đón ra sân bay, Bồn tắm nước nóng, Không hút thuốc, ","https://lh5.googleusercontent.com/p/AF1QipMXs8IoE0a31K9e2nozbmtLUWSKcsGwfmVuTPGc, https://lh5.googleusercontent.com/p/AF1QipOSAgesvAmtzXbZLrsAeu6hRBnVQYXDrBRm3GWv, https://lh5.googleusercontent.com/p/AF1QipMXs8IoE0a31K9e2nozbmtLUWSKcsGwfmVuTPGc, https://lh5.googleusercontent.com/p/AF1QipOKX-671Z-6P5ZY7KMXKdTMZxGPOkEY2f_BUvf8, "
Hotel An Duc,"188 Đường Trần Phú, Chánh Nghĩa, Thủ Dầu Một, Bình Dương, Việt Nam","3,0",1,10.9715512,105.5119497,Bình Dương,Khách sạn,Không có giá,Không có giảm giá,,"https://lh5.googleusercontent.com/p/AF1QipO3E6PUWxj1pEZeup_aeQAYqb04s6NIIbcC3MvT, https://lh5.googleusercontent.com/p/AF1QipMTZdU0MyN7SmZS-Er6OmPIcc7k_m1YVINEa3ee, https://lh5.googleusercontent.com/p/AF1QipNzyl5JKnTH8eTpHGUiTwOP3QK_ckM1mFoL2vez, https://lh5.googleusercontent.com/p/AF1QipOo3JF3733MBCQUU4HZa7GHIoXDjj1gD8YmA6CT, "
Hotel Hương Thiên Phú,"111 11, Kp Tây A, Dĩ An, Bình Dương, Việt Nam","4,8",160,10.8995907,105.6269294,Bình Dương,Khách sạn,350.000 ₫,Không có giảm giá,"Wi-Fi miễn phí, Đỗ xe miễn phí, Có điều hòa nhiệt độ, Dịch vụ giặt ủi, Chấp nhận vật nuôi, Dịch vụ phòng, ","https://lh5.googleusercontent.com/p/AF1QipMjyX6DxC-caEqt5j33TS29tug81x0FC8Ff92YF, https://lh5.googleusercontent.com/p/AF1QipNYBuAyUzDoNXCMaPKzFoomhD9XMUJiDcCn0boA, https://lh5.googleusercontent.com/p/AF1QipPTI86IRwhpHlAp_TtIn9oq5XW-Z3kz08cYJWFZ, https://lh5.googleusercontent.com/p/AF1QipPY-qflBFHv-hkwWGUdaAWjhx7sLrSTApz8GHeB, "
Hotel Spa Anh Đức,"XMC8+CQJ, Đại lộ, Thủ Dầu Một, Bình Dương, Việt Nam","3,8",41,10.9710831,105.513323,Bình Dương,Khách sạn,435.461 ₫,Ít hơn 19% so với bình thường,"Wi-Fi miễn phí, Bãi đỗ xe, Có điều hòa nhiệt độ, Dịch vụ giặt ủi, Nhà hàng, ","https://lh5.googleusercontent.com/p/AF1QipNZKSFHK5bDoLmU5r2L4UOgH5KzzJv_SCQ4M0sA, https://lh5.googleusercontent.com/p/AF1QipMYdD71VMgwbIBlsZKNOk6Dxalg5QVN23UpzOD3, https://lh5.googleusercontent.com/p/AF1QipNfue366ehJ3ys_r5dFaKdw4TmCN_idozL7iRs2, https://lh5.googleusercontent.com/p/AF1QipPK4Roe9qepqAv2R-pRNFemBkzLZOY-TQP_dXou, "
Khách sạn Minh Thư DA7,"Hotel Minh Thư, Đ. DA 7, kp Hoà Lân 2, Thuận An, Bình Dương, Việt Nam","4,0",40,10.9404778,105.5657315,Bình Dương,Khách sạn,258.449 ₫,Không có giảm giá,,"https://lh5.googleusercontent.com/p/AF1QipPY1kxiJ1kzQFx3p_YMq_xtfZQ_ZQx7Xoo5BCs, https://lh5.googleusercontent.com/p/AF1QipOwfCzafW3GKSIol6w5aeDW7Z5xHGtqo6WzGyL-, https://lh5.googleusercontent.com/p/AF1QipMPe2wKAi0fYOJMpYbHLOyS8DHX9paUNpxeUbJb, "
Khách sạn Băng Boutique,"29 Đường Trần Phú, Chánh Nghĩa, Thủ Dầu Một, Bình Dương, Việt Nam","4,3",20,10.976021,105.5108348,Bình Dương,Khách sạn,431.455 ₫,Không có giảm giá,,"https://lh5.googleusercontent.com/p/AF1QipNbLqwe2jo2dMltJd9xURhSDUYMeqiDd2oO9Uh9, https://lh5.googleusercontent.com/p/AF1QipOjFVBq6Avu7sqIyuKdWI3kbN21kjGNZQmw-I9h, https://lh5.googleusercontent.com/p/AF1QipOctjB29aVMHLyAW1-IYQyw9FeC4GtibdXAAukz, https://lh5.googleusercontent.com/p/AF1QipOF-P14PEIkv9hez0ylAwNzONcHqhqwFbfxvo-S, "
Khách Sạn Hoa Anh Đào,"81 Đường Bình Hòa 02, Binh Hoà, Thuận An, Bình Dương, Việt Nam","4,0",81,10.8979419,105.5620566,Bình Dương,Khách sạn,427.992 ₫,Không có giảm giá,"Wi-Fi miễn phí, Bãi đỗ xe, Có điều hòa nhiệt độ, Dịch vụ giặt ủi, ","https://lh5.googleusercontent.com/p/AF1QipOFbDhYm-cz4lbC8mKN_PtlxbzdgXeiLQRze2HO, https://lh5.googleusercontent.com/p/AF1QipMPs5cErO2k0Uao_b-DL98AttLam4QhuOI-JlUr, https://lh5.googleusercontent.com/p/AF1QipNaLgdqfJdfxezUFt43KiVYQNfyR9JDSDArljXP, https://lh5.googleusercontent.com/p/AF1QipN5lPh7Gp3N1IKfgau7fN51egip8IuNjucCyKRT, "
Hotel Sao Băng,"62 Đ. D8, Chánh Nghĩa, Tp, Bình Dương, Việt Nam","3,6",48,10.9724451,105.5105863,Bình Dương,Khách sạn 2 sao,540.000 ₫,Không có giảm giá,"Wi-Fi miễn phí, Đỗ xe miễn phí, Phù hợp cho người khuyết tật, Có điều hòa nhiệt độ, Dịch vụ giặt ủi, Dịch vụ phòng, Phù hợp với trẻ em, Xe đưa đón ra sân bay, Không hút thuốc, ","https://lh5.googleusercontent.com/p/AF1QipN5iSdUXCu6lhIkI7AULWrso4VwAZh1M1qIC3is, https://lh5.googleusercontent.com/p/AF1QipNx7g7j9bbo0AEUQPmWTK9V9ojWrYY52ZEVdb15, https://lh5.googleusercontent.com/p/AF1QipMs0zRHM5Nk8RkTTq--USLk7QtGyGZmMmI8osq0, https://lh5.googleusercontent.com/p/AF1QipNwV8BZfGSxDgirxMhQBH9ILDsoQmbo4TQMB7xI, "
Khách sạn Phúc Thịnh,"328C Đại lộ Bình Dương, Khu Phố, Thuận An, Bình Dương, Việt Nam","3,8",67,10.9480638,105.5531171,Bình Dương,Khách sạn,868.386 ₫,Không có giảm giá,"Wi-Fi miễn phí, Dịch vụ giặt ủi, ","https://lh5.googleusercontent.com/p/AF1QipMo5RGWhhJrJpGKRAEhc2XmdHT7JxtOvGxYGkQq, https://lh5.googleusercontent.com/p/AF1QipMo5RGWhhJrJpGKRAEhc2XmdHT7JxtOvGxYGkQq, https://lh5.googleusercontent.com/p/AF1QipMo5RGWhhJrJpGKRAEhc2XmdHT7JxtOvGxYGkQq, "
Khách Sạn Cúc Phương,"28 GS2, Đông Hoà, Dĩ An, Bình Dương 75000, Việt Nam","3,7",123,10.8895707,105.6205042,Bình Dương,Khách sạn 3 sao,580.000 ₫,Không có giảm giá,"Wi-Fi miễn phí, Bữa sáng miễn phí, Bãi đỗ xe, Có điều hòa nhiệt độ, Dịch vụ giặt ủi, Nhà hàng, Xe đưa đón ra sân bay, ","https://lh5.googleusercontent.com/p/AF1QipN_heb9MsuTzLPs3nEXnMJ_xEiZ7DlYXvU_ZLs5, https://lh5.googleusercontent.com/p/AF1QipPhw7qul8_Wp0g80dsWuWBFIcLfrj3rBiosYDfX, https://lh5.googleusercontent.com/p/AF1QipNaLIpt5rDqCWykIvdQvmgAH3IYvkXRZDhwgUCN, https://lh5.googleusercontent.com/p/AF1QipPLm3Fp9eLJZfhMEtORPRECyOUmmCnZXWAmGyBP, "
HOTEL ĐẠI THỊNH,"74 Lê Lợi, Tân Vĩnh Hiệp, Thủ Dầu Một, Bình Dương, Việt Nam","2,6",7,11.04677,105.5376634,Bình Dương,Khách sạn,250.000 ₫,Không có giảm giá,,"https://lh5.googleusercontent.com/p/AF1QipO-d9HbIR_TUe1AO3BpajTfVyyHTNtN2pMcmTY9, https://lh5.googleusercontent.com/p/AF1QipMZ1iW7JJunlkqM_svMDM5rfc7ZbSvqBT3-ceFM, https://lh5.googleusercontent.com/p/AF1QipO-d9HbIR_TUe1AO3BpajTfVyyHTNtN2pMcmTY9, "
Amely Hotel Bình Dương,"Đ. XC2, Mỹ Phước, Bến Cát, Bình Dương, Việt Nam","4,4",41,11.1384014,105.4551843,Bình Dương,Khách sạn,Không có giá,Không có giảm giá,,"https://lh5.googleusercontent.com/p/AF1QipOENAxjAfiG4hYjM6jZ4rHynRrTTZE3LYNIGFQF, https://lh5.googleusercontent.com/p/AF1QipNJ2if9IeWXSB1-fmjSQexJTpY270p48LOoww-i, https://lh5.googleusercontent.com/p/AF1QipMiB_92EqPazu7Cq-9EPLo0anNC_KZ1hGJnIzHY, https://lh5.googleusercontent.com/p/AF1QipNwfzwV5CqXQlNxghlFUnp1hypszQjVbdxExzr9, "
Thuỷ Quỳnh Hotel,"568 ĐT744, An Tây, Bến Cát, Bình Dương, Việt Nam","4,2",59,11.0996994,105.3830143,Bình Dương,Khách sạn,240.192 ₫,Không có giảm giá,"Wi-Fi miễn phí, Đỗ xe miễn phí, Bể bơi, Có điều hòa nhiệt độ, Dịch vụ giặt ủi, Bếp ở một số phòng, ","https://lh5.googleusercontent.com/p/AF1QipOBT9C_6L57MeZMnqHCcXlxvdAbMHTsZXaXZCSD, https://lh5.googleusercontent.com/p/AF1QipOAgrnbLgdN26u4kvxs-9aO4Trw1txuukQB_kx0, https://lh5.googleusercontent.com/p/AF1QipMkIHkfdBakyTr5gjNuC6XiZmQjeJ0Pbd4QRhCf, https://lh5.googleusercontent.com/p/AF1QipNMdyuow_KAyd4Ues3XkkcsADC5sjRs_PhRcjU6, "
Nhà Nghỉ VIVA,"401 Lê Hồng Phong, Phú Hoà, Thủ Dầu Một, Bình Dương, Việt Nam","4,1",134,10.9755146,105.5285147,Bình Dương,Khách sạn,382.940 ₫,Không có giảm giá,"Wi-Fi miễn phí, Đỗ xe miễn phí, Có điều hòa nhiệt độ, Dịch vụ giặt ủi, Dịch vụ phòng, ","https://lh5.googleusercontent.com/p/AF1QipNlZIbGnjByuYloQbWDKrHZo6UdJLTHW5Oy4dTt, https://lh5.googleusercontent.com/p/AF1QipNyMcbW8vgW_ZUN58cXsRbjjGCHiVQgB93tA_Bo, https://lh5.googleusercontent.com/p/AF1QipOgPO-6fqBpXwjZWzKIczdM-p0JWN0wLRLyp_70, https://lh5.googleusercontent.com/p/AF1QipMVmHbpi4ViO55--VV2E2T27er6C-rMmKSEg_Eq, "
"Phương Nam Resort - Thuận An, Bình Dương","VPG3+3CX, 15/12 đường Vĩnh Phú 21, QL13, KP Trung, Thuận An, Bình Dương 10000, Việt Nam","4,4",640,10.8752408,105.5500539,Bình Dương,Khách sạn,1.033.613 ₫,Không có giảm giá,"Wi-Fi miễn phí, Bữa sáng miễn phí, Đỗ xe miễn phí, Phù hợp cho người khuyết tật, Bể bơi ngoài trời, Có điều hòa nhiệt độ, Dịch vụ giặt ủi, Nhà hàng, Bếp ở một số phòng, Xe đưa đón ra sân bay, Bồn tắm nước nóng, Spa, Trung tâm thể dục, ","https://lh5.googleusercontent.com/p/AF1QipOGWTtEnxJ3mQIuIiatnex4fLfiHUyRxr9VcFs0, https://lh5.googleusercontent.com/p/AF1QipPCj1fbX9BThsnFumyalzfGHZT_fOZIix1rADoT, https://lh5.googleusercontent.com/p/AF1QipPBOoH7U6IJlrbQIysW-L7Kqy5dMie7nJB7zaCq, https://lh5.googleusercontent.com/p/AF1QipOWgyQXuL3GrozXmVi-16cIFB6rF2jUkTllBKuw, "
Bảo Trâm Korea Motel,"WQC5+9MG, Đ. Chiêu Liêu, Tân Đông Hiệp, Dĩ An, Bình Dương, Việt Nam","4,9",16,10.9209573,105.6056727,Bình Dương,Khách sạn,298.185 ₫,Không có giảm giá,,"https://lh5.googleusercontent.com/p/AF1QipOR8YcD6wrO0AqyHSaqQ8QlN0jVWgwm7Cotj9YL, https://lh5.googleusercontent.com/p/AF1QipMAkZPdNmQ3eL2lNFaMxYA91JrA-QgWy0V8eMN5, https://lh5.googleusercontent.com/p/AF1QipOB0LFCbDJSWirtH7EHWxpv9n517kaEpKYZOVFa, https://lh5.googleusercontent.com/p/AF1QipOPciO1en9fJ8oCJtRoVhhzg7eOPeRfe-SKvUTE, "
HOÀNG GIA HOTEL,"1224 Đ. Cách Mạng Tháng Tám, Phú Thọ, Thủ Dầu Một, Bình Dương 75108, Việt Nam","3,6",9,10.9624404,105.520071,Bình Dương,Khách sạn,526.195 ₫,Không có giảm giá,,"https://lh5.googleusercontent.com/p/AF1QipM8TThMFLJTlzcXKSsS8mlcvquITK0162lAVDdY, https://lh5.googleusercontent.com/p/AF1QipPWwSqGQXK6U8muondIEGbUJWDULJfjdIZxmz4b, https://lh5.googleusercontent.com/p/AF1QipMA-d2AyR1BSDrTRvXDBQqRwz6zCBa3DQihN8RA, https://lh5.googleusercontent.com/p/AF1QipPz7PmdRTtAJKS3mYRJd7ul3QUFFSZb24nNzCCx, "
Nhà Nghỉ Kỳ Phú,"Đường An Phú 06, An Phú, Thuận An, Bình Dương, Việt Nam","4,4",31,10.9445327,105.587846,Bình Dương,Khách sạn 1 sao,329.030 ₫,Không có giảm giá,"Wi-Fi miễn phí, Đỗ xe miễn phí, Có điều hòa nhiệt độ, Dịch vụ giặt ủi, Bếp ở một số phòng, ","https://lh5.googleusercontent.com/p/AF1QipMcgcivg1KE7hxwVCCmXRLQ_lWAWiND0v70EsOS, https://lh5.googleusercontent.com/p/AF1QipMCUNzBKW5i5g1Z1tdeYiuMs-Dk4dusqZEPcSGy, https://lh5.googleusercontent.com/p/AF1QipOo-Q9_1EfMsqx-73_7ZtDOfO9gh_qM9Xcmrd8C, https://lh5.googleusercontent.com/p/AF1QipPb15X2fQ2PStCaHUgI4fZndovkoz6SvzLrp_Xr, "
Mia Hotel & Apartment,"80 Đ. D8, Chánh Nghĩa, Thủ Dầu Một, Bình Dương 820000, Việt Nam","3,6",11,10.9720614,105.5107662,Bình Dương,Khách sạn,Không có giá,Không có giảm giá,,"https://lh5.googleusercontent.com/p/AF1QipNdUi4fJ3Mv9NcfBItBz1LEQ5imWZ7sJKv3jJ-a, https://lh5.googleusercontent.com/p/AF1QipNZtt9EpkMMKsiGnsWnlE8z-OpQdMU6UocImnA_, https://lh5.googleusercontent.com/p/AF1QipNCnVbdl4T8KpQG-miFjWLDvvhsAXjERKxwCgDz, https://lh5.googleusercontent.com/p/AF1QipMn2UBj2ihE3VluuNbVa3bmKmMXvPhcSMDD4D4l, "
Nhà nghỉ Nam Phương,"1255/11 Đ. Cách Mạng Tháng Tám, Phú Thọ, Thủ Dầu Một, Bình Dương, Việt Nam","4,0",40,10.9632514,105.5190508,Bình Dương,Khách sạn,300.000 ₫,Không có giảm giá,,"https://lh5.googleusercontent.com/p/AF1QipNZk1GWuVQadT2AjavVL8GbBeQfrpA0C0_ZsnmJ, https://lh5.googleusercontent.com/p/AF1QipMdzkBNDil44IwSNbccsoin0nmX9ISxefy0DRvi, https://lh5.googleusercontent.com/p/AF1QipOv0KH6HUvgDQj7uXmxb8YNKs6T0BTzVV8O-geb, https://lh5.googleusercontent.com/p/AF1QipP8EBZDi3xaWny-r4yoXjXhOK6mLm8dGO0mt_D4, "
HANZ Anh Duc 1 Hotel Binh Duong,"219 Đường Hoàng Văn Thụ, Chánh Nghĩa, Thủ Dầu Một, Bình Dương, Việt Nam","3,0",3,10.9710412,105.5133401,Bình Dương,Khách sạn,435.585 ₫,Không có giảm giá,"Wi-Fi miễn phí, Có điều hòa nhiệt độ, Dịch vụ giặt ủi, Chấp nhận vật nuôi, Nhà hàng, Xe đưa đón ra sân bay, ",
Nhà nghỉ Phương Nam 10,"16 Đường N2, Khu Phố Thống Nhất 1, Dĩ An, Bình Dương 75000, Việt Nam","4,4",48,10.9060137,105.589674,Bình Dương,Khách sạn,270.000 ₫,Không có giảm giá,,"https://lh5.googleusercontent.com/p/AF1QipPjBmDqet4_23tyHaOJiF2canHPvBE5ctCPYZ7l, https://lh5.googleusercontent.com/p/AF1QipNC7995mIZyy3SIPYhh_hcj6BVRExMjcUgjUv17, https://lh5.googleusercontent.com/p/AF1QipPBvAb3ktI869i-HZlcy1g28B5oLj2PJcFFGI0F, https://lh5.googleusercontent.com/p/AF1QipOs4ufOFV7bvjpmBcYEmAl5XRZ-ev35xVfVw3of, "
Khách sạn Hoàng Yến,"11/16 Đại lộ Bình Dương, Định Hoà, Thủ Dầu Một, Bình Dương, Việt Nam",Chưa xét,0,10.9288822,105.55876,Bình Dương,Khách sạn,Không có giá,Không có giảm giá,,
An Lam Retreats Saigon River,"21/4 Trung Street Vinh Phu Ward Thuan An City, Bình Dương, Việt Nam","4,4",1.088,10.8709526,105.5455508,Bình Dương,Khách sạn 5 sao,4.398.000 ₫,Không có giảm giá,"Wi-Fi miễn phí, Bữa sáng miễn phí, Đỗ xe miễn phí, Bể bơi ngoài trời, Có điều hòa nhiệt độ, Dịch vụ giặt ủi, Dịch vụ phòng, Phù hợp với trẻ em, Nhà hàng, Xe đưa đón ra sân bay, Bồn tắm nước nóng, Spa, Trung tâm thể dục, ","https://lh5.googleusercontent.com/p/AF1QipPHA9sP613kPdOKNYxHeKeviFPMSzE_cJXU22a1, https://lh5.googleusercontent.com/p/AF1QipN22_f_fgq9SJmq2bs8Rr6bKpj6jQld3hRCPwJ_, https://lh5.googleusercontent.com/p/AF1QipObTAZ54_kB_ki76FSGdIv2_UABRaL1GARRKpw1, https://lh5.googleusercontent.com/p/AF1QipO3mWl_D-M6FchyLD4ULKQyHRiBUf_UiBHRu-nB, "
Nhà nghỉ Đế Vương,"Hẻm 93 Nguyễn Thị Minh Khai, Phú Hoà, Thủ Dầu Một, Bình Dương 75000, Việt Nam","3,8",26,10.9820421,105.539073,Bình Dương,Khách sạn,341.432 ₫,Không có giảm giá,"Wi-Fi miễn phí, Đỗ xe miễn phí, Dịch vụ giặt ủi, Bếp ở một số phòng, ","https://lh5.googleusercontent.com/p/AF1QipPEcPVT1yHCVn20dTak0D_Gj0vvj-chNKlHmoJY, https://lh5.googleusercontent.com/p/AF1QipPEcPVT1yHCVn20dTak0D_Gj0vvj-chNKlHmoJY, "
Nhà nghỉ Hậu Nhi,"105 QL13, TT. Lai Uyên, Bàu Bàng, Bình Dương, Việt Nam","3,8",15,11.2559629,105.4843266,Bình Dương,Khách sạn,196.659 ₫,Không có giảm giá,,"https://lh5.googleusercontent.com/p/AF1QipOPHMppWO0baT9azqLK07oUCEYOvLFdt6iD2-DP, https://lh5.googleusercontent.com/p/AF1QipP4504LYxFPxcVjAhgshjDwQP5rnLTPDcNfF27o, https://lh5.googleusercontent.com/p/AF1QipM-k9rZ7oU25zwSTUFRQJ8Efm1dv4_H_2W-kp6w, https://lh5.googleusercontent.com/p/AF1QipPXeoIvva5MKF0ZYvUp29CW60gjmyw075jRr0GD, "
Công Ty Tnhh Khách Sạn Nữ Hoàng Elizabeth,"17/41 Trần Văn Ơn, khu Phố 4, Thủ Dầu Một, Bình Dương, Việt Nam",Chưa xét,0,10.972208,105.5216451,Bình Dương,Khách sạn,942.940 ₫,Không có giảm giá,,
KHÁCH SẠN HƯNG PHƯỚC,"95 - 97 Đường D1, Khu Công Nghiệp Mỹ, Bến Cát, Bình Dương, Việt Nam","3,9",205,11.1300614,105.449798,Bình Dương,Khách sạn 2 sao,Không có giá,Không có giảm giá,"Wi-Fi miễn phí, Bữa sáng miễn phí, Đỗ xe miễn phí, Có điều hòa nhiệt độ, Dịch vụ giặt ủi, Nhà hàng, Xe đưa đón ra sân bay, ","https://lh5.googleusercontent.com/p/AF1QipOUr9xpbwMuNQGZUNaL7sd3rhE27wdknE3jrIza, https://lh5.googleusercontent.com/p/AF1QipNJX52TDwnLOGw78bOOChcmMF4md0oXdzsQg-a6, https://lh5.googleusercontent.com/p/AF1QipO3A43v48V8RujLfX6YXFLQK8qKoP0G_4zg3QCg, https://lh5.googleusercontent.com/p/AF1QipNCnduJFEhPKvjvWQ8eiJo3apxq7c-deWL8vhh4, "
Khách Sạn K'MY,"104/6 Đại lộ Bình Dương, Phú Hoà, Thủ Dầu Một, Bình Dương 75000, Việt Nam","4,5",96,10.9702112,105.5245473,Bình Dương,Khách sạn,Không có giá,Không có giảm giá,"Wi-Fi miễn phí, Đỗ xe miễn phí, Có điều hòa nhiệt độ, Dịch vụ giặt ủi, Dịch vụ phòng, ","https://lh5.googleusercontent.com/p/AF1QipOktYpLKo51ukiOhQJMfMwtxUBzc8X1-dYq__AW, https://lh5.googleusercontent.com/p/AF1QipMQAfGDx8oX1rGExZk3xbX9pcfO7FnG8HBzwlpL, https://lh5.googleusercontent.com/p/AF1QipOF0Ct0Furw9y5_25-dbppsImZiVj0GXXNqb1rZ, https://lh5.googleusercontent.com/p/AF1QipObM-RNKDaXxIWPv3X6yAzz20t2MxxOUjlYlmOu, "
Nhà nghỉ Hương Giang,"63 Đ. Trương Định, Hiệp Thành, Thủ Dầu Một, Bình Dương, Việt Nam","3,5",32,10.9959043,105.5079149,Bình Dương,Khách sạn,480.441 ₫,Không có giảm giá,,"https://lh5.googleusercontent.com/p/AF1QipOaM-Ruomko-zl41t0mlBqnOK6CIbivdgOd0_g, https://lh5.googleusercontent.com/p/AF1QipMR0USBiiLBhdhrVuabPzZ0kIA_RWLeH9F9Ga4, https://lh5.googleusercontent.com/p/AF1QipMepErIHHyNNpeq5KGr5iUY5MDIAWm6FLRRkSak, https://lh5.googleusercontent.com/p/AF1QipNvXxRF5p3ESxhjHCQ0jqz6SCMNYoswbrKF459q, "
BCONS BINH DUONG HOTEL,"50 Bạch Đằng, Phú Cường, Thủ Dầu Một, Bình Dương 821480, Việt Nam","4,1",541,10.9802894,105.4964742,Bình Dương,Khách sạn 4 sao,Không có giá,Không có giảm giá,"Wi-Fi miễn phí, Bữa sáng miễn phí, Đỗ xe miễn phí, Bể bơi ngoài trời, Có điều hòa nhiệt độ, Dịch vụ giặt ủi, Phù hợp với trẻ em, Nhà hàng, Spa, Trung tâm thể dục, ","https://lh5.googleusercontent.com/p/AF1QipNz7kguqBbu183FcpuBC2IlJZxA9xe42ckeDpDY, https://lh5.googleusercontent.com/p/AF1QipNgQ0Xc_4ANGubtWfIZIPV1qBKNOVRc8S8nR4S-, https://lh5.googleusercontent.com/p/AF1QipOz1K5uL-FiEyK3ug8rCbIAmPG72EueSruIktG5, https://lh5.googleusercontent.com/p/AF1QipPdqk0_mGzoOuWC19NTsjDLCpYwH9nv5YVUHGBg, "
Dai Nam Hotel Binh Duong,"1765A Bình Dương, Boulevard, Ward, Bình Dương, Việt Nam","4,1",208,11.0346092,105.4766957,Bình Dương,Khách sạn,Không có giá,Không có giảm giá,"Wi-Fi miễn phí, Bữa sáng miễn phí, Đỗ xe miễn phí, Bể bơi ngoài trời, Có điều hòa nhiệt độ, Dịch vụ giặt ủi, Phù hợp với trẻ em, Nhà hàng, Xe đưa đón ra sân bay, Spa, ","https://lh5.googleusercontent.com/p/AF1QipN8dzXvFkyLZa5wx6KlqcyGXKMsJpB2eVxj6jxp, https://lh5.googleusercontent.com/p/AF1QipOpiilBx7-ZpE4N_nEsmTuquM-8nGcdaGek4tSE, https://lh5.googleusercontent.com/p/AF1QipP6BWwrZNYwc5wIeSAuzIddhPJ4K53nW33u30fO, https://lh5.googleusercontent.com/p/AF1QipNf6dQgcsMIa-8hegKKdMG1LJansFo9OS6_PXk0, "
Khai Hoan Hotel 2,"DA1-1, Mỹ Phước, Bến Cát, Bình Dương, Việt Nam","4,8",132,11.1397228,105.458686,Bình Dương,Khách sạn,Không có giá,Không có giảm giá,,"https://lh5.googleusercontent.com/p/AF1QipOk7sHDkbzz7L5RTyf1GgR2PBIHxZ6L1cTmYIut, https://lh5.googleusercontent.com/p/AF1QipNQz5mWRqpOxd5KHDIXKtqUh6DGNNwd9fyq-IgD, https://lh5.googleusercontent.com/p/AF1QipMkiZoEnlBRCyvgL_UzPx8Op8ApIs8fGjPl4PD9, https://lh5.googleusercontent.com/p/AF1QipNa_fV6HhT2-8ttQ7LqMqojz_XX2joWAartST8T, "
ANMY HOTEL,"18 Đ. DX-004, Khu 8, Thủ Dầu Một, Bình Dương, Việt Nam","4,4",88,11.0392273,105.5287719,Bình Dương,Khách sạn,Không có giá,Không có giảm giá,"Wi-Fi miễn phí, Đỗ xe miễn phí, Có điều hòa nhiệt độ, Dịch vụ giặt ủi, Xe đưa đón ra sân bay, ","https://lh5.googleusercontent.com/p/AF1QipNSZEkAbDAjrW4Hk04VwpeDWYhRbQxvNCfsM1FQ, https://lh5.googleusercontent.com/p/AF1QipOsRyWTpjmY3yha4nYHL2NNYQyjzGmQMSTcTKco, https://lh5.googleusercontent.com/p/AF1QipMlUS0XNZUu95r_w5PXqVEmrDs71FlOfXTXF7Hl, https://lh5.googleusercontent.com/p/AF1QipPnFS4ww8CRZE9f3gDlCZaVWYxONbO7y_s8OSjQ, "
Hotel Trang Huy,"Đường NA5, Khu Dân Cư Việt Sing, Thuận An, Bình Dương 75000, Việt Nam","4,6",43,10.9428728,105.5684812,Bình Dương,Khách sạn,Không có giá,Không có giảm giá,,"https://lh5.googleusercontent.com/p/AF1QipOR5edUhOJWSfk7GJW9baPX_j0vdPqarNJrhO4s, https://lh5.googleusercontent.com/p/AF1QipO0leyEZ9s-8x6kolsLLLE4cA6tAGHooWx2INJs, https://lh5.googleusercontent.com/p/AF1QipPbO2hlctymaX-wKEdvsH7wvDnN1txm17BR2SSl, https://lh5.googleusercontent.com/p/AF1QipPn-mP_RJHf4zFUOuFPG67qG3kfda3XK52jTlwv, "
HOTEL TÂN KHỞI ĐẠT,"Thái Hoà, Tân Uyên, Bình Dương 75000, Việt Nam","4,1",51,11.1346394,105.535614,Bình Dương,Khách sạn 3 sao,Không có giá,Không có giảm giá,"Wi-Fi miễn phí, Dịch vụ giặt ủi, Bếp ở một số phòng, ","https://lh5.googleusercontent.com/p/AF1QipOPU8CumK44YnBIXGpg2ou1AaPM5XUqogz6_gHm, https://lh5.googleusercontent.com/p/AF1QipMf1qHnh7qUt8umet-BxlrEd-adkuN_vR8QJ1C4, https://lh5.googleusercontent.com/p/AF1QipNygljm7PG3MVMRKfX6DPLyrbFciYe-uqY3wf8R, https://lh5.googleusercontent.com/p/AF1QipNfJ5LOIdNj6sp6GNiMyy1Zae_UgwPv0FZ5xxx1, "
Khách sạn GIA PHONG PHÁT,"34 lô 2 NA3, Khu Phố 7, Bến Cát, Bình Dương 82000, Việt Nam","4,8",5,11.1402866,105.4803116,Bình Dương,Khách sạn,Không có giá,Không có giảm giá,,"https://lh5.googleusercontent.com/p/AF1QipP2EUtxwr4mPbJels-9HeR0i1BKlgq3dqHBkTR5, https://lh5.googleusercontent.com/p/AF1QipPNj74uUCbI8k0XRcKWa3n2GP8oOyR8TZ1gY82c, https://lh5.googleusercontent.com/p/AF1QipP2EUtxwr4mPbJels-9HeR0i1BKlgq3dqHBkTR5, https://lh5.googleusercontent.com/p/AF1QipMG4UnnIEqOHcO19fOZjBl_JhILf5tuDrkFGGDs, "
Khách sạn Đông Hòa,"Tờ bản đồ 59, 152 ĐT747, Uyên Hưng, Tân Uyên, Bình Dương, Việt Nam","4,7",119,11.1402866,104.4915421,Bình Dương,Khách sạn,Không có giá,Không có giảm giá,,"https://lh5.googleusercontent.com/p/AF1QipNlrcBsmDeJhXmiIuKXb3S1UtbtKepPtLerzX0A, https://lh5.googleusercontent.com/p/AF1QipMUTzjaRMqXS3dHK5vZUXsq6St9uvxKp-d8gFzr, https://lh5.googleusercontent.com/p/AF1QipM6ZaAFhMhijwEgmvl3JQpGfuxwdJqv3lRUmmGr, https://lh5.googleusercontent.com/p/AF1QipOAKtkrVO6BspSr1fyJObu3bGY-DWvP8r5iHd-M, "
THÀNH PHỐ MỚI HOTEl,"2 Đường N25, Khu Phố 1, Thủ Dầu Một, Bình Dương, Việt Nam","4,9",36,11.0414652,105.5360945,Bình Dương,Khách sạn,Không có giá,Không có giảm giá,"Wi-Fi miễn phí, Đỗ xe miễn phí, Phù hợp cho người khuyết tật, Có điều hòa nhiệt độ, Chấp nhận vật nuôi, Xe đưa đón ra sân bay, Không hút thuốc, ","https://lh5.googleusercontent.com/p/AF1QipMnEvBXOSFaZ4v0Yu2Fw0HdZlcjp6ICK-PvdY3j, https://lh5.googleusercontent.com/p/AF1QipPrEF71azjg_upgV1rC6GiDb4cVagmSRjFL65qA, https://lh5.googleusercontent.com/p/AF1QipNfPZUzywWQ0pOnbkBRltk9U9YHd3jZA0NNfAE2, https://lh5.googleusercontent.com/p/AF1QipP2nRIf__GunOB7jeyItnqz8CF1YGYZNaSJWK9k, "
Khách sạn Thuỳ Dương,"39 Đường D3, Dĩ An, Bình Dương, Việt Nam","4,3",59,10.9050793,105.5883952,Bình Dương,Khách sạn 2 sao,Không có giá,Không có giảm giá,"Wi-Fi miễn phí, Đỗ xe miễn phí, Dịch vụ giặt ủi, Bếp ở một số phòng, ","https://lh5.googleusercontent.com/p/AF1QipOoSAdAnkUBQwsVhTYykmPMGST8HZom9E6s_zXn, https://lh5.googleusercontent.com/p/AF1QipMBPeThWDCzajfUl2ie6zoRNEo35CGf9aT1ca56, https://lh5.googleusercontent.com/p/AF1QipO3PTkMVz3gJLX_ZWHB2tTdUkUuhJvqRHrQgOUc, https://lh5.googleusercontent.com/p/AF1QipP0-VZAImIyNJp3TzgWt7Ue2JGm-RLH6IFqfxQ8, "
Hotel Thiên đường Xanh/ Green Paradise bungalows,"đường tỉnh ĐT742, ấp 5, Vĩnh Tân, Tân Uyên, Bình Dương, Việt Nam","4,3",149,11.1105676,105.5528013,Bình Dương,Khách sạn,Không có giá,Không có giảm giá,"Wi-Fi miễn phí, Đỗ xe miễn phí, Bể bơi ngoài trời, Có điều hòa nhiệt độ, Dịch vụ giặt ủi, Phù hợp với trẻ em, Nhà hàng, Bếp ở một số phòng, Xe đưa đón ra sân bay, ","https://lh5.googleusercontent.com/p/AF1QipPkPJd6F5_ptBACM6Ts2QFqs8pz-VFt4M1y1fuC, https://lh5.googleusercontent.com/p/AF1QipNKuU3BxNA1SylZc6cngYjvHHp7yKRF1hjMcXrV, https://lh5.googleusercontent.com/p/AF1QipM3Bfz2EuiVv56eoJ2Scl4Vglg_rIlsKww4iWxq, https://lh5.googleusercontent.com/p/AF1QipMJZHIimgqdj3PLlTedWUv22hSI4eFa1XtbxiQD, "
Khách sạn Royal,"VQC5+M64, Bình Đường, An Bình, Dĩ An, Bình Dương, Việt Nam","4,3",6,10.8716454,105.6045043,Bình Dương,Khách sạn,Không có giá,Không có giảm giá,,"https://lh5.googleusercontent.com/p/AF1QipNTlk_r-s7S75uPEa_UIGKgcoxPRY6LtQ_wZ4sa, https://lh5.googleusercontent.com/p/AF1QipNTlk_r-s7S75uPEa_UIGKgcoxPRY6LtQ_wZ4sa, https://lh5.googleusercontent.com/p/AF1QipPktSfrorQOoz6f-5aXUmBGipf0hVrgI8sq3YoS, "
Khách Sạn Hồ Tây,"XMF8+786, Đường Hoàng Văn Thụ, Chánh Nghĩa, Thủ Dầu Một, Bình Dương, Việt Nam","3,6",47,10.9731692,105.5121957,Bình Dương,Khách sạn,Không có giá,Không có giảm giá,"Wi-Fi miễn phí, Có điều hòa nhiệt độ, Dịch vụ giặt ủi, ","https://lh5.googleusercontent.com/p/AF1QipNvRntsvWl-YfOG4eSDBNMLRIPlAp1e9ypAdgqD, https://lh5.googleusercontent.com/p/AF1QipN5QDf-hsvb7d5qshgfA6EHNryaZESmsGkctyjw, https://lh5.googleusercontent.com/p/AF1QipNmda2SrlhNl-cn75iBkPOuYyrFBpD4pCA0vm2v, https://lh5.googleusercontent.com/p/AF1QipOziAvP4hbDBw7msUs83Rx669T05pvxL6-odAGa, "
Khách Sạn Trúc Xanh,"Lê Hồng Phong, Phú Hoà, Tp. Thủ Dầu Một, Bình Dương, Việt Nam","3,8",107,10.9761291,105.5291144,Bình Dương,Khách sạn 2 sao,Không có giá,Không có giảm giá,"Wi-Fi miễn phí, Đỗ xe miễn phí, Có điều hòa nhiệt độ, Dịch vụ giặt ủi, ","https://lh5.googleusercontent.com/p/AF1QipPinpiAgZ5X6_8PkO5Wwq6y3RepwzCr69pHXBC4, https://lh5.googleusercontent.com/p/AF1QipPOO3bIwZVYVG0Y6PhHn2TQGzUB6SiRmIICNljo, https://lh5.googleusercontent.com/p/AF1QipMCJKjzRtRIW2k6XlyjuqtZiw3JUX61mc4Bk-J6, https://lh5.googleusercontent.com/p/AF1QipO35AonvySkp0fGMmFkYiE4H7vNc7n3uF5Zf9qI, "
Khách Sạn Thanh Vân,"39 Đường D22, Khu Dân Cư Viet Sing, Thuận An, Bình Dương, Việt Nam","4,6",28,10.9474509,105.5806176,Bình Dương,Khách sạn,Không có giá,Không có giảm giá,"Wi-Fi miễn phí, Đỗ xe miễn phí, Phù hợp cho người khuyết tật, Có điều hòa nhiệt độ, Dịch vụ giặt ủi, Chấp nhận vật nuôi, Spa, ","https://lh5.googleusercontent.com/p/AF1QipO2mg6wDiqFD5caC4C9kpUQIY5zp7IvPYOKpTzE, https://lh5.googleusercontent.com/p/AF1QipM2HQrl_KV80V_I3swUds1bQvQ44pR_T6_j7raS, https://lh5.googleusercontent.com/p/AF1QipPSl8mq4m2HdIHHcTRXpRon8vrbnYjojGM92l_s, https://lh5.googleusercontent.com/p/AF1QipOHgLUkD2fFmMbXaTtw2xQWa9o5MuiQHP80j5bt, "
Khách sạn Happy House thành phố mới bình dương,"D09 Huỳnh Thúc Kháng, Phú Chánh, Thủ Dầu Một, Bình Dương 820000, Việt Nam","4,5",26,11.0528438,105.5313238,Bình Dương,Khách sạn,Không có giá,Không có giảm giá,"Wi-Fi miễn phí, Phù hợp cho người khuyết tật, Có điều hòa nhiệt độ, Dịch vụ giặt ủi, Không hút thuốc, ","https://lh5.googleusercontent.com/p/AF1QipMn7HEHN7IH0CImdrDNvwcikXwnzP-K0zYfPu5z, https://lh5.googleusercontent.com/p/AF1QipN-FudQm-uY1T-rmmJJX5Lwsvo2P30-HHyYzxp3, https://lh5.googleusercontent.com/p/AF1QipOSMqJcXtCutrAJwROML1guStXYJR2ExWztjk72, https://lh5.googleusercontent.com/p/AF1QipNTJGUjaTx2Zjg9HfO0LA6iZj46IWV4s1jLNhpH, "
KHÁCH SẠN NEWSKY1,"Đường DJ5, Thới Hoà, Bến Cát, Bình Dương 75911, Việt Nam","5,0",1,11.1022662,105.4839304,Bình Dương,Khách sạn,Không có giá,Không có giảm giá,,"https://lh5.googleusercontent.com/p/AF1QipO-C6ZH8CqObRqdur-q-Hy3f_ygEyOWYUSlj-JG, https://lh5.googleusercontent.com/p/AF1QipO-C6ZH8CqObRqdur-q-Hy3f_ygEyOWYUSlj-JG, https://lh5.googleusercontent.com/p/AF1QipPiNdG9vJE32Xe_zlS9IXctusCFQpquQvAopKhN, https://lh5.googleusercontent.com/p/AF1QipO-C6ZH8CqObRqdur-q-Hy3f_ygEyOWYUSlj-JG, "
Nhị Hà Guest House,"162 Ngô Gia Tự, Chánh Nghĩa, Thủ Dầu Một, Bình Dương, Việt Nam","4,1",11,10.9739886,105.5116075,Bình Dương,Khách sạn,Không có giá,Không có giảm giá,,"https://lh5.googleusercontent.com/p/AF1QipP8sa5QGjeUg_fl4maI0IzBUGD1sMBogN9p2JIP, https://lh5.googleusercontent.com/p/AF1QipMfsJ0t6RHhCB63YFg79l7CEDd4ILPinEFSY8af, https://lh5.googleusercontent.com/p/AF1QipMwShxc5SYOIF-yu_xQ62C9yjtX4eA7xL-sz2RJ, https://lh5.googleusercontent.com/p/AF1QipMaFF-I5LOkc4S4pRX9G4UIL3mBQ1ASEUkZhjA9, "
Khách sạn Mira - Khách sạn gần biển ở Quy Nhơn,"11A Ngô Mây, Nguyễn Văn Cừ, Quy Nhơn, Bình Định, Việt Nam","4,2",412,13.761678,108.9310121,Bình Định,Khách sạn 3 sao,248.997 ₫,Không có giảm giá,"Wi-Fi miễn phí, Đỗ xe miễn phí, Có điều hòa nhiệt độ, Dịch vụ giặt ủi, Có đường ra bãi biển, Phù hợp với trẻ em, Nhà hàng, Xe đưa đón ra sân bay, ","https://lh5.googleusercontent.com/p/AF1QipPckf6t2lPd54jM25kM5ZbSSgMEYDnhijoezrRl, https://lh5.googleusercontent.com/p/AF1QipOCmyuvsRSppComUoSq1sc4uYuyUYuPPmP5Q6H8, https://lh5.googleusercontent.com/p/AF1QipNr5In46mJUd5GXTg8EqFwoH_SU4j-wea28WuDZ, https://lh5.googleusercontent.com/p/AF1QipNpAnzovni88wv5NQcC1ohUTWVQFb_1deaGCdg, "
Galaxy Hotel,"27 Nguyễn Lạc, Trần Phú, Quy Nhơn, Bình Định, Việt Nam","4,1",202,13.7636578,108.9355552,Bình Định,Khách sạn 2 sao,370.503 ₫,Không có giảm giá,"Wi-Fi miễn phí, Đỗ xe miễn phí, Có điều hòa nhiệt độ, Dịch vụ giặt ủi, Có đường ra bãi biển, Phù hợp với trẻ em, Nhà hàng, ","https://lh5.googleusercontent.com/p/AF1QipMJVpweCXjnMOHWUnTi-QSwBFWjk6kDEIss3Fj-, https://lh5.googleusercontent.com/p/AF1QipMxorLETBjAJrdWpDammZRHsaAQpr8_oo6WZpI, https://lh5.googleusercontent.com/p/AF1QipNPGNnyQmDQJmoYqaLCZ71zGkYmHVESNtRVF0E-, https://lh5.googleusercontent.com/p/AF1QipMVcGVt-T0Xoj5XhsYYcsG3TrNpEWY9msFTxwHd, "
Khách sạn Center Quy Nhơn,"51 Hoàng Diệu, Trần Phú, Quy Nhơn, Bình Định 55109, Việt Nam","4,2",233,13.7690819,108.9349727,Bình Định,Khách sạn 2 sao,142.806 ₫,Không có giảm giá,"Wi-Fi miễn phí, Bữa sáng miễn phí, Đỗ xe miễn phí, Có điều hòa nhiệt độ, Dịch vụ giặt ủi, Phù hợp với trẻ em, Nhà hàng, Xe đưa đón ra sân bay, ","https://lh5.googleusercontent.com/p/AF1QipMInHDh_ZqP0RQyTlpK7aXZX5x7TrxmjR5UwsOL, https://lh5.googleusercontent.com/p/AF1QipPUWh5qeWcJ8DEr_p4DGpqs6GbHJE1tDi9tSsnK, https://lh5.googleusercontent.com/p/AF1QipMIdqelUOPPgMfBQzCGshHjYvlDqxrEEsVntPwj, https://lh5.googleusercontent.com/p/AF1QipOs97jdTjgerO-W0BvcCxaTM-rz1NBntQKHt7d5, "
Sea Star Hotel - Khách sạn gần biển Quy Nhơn,"29/10 Ngô Mây, Nguyễn Văn Cừ, Quy Nhơn, Bình Định 53000, Việt Nam","4,5",44,13.7616912,108.9303026,Bình Định,Khách sạn 2 sao,227.537 ₫,Ít hơn 16% so với bình thường,"Wi-Fi miễn phí, Đỗ xe miễn phí, Có điều hòa nhiệt độ, Dịch vụ giặt ủi, Có đường ra bãi biển, Xe đưa đón ra sân bay, ","https://lh5.googleusercontent.com/p/AF1QipPJqm50IcoU1sMWJ7ff_GqNc1u8AHcta0djuwdx, https://lh5.googleusercontent.com/p/AF1QipNUebePkjROgjgDDxDYsfsvho26fhGFS0gqmmU0, https://lh5.googleusercontent.com/p/AF1QipMs3CAh3SChUQTLZuK0MiPm7c2ZaU_OxisvYKNP, https://lh5.googleusercontent.com/p/AF1QipMV7ipL18m2kUiCpxmXWHd_RBpapMxZ9htYVV0h, "
Casa Marina Resort,"Quốc lộ 1D, Khu Phố 1, Bãi Xép, Phường Ghềnh Ráng,, Quy Nhơn, Bình Định, Việt Nam","4,2",756,13.6848891,108.9417405,Bình Định,Khách sạn 3 sao,650.859 ₫,Ít hơn 34% so với bình thường,"Wi-Fi miễn phí, Bữa sáng miễn phí, Đỗ xe miễn phí, Bể bơi ngoài trời, Có điều hòa nhiệt độ, Dịch vụ giặt ủi, Có đường ra bãi biển, Dịch vụ phòng, Phù hợp với trẻ em, Nhà hàng, Xe đưa đón ra sân bay, Spa, Trung tâm thể dục, ","https://lh5.googleusercontent.com/p/AF1QipOHw5XyWHZI0ZOSKvt-VV8W0iUP03oSm2dQBkzc, https://lh5.googleusercontent.com/p/AF1QipPi5lrIjCRLiCnXV17gLqIn8Qj-z0U6xWV1UScF, https://lh5.googleusercontent.com/p/AF1QipNReaIHsF_Y9IzlO-7RiltexKq45yIhkz3ErF5u, https://lh5.googleusercontent.com/p/AF1QipMTNnoD1r7J_hbnDy6BAQUq-swLaA2D0hXD438G, "
Khách sạn Mường Thanh Quy Nhơn,"02 Nguyễn Huệ, Phường Lê Lợi, Quy Nhơn, Bình Định, Việt Nam","3,9",1.657,13.7720769,108.9504708,Bình Định,Khách sạn 3 sao,792.000 ₫,Không có giảm giá,"Wi-Fi miễn phí, Bữa sáng miễn phí, Đỗ xe miễn phí, Phù hợp cho người khuyết tật, Bể bơi ngoài trời, Có điều hòa nhiệt độ, Dịch vụ giặt ủi, Trung tâm thương mại, Có đường ra bãi biển, Dịch vụ phòng, Phù hợp với trẻ em, Nhà hàng, Xe đưa đón ra sân bay, Spa, Trung tâm thể dục, Quán bar, Không hút thuốc, ","https://lh5.googleusercontent.com/p/AF1QipOeiGCvmwB7_-QT3pzRF8Q-GLjq9FT748EJC7tz, https://lh5.googleusercontent.com/p/AF1QipPRHljADrqLryprg1M4nVLS-aILZopMigvmrxkh, https://lh5.googleusercontent.com/p/AF1QipNhoF1duLqK7qeH51A6MQVNpkGt9As5Dbg4AtWh, https://lh5.googleusercontent.com/p/AF1QipP4uaqtNF2uQShNslc7svqeghuUgr3zOL0E5Tkq, "
Khách Sạn Hải Âu,"489 An Dương Vương, Nguyễn Văn Cừ, Thành phố, Bình Định 591300, Việt Nam","4,1",2.468,13.7564564,108.9302011,Bình Định,Khách sạn 4 sao,715.000 ₫,Ít hơn 21% so với bình thường,"Wi-Fi miễn phí, Bữa sáng miễn phí, Đỗ xe miễn phí, Bể bơi trong nhà, Có điều hòa nhiệt độ, Dịch vụ giặt ủi, Trung tâm thương mại, Có đường ra bãi biển, Dịch vụ phòng, Phù hợp với trẻ em, Nhà hàng, Xe đưa đón ra sân bay, Bồn tắm nước nóng, Spa, Trung tâm thể dục, Quán bar, ","https://lh5.googleusercontent.com/p/AF1QipOGv14CZpbwhC7pM9jqceGquHm1sNiBMLm-1Z6a, https://lh5.googleusercontent.com/p/AF1QipP7-Sm3hYGRW6nuy2PukOhI2u7NjQD8LPEGbxcW, https://lh5.googleusercontent.com/p/AF1QipOGryaUE0sNDmf3eGCFz6QZzR02sH28UfVvZiow, https://lh5.googleusercontent.com/p/AF1QipP8AOHKx2xfb8xaxIUs_DTQIaXUNqIBXjRWTums, "
Hotel Diễm My - Khách sạn sân bay Phù Cát,"ĐT636, Gò Găng, Phù Cát, Bình Định 55000, Việt Nam","3,9",76,13.7564564,108.6830087,Bình Định,Khách sạn,298.152 ₫,Không có giảm giá,"Wi-Fi miễn phí, Dịch vụ giặt ủi, ","https://lh5.googleusercontent.com/p/AF1QipNGkHe7d7exgZor1VsAnrRzgWpE3TX1lEsTdaph, https://lh5.googleusercontent.com/p/AF1QipNl_51KkrB4GAOCGRKx3ap1eYAQpSJemXlMTa1q, https://lh5.googleusercontent.com/p/AF1QipMz-c6bcbo3PvMF47tVUCQsvwYdvphG2OJ_Sc-k, https://lh5.googleusercontent.com/p/AF1QipMARiwi0S-1QjGvwZUO19uVNvMdnisk6O9JopPS, "
"Khách sạn Hoàng Oanh,","2A Trần Độc, Trần Phú, Quy Nhơn, Bình Định, Việt Nam","4,0",98,13.7635479,108.9350206,Bình Định,Khách sạn 2 sao,223.969 ₫,Ít hơn 29% so với bình thường,"Wi-Fi miễn phí, Đỗ xe miễn phí, Có điều hòa nhiệt độ, Dịch vụ giặt ủi, Có đường ra bãi biển, Phù hợp với trẻ em, Xe đưa đón ra sân bay, ","https://lh5.googleusercontent.com/p/AF1QipNmQXJqPqMneqOQsRe2Ygn-_hWsuQyKIL6ZkWqX, https://lh5.googleusercontent.com/p/AF1QipMbXtUxCICtJYiStW5C6HNmMc35xAeT-Mw_KJFa, https://lh5.googleusercontent.com/p/AF1QipMR9QpzrYoerjD33F7m1FVH3VJWGj8S15U-s77Y, https://lh5.googleusercontent.com/p/AF1QipPr6eV2ayYqaIw1sH64xZqO6tRmNhSB5wi5H7J_, "
Khách sạn Ocean View Quy Nhơn,"12 An Dương Vương, Nguyễn Văn Cừ, Quy Nhơn, Bình Định 55000, Việt Nam","4,4",36,13.7554082,108.9287484,Bình Định,Khách sạn 3 sao,500.000 ₫,Không có giảm giá,"Wi-Fi miễn phí, Bãi đỗ xe, Có điều hòa nhiệt độ, Dịch vụ giặt ủi, Có đường ra bãi biển, Nhà hàng, Không hút thuốc, ","https://lh5.googleusercontent.com/p/AF1QipMAbSdnqkn0tCbmAP-C2xlFmABmIWICc6o3mcw, https://lh5.googleusercontent.com/p/AF1QipMTJglLBw2NEyHJjnnqR5mpBsYfO2fS7H37tbo, https://lh5.googleusercontent.com/p/AF1QipMp6sXKsn0Pzmjr9jJJE3rydhvaKdps0e2r7zGx, https://lh5.googleusercontent.com/p/AF1QipP2j103R1LcL5pUwrVHxpo81pVr0RvI5m75F7U, "
"Happiness Hotel - Khách sạn ở Eo Gió, Quy Nhơn","Đường số 5, Nhơn Lý, Quy Nhơn, Bình Định 820000, Việt Nam","4,6",153,13.8851159,109.0031477,Bình Định,Khách sạn,830.421 ₫,Ít hơn 24% so với bình thường,"Wi-Fi miễn phí, Bữa sáng miễn phí, Đỗ xe miễn phí, Bể bơi, Có điều hòa nhiệt độ, Dịch vụ giặt ủi, Có đường ra bãi biển, Nhà hàng, Bếp ở một số phòng, ","https://lh5.googleusercontent.com/p/AF1QipNvnAxcJeqskgJGGDA1HRiQ73vIY36BAoDz7UYx, https://lh5.googleusercontent.com/p/AF1QipP9kBw-5LeQmsDw8xLXNVLOuZayDC-O7hjpk52q, https://lh5.googleusercontent.com/p/AF1QipNemH0CypCMdkm1aDHLLVtsgeIa2wDissVwXVUl, https://lh5.googleusercontent.com/p/AF1QipOH6Jrx6twLh5ziZT61Mwy5IhXVTXTeXovrCoHi, "
Khách sạn Kadupul,"22 Đ. Trần Đăng Phong, Nguyễn Văn Cừ, Quy Nhơn, Bình Định, Việt Nam","4,5",68,13.7581439,108.9266693,Bình Định,Khách sạn,314.603 ₫,Không có giảm giá,"Wi-Fi miễn phí, Đỗ xe miễn phí, Có điều hòa nhiệt độ, Dịch vụ giặt ủi, Xe đưa đón ra sân bay, ","https://lh5.googleusercontent.com/p/AF1QipPs8uBG2aTm6GCGkgcZ2vA0mRIAVYMJm5GHDW26, https://lh5.googleusercontent.com/p/AF1QipMtY4F1j9Xd8_YfTzt-2PCxnPoCeKUwMX5U-y3y, https://lh5.googleusercontent.com/p/AF1QipNJ7WCmClRL7k0U2KlD_M4EFfJ8eFHHQ4sL_uW3, https://lh5.googleusercontent.com/p/AF1QipOa-CCcfwRpRk5pcpMn8QvVXE7c8Az5x9V-zIxI, "
Pearl Beach Hotel Quy Nhơn,"Nhơn Bình, Quy Nhơn, Bình Định 55117, Việt Nam","4,3",76,13.8097295,108.925616,Bình Định,Khách sạn,406.628 ₫,Ít hơn 32% so với bình thường,"Wi-Fi miễn phí, Bữa sáng miễn phí, Đỗ xe miễn phí, Phù hợp cho người khuyết tật, Bể bơi, Có điều hòa nhiệt độ, Dịch vụ giặt ủi, Nhà hàng, Xe đưa đón ra sân bay, Trung tâm thể dục, ","https://lh5.googleusercontent.com/p/AF1QipPzEn2GythtIaeUyaZyVaIxhaTeyUSZWXIexZ_P, https://lh5.googleusercontent.com/p/AF1QipP3i5zi_y-v3oq2WL6Q9OFkrGJIW3ij6_m09cWY, https://lh5.googleusercontent.com/p/AF1QipOQ2u43cBvdThYHmKFVzQFSc3D3qvZZGCfXu9zf, https://lh5.googleusercontent.com/p/AF1QipPZq6ABmaqGUfs1-NcaGI8P97mSD70FNd7WXQg6, "
Phuong Dong Hotel Quy Nhon - Khách sạn biển Quy Nhơn,"21 Ngô Mây, Nguyễn Văn Cừ, Quy Nhơn, Bình Định, Việt Nam","4,4",139,13.7614709,108.930651,Bình Định,Khách sạn 2 sao,177.170 ₫,Không có giảm giá,"Wi-Fi miễn phí, Có điều hòa nhiệt độ, Dịch vụ giặt ủi, Chấp nhận vật nuôi, Nhà hàng, Xe đưa đón ra sân bay, ","https://lh5.googleusercontent.com/p/AF1QipNVz5HN8ZRfmii37E4XurL6xWx1aX0fIuc1a-yD, https://lh5.googleusercontent.com/p/AF1QipMpYXB7uecFa3GgtNntnQzojN7nEcPf2SHcLlkW, https://lh5.googleusercontent.com/p/AF1QipOCyR3F8EReLZYhKhs_H5IDP0jJ8Lj0Mj4M-tn8, https://lh5.googleusercontent.com/p/AF1QipNY1HG3GZBt5k0TSXnMhsbBq24xE6qteV7l_jye, "
The Kila Boutique Hotel Quy Nhon,"06 Trương Văn Của, Nguyễn Văn Cừ, Quy Nhơn, Bình Định, Việt Nam","4,5",179,13.7548672,108.9252774,Bình Định,Khách sạn,544.911 ₫,Không có giảm giá,"Wi-Fi miễn phí, Bữa sáng miễn phí, Đỗ xe miễn phí, Bể bơi, Có điều hòa nhiệt độ, Dịch vụ giặt ủi, Nhà hàng, Bếp ở một số phòng, Xe đưa đón ra sân bay, ","https://lh5.googleusercontent.com/p/AF1QipPeJqJ7SttE7lFj2L28dhvP5qQDZocGN6deGLWB, https://lh5.googleusercontent.com/p/AF1QipMfh6H9k0k-aXUvu1WTF81m6r3vwyz0_A20_-Mg, https://lh5.googleusercontent.com/p/AF1QipO6k9uC_SGP97c9P7qYeL9UOZAZP48LxoiPGbnk, https://lh5.googleusercontent.com/p/AF1QipMpAgZKQZs17YPiNc9QyEMZQYfkzwMjpdgtfFH7, "
Fleur De Lys Hotel Quy Nhon,"16 Nguyễn Huệ, Phường Lê Lợi, Quy Nhơn, Bình Định, Việt Nam","4,4",835,13.771156,108.9478892,Bình Định,Khách sạn 4 sao,941.177 ₫,Ít hơn 25% so với bình thường,"Wi-Fi miễn phí, Bữa sáng miễn phí, Đỗ xe miễn phí, Bể bơi ngoài trời, Có điều hòa nhiệt độ, Dịch vụ giặt ủi, Có đường ra bãi biển, Dịch vụ phòng, Nhà hàng, Xe đưa đón ra sân bay, Spa, ","https://lh5.googleusercontent.com/p/AF1QipNdn8WzB9bhO_mi9dXl2pvPkN85g2HsEBC3HSsM, https://lh5.googleusercontent.com/p/AF1QipOpX2ywIHEs_uzWekQ1WCpTcHATGe78TUDo60mk, https://lh5.googleusercontent.com/p/AF1QipNclzwHX_hNjHxm9JgDvlOekUU5T9FUHurovmj8, https://lh5.googleusercontent.com/p/AF1QipPMhHVeHuve-MbeaxTwFcbhNG1jMVRsw99AVkA2, "
Grand Hyams Hotel - Quy Nhon Beach,"28 Nguyễn Huệ, Phường Lê Lợi, Quy Nhơn, Bình Định 55000, Việt Nam","4,6",454,13.7702119,108.9448351,Bình Định,Khách sạn 5 sao,773.473 ₫,Ít hơn 31% so với bình thường,"Wi-Fi miễn phí, Bữa sáng miễn phí, Đỗ xe miễn phí, Bể bơi, Có điều hòa nhiệt độ, Dịch vụ giặt ủi, Có đường ra bãi biển, Dịch vụ phòng, Nhà hàng, Xe đưa đón ra sân bay, Bồn tắm nước nóng, Spa, ","https://lh5.googleusercontent.com/p/AF1QipOkrGVGrdgb7bADv14fC-H4v1aKQZHMF2-gxlEk, https://lh5.googleusercontent.com/p/AF1QipP-h22Ttu7pwFhEOONcHlGXACw6ADdcahShwZsv, https://lh5.googleusercontent.com/p/AF1QipNqxa2Cjdn0rGqN1uV4PxR_rXrL6xIMYlwfRqR1, https://lh5.googleusercontent.com/p/AF1QipOwvVveQN9dbMf_sx7GIx3LnKrRPEted4sTwQJi, "
Khách sạn Cali Hotel Quy Nhơn,"179-181-183-185 Lê Đức Thọ, Hải Cảng, Quy Nhơn, Bình Định 55108, Việt Nam","4,7",151,13.7702119,108.2628037,Bình Định,Khách sạn,261.184 ₫,Ít hơn 30% so với bình thường,"Wi-Fi miễn phí, Bữa sáng miễn phí, Đỗ xe miễn phí, Có điều hòa nhiệt độ, Dịch vụ giặt ủi, Nhà hàng, Bếp ở một số phòng, Xe đưa đón ra sân bay, ","https://lh5.googleusercontent.com/p/AF1QipOLJ4A82dUVy_Drf6WR6Ndee9vNh43briPmAwpd, https://lh5.googleusercontent.com/p/AF1QipPQiGYePLAQFKAFp7QB8-gxUZjuleMj326cwr0q, https://lh5.googleusercontent.com/p/AF1QipMRHVkJANCQL0IPTlQjMdjVd-fQ5HCpDYwFW9n1, https://lh5.googleusercontent.com/p/AF1QipP4NX75sHEEv_cQG_BKP9qh01VVHUlMDeAW0-cH, "
HAKU Boutique Hotel Quy Nhơn,"06 Kim Đồng, Phường Lê Lợi, Quy Nhơn, Bình Định 55100, Việt Nam","4,6",115,13.7696339,108.9443331,Bình Định,Khách sạn,353.074 ₫,Không có giảm giá,,"https://lh5.googleusercontent.com/p/AF1QipO8pUMiKEM3npZ76j_Yr49hrwUbY8Y-QsdtKkDd, https://lh5.googleusercontent.com/p/AF1QipPn4fJljmvrIcBVrp6Qk88zgIPYygKgdA553jsG, https://lh5.googleusercontent.com/p/AF1QipOMaCNNN0aam4djgQLSAgZh9vpb7L7Z_pb45Djd, https://lh5.googleusercontent.com/p/AF1QipNZgYsBGVjiQTlYFYc72INV3sj-D6ZXtE0TEeU5, "
KING HOTEL,"68 Hàn Mặc Tử, Ghềnh Ráng, Quy Nhơn, Bình Định, Việt Nam","4,0",239,13.744904,108.9239251,Bình Định,Khách sạn 2 sao,310.440 ₫,Không có giảm giá,"Wi-Fi miễn phí, Bữa sáng miễn phí, Đỗ xe miễn phí, Có điều hòa nhiệt độ, Dịch vụ giặt ủi, Có đường ra bãi biển, Phù hợp với trẻ em, Nhà hàng, Xe đưa đón ra sân bay, ","https://lh5.googleusercontent.com/p/AF1QipMWFPRhko3JEsRMo6GpNy-d6gYowmxfWJrma_FF, https://lh5.googleusercontent.com/p/AF1QipOlZzaHLVo4nsUP4D7xYKr8Ut2slBGvrcJKMnG-, https://lh5.googleusercontent.com/p/AF1QipNlXrLxOz8TEYSnko7JvBbmYl2G-be5AEMln-GA, https://lh5.googleusercontent.com/p/AF1QipM3ZTTT2dq-fr_YR_Rz5mX2O5mDLIQjuh0NoDtu, "
NEW DAY HOTEL QUY NHƠN,"44 Nguyễn Như Đỗ, P.Nguyễn Văn Cừ. Đường mới này thuộc Hẻm cũ, 34 An Dương Vương, Nguyễn Văn Cừ, Quy Nhơn, Bình Định, Việt Nam","4,1",121,13.753468,108.9265119,Bình Định,Khách sạn 3 sao,224.022 ₫,Ít hơn 31% so với bình thường,"Wi-Fi miễn phí, Đỗ xe miễn phí, Có điều hòa nhiệt độ, Dịch vụ giặt ủi, Có đường ra bãi biển, Phù hợp với trẻ em, Xe đưa đón ra sân bay, ","https://lh5.googleusercontent.com/p/AF1QipOhrL4KGrmnvq11q-t8jVaIKMMKL65GmZmZE4lC, https://lh5.googleusercontent.com/p/AF1QipPqiCpIK6AGhyyIAVBGxvLlT3IZJpKS3G4DrgdN, https://lh5.googleusercontent.com/p/AF1QipPNenXwws13Z36iLRjgIpjGBday-wg9dt0D96s, https://lh5.googleusercontent.com/p/AF1QipMCekRZQ80_Dt1PsS5Kolzs-e4TrH_EVgmjrNL3, "
Khách Sạn Hải Âu,"489 An Dương Vương, Nguyễn Văn Cừ, Thành phố, Bình Định 591300, Việt Nam","4,1",2.468,13.7564564,108.9302011,Bình Định,Khách sạn 4 sao,715.000 ₫,Ít hơn 21% so với bình thường,"Wi-Fi miễn phí, Bữa sáng miễn phí, Đỗ xe miễn phí, Bể bơi trong nhà, Có điều hòa nhiệt độ, Dịch vụ giặt ủi, Trung tâm thương mại, Có đường ra bãi biển, Dịch vụ phòng, Phù hợp với trẻ em, Nhà hàng, Xe đưa đón ra sân bay, Bồn tắm nước nóng, Spa, Trung tâm thể dục, Quán bar, ","https://lh5.googleusercontent.com/p/AF1QipOGv14CZpbwhC7pM9jqceGquHm1sNiBMLm-1Z6a, https://lh5.googleusercontent.com/p/AF1QipP7-Sm3hYGRW6nuy2PukOhI2u7NjQD8LPEGbxcW, https://lh5.googleusercontent.com/p/AF1QipOGryaUE0sNDmf3eGCFz6QZzR02sH28UfVvZiow, https://lh5.googleusercontent.com/p/AF1QipP8AOHKx2xfb8xaxIUs_DTQIaXUNqIBXjRWTums, "
Viet Nam Taste Hotel,"96 Xuân Diệu, Hải Cảng, Quy Nhơn, Bình Định, Việt Nam","4,3",61,13.7718992,108.9540375,Bình Định,Khách sạn 4 sao,548.917 ₫,Ít hơn 24% so với bình thường,"Wi-Fi miễn phí, Đỗ xe miễn phí, Có điều hòa nhiệt độ, Dịch vụ giặt ủi, Có đường ra bãi biển, Nhà hàng, Bếp ở một số phòng, Xe đưa đón ra sân bay, Spa, ","https://lh5.googleusercontent.com/p/AF1QipOn-98FdwSpKhxDkAkXVyKsJKTnU5TXROMMdkST, https://lh5.googleusercontent.com/p/AF1QipMxaqYt40RDpyJzojefZnuARn5Q-NF4heZu79vA, https://lh5.googleusercontent.com/p/AF1QipPvAChtcOBElL-1QWbHSqO7fxj19cT21Tq_JOVz, https://lh5.googleusercontent.com/p/AF1QipOHIGGsxbDlZbhFfOjNhAZw92brDaUoid9x06Vl, "
Grand Hyams Hotel - Quy Nhon Beach,"28 Nguyễn Huệ, Phường Lê Lợi, Quy Nhơn, Bình Định 55000, Việt Nam","4,6",454,13.7702119,108.9448351,Bình Định,Khách sạn 5 sao,773.473 ₫,Ít hơn 31% so với bình thường,"Wi-Fi miễn phí, Bữa sáng miễn phí, Đỗ xe miễn phí, Bể bơi, Có điều hòa nhiệt độ, Dịch vụ giặt ủi, Có đường ra bãi biển, Dịch vụ phòng, Nhà hàng, Xe đưa đón ra sân bay, Bồn tắm nước nóng, Spa, ","https://lh5.googleusercontent.com/p/AF1QipOkrGVGrdgb7bADv14fC-H4v1aKQZHMF2-gxlEk, https://lh5.googleusercontent.com/p/AF1QipP-h22Ttu7pwFhEOONcHlGXACw6ADdcahShwZsv, https://lh5.googleusercontent.com/p/AF1QipNqxa2Cjdn0rGqN1uV4PxR_rXrL6xIMYlwfRqR1, https://lh5.googleusercontent.com/p/AF1QipOwvVveQN9dbMf_sx7GIx3LnKrRPEted4sTwQJi, "
HAKU Boutique Hotel Quy Nhơn,"06 Kim Đồng, Phường Lê Lợi, Quy Nhơn, Bình Định 55100, Việt Nam","4,6",115,13.7702119,108.1791705,Bình Định,Khách sạn,353.074 ₫,Không có giảm giá,,"https://lh5.googleusercontent.com/p/AF1QipO8pUMiKEM3npZ76j_Yr49hrwUbY8Y-QsdtKkDd, https://lh5.googleusercontent.com/p/AF1QipPn4fJljmvrIcBVrp6Qk88zgIPYygKgdA553jsG, https://lh5.googleusercontent.com/p/AF1QipOMaCNNN0aam4djgQLSAgZh9vpb7L7Z_pb45Djd, https://lh5.googleusercontent.com/p/AF1QipNZgYsBGVjiQTlYFYc72INV3sj-D6ZXtE0TEeU5, "
Khách sạn Thanh Thanh,"88 Tây Sơn, Nguyễn Văn Cừ, Quy Nhơn, Bình Định, Việt Nam","4,0",139,13.7487679,108.9244401,Bình Định,Khách sạn 3 sao,272.229 ₫,Không có giảm giá,"Wi-Fi miễn phí, Đỗ xe miễn phí, Có điều hòa nhiệt độ, Dịch vụ giặt ủi, Có đường ra bãi biển, Phù hợp với trẻ em, ","https://lh5.googleusercontent.com/p/AF1QipPSHOa6RiS0jLHRFt26-GXp51wBvt1qmEAmus3Q, https://lh5.googleusercontent.com/p/AF1QipPai2iDqMmqHSv9taE2Db3tVz8X11w_sI720K4q, https://lh5.googleusercontent.com/p/AF1QipOgkmuDsI_JMhz4HdTr_5HQGeEaq2TskrWF3tBz, https://lh5.googleusercontent.com/p/AF1QipPZ2K5jXjk9biHZLlkVMZ1aLkR0e7WDOvd678vF, "
Khách sạn Lưu Ngãi Condotel,"92 Võ Thị Yến, Nguyễn Văn Cừ, Quy Nhơn, Bình Định 591300, Việt Nam","4,0",58,13.7540481,108.9252339,Bình Định,Khách sạn 3 sao,732.237 ₫,Không có giảm giá,"Wi-Fi miễn phí, Bữa sáng miễn phí, Đỗ xe miễn phí, Bể bơi, Có điều hòa nhiệt độ, Dịch vụ giặt ủi, Dịch vụ phòng, Nhà hàng, Bếp ở một số phòng, ","https://lh5.googleusercontent.com/p/AF1QipMOY1pokSUcty2iLHZxm19GTNznJBcFhUfuGE5U, https://lh5.googleusercontent.com/p/AF1QipOB6vgVys2joIHRuKSzysvIbaGeJLS3QN1pgsdY, https://lh5.googleusercontent.com/p/AF1QipOjzxuv7pPtAPM39HoAy_QgLN3cCTIzEkeWtsz7, https://lh5.googleusercontent.com/p/AF1QipPAmdRjFcEiyyS5FTQV2txslagGDntGbIg8N0s7, "
VV House Homestay Quy Nhon,"41 Nguyễn Tư, Lý Thường Kiệt, Quy Nhơn, Bình Định, Việt Nam","4,8",197,13.7668548,108.9321324,Bình Định,Khách sạn,282.206 ₫,Ít hơn 27% so với bình thường,"Wi-Fi miễn phí, Bữa sáng có tính phí, Đỗ xe miễn phí, Bể bơi ngoài trời, Có điều hòa nhiệt độ, Chấp nhận vật nuôi, Bồn tắm nước nóng, Quán bar, Không hút thuốc, ","https://lh5.googleusercontent.com/p/AF1QipOMljQH60vPsyaQKYk-NPPddapBCe7Nn1C6Uv6w, https://lh5.googleusercontent.com/p/AF1QipNJ7gDMx0VK0znEzMFD0A9CEE9S_QKorYx9m-Rt, https://lh5.googleusercontent.com/p/AF1QipOkK3Yrma2LDoLzFRjZnNpXHUIpSRRkfSsY9e9G, https://lh5.googleusercontent.com/p/AF1QipNmc9UmGXe3KtIftIndfCfM8w1wlYhH2Ij3yBl6, "
Ý Linh Hotel,"18 Nguyễn Huệ, Phường Lê Lợi, Quy Nhơn, Bình Định 590000, Việt Nam","4,1",244,13.7711179,108.9474371,Bình Định,Khách sạn 2 sao,517.083 ₫,Không có giảm giá,"Wi-Fi miễn phí, Đỗ xe miễn phí, Có điều hòa nhiệt độ, Dịch vụ giặt ủi, Có đường ra bãi biển, Phù hợp với trẻ em, Nhà hàng, Xe đưa đón ra sân bay, ","https://lh5.googleusercontent.com/p/AF1QipMz_lpMiFI_3pDE_wo7CfMEfypeROWb3Kzpl_-p, https://lh5.googleusercontent.com/p/AF1QipNpcTfEVCFXs-zX1Nyh3cWg28tHG4u11LYU0fLx, https://lh5.googleusercontent.com/p/AF1QipMkqyAm6rRpt3G4ko09fC-48j8i-8IZnx4rsS36, https://lh5.googleusercontent.com/p/AF1QipMDNQg8weZHUf_-w2MQINNp9v0OFvI5XubYEOC-, "
Khách sạn Thanh Vân,"311-313, Đống Đa, Thị Nải, Quy Nhơn, Bình Định 55100, Việt Nam","4,8",27,13.7824385,108.9412356,Bình Định,Khách sạn 3 sao,465.628 ₫,Không có giảm giá,"Wi-Fi miễn phí, Đỗ xe miễn phí, Có điều hòa nhiệt độ, Dịch vụ giặt ủi, Có đường ra bãi biển, Nhà hàng, Bếp ở một số phòng, Xe đưa đón ra sân bay, ","https://lh5.googleusercontent.com/p/AF1QipNmU4J6X_r60jCBp2wmUq00Uej7m97TV1ZAKAQE, https://lh5.googleusercontent.com/p/AF1QipO5FKhGcYc_RGTE00KwkxQQrPyDokSv5WWKRpxu, https://lh5.googleusercontent.com/p/AF1QipOnjgXpzFFlsQ50u-h47VQb2b5I9eEne3aagtUm, https://lh5.googleusercontent.com/p/AF1QipO5OJPGEY1JAWEzesKCADt0md_3i_QiQoSHyvWV, "
Meria Hotel Quy Nhon,"09 Trương Văn Của, Nguyễn Văn Cừ, Quy Nhơn, Bình Định 55000, Việt Nam","4,3",81,13.7548717,108.9248869,Bình Định,Khách sạn 3 sao,585.167 ₫,Không có giảm giá,"Wi-Fi miễn phí, Bữa sáng miễn phí, Đỗ xe miễn phí, Bể bơi ngoài trời, Có điều hòa nhiệt độ, Dịch vụ giặt ủi, Chấp nhận vật nuôi, Nhà hàng, Xe đưa đón ra sân bay, Quán bar, Không hút thuốc, ","https://lh5.googleusercontent.com/p/AF1QipO8wtsllCO5zSNSyXyYRi5WRUS_jGd0vYSfwwDJ, https://lh5.googleusercontent.com/p/AF1QipM1tSN6fDN7OAFfozUR9mofsYM9snKxECYKibzM, https://lh5.googleusercontent.com/p/AF1QipPml4iIA6EQVpUd5IboB1If69B3Wi91sI4nM8jh, https://lh5.googleusercontent.com/p/AF1QipNGAy4bC7pvXJkYJRBseVQBSXrrUaJwWs_izkfg, "
Chài Village Hotel,"Bai Nom, Thon Ly Hoa, Quang Trung, Quy Nhơn, Bình Định 820000, Việt Nam","4,6",237,13.875939,109.0040886,Bình Định,Khách sạn 3 sao,488.736 ₫,Ít hơn 27% so với bình thường,"Wi-Fi miễn phí, Bữa sáng miễn phí, Có điều hòa nhiệt độ, Dịch vụ giặt ủi, Có đường ra bãi biển, Dịch vụ phòng, Nhà hàng, Xe đưa đón ra sân bay, Quán bar, Không hút thuốc, ","https://lh5.googleusercontent.com/p/AF1QipNsuYkTXJGkqgWBp3QZVs8dENJXOSnNxqxpXNXn, https://lh5.googleusercontent.com/p/AF1QipOkcynWc8g05zuET2j0UCrnx5G1pMfDiS1sJAWN, https://lh5.googleusercontent.com/p/AF1QipM9VmhAJmNipsEiRbPeQemxAXUy3vVdkBLXk7Oh, https://lh5.googleusercontent.com/p/AF1QipORMLwF9JC0YOEbAW4SOyealDj2IO8aCoysEcTQ, "
AN LOC HOTEL & SPA,"Hưng Chiến, Bình Long, Bình Phước, Việt Nam","4,0",439,11.631231,106.3205639,Bình Phước,Khách sạn 3 sao,763.349 ₫,Không có giảm giá,"Wi-Fi miễn phí, Bữa sáng miễn phí, Đỗ xe miễn phí, Có điều hòa nhiệt độ, Dịch vụ giặt ủi, Phù hợp với trẻ em, Nhà hàng, Spa, ","https://lh5.googleusercontent.com/p/AF1QipOW3LJwdkebUFc6OPy4s7dSD_dhV7TmykKTvcn8, https://lh5.googleusercontent.com/p/AF1QipOdkeHXPoYWKb3yKAZ1N3a5OrIOGYphPu2PeKnI, https://lh5.googleusercontent.com/p/AF1QipMgzw0Y0Ma8bOxPnCx4xqbFgIf_OMzjeH2LC_rC, https://lh5.googleusercontent.com/p/AF1QipNCuNFZ8GLzGKy6JUH4PKc9n_4jisCjPBmfn2JU, "
Khách sạn Hùng Oanh,"50 Trần Phú, Tân Phú, Đồng Xoài, Bình Phước, Việt Nam","4,4",127,11.538052,106.6079746,Bình Phước,Khách sạn,627.941 ₫,Không có giảm giá,"Wi-Fi miễn phí, Bữa sáng có tính phí, Đỗ xe miễn phí, Có điều hòa nhiệt độ, Dịch vụ giặt ủi, Trung tâm thương mại, Dịch vụ phòng, Phù hợp với trẻ em, Nhà hàng, Xe đưa đón ra sân bay, Quán bar, ","https://lh5.googleusercontent.com/p/AF1QipP6eHy2IP-HhhAOZJyRw6ihAiTnz_vq5QFklqjn, https://lh5.googleusercontent.com/p/AF1QipOzlMfvax-WKAEMUxNWcoMoXnlpS9vbXhKRm2Ac, https://lh5.googleusercontent.com/p/AF1QipNidJsMTPleCnISfD3ygb-4tL4O6p1iQJi2i0_j, https://lh5.googleusercontent.com/p/AF1QipN9v1UUO_hAe8qXcvcNKCfm5PQDZBip24BdZO85, "
KHÁCH SẠN - NHÀ HÀNG - COFFEE - TÂN HẠNH,"179 Nguyễn Tất Thành - DT741, Khu Phố 5, Tx. Phước Long, Bình Phước 67400, Việt Nam","4,4",101,11.8208817,106.6730332,Bình Phước,Khách sạn,630.000 ₫,Không có giảm giá,,"https://lh5.googleusercontent.com/p/AF1QipOMyJGSb-_36n1MT2Y0TMbRnd6qAlHAGp_YSJnW, https://lh5.googleusercontent.com/p/AF1QipMXfu5okaE2TESub1xQYIpivzOoeJzhg9P4Dxwo, https://lh5.googleusercontent.com/p/AF1QipOjJDPYllj2rt6PVDBwpz-MQGcKRynmk1O5dcMT, https://lh5.googleusercontent.com/p/AF1QipM8-bJO6U1z_RcvMlkRoWqiKRDMkVWj6EY_wK7g, "
Khách sạn Hoàng Hùng,"Ấp 3B, Chơn Thành, Bình Phước, Việt Nam","2,8",56,11.4831242,106.3257712,Bình Phước,Khách sạn,756.009 ₫,Không có giảm giá,"Wi-Fi miễn phí, Bữa sáng miễn phí, Đỗ xe miễn phí, Bể bơi, Có điều hòa nhiệt độ, Dịch vụ giặt ủi, Xe đưa đón ra sân bay, Bồn tắm nước nóng, ","https://lh5.googleusercontent.com/p/AF1QipMPO79m_cz7efmjBSe3Iq9yyViwvM019rtAjcor, https://lh5.googleusercontent.com/p/AF1QipNRtDAL3lUR5w_NMS08FkjnuZ0sXiGX2KAHe_VF, https://lh5.googleusercontent.com/p/AF1QipMCgDoiOs2s1v9qvSqRSejq7K3VsCgJcp98XNKd, https://lh5.googleusercontent.com/p/AF1QipO97pLQjoHSPl6Dl2me0-vMbBOt4kacz9cbuE_2, "
ĐẶC SẢN DÊ QUAY 36,"158 Đ. Độc Lập, Phươc Bình, Phước Long, Bình Phước, Việt Nam","4,6",10,11.4831242,105.639291,Bình Phước,Khách sạn,511.009 ₫,Không có giảm giá,,"https://lh5.googleusercontent.com/p/AF1QipMim7euHrth2DqnTv4D7Tc0Db9_lzNDqf_obI84, https://lh5.googleusercontent.com/p/AF1QipOevy_nizR5LqIkf-Z3xSTxRtIUhLcJNoJSO-Hu, https://lh5.googleusercontent.com/p/AF1QipPWWkUS8EMsj9NXwTQJO0GMCX6_JI2t0yvBF0e8, https://lh5.googleusercontent.com/p/AF1QipPToCaxALw1oHo3kcUocn3S8Lz0iHLhQOPHceCW, "
Khách Sạn Stylish Tân Khai,"Đường Đông tây 1, Tan Khai, Hớn Quản, Bình Phước 700000, Việt Nam","4,8",70,11.5611292,106.3194117,Bình Phước,Khách sạn,330.042 ₫,Không có giảm giá,"Wi-Fi miễn phí, Bữa sáng có tính phí, Đỗ xe miễn phí, Phù hợp cho người khuyết tật, Bể bơi ngoài trời, Có điều hòa nhiệt độ, Dịch vụ giặt ủi, Trung tâm thương mại, Chấp nhận vật nuôi, Dịch vụ phòng, Phù hợp với trẻ em, Nhà hàng, Xe đưa đón ra sân bay, Bồn tắm nước nóng, Không hút thuốc, ","https://lh5.googleusercontent.com/p/AF1QipM6DCP6RJ5HdIXDDV8vs2HVYhbd8rSHGUcFv8FG, https://lh5.googleusercontent.com/p/AF1QipOTaj2QCW-K-JUjgqrUSqqO6gPK5mnSIOZlNNdr, https://lh5.googleusercontent.com/p/AF1QipMrg7c7mCH28ibkfvZXhE2FhjtV3D7qLzRZFo_n, https://lh5.googleusercontent.com/p/AF1QipM6DCP6RJ5HdIXDDV8vs2HVYhbd8rSHGUcFv8FG, "
Sun Hotel Chơn Thành,"Tổ 3 KP 3B, Minh Hưng, Chơn Thành, Bình Phước, Việt Nam","4,5",20,11.4798052,106.3261289,Bình Phước,Khách sạn,280.000 ₫,Không có giảm giá,,"https://lh5.googleusercontent.com/p/AF1QipPzeYX1UheuRZqu_N6wqS8rSW8cL4FmlZxBJYu8, https://lh5.googleusercontent.com/p/AF1QipOy0nevV8-9m1MRQUypzSE0fsE2BFKreiI7yPeR, https://lh5.googleusercontent.com/p/AF1QipNBLoqfPoFhWga8DtkegyzvFL85s6QaRy2yksKC, https://lh5.googleusercontent.com/p/AF1QipOVaMtXiWM1iHW-ekZrwWtdnravdPur1eJ4FK4m, "
May House - Apartment for rent,"Khu đô thị Cát Tường Phú Hưng, Đồng Xoài, Bình Phước 830000, Việt Nam","4,8",13,11.5018217,106.5876974,Bình Phước,Khách sạn,565.425 ₫,Không có giảm giá,"Wi-Fi miễn phí, Đỗ xe miễn phí, Có điều hòa nhiệt độ, Dịch vụ giặt ủi, Bếp trong tất cả các phòng, ","https://lh5.googleusercontent.com/p/AF1QipMwASWKjUndoew23iSGemuOgEcTKSF04iNkuaN2, https://lh5.googleusercontent.com/p/AF1QipOQousoWMulEC2Aiv1EQDgEZO7p3bzv8ET_VrVM, https://lh5.googleusercontent.com/p/AF1QipO3Jk8zlrF_ca7mhwtsoz_N2otf0VaTEkKvN5it, https://lh5.googleusercontent.com/p/AF1QipOPnn-al1ck8m6PZIUo6znrIFTbrxBy3Y-3YonO, "
Ba Khiêm hotel - nhà nghỉ khang phương,"khu phố 3b/Tổ 4 QL13, Minh Hưng, Chơn Thành, Bình Phước, Việt Nam","3,5",24,11.4804118,106.3260985,Bình Phước,Khách sạn,297.645 ₫,Không có giảm giá,,"https://lh5.googleusercontent.com/p/AF1QipNNKcitZ8bggLiv2eHNdYJERg6TsmnO2vyI0cy4, https://lh5.googleusercontent.com/p/AF1QipP4MQUaY5uwcWirjE52vUopik95fn28rbRhTeZy, https://lh5.googleusercontent.com/p/AF1QipNFGI3j7BfHMVg70jvG56F5IA7zrHx59fP-0pV9, https://lh5.googleusercontent.com/p/AF1QipPc99NCCIbEqO7BNfGFC2vD4fCDILcLuHN5toES, "
Khách Sạn Sao Mai,"121 Hùng Vương, Tân Bình, Đồng Xoài, Bình Phước, Việt Nam","3,4",383,11.4804118,105.6057085,Bình Phước,Khách sạn 3 sao,Không có giá,Không có giảm giá,"Wi-Fi miễn phí, Bữa sáng miễn phí, Đỗ xe miễn phí, Có điều hòa nhiệt độ, Dịch vụ giặt ủi, Chấp nhận vật nuôi, Nhà hàng, ","https://lh5.googleusercontent.com/p/AF1QipNnujObwu6ddpQH-VrQIRNlAV5hxDkJbJCGeNnv, https://lh5.googleusercontent.com/p/AF1QipNyYqr8trlzK0BHYPIV5l2FW4oPfMaDesgSfNnE, https://lh5.googleusercontent.com/p/AF1QipM18mVUurEqT6AGjayTtnwheXcvi84uXObU-WZm, https://lh5.googleusercontent.com/p/AF1QipOMoLA1LKe29H7RdA-Sem4cDUTp0uiXWQmD2k7k, "
Nhà Nghỉ KV,"Phú Riềng Đỏ Ngõ 522 tổ 6, khu phố Tân trà, thành phố, Bình Phước, Việt Nam","5,0",3,11.5139999,106.6067184,Bình Phước,Khách sạn,239.820 ₫,Không có giảm giá,,
Nhà Nghỉ Bảo Ngọc,"329 Lê Quý Đôn, Tân Xuân, Đồng Xoài, Bình Phước 830000, Việt Nam","5,0",8,11.5294738,106.6108907,Bình Phước,Khách sạn,218.018 ₫,Không có giảm giá,,"https://lh5.googleusercontent.com/p/AF1QipNoTpnsQUa-SX2pJmQzeDLwIUYQsM2VLYUDseQb, https://lh5.googleusercontent.com/p/AF1QipO6x0VMipzYXdLNZn6t29bRSOJ0LWZEDZ0Pehui, https://lh5.googleusercontent.com/p/AF1QipNYbHQHrjco9baUOQLqQ19PZ-q4uUvsgfMfxYw, https://lh5.googleusercontent.com/p/AF1QipO02tSUzlBNAysR0TuNdQXo9eh-EGULPCSpLD-o, "
Binh Long Hotel,"207 Trần Hưng Đạo, Khu Phố Phú Nghĩa, Bình Long, Bình Phước, Việt Nam","3,9",112,11.651232,106.3202616,Bình Phước,Khách sạn,Không có giá,Không có giảm giá,"Wi-Fi miễn phí, Bãi đỗ xe, Phù hợp cho người khuyết tật, Dịch vụ giặt ủi, Dịch vụ phòng, Bếp ở một số phòng, Trung tâm thể dục, ","https://lh5.googleusercontent.com/p/AF1QipO6C19x4It_aJ8mY-DKa0yJ2mTE-g6ZCAgaTJ2E, https://lh5.googleusercontent.com/p/AF1QipOX_7Q1DNM6OOI-CBFnbM_YDRwqsAPVQKIf95qF, https://lh5.googleusercontent.com/p/AF1QipOMuFMQPLnRM2iuMoGrKjX8njTT48RKMUm-QwB6, https://lh5.googleusercontent.com/p/AF1QipONY6ToIo7Kv_Ip6RmAH55eImJ91Au5tQKSz8u7, "
Nhà nghỉ Quốc Khánh,"GWQ5+VXG Gần Mầm non Sơn Ca, Đ. Nguyễn Văn Trỗi, Tân Đồng, Đồng Xoài, Bình Phước, Việt Nam","4,0",2,11.5396859,106.6215728,Bình Phước,Khách sạn,250.000 ₫,Không có giảm giá,,
NHÀ NGHỈ ĐOÀN GIA,"1330 Phú Riềng Đỏ, Tân Đồng, Đồng Xoài, Bình Phước, Việt Nam","4,5",11,11.5488099,106.6146266,Bình Phước,Khách sạn,245.507 ₫,Không có giảm giá,,"https://lh5.googleusercontent.com/p/AF1QipMflJOFtPkmNe8H0aypGn7bsNThAf1PwGZUkchJ, https://lh5.googleusercontent.com/p/AF1QipNQvBprP8jGr41F10fptGDoSbVRAMwM_xcTulXs, https://lh5.googleusercontent.com/p/AF1QipNQvBprP8jGr41F10fptGDoSbVRAMwM_xcTulXs, https://lh5.googleusercontent.com/p/AF1QipO9eYkNmY6xxes49tmbjEm3_4YxqwaRGz8Ugt6i, "
Phương Lâm Hotel,"Tân Bình, Đồng Xoài, Bình Phước, Việt Nam","3,8",210,11.5329705,106.6082339,Bình Phước,Khách sạn,Không có giá,Không có giảm giá,"Wi-Fi miễn phí, Đỗ xe miễn phí, Có điều hòa nhiệt độ, Dịch vụ giặt ủi, ","https://lh5.googleusercontent.com/p/AF1QipOpaeLy0Cfj3QopJXzg-oU4avEiWz-p7mOTzfmB, https://lh5.googleusercontent.com/p/AF1QipPJAlsQ76HTyXnmSZpu-dC4ge_IbSkU-Bq9Tjia, https://lh5.googleusercontent.com/p/AF1QipPp4aRYzPd-W4bVNVvy6hrqaP57N6aOQSd09fmm, https://lh5.googleusercontent.com/p/AF1QipOn61vey5rKcR1Fa5vQcyGGASKeZRhje3RnS5Bv, "
Khách Sạn Phương Trang II,"18 QL14, KP. Phú Thanh, Đồng Xoài, Bình Phước, Việt Nam","3,9",91,11.5377233,106.6131363,Bình Phước,Khách sạn 3 sao,Không có giá,Không có giảm giá,"Wi-Fi miễn phí, Đỗ xe miễn phí, Có điều hòa nhiệt độ, Dịch vụ giặt ủi, Dịch vụ phòng, ","https://lh5.googleusercontent.com/p/AF1QipNX7nVbek7KjSmmUoUzesgyU2deELnPLvEigPFv, https://lh5.googleusercontent.com/p/AF1QipM9U8e9xn_U3kw8z_JoqgjH8YNG0xT6IbE_2W3b, https://lh5.googleusercontent.com/p/AF1QipOiBUrFXlyNTTxJMHnwLJ7HW3g7pmNO7s7sthLC, https://lh5.googleusercontent.com/p/AF1QipOTeszFBNmv8-wCC2eX0-8xv19qCe8IomnXDh-O, "
Khách Sạn Hương Sen,"GVCV+MX9, Nguyễn Huệ, Tân Xuân, Đồng Xoài, Bình Phước, Việt Nam","3,3",74,11.5216667,106.6066089,Bình Phước,Khách sạn,Không có giá,Không có giảm giá,"Wi-Fi miễn phí, Đỗ xe miễn phí, Dịch vụ giặt ủi, ","https://lh5.googleusercontent.com/p/AF1QipN2yS0x79ZV4A-GHjZ1LpIdI4PUrpbKt_pyBzeL, https://lh5.googleusercontent.com/p/AF1QipOm7DneRyPb2kWyrPDMpcIZ9rc-t4MPhp1A93e1, https://lh5.googleusercontent.com/p/AF1QipM-Qa33L1qoXJNP05_HrLRPeCIAJBb9tAnh23CX, https://lh5.googleusercontent.com/p/AF1QipO9038q0rbc--g6J5j3Lv764FJTqmL-YUxbfeko, "
THANH BINH HOTEL,"Nguyễn Bỉnh Khiêm, Thanh Binh, Bình Long, Bình Phước 67850, Việt Nam","4,5",47,11.6283619,106.3196409,Bình Phước,Khách sạn,Không có giá,Không có giảm giá,,"https://lh5.googleusercontent.com/p/AF1QipOWOTISoGX3r-HgNTEjSzeGBElulJTj0ygeJ_kX, https://lh5.googleusercontent.com/p/AF1QipP0aw2sE21PRlG73Sswrs8PvWw7A_mou-0rczTd, https://lh5.googleusercontent.com/p/AF1QipOO8trAqpD1rYTu_J39WPI5e1VIvTS3SvaCNMQ4, https://lh5.googleusercontent.com/p/AF1QipNn-8qYinmdc8e3SfAYiTvw9AM-kIHLZEkPMQsj, "
Khách sạn Phương Trang 1 ( Bên hông siêu thị coopmart ),"A22 Đường Nơ Trang Long, Tân Bình, thành phố, Bình Phước, Việt Nam","4,2",56,11.5324309,106.608794,Bình Phước,Khách sạn,Không có giá,Không có giảm giá,,"https://lh5.googleusercontent.com/p/AF1QipMNoT7W3c56L4Q8-iMiJeoO9sf95rCnsVa418vl, https://lh5.googleusercontent.com/p/AF1QipNhpCd_d6ptXaDDaA4fSkboJNMpQdeRH0IfybEH, https://lh5.googleusercontent.com/p/AF1QipNghvI2ZGEebIkL1vcWiJevCmeK6kDOnQoQBOBc, https://lh5.googleusercontent.com/p/AF1QipMKVTOfFPTNttfQZWE01ITfHgozPpWoMmVwrzSx, "
My Le Hotel,"22 Nguyễn Văn Trỗi, Long Thuỷ, Phước Long, Bình Phước, Việt Nam","3,5",292,11.8501652,106.708656,Bình Phước,Khách sạn 2 sao,Không có giá,Không có giảm giá,"Wi-Fi miễn phí, Bữa sáng miễn phí, Đỗ xe miễn phí, Bể bơi, Có điều hòa nhiệt độ, Dịch vụ giặt ủi, Phù hợp với trẻ em, Nhà hàng, ","https://lh5.googleusercontent.com/p/AF1QipMXcKNEZ3RUgxfl3Ub0i1G9nkahxKUtKkstpob4, https://lh5.googleusercontent.com/p/AF1QipMtMdCKvxobUjIslNcNDj2GMn05tXLyW6jdxyCZ, https://lh5.googleusercontent.com/p/AF1QipMONQuDJ0U15e-5B8W3UBWtPlGBNtIaLmps3Zlx, https://lh5.googleusercontent.com/p/AF1QipMzlKUMzdsCjrR382gAcvFWt_FJbFdiISRFpRsV, "
Ban Mai hotel,"49 Lê Duẩn, Tân Phú, Đồng Xoài, Bình Phước, Việt Nam","3,9",267,11.8501652,105.8481541,Bình Phước,Khách sạn 3 sao,Không có giá,Không có giảm giá,"Wi-Fi miễn phí, Đỗ xe miễn phí, Dịch vụ giặt ủi, ","https://lh5.googleusercontent.com/p/AF1QipOOI6GR_i3oG9yHDfLByQABX-jTbj6CSgGyYE1Y, https://lh5.googleusercontent.com/p/AF1QipPSz2ajXqiSe7UPt8WT8L31VqKXNbdRgkt2HjL8, https://lh5.googleusercontent.com/p/AF1QipPOOt74SJg1rUAYeo60UA7nR_Zf5R8a0AN_VG7-, https://lh5.googleusercontent.com/p/AF1QipNVKrCw-YO-l13wDKfvuw5lcjfLtJMCEmkyesYp, "
Khách Sạn Tân Hương,"285 ĐT741, Phú Riềng, Huyện Phú Riềng, Bình Phước, Việt Nam","3,2",55,11.5380126,105.8494694,Bình Phước,Khách sạn,Không có giá,Không có giảm giá,,"https://lh5.googleusercontent.com/p/AF1QipPbWOPlnWaLXtCyZMeK4Wcyx3Q_R46RYkIr2Xk3, https://lh5.googleusercontent.com/p/AF1QipNn-pyFlV5XIDyKbgUIjDced6zE2C9Wignyj1L5, https://lh5.googleusercontent.com/p/AF1QipO1IZCW-inErCnvDrbegKHExZqUYnIzATSFtzR7, https://lh5.googleusercontent.com/p/AF1QipNuEaMKevS0Qa0b9wvAKAhdSBI6OOOBLM1w1rxW, "
Hotel Stylish Binh Long,"Nguyễn Du, An Lộc, Bình Long, Bình Phước, Việt Nam","4,5",29,11.6447024,106.3215264,Bình Phước,Khách sạn,Không có giá,Không có giảm giá,,"https://lh5.googleusercontent.com/p/AF1QipOIwZEW0qWs-pHBkiRQgrsBCK9x-sn3-3Ip3D7r, https://lh5.googleusercontent.com/p/AF1QipPcMMdLeOjvZHTE_MMNQbW3bzvBdE5umAArk_pe, https://lh5.googleusercontent.com/p/AF1QipNXAZUdtI-ifQ3M4tznUzqVHszvKUsVH3jCOVAO, https://lh5.googleusercontent.com/p/AF1QipMhEOYPDfmJExKWTZIK07KQydVuISUpZ8uSvfWX, "
Nhà Khách Bình Phước,"Lê Duẩn, Tân Phú, Đồng Xoài, Bình Phước 830000, Việt Nam","3,8",335,11.5416525,106.5985878,Bình Phước,Khách sạn,Không có giá,Không có giảm giá,"Wi-Fi miễn phí, Đỗ xe miễn phí, Có điều hòa nhiệt độ, Dịch vụ giặt ủi, Dịch vụ phòng, Nhà hàng, Không hút thuốc, ","https://lh5.googleusercontent.com/p/AF1QipOnBrczu4pa72pm1Uaejini5K4XPI5pptH6kJPC, https://lh5.googleusercontent.com/p/AF1QipP-jWvnU9T8lPdwHU8S5PoElFkOoZkgYBwLI3E, https://lh5.googleusercontent.com/p/AF1QipPQYPGPLoy4Egxjgj5zlLCey6rddYF8gglDeIAh, https://lh5.googleusercontent.com/p/AF1QipOj6gcN5hLv-BebDBbalhF4IUijMrcy9Y-4hsIu, "
"Nhà Nghỉ Mai Vàng, Phước Long","015/6 phường long thủy, Phước Long, Bình Phước 830000, Việt Nam","4,7",314,11.8413824,106.7047512,Bình Phước,Khách sạn,Không có giá,Không có giảm giá,"Wi-Fi miễn phí, Bữa sáng có tính phí, Đỗ xe miễn phí, Phù hợp cho người khuyết tật, Có điều hòa nhiệt độ, Dịch vụ giặt ủi, Chấp nhận vật nuôi, Dịch vụ phòng, Bếp ở một số phòng, Không hút thuốc, ","https://lh5.googleusercontent.com/p/AF1QipPhuLdOT9X5YTKUW48oK31gFpDqGWB2xmSJTyGg, https://lh5.googleusercontent.com/p/AF1QipPzAEjsV_OKAmYWfMOqwA2amEz_HqleAsx8ia3b, https://lh5.googleusercontent.com/p/AF1QipO1XxYTzvdowEK9c5yUXVI8ncyV0CTAk6n-vw33, https://lh5.googleusercontent.com/p/AF1QipPr3yXPyhiRjbHK5vR7xK80OFWhtBXFaZFKVw0R, "
Khách Sạn Bình Luận ( Becamex giai đoạn 3),"Đường D1, Kcn Becamex giai đoạn 3, Chơn Thành, Bình Phước 67000, Việt Nam","4,1",57,11.4167386,106.3722408,Bình Phước,Khách sạn,Không có giá,Không có giảm giá,,"https://lh5.googleusercontent.com/p/AF1QipOtp-gkUSo6Wi-NJROjptFyKqFmHqiVmSpUAl_X, https://lh5.googleusercontent.com/p/AF1QipMTvHUmQSMr62cZhN5AuKXzxZpiLPObgHXWMwSe, https://lh5.googleusercontent.com/p/AF1QipMXP1b6f9K-GLrOhTvJV3tIFC3KFEuGsAH3DLeO, https://lh5.googleusercontent.com/p/AF1QipNwEVwFrHsyzEwrWR56XY8oRqV3tigo9yz4bnaU, "
Nhà Nghỉ Quỳnh Anh,"Hồ Long Thuỷ, Thác Mơ, Phước Long, Bình Phước, Việt Nam","4,0",237,11.8423694,106.7063934,Bình Phước,Khách sạn,Không có giá,Không có giảm giá,,"https://lh5.googleusercontent.com/p/AF1QipNTLRemEEOv2AyKwrbQMKEYV945UBgHYr3m2yEm, https://lh5.googleusercontent.com/p/AF1QipMFtL3gHna_9XAES0qXb_dmO7BtjCjyRdxP8ILG, https://lh5.googleusercontent.com/p/AF1QipP_cZ6t57rQbodHrEg50kRKeTyhHYFA0KUDiogF, https://lh5.googleusercontent.com/p/AF1QipPvplJWnn_arH8rm40myaJvR_Q75-AV6ucO7uw, "
Nhà Nghỉ Minh Hiếu,"Hồ Xuân Hương, An Lộc, Bình Long, Bình Phước, Việt Nam","3,5",114,11.6574298,106.3237976,Bình Phước,Khách sạn,Không có giá,Không có giảm giá,"Wi-Fi miễn phí, Bãi đỗ xe, Có điều hòa nhiệt độ, Dịch vụ giặt ủi, ","https://lh5.googleusercontent.com/p/AF1QipNJ09mKlB02LgX4T4ENuchcmPY875jP4S4Xy8kM, https://lh5.googleusercontent.com/p/AF1QipMiPujvexrU0ON2t0MqNNJf6YeMG5cvM7ZGhLZn, https://lh5.googleusercontent.com/p/AF1QipPJ9TMJPHfzT6omGeMjc1TirQ3KK8gs2LLD1S4y, https://lh5.googleusercontent.com/p/AF1QipOauBCZdRKq1Kgbd2BcwD4yN22JgRP6FAurZAP9, "
Khách Sạn Hoàng Hùng,"3B QL13, Chơn Thành, Bình Phước, Việt Nam",Chưa xét,0,11.7080401,106.302603,Bình Phước,Khách sạn,Không có giá,Không có giảm giá,,
Nhà Ông Chú homestay,"Lê Trọng Tấn, Sơn Giang, Phước Long, Bình Phước 830000, Việt Nam","5,0",8,11.8115396,106.6887446,Bình Phước,Khách sạn,Không có giá,Không có giảm giá,"Wi-Fi miễn phí, ","https://lh5.googleusercontent.com/p/AF1QipPAsOW2aUNJT7gAE9mNJ_RVGDKfbTzT_Cp40jF-, https://lh5.googleusercontent.com/p/AF1QipPHF1HCOkjSDNve3RsSZy2gf55RhguH-2weTy3y, https://lh5.googleusercontent.com/p/AF1QipMgam1m9hcVdiPffRp1qbNohT-d6vgfyQx3BITd, https://lh5.googleusercontent.com/p/AF1QipMLCNVKD-VVINsPO8jVxg2lx3vDgrFrtYft8iVG, "
Nhà Nghỉ Tân Bình,"ĐT741, Khu Phố 6, Phước Long, Bình Phước, Việt Nam","3,0",58,11.8185441,106.6679609,Bình Phước,Khách sạn,Không có giá,Không có giảm giá,,"https://lh5.googleusercontent.com/p/AF1QipN-ogC1UgoW9HJibdBXY6Q486anGeEyo1PWYw7S, https://lh5.googleusercontent.com/p/AF1QipPZITdrApKNRjm1DX1LeV7gXWKgeg3s327nWs1M, https://lh5.googleusercontent.com/p/AF1QipMrOh83KNFBdmp1x9Ra8pZmy74FbtdW8EjCtG23, https://lh5.googleusercontent.com/p/AF1QipPQza3fI4MPB9Q2XyqcbeOSk9gGfS8FbYWB3BT5, "
My Le Resort,"DT741, Long Hung, Phu Rieng District, Long Hưng, Bình Phước, Việt Nam","3,8",45,11.7754098,106.609206,Bình Phước,Khách sạn 3 sao,Không có giá,Không có giảm giá,"Wi-Fi miễn phí, Đỗ xe miễn phí, Bể bơi, Dịch vụ giặt ủi, Phù hợp với trẻ em, Nhà hàng, Bếp ở một số phòng, ","https://lh5.googleusercontent.com/p/AF1QipPPcVt7WJ1ouGsKuHPg-wNxmAdoT2Oot5Q2BIjx, https://lh5.googleusercontent.com/p/AF1QipPLz1uTd6dfbDR6gF2xh1TxhcdyEmt7jpSy9Doa, https://lh5.googleusercontent.com/p/AF1QipNRx0qKuHM7fEF1_O-kpqgcka1_5fap_3n6qnpC, https://lh5.googleusercontent.com/p/AF1QipOmCE34KvaSjmlMW_k4NInS7QClh7yr-rYjNFoo, "
Nhà Nghỉ Minh Thảo,"Nguyễn Huệ/Đường tổ 6, kp 8, Chơn Thành, Bình Phước, Việt Nam","3,8",54,11.42165,106.3200609,Bình Phước,Khách sạn,Không có giá,Không có giảm giá,,"https://lh5.googleusercontent.com/p/AF1QipMa82r-ab7EsUzNRABexkMEQKlwBtsbfiRfQxgv, https://lh5.googleusercontent.com/p/AF1QipPVvcpVS_vQbACTCgTojuPQOzmJro5ghjMC1sLS, https://lh5.googleusercontent.com/p/AF1QipPeGZMSVOAp7IVRDE_EL3VSkwOTlgsItM36cZlU, https://lh5.googleusercontent.com/p/AF1QipPD4OzUgzj22vVWMOyXIazXBZd6lKtC4d9B2dym, "
Nhà Nghỉ My My,"RXQV+X5W, ĐT741, Thác Mơ, Phước Long, Bình Phước, Việt Nam","5,0",3,11.42165,105.6599136,Bình Phước,Khách sạn,Không có giá,Không có giảm giá,,"https://lh5.googleusercontent.com/p/AF1QipPhJjeemIqbArolgXNdKYKK_RQ_TEmEyG0-G1V_, https://lh5.googleusercontent.com/p/AF1QipMIdckzPKuFik973TPx9Ba51cePcAHTx3W6YXwU, https://lh5.googleusercontent.com/p/AF1QipMUoVSaXmCK8BMyKusYHnHViJdSgehxCq7Yx6O8, "
Nhà Nghỉ Như Quỳnh,"68 ĐT759, Phươc Bình, Phước Long, Bình Phước, Việt Nam","3,6",106,11.8399788,105.8874824,Bình Phước,Khách sạn,Không có giá,Không có giảm giá,,"https://lh5.googleusercontent.com/p/AF1QipMKdlndaDPtjR-uWhh9yIVlAdtxKFAqNl-DeYQB, https://lh5.googleusercontent.com/p/AF1QipP7MyZGG7oLje4QAknsJSu2Rys9aZWtSSmqtK3r, https://lh5.googleusercontent.com/p/AF1QipNQmRXXhiAa5Q7Opa9Wwk-KEZS4lGG9BQMuct2a, https://lh5.googleusercontent.com/p/AF1QipNf_CKh8ejyvto974XeEnztDkbM97iXdjWlQsz1, "
Nhà Nghỉ Bảo Trâm,"RXWW+38J, Lê Văn Duyệt, Thác Mơ, Phước Long, Bình Phước, Việt Nam","4,1",68,11.8452214,106.7073892,Bình Phước,Khách sạn,Không có giá,Không có giảm giá,"Wi-Fi miễn phí, Đỗ xe miễn phí, Có điều hòa nhiệt độ, Dịch vụ giặt ủi, Phù hợp với trẻ em, Bếp ở một số phòng, ","https://lh5.googleusercontent.com/p/AF1QipPdXxVdTRHzEOdWvo-jOsvz1gkh7fv_eNH6_9eD, https://lh5.googleusercontent.com/p/AF1QipNBRN8nrJTU8YSrr6MWfDTT_4Q77FbA7bBa0bU4, https://lh5.googleusercontent.com/p/AF1QipNeWKmo5-tN31_co7ASDtN_t4WaNzR4Q2ah7ds, https://lh5.googleusercontent.com/p/AF1QipMDi0esA9W23SIp10m7EcFt3C6X4d4QPs1n9Y6g, "
Nhà Trọ Anh Đào,"120 ĐT741, Thác Mơ, Phước Long, Bình Phước, Việt Nam","3,7",18,11.8396922,106.7066928,Bình Phước,Khách sạn,Không có giá,Không có giảm giá,,"https://lh5.googleusercontent.com/p/AF1QipOFsYrTct3POEJ8fnvArAzrnUaMj9e-0Sq3069i, https://lh5.googleusercontent.com/p/AF1QipOFsYrTct3POEJ8fnvArAzrnUaMj9e-0Sq3069i, https://lh5.googleusercontent.com/p/AF1QipPIbPScNnYVSHapO1BaEq3qVzX6f5Hd0OWQgvMk, https://lh5.googleusercontent.com/p/AF1QipPeQjC0MWbPvI2rwLvNyqQSX3MO5JTdNIsrkgV5, "
Doanh Nghiệp Tư Nhân Đỗ Hài,"Tổ 3, Khu Phố 1, Phường Long Thủy, Thị Xã Phước Long, Sơn Giang, Phước Long, Bình Phước, Việt Nam","5,0",2,11.8411264,106.7058862,Bình Phước,Khách sạn 1 sao,Không có giá,Không có giảm giá,"Có điều hòa nhiệt độ, ",
Nha nghi hong phuoc,"09 nguyen gia thieu doi dien trung tam van hoa tinh ngach, Hồ Xuân Hương, Tân Phú, Đồng Xoài, Bình Phước, Việt Nam","4,0",1,11.5498277,106.6000274,Bình Phước,Khách sạn,Không có giá,Không có giảm giá,,
không có tên??????,Không có địa chỉ,Chưa xét,0,11.5468,101.0615112,Bình Thuận,Khách sạn,Không có giá,Không có giảm giá,,
Hotel Khách Sạn Minh Hằng,"29-31 Lê Lợi, Hưng Long, Thành phố Phan Thiết, Bình Thuận 62000, Việt Nam","4,1",354,10.9195621,105.8011837,Bình Thuận,Khách sạn,382.434 ₫,Không có giảm giá,"Wi-Fi miễn phí, Đỗ xe miễn phí, Có điều hòa nhiệt độ, Dịch vụ giặt ủi, Phù hợp với trẻ em, Nhà hàng, Xe đưa đón ra sân bay, ","https://lh5.googleusercontent.com/p/AF1QipM_lBZwbvTf0p5oNglMIQOhgPCC9hvwQGHHvTvO, https://lh5.googleusercontent.com/p/AF1QipME7B0VzuVulBsH7mK4NrlS2SEpRRKTAyLYa0MM, https://lh5.googleusercontent.com/p/AF1QipMYxjwLRKWrQLTD5gGyAbE5MJsxywDRz1Ana8EF, https://lh5.googleusercontent.com/p/AF1QipNNfk3APiYUcZHrLPlu-KJB-8GtVe_hwLBtdppZ, "
khách Sạn Lahona,"317 Nguyễn Trường Tộ, Tân Thiện, La Gi, Bình Thuận, Việt Nam","4,5",136,10.6796122,105.4537671,Bình Thuận,Khách sạn 2 sao,292.089 ₫,Ít hơn 29% so với bình thường,"Wi-Fi miễn phí, Đỗ xe miễn phí, Có điều hòa nhiệt độ, Dịch vụ giặt ủi, Xe đưa đón ra sân bay, ","https://lh5.googleusercontent.com/p/AF1QipOvMnl-nwGJR2J5BNmsCeH0-cKxIXwvlrpgrn9e, https://lh5.googleusercontent.com/p/AF1QipNNbBpypwz4szoJrA0u3JW7yMfkuXHwxrv0-kpp, https://lh5.googleusercontent.com/p/AF1QipP0sqw4NYhlXn_c3nris9cYcKg95yTqGS2dctDg, https://lh5.googleusercontent.com/p/AF1QipNk24cMAWdqWdyvH-0uYj_0n_FBNtDeeCIPctcL, "
Bali Hotel Phan Rí Thành,"5GWX+CMP, Bình Lễ, Bắc Bình, Bình Thuận, Việt Nam","4,5",22,11.1961552,106.2420242,Bình Thuận,Khách sạn,299.670 ₫,Không có giảm giá,,"https://lh5.googleusercontent.com/p/AF1QipMDkj-PnuwzzSaBXknM9KjvPEn2SjsYIOV86DJP, https://lh5.googleusercontent.com/p/AF1QipMjoZ39V-dyjeQMk0dWptd4wZxR5jBmsznhH3x_, https://lh5.googleusercontent.com/p/AF1QipMZWMPTUiGn_uFdeySZREDmps9ZgUK14N42af04, https://lh5.googleusercontent.com/p/AF1QipM8y6KWfhqIRqscCrz6hZ9NeOlDVdLzDC33CpB6, "
Emerald Ocean Hotel,"75 Phan Trung, Phú Thuỷ, Thành phố Phan Thiết, Bình Thuận, Việt Nam","3,3",173,10.9306714,105.8113249,Bình Thuận,Khách sạn 3 sao,266.261 ₫,Ít hơn 33% so với bình thường,"Wi-Fi miễn phí, Đỗ xe miễn phí, Có điều hòa nhiệt độ, Dịch vụ giặt ủi, Nhà hàng, Xe đưa đón ra sân bay, ","https://lh5.googleusercontent.com/p/AF1QipODqiTVdmHOMzqrgbMGUkS77Y8LjQIE_akVLiOG, https://lh5.googleusercontent.com/p/AF1QipMvQmc9ZuIa5cgGkRNeXNwwUKQMgY1bzR2uazg, https://lh5.googleusercontent.com/p/AF1QipP8Jx8xt3KQXGMkvhvGrZ7gLTYv1XEdMrcQhwci, https://lh5.googleusercontent.com/p/AF1QipPaVf63Ky9ZeCJeJ-5dq4ycQcOe6fFUp_CJpB-y, "
Tiffany Hotel & Restaurant,"D3 79-80, khu đô thị phố biển, Tp. Phan Thiết, Bình Thuận 77100, Việt Nam","4,5",84,10.9304966,105.8135559,Bình Thuận,Khách sạn 3 sao,485.707 ₫,Ít hơn 39% so với bình thường,"Wi-Fi miễn phí, Đỗ xe miễn phí, Có điều hòa nhiệt độ, Dịch vụ giặt ủi, Nhà hàng, Bếp ở một số phòng, Xe đưa đón ra sân bay, ","https://lh5.googleusercontent.com/p/AF1QipPHfiD3AlGt2g_CVQ1gXwk208u8Qzyjx3sn7i_Y, https://lh5.googleusercontent.com/p/AF1QipMfnsbnr7qg2D1rY6NPbqzq-osSY2ROMVb7iq7V, https://lh5.googleusercontent.com/p/AF1QipOGQESiiMIVj4lQQl58ZJk68RF328K4SjWGGd6y, https://lh5.googleusercontent.com/p/AF1QipP4VAVkd7Y_hq3ncct1Eu5TfnwH8IugLARPDLeT, "
không có tên??????,Không có địa chỉ,Chưa xét,0,10.9304966,100.8862203,Bình Thuận,Khách sạn,Không có giá,Không có giảm giá,,
Khách sạn Ngọc Quỳnh,"JPQ9+5VX, Nguyễn Du, Tân Phước, La Gi, Bình Thuận, Việt Nam","3,9",46,10.6379861,105.4125984,Bình Thuận,Khách sạn,230.827 ₫,Không có giảm giá,"Wi-Fi miễn phí, Đỗ xe miễn phí, Có điều hòa nhiệt độ, Dịch vụ giặt ủi, ","https://lh5.googleusercontent.com/p/AF1QipOOolBium1t8tyeD7NKUQrgzaCOgTh6y7wvOre3, https://lh5.googleusercontent.com/p/AF1QipMPw4IucqlsSc9G20zDi8Zb7DWPFneiRH84OOCr, https://lh5.googleusercontent.com/p/AF1QipMm27jAVwD-kPWzwkvktnre_vTdbatotgFILk-z, https://lh5.googleusercontent.com/p/AF1QipNIrumok-IFUQzREjiPSY0TthB8xMzxBb47F4ca, "
không có tên??????,Không có địa chỉ,Chưa xét,0,10.6379861,100.2108995,Bình Thuận,Khách sạn,Không có giá,Không có giảm giá,,
Mui Ne Hills Bliss Hotel,"69b Nguyễn Đình Chiểu, Phường Hàm Tiến, Thành phố Phan Thiết, Bình Thuận 77118, Việt Nam","4,1",937,10.9490963,105.8924843,Bình Thuận,Khách sạn 2 sao,244.494 ₫,Ít hơn 35% so với bình thường,"Wi-Fi miễn phí, Bữa sáng có tính phí, Đỗ xe miễn phí, Bể bơi ngoài trời, Có điều hòa nhiệt độ, Dịch vụ phòng, Phù hợp với trẻ em, Nhà hàng, Xe đưa đón ra sân bay, Quán bar, ","https://lh5.googleusercontent.com/p/AF1QipPzVgzFvfumrW8te8CvZP8aGPnPyk-WE9AKzgr0, https://lh5.googleusercontent.com/p/AF1QipN9V6GXMRXWyLKkYhavLQ-yvTbbddcoEuwjhbSN, https://lh5.googleusercontent.com/p/AF1QipPDNbF4_tLIpmyGZNZCehXi4AC25aAVBcngeatj, https://lh5.googleusercontent.com/p/AF1QipPEATgHNF3BSgrKjU4CmeCITH3z50-Cedv9Lh_u, "
Khách Sạn Minh Hùng - Minh Hung Hotel,"147 Nguyễn Đình Chiểu, khu phố 2, Thành phố Phan Thiết, Bình Thuận, Việt Nam","3,7",213,10.9538335,105.9102172,Bình Thuận,Khách sạn 2 sao,264.996 ₫,Không có giảm giá,"Wi-Fi miễn phí, Đỗ xe miễn phí, Có điều hòa nhiệt độ, Dịch vụ giặt ủi, Có đường ra bãi biển, Phù hợp với trẻ em, ","https://lh5.googleusercontent.com/p/AF1QipMgpmivrMcNmmb8gdHg7KBZ-hOXeqCHVuA3lAgD, https://lh5.googleusercontent.com/p/AF1QipOmOVUCJHdee_1_xMACSnO2y0Ja9wnl8UOw2ktV, https://lh5.googleusercontent.com/p/AF1QipPwAQwHJyJv2i39sGTseYem47qhbc4L8SGAE4gK, https://lh5.googleusercontent.com/p/AF1QipOMUw86svNzdZEpHitXvS9JD-o2TpavDchGANBW, "
Khách Sạn Đồi Dương,"209 Lê Lợi, Hưng Long, Thành phố Phan Thiết, Bình Thuận 800000, Việt Nam","4,0",2.014,10.9243602,105.806543,Bình Thuận,Khách sạn 3 sao,671.408 ₫,Không có giảm giá,"Wi-Fi miễn phí, Bữa sáng miễn phí, Đỗ xe miễn phí, Bể bơi ngoài trời, Có điều hòa nhiệt độ, Dịch vụ giặt ủi, Có đường ra bãi biển, Dịch vụ phòng, Phù hợp với trẻ em, Nhà hàng, Không hút thuốc, ","https://lh5.googleusercontent.com/p/AF1QipPLrcjkRK4-V7fPta05oy5IZtnK0aoBXLv8x8o, https://lh5.googleusercontent.com/p/AF1QipOHkhd-D_yjVPsqznkxo127xz6SGSCIUPET7NLN, https://lh5.googleusercontent.com/p/AF1QipMNh03Dv0SWxpq2F4IRqHYMYhefIAj0ipgomWpA, https://lh5.googleusercontent.com/p/AF1QipMCiKXEehmj4F07HupSKbVh1lBe3Udz571EyAM2, "
không có tên??????,Không có địa chỉ,Chưa xét,0,10.9243602,101.056703,Bình Thuận,Khách sạn,Không có giá,Không có giảm giá,,
Khách Sạn Nhà Đất,"L37Đặng Thai Mai, Xuân An, Thành phố Phan Thiết, Bình Thuận, Việt Nam","5,0",12,10.943213,105.803494,Bình Thuận,Khách sạn,270.564 ₫,Không có giảm giá,,"https://lh5.googleusercontent.com/p/AF1QipP-WkoBBqajJf8eG-NCTvCZBTK5jy7jA5y09wEY, https://lh5.googleusercontent.com/p/AF1QipM6FPq6rF4vcaVlcbjgQHEJFB4oOPKn3PojAng5, https://lh5.googleusercontent.com/p/AF1QipMsy2RWwEErybSSbyThWb8bQOsjU1ncWXW3xBmE, https://lh5.googleusercontent.com/p/AF1QipMAdxtlBqzJtJY1AZMSmKMLb8OFTHJK9a5iE8GP, "
không có tên??????,Không có địa chỉ,Chưa xét,0,10.943213,101.060914,Bình Thuận,Khách sạn,Không có giá,Không có giảm giá,,
Khách sạn MiNhon,"210/5 Nguyễn Đình Chiểu, khu phố 2, Thành phố Phan Thiết, Bình Thuận, Việt Nam","4,7",332,10.9537884,105.9369433,Bình Thuận,Khách sạn 2 sao,475.123 ₫,Không có giảm giá,"Wi-Fi miễn phí, Đỗ xe miễn phí, Bể bơi ngoài trời, Có điều hòa nhiệt độ, Dịch vụ giặt ủi, Có đường ra bãi biển, Nhà hàng, Xe đưa đón ra sân bay, ","https://lh5.googleusercontent.com/p/AF1QipO2XRC21VvBhu1uNBaSpJxdZHqin4f81D7itMVe, https://lh5.googleusercontent.com/p/AF1QipP7HM-8PkrVYYfDvrO_xCqQse91re9QWspZ5zsc, https://lh5.googleusercontent.com/p/AF1QipM6uJrJ66p1GpgLHPO90ASRe6f6UX4fXX14xvDX, https://lh5.googleusercontent.com/p/AF1QipN_2mmz0bIA9g4f9okzIstL6TLaxqYwBNCJc6QN, "
Minh Kha hotel,"109 Nguyễn Đình Chiểu, Phường Hàm Tiến, Thành phố Phan Thiết, Bình Thuận, Việt Nam","4,4",44,10.9503695,105.9012815,Bình Thuận,Khách sạn,399.645 ₫,Không có giảm giá,,"https://lh5.googleusercontent.com/p/AF1QipMcPmhtC9bF-6-OeGGXQxx5hq4iiMb2WLc1MwyM, https://lh5.googleusercontent.com/p/AF1QipMs0YW4xz0IS3MbkbbBTEVryifbYNcwqW1_J0PX, https://lh5.googleusercontent.com/p/AF1QipMKaFaP8qFD4YiWrH9I9n33MxbPaSSO-uKIqaU, https://lh5.googleusercontent.com/p/AF1QipPxZUjWkBQr2N4bYUSJ8G9tpjpzer5Mb0LLfTs, "
Rubens Boutique Hotel,"D3-32, Khu Đô Thị Phố Biển, Thành phố Phan Thiết, Bình Thuận 77119, Việt Nam","4,9",1.140,10.9301541,105.8125019,Bình Thuận,Khách sạn 3 sao,694.356 ₫,Không có giảm giá,,"https://lh5.googleusercontent.com/p/AF1QipNK3OfjZisgKoBH77tddvSQNItY_51ddN7ppvo2, https://lh5.googleusercontent.com/p/AF1QipN_daTNO55vuASiLO5T7QOE0d7M_isXGIAr6esd, https://lh5.googleusercontent.com/p/AF1QipNEHnhKfN2BjQUCAtUNL1uonl88hth0BnjzQkKp, https://lh5.googleusercontent.com/p/AF1QipPVwK4GZ-Fj129dXrfi6S52314EqZqRfPoTuXBs, "
không có tên??????,Không có địa chỉ,Chưa xét,0,10.9301541,100.9345838,Bình Thuận,Khách sạn,Không có giá,Không có giảm giá,,
Khách sạn Kathy,"533 Thủ Khoa Huân, Thanh Hải, Thành phố Phan Thiết, Bình Thuận, Việt Nam","3,6",97,10.9344577,105.8199861,Bình Thuận,Khách sạn 1 sao,300.000 ₫,Không có giảm giá,"Wi-Fi miễn phí, Đỗ xe miễn phí, Có điều hòa nhiệt độ, Dịch vụ giặt ủi, ","https://lh5.googleusercontent.com/p/AF1QipP6-yWecOIAtrK-taIkhFC9TtXSgoaVSRFZ8gs-, https://lh5.googleusercontent.com/p/AF1QipPxQt-h_KNz5qTqV1PtA7HPUXPFjfHhrPrENVl8, https://lh5.googleusercontent.com/p/AF1QipMGp6b5xtoi3eRHksVktCX2eIZVuyehbFfFrsRk, https://lh5.googleusercontent.com/p/AF1QipMv8EdzUnEo4HNH0o3Dibmrl-v9arQRwBGCuiwV, "
không có tên??????,Không có địa chỉ,Chưa xét,0,10.9344577,100.2078738,Bình Thuận,Khách sạn,Không có giá,Không có giảm giá,,
Sea Night Hotel,"N4-11 Phan Trung, Khu đô thị phố biển, Thành phố Phan Thiết, Bình Thuận 77000, Việt Nam","4,4",153,10.9308642,105.8107334,Bình Thuận,Khách sạn 3 sao,463.320 ₫,Không có giảm giá,"Wi-Fi miễn phí, Đỗ xe miễn phí, Có điều hòa nhiệt độ, Dịch vụ giặt ủi, Bếp ở một số phòng, ","https://lh5.googleusercontent.com/p/AF1QipNb1QTx0BYkDBW5sSi-5pFbcU9ERjArGWf_L4Ai, https://lh5.googleusercontent.com/p/AF1QipOAsGKruIjBPx4ouam3sq_4LO9KHJ7rlkl9vOkn, https://lh5.googleusercontent.com/p/AF1QipMMoWGxxbT8RAxXmqcA-nOEnW9mwGVyL13_nz5H, https://lh5.googleusercontent.com/p/AF1QipPOc_J4hS7wOwGZZdmruV9DvD6xN4vAq4PCFtkC, "
Hotel Đức Lưu Quang,"DT716b , khu phố Phú Hoà, thị trấn, Phan Rí Cửa, Tuy Phong, Bình Thuận 77000, Việt Nam","4,8",63,11.1639829,106.2417277,Bình Thuận,Khách sạn,412.553 ₫,Không có giảm giá,,"https://lh5.googleusercontent.com/p/AF1QipMI_49FPgDHmtmD2oEmHKd3uzoVKtE7YtVsn05Z, https://lh5.googleusercontent.com/p/AF1QipMIZCkR62nRXZFq1WH7-y1oI-imCWyB0wSSTm4C, https://lh5.googleusercontent.com/p/AF1QipM1PGGuvdylt78X-5bjkounMIkdhIqZvkbvff9o, https://lh5.googleusercontent.com/p/AF1QipMOjz0yzsF5vT_GzWgdu_nRIV9CVk6O4OjIFQ_P, "
Tony's House Mũi Né Hotel,"18C Nguyễn Tấn Định, Phường Hàm Tiến, Thành phố Phan Thiết, Bình Thuận, Việt Nam","4,7",51,10.9551232,105.9082196,Bình Thuận,Khách sạn,260.440 ₫,Không có giảm giá,,"https://lh5.googleusercontent.com/p/AF1QipO_9XCkkzwJC4gHZnzxbtH8z2WQ3v306ZPhTvTA, https://lh5.googleusercontent.com/p/AF1QipOnh17CRsW4-tdF8KvIdBevyavehCUTAfyltzUY, https://lh5.googleusercontent.com/p/AF1QipO_ow03NZ9JG3Mc2x-BdaG1Jg75cBmw8STwT72V, https://lh5.googleusercontent.com/p/AF1QipOz3ACkdcV1p7HXja4KrrtO4UKbgBzQCMuhW0Ba, "
không có tên??????,Không có địa chỉ,Chưa xét,0,10.9551232,100.5593825,Bình Thuận,Khách sạn,Không có giá,Không có giảm giá,,
Khách sạn Saigon - PT,"71 Nguyễn Trãi, Phú Thuỷ, Thành phố Phan Thiết, Bình Thuận, Việt Nam","3,4",225,10.9310976,105.8018746,Bình Thuận,Khách sạn 2 sao,323.208 ₫,Không có giảm giá,"Wi-Fi miễn phí, Đỗ xe miễn phí, Có điều hòa nhiệt độ, Dịch vụ giặt ủi, Phù hợp với trẻ em, Nhà hàng, ","https://lh5.googleusercontent.com/p/AF1QipN8g3COXx6YuTNqsySIPU7VaSvchV_HCclcOpqR, https://lh5.googleusercontent.com/p/AF1QipN2cHZYMPJaLTLy-1m6KAdjwlofoFZLblpKKph-, https://lh5.googleusercontent.com/p/AF1QipOdpYORAI3HAmoD2gw3ysESDZ11qqkvVIAScJ6r, https://lh5.googleusercontent.com/p/AF1QipPVjRGf8a62p6Wr1iIVl_5mWo5nYoyJXOoSFDd_, "
không có tên??????,Không có địa chỉ,Chưa xét,0,10.9310976,100.4295208,Bình Thuận,Khách sạn,Không có giá,Không có giảm giá,,
Hotel BÌNH MINH TRAVEL,"X46C+56F, KDC BẾN LỘI, Hàm Thuận Bắc, Bình Thuận, Việt Nam","3,4",18,10.9604258,105.8134223,Bình Thuận,Khách sạn,250.000 ₫,Không có giảm giá,,"https://lh5.googleusercontent.com/p/AF1QipN5Kdh8RrHDHnZFrPrkWD2-NnHRazR2SUA8RXG6, https://lh5.googleusercontent.com/p/AF1QipOgdZSx_8w3XpvN_DxJxADK-UZoUlssURQYc7IC, https://lh5.googleusercontent.com/p/AF1QipOtdx_0oJ3o7RWTuTHNsU6tD21sr4HjUyQzKXbG, "
Khách Sạn Ha Anh Phan Thiết,"Lô N3-15, Khu Đô Thị Du Lịch Biển, Tp. Phan Thiết, Bình Thuận 77000, Việt Nam","4,3",29,10.9309727,105.8092989,Bình Thuận,Khách sạn,479.877 ₫,Không có giảm giá,"Wi-Fi miễn phí, Đỗ xe miễn phí, Phù hợp cho người khuyết tật, Có điều hòa nhiệt độ, Dịch vụ giặt ủi, Chấp nhận vật nuôi, ","https://lh5.googleusercontent.com/p/AF1QipMxyEuV8U1cztZB8lAEr1cWBfu2mj94IoXMYEyd, https://lh5.googleusercontent.com/p/AF1QipMJO7PZbjL4Fkw9zecPCtzMiuxwijZmI9vD0IJZ, https://lh5.googleusercontent.com/p/AF1QipMN0AdRCzAlq6qgcel2prSmUIp0tq-hnVkymX6n, https://lh5.googleusercontent.com/p/AF1QipOYQ8gNYWTP_UKwpMhHszGbs0g27TtvrpzkyZRM, "
không có tên??????,Không có địa chỉ,Chưa xét,0,10.9309727,100.3313605,Bình Thuận,Khách sạn,Không có giá,Không có giảm giá,,
Khách sạn Khoa Phan Thiết,"F38 Tôn Thất Tùng, Phú Thuỷ, Thành phố Phan Thiết, Bình Thuận 800000, Việt Nam","3,9",69,10.9385794,105.8167525,Bình Thuận,Khách sạn,506.772 ₫,Không có giảm giá,,"https://lh5.googleusercontent.com/p/AF1QipPZ-Jafgr3rGu0anIaPdatgcJKsNg2ZmPpQIR-6, https://lh5.googleusercontent.com/p/AF1QipMVb5s2nwVZgVxnWp15h1d9CoHmYmNFYYB5H76m, https://lh5.googleusercontent.com/p/AF1QipOVCSV4m816M3FDXBSmKhJzcLHrnBgGlTc3GDU-, https://lh5.googleusercontent.com/p/AF1QipPi3dbzBjK8FkYrdIErKAcT_1E2pr7el5Fy-p3D, "
không có tên??????,Không có địa chỉ,Chưa xét,0,10.9385794,101.4409702,Bình Thuận,Khách sạn,Không có giá,Không có giảm giá,,
Damina Boutique Hotel,"36 Huỳnh Thúc Kháng, Phường Hàm Tiến, Thành phố Phan Thiết, Bình Thuận, Việt Nam","4,0",124,10.9509818,105.948569,Bình Thuận,Khách sạn 2 sao,361.416 ₫,Không có giảm giá,"Wi-Fi miễn phí, Bữa sáng miễn phí, Bãi đỗ xe, Bể bơi, Có điều hòa nhiệt độ, Dịch vụ giặt ủi, Có đường ra bãi biển, Phù hợp với trẻ em, Nhà hàng, ","https://lh5.googleusercontent.com/p/AF1QipNPpmJzsG4rM3LLmvKvbFkxnpHRqVxZXEuFiiE8, https://lh5.googleusercontent.com/p/AF1QipPwlV441WMjLFR8ko96s1aSzkIIA5TVkYqMtYq5, https://lh5.googleusercontent.com/p/AF1QipNeAOtDpZRDVPQRLs3p2MDE-7EfEXkFEdBMWkfO, https://lh5.googleusercontent.com/p/AF1QipOqFLRdiZ_rHLSXHqmTi_UL2KzIztBGQriq8EMo, "
Khách sạn Phạm Gia - Mũi Né,"371b Nguyễn Đình Chiểu, Phường Hàm Tiến, Thành phố Phan Thiết, Bình Thuận 77000, Việt Nam","4,4",34,10.9541514,105.9401181,Bình Thuận,Khách sạn,251.258 ₫,Ít hơn 30% so với bình thường,"Wi-Fi miễn phí, Bãi đỗ xe, Có điều hòa nhiệt độ, Dịch vụ giặt ủi, Nhà hàng, Xe đưa đón ra sân bay, ","https://lh5.googleusercontent.com/p/AF1QipP6N_Bdba12K-3VkrAF3Ph2pLbDxkolN6JxssL-, https://lh5.googleusercontent.com/p/AF1QipOF_uOZml5bxVh3SHfpOacJLuJPwpB3BUB19mFc, https://lh5.googleusercontent.com/p/AF1QipOgBlNrJKuGCz0DqLCUK6nTiocNwuw15ZD2RLcB, https://lh5.googleusercontent.com/p/AF1QipPppTkqqyuzLsO_nc8d6Hw7cWK48XDrT-m34YTE, "
T's House Motel,"89 Lê Lợi, Hưng Long, Thành phố Phan Thiết, Bình Thuận 800000, Việt Nam","5,0",121,10.9204047,105.8024382,Bình Thuận,Khách sạn,328.524 ₫,Không có giảm giá,,"https://lh5.googleusercontent.com/p/AF1QipNiJB7In56eBc33QspUb6ktMk38EdVbiCtGNgSS, https://lh5.googleusercontent.com/p/AF1QipPLRxQ31AIfoAYiDn2wNRjHnxOKIcdutOoOlggz, https://lh5.googleusercontent.com/p/AF1QipPwbBx53Bo21WwW7GUhsiWu9p1HlgrxpEVu0aA, https://lh5.googleusercontent.com/p/AF1QipOBZCZKQKNa-H34T_jfAyvYAHle-bjwZvLj5bUF, "
không có tên??????,Không có địa chỉ,Chưa xét,0,10.9204047,100.2755282,Bình Thuận,Khách sạn,Không có giá,Không có giảm giá,,
Mi Nhon Em Hotel Muine (Mignonne Em),"202 Nguyễn Đình Chiểu Kp 2, Ham Tien Village, Hòa Bình, Street, Tp. Phan Thiết, Bình Thuận 300000, Việt Nam","4,7",87,10.9532282,105.9364036,Bình Thuận,Khách sạn,321.968 ₫,Ít hơn 20% so với bình thường,"Wi-Fi miễn phí, Đỗ xe miễn phí, Bể bơi ngoài trời, Có điều hòa nhiệt độ, Dịch vụ giặt ủi, Có đường ra bãi biển, Dịch vụ phòng, Nhà hàng, Xe đưa đón ra sân bay, Quán bar, ","https://lh5.googleusercontent.com/p/AF1QipMJsFW-tqjV95P86kAIibgrXqHSc38ByRXWZsCf, https://lh5.googleusercontent.com/p/AF1QipOPF6EL7kGCE7vJ5igdrOSSjxb4ZWp98VcIGmyY, https://lh5.googleusercontent.com/p/AF1QipMANzUYVc8x3QM_4EnbxysFpaaMwSl60QcJI1dx, https://lh5.googleusercontent.com/p/AF1QipNxLzQclMrqsIypBuuSQSqeLk4Ck6wDfcmzdbQo, "
KHÁCH SẠN QLI,"287A Nguyễn Đình Chiểu, khu phố 2, Thành phố Phan Thiết, Bình Thuận, Việt Nam","4,7",73,10.9547885,105.934202,Bình Thuận,Khách sạn 3 sao,681.092 ₫,Không có giảm giá,"Wi-Fi miễn phí, Đỗ xe miễn phí, Bể bơi, Có điều hòa nhiệt độ, Dịch vụ giặt ủi, Chấp nhận vật nuôi, Có đường ra bãi biển, Bếp ở một số phòng, Xe đưa đón ra sân bay, ","https://lh5.googleusercontent.com/p/AF1QipPTIcxgG4D3Z-hQv5tuUsGVlF7l7UrQyCMDR1_3, https://lh5.googleusercontent.com/p/AF1QipNc6nFa1xKBvEdnIeHGZN6KcmUA93LyrAhS-ynk, https://lh5.googleusercontent.com/p/AF1QipPA6fc6olmBFt7qLvpbQVbfYq0_A6XG5K3v-sFU, https://lh5.googleusercontent.com/p/AF1QipN6OdtgrKDvtr1-ylBAo42IywzR6dSsn90j4sm5, "
không có tên??????,Không có địa chỉ,Chưa xét,0,10.9547885,100.6115448,Bình Thuận,Khách sạn,Không có giá,Không có giảm giá,,
Rang Garden Beach Side,"128a Nguyễn Đình Chiểu, Phường Hàm Tiến, Thành phố Phan Thiết, Bình Thuận, Việt Nam","3,2",358,10.9552485,105.923301,Bình Thuận,Khách sạn 3 sao,341.938 ₫,Không có giảm giá,"Wi-Fi miễn phí, Bữa sáng miễn phí, Bãi đỗ xe, Bể bơi, Có điều hòa nhiệt độ, Dịch vụ giặt ủi, Có đường ra bãi biển, Phù hợp với trẻ em, Nhà hàng, Xe đưa đón ra sân bay, ","https://lh5.googleusercontent.com/p/AF1QipPZ-zpcgNRveJkTKOWwPdtbK5ozEUkubofkjiGp, https://lh5.googleusercontent.com/p/AF1QipP3eoeddgXbzXdQy8lFWEYWv8jMsdL1G00EB-sq, https://lh5.googleusercontent.com/p/AF1QipM8vpJhSikWw6To0kQSVxabzg4w7vP8J_dpWCX7, https://lh5.googleusercontent.com/p/AF1QipPGUdcNnjdRgFzUh3RGw8t6ytkYBUFhYXEYL0Zn, "
không có tên??????,Không có địa chỉ,Chưa xét,0,10.9552485,100.9610144,Bình Thuận,Khách sạn,Không có giá,Không có giảm giá,,
Minh Hoàng Hotel - Phan Thiết,"H27 Đường Nguyễn Phúc Nguyên, Phú Thuỷ, Thành phố Phan Thiết, Bình Thuận, Việt Nam","4,4",39,10.9412136,105.8024109,Bình Thuận,Khách sạn,339.500 ₫,Không có giảm giá,,"https://lh5.googleusercontent.com/p/AF1QipOZ8rsqGZAtcvLPCx0i39jMpoGm6j1tj80gzAC5, https://lh5.googleusercontent.com/p/AF1QipPn3gjOQXEEiqzXKYJn5l-wBJqaxrEb7xq8Shc0, https://lh5.googleusercontent.com/p/AF1QipNHKLaAjLZ9gbHEKuMsxrHSkENixjdLHXbg07Cv, https://lh5.googleusercontent.com/p/AF1QipNI8D7DcrTpqTOGcq8gujgemnBMfE7vbtuR2TSt, "
HANAH HOTEL,"Phú Thuỷ, Thành phố Phan Thiết, Bình Thuận, Việt Nam","4,5",112,10.9307069,105.8080606,Bình Thuận,Khách sạn 3 sao,547.500 ₫,Không có giảm giá,"Wi-Fi miễn phí, Đỗ xe miễn phí, Có điều hòa nhiệt độ, Dịch vụ giặt ủi, ","https://lh5.googleusercontent.com/p/AF1QipPv7Xrk46Br_u96cuIBs_ZgHgmkRHVHGdm6tBmF, https://lh5.googleusercontent.com/p/AF1QipNWhBvJ7TfyBudCgB-KxaJPaWX6TimrFOLILT2A, https://lh5.googleusercontent.com/p/AF1QipOQrIqSDKbCYKukjeCsHIbD7F4rp0hbQAyl3lQW, https://lh5.googleusercontent.com/p/AF1QipNtxms2A0o9_LPGQ6yu1GCVid5xs0guMBZ34r1o, "
không có tên??????,Không có địa chỉ,Chưa xét,0,10.9307069,100.5631821,Bình Thuận,Khách sạn,Không có giá,Không có giảm giá,,
Khách sạn Khoa Phan Thiết,"F38 Tôn Thất Tùng, Phú Thuỷ, Thành phố Phan Thiết, Bình Thuận 800000, Việt Nam","3,9",69,10.9385794,105.8167525,Bình Thuận,Khách sạn,506.772 ₫,Không có giảm giá,,"https://lh5.googleusercontent.com/p/AF1QipPZ-Jafgr3rGu0anIaPdatgcJKsNg2ZmPpQIR-6, https://lh5.googleusercontent.com/p/AF1QipMVb5s2nwVZgVxnWp15h1d9CoHmYmNFYYB5H76m, https://lh5.googleusercontent.com/p/AF1QipOVCSV4m816M3FDXBSmKhJzcLHrnBgGlTc3GDU-, https://lh5.googleusercontent.com/p/AF1QipPi3dbzBjK8FkYrdIErKAcT_1E2pr7el5Fy-p3D, "
OYO 791 Hoang Anh Hotel,"77 Trần Hưng Đạo, Phú Thuỷ, Ward, Bình Thuận 800000, Việt Nam","3,5",71,10.9396233,105.7966135,Bình Thuận,Khách sạn 2 sao,300.000 ₫,Không có giảm giá,"Wi-Fi miễn phí, Đỗ xe miễn phí, Dịch vụ giặt ủi, ","https://lh5.googleusercontent.com/p/AF1QipPW3w1vw-VFWxZ-q6oiD9nAjjHZrR9mON-kcCED, https://lh5.googleusercontent.com/p/AF1QipMo2kJ7UnYIcwZeZ-R-CX_SLkQxci-_84ypu67R, https://lh5.googleusercontent.com/p/AF1QipOX31447Bj29o4s1iKpCDRgRCJXzjC0U8LYPD1l, https://lh5.googleusercontent.com/p/AF1QipP5bU6Un8HK3V5BMOC-q6VV6j3ebUqYwHEsQJuY, "
không có tên??????,Không có địa chỉ,Chưa xét,0,10.9396233,100.7240096,Bình Thuận,Khách sạn,Không có giá,Không có giảm giá,,
Khách sạn Phạm Gia - Mũi Né,"371b Nguyễn Đình Chiểu, Phường Hàm Tiến, Thành phố Phan Thiết, Bình Thuận 77000, Việt Nam","4,4",34,10.9541514,105.9401181,Bình Thuận,Khách sạn,251.258 ₫,Ít hơn 30% so với bình thường,"Wi-Fi miễn phí, Bãi đỗ xe, Có điều hòa nhiệt độ, Dịch vụ giặt ủi, Nhà hàng, Xe đưa đón ra sân bay, ","https://lh5.googleusercontent.com/p/AF1QipP6N_Bdba12K-3VkrAF3Ph2pLbDxkolN6JxssL-, https://lh5.googleusercontent.com/p/AF1QipOF_uOZml5bxVh3SHfpOacJLuJPwpB3BUB19mFc, https://lh5.googleusercontent.com/p/AF1QipOgBlNrJKuGCz0DqLCUK6nTiocNwuw15ZD2RLcB, https://lh5.googleusercontent.com/p/AF1QipPppTkqqyuzLsO_nc8d6Hw7cWK48XDrT-m34YTE, "
Lagi Beach Hotel,"Bến xe Thầy Thím, Đường Lý Thái Tổ, Tân Tiến, La Gi, Bình Thuận, Việt Nam","4,9",52,10.708239,105.5336421,Bình Thuận,Khách sạn,405.000 ₫,Không có giảm giá,,"https://lh5.googleusercontent.com/p/AF1QipOinMM0cyO5g_sYljygOS12ivtwadXC0c4NQTxq, https://lh5.googleusercontent.com/p/AF1QipPlLgv20yPj_CYWTJY3rTfVQyPrnrZT2hGLRG8B, https://lh5.googleusercontent.com/p/AF1QipPBLiMn437K6HVLxnHYgB24XrVX5ncxzjTPf3sD, https://lh5.googleusercontent.com/p/AF1QipMvOSAb2hSOTZ1OFL31vTUpXATLWHbvqYUjlxMc, "
không có tên??????,Không có địa chỉ,Chưa xét,0,10.708239,101.1049465,Bình Thuận,Khách sạn,Không có giá,Không có giảm giá,,
T's House Motel,"89 Lê Lợi, Hưng Long, Thành phố Phan Thiết, Bình Thuận 800000, Việt Nam","5,0",121,10.9204047,105.8024382,Bình Thuận,Khách sạn,328.524 ₫,Không có giảm giá,,"https://lh5.googleusercontent.com/p/AF1QipNiJB7In56eBc33QspUb6ktMk38EdVbiCtGNgSS, https://lh5.googleusercontent.com/p/AF1QipPLRxQ31AIfoAYiDn2wNRjHnxOKIcdutOoOlggz, https://lh5.googleusercontent.com/p/AF1QipPwbBx53Bo21WwW7GUhsiWu9p1HlgrxpEVu0aA, https://lh5.googleusercontent.com/p/AF1QipOBZCZKQKNa-H34T_jfAyvYAHle-bjwZvLj5bUF, "
không có tên??????,Không có địa chỉ,Chưa xét,0,10.9204047,100.2124145,Bình Thuận,Khách sạn,Không có giá,Không có giảm giá,,
Khách Sạn Thiên Nga,"47-49 Hai Mươi Ba Tháng Tư, Phường Phước Hội, La Gi, Bình Thuận, Việt Nam","3,2",17,10.6607813,105.4658912,Bình Thuận,Khách sạn,180.733 ₫,Ít hơn 23% so với bình thường,"Wi-Fi miễn phí, Có điều hòa nhiệt độ, Dịch vụ giặt ủi, ","https://lh5.googleusercontent.com/p/AF1QipMA5GReaUoeJDGMeJisGTQDcDRMj65AyitcPtI, https://lh5.googleusercontent.com/p/AF1QipNgQVQDiPaPb4YGfrU-GEDzjiTPWUuo0agT-5S0, https://lh5.googleusercontent.com/p/AF1QipN6XQwH72kClT2MstyGlryi4jXAEYfFqez3L5oE, https://lh5.googleusercontent.com/p/AF1QipNE26TJ5ake9nXjCIZ1QqHYjozHBkHAlZTF5jtj, "
không có tên??????,Không có địa chỉ,Chưa xét,0,10.6607813,100.6275639,Bình Thuận,Khách sạn,Không có giá,Không có giảm giá,,
Mi Nhon Em Hotel Muine (Mignonne Em),"202 Nguyễn Đình Chiểu Kp 2, Ham Tien Village, Hòa Bình, Street, Tp. Phan Thiết, Bình Thuận 300000, Việt Nam","4,7",87,10.9532282,105.9364036,Bình Thuận,Khách sạn,321.968 ₫,Ít hơn 20% so với bình thường,"Wi-Fi miễn phí, Đỗ xe miễn phí, Bể bơi ngoài trời, Có điều hòa nhiệt độ, Dịch vụ giặt ủi, Có đường ra bãi biển, Dịch vụ phòng, Nhà hàng, Xe đưa đón ra sân bay, Quán bar, ","https://lh5.googleusercontent.com/p/AF1QipMJsFW-tqjV95P86kAIibgrXqHSc38ByRXWZsCf, https://lh5.googleusercontent.com/p/AF1QipOPF6EL7kGCE7vJ5igdrOSSjxb4ZWp98VcIGmyY, https://lh5.googleusercontent.com/p/AF1QipMANzUYVc8x3QM_4EnbxysFpaaMwSl60QcJI1dx, https://lh5.googleusercontent.com/p/AF1QipNxLzQclMrqsIypBuuSQSqeLk4Ck6wDfcmzdbQo, "
không có tên??????,Không có địa chỉ,Chưa xét,0,10.9532282,100.8174397,Bình Thuận,Khách sạn,Không có giá,Không có giảm giá,,
Vy's House Phanthiet Hotel,"c7-09, khu phố, Tp. Phan Thiết, Bình Thuận 77120, Việt Nam","4,7",65,10.931072,105.8096609,Bình Thuận,Khách sạn,273.354 ₫,Ít hơn 28% so với bình thường,"Wi-Fi miễn phí, Đỗ xe miễn phí, Có điều hòa nhiệt độ, Dịch vụ giặt ủi, Chấp nhận vật nuôi, Xe đưa đón ra sân bay, ","https://lh5.googleusercontent.com/p/AF1QipMjg5TqqXokaT7f3EnvPm-Rf0vS0NpO58_PnjI3, https://lh5.googleusercontent.com/p/AF1QipPWWr0L1q2Edq_CWcx-koIIrnVBVC6i8xg82lTP, https://lh5.googleusercontent.com/p/AF1QipP7l0lt953rDlo83IisslvfB_jSWSh1_ZuGz3Ff, https://lh5.googleusercontent.com/p/AF1QipO2R_7gPK3Hv1eM6sgVJLnAlm1o20F37D1GtNkO, "
Khách Sạn Đăng Duy Hotel,"34 Nguyễn Du, Tân Phước, La Gi, Bình Thuận, Việt Nam","3,5",104,10.6468016,105.4134191,Bình Thuận,Khách sạn,275.441 ₫,Không có giảm giá,"Wi-Fi miễn phí, Đỗ xe miễn phí, Bể bơi, Có điều hòa nhiệt độ, Dịch vụ giặt ủi, Nhà hàng, Xe đưa đón ra sân bay, ","https://lh5.googleusercontent.com/p/AF1QipNyMViu4HaUuRyxuc6Ymb19dxDLNlw9K6RxfTqj, https://lh5.googleusercontent.com/p/AF1QipNa9D5DWtTBQmo9RmFwhH52LayvInZpWoYQonzU, https://lh5.googleusercontent.com/p/AF1QipO-1KChmOCjOmOaue_zFDvvvYK1dldQOJGTThpX, https://lh5.googleusercontent.com/p/AF1QipMRx0IMKaa-f4UAl2Eh_ysK1FiABmp8Wf_K6RV8, "
Rang Garden Beach Side,"128a Nguyễn Đình Chiểu, Phường Hàm Tiến, Thành phố Phan Thiết, Bình Thuận, Việt Nam","3,2",358,10.9552485,105.923301,Bình Thuận,Khách sạn 3 sao,341.938 ₫,Không có giảm giá,"Wi-Fi miễn phí, Bữa sáng miễn phí, Bãi đỗ xe, Bể bơi, Có điều hòa nhiệt độ, Dịch vụ giặt ủi, Có đường ra bãi biển, Phù hợp với trẻ em, Nhà hàng, Xe đưa đón ra sân bay, ","https://lh5.googleusercontent.com/p/AF1QipPZ-zpcgNRveJkTKOWwPdtbK5ozEUkubofkjiGp, https://lh5.googleusercontent.com/p/AF1QipP3eoeddgXbzXdQy8lFWEYWv8jMsdL1G00EB-sq, https://lh5.googleusercontent.com/p/AF1QipM8vpJhSikWw6To0kQSVxabzg4w7vP8J_dpWCX7, https://lh5.googleusercontent.com/p/AF1QipPGUdcNnjdRgFzUh3RGw8t6ytkYBUFhYXEYL0Zn, "
không có tên??????,Không có địa chỉ,Chưa xét,0,10.9552485,100.5685836,Bình Thuận,Khách sạn,Không có giá,Không có giảm giá,,
Khách sạn Apec Mũi Né,"Xuân thuỷ, Hàm Thuận Bắc, Bình Thuận 800100, Việt Nam","3,6",24,11.0026189,106.0408697,Bình Thuận,Khách sạn,455.838 ₫,Ít hơn 28% so với bình thường,,"https://lh5.googleusercontent.com/p/AF1QipNoMk-b3OJNqIV9tyycTDfsE6nhc0U8Q-ibUkGa, https://lh5.googleusercontent.com/p/AF1QipMjKXJAY6cuvJcxGN8pp6sdwGrLBLBz5RNQMnUk, https://lh5.googleusercontent.com/p/AF1QipPpb2G4-fA8ahqrJe_PS83vc8T39R9kyKeoN8t4, https://lh5.googleusercontent.com/p/AF1QipMs_TsvBZGGcxpvidft1PTtbgihvVAoKtdJUFcH, "
không có tên??????,Không có địa chỉ,Chưa xét,0,11.0026189,101.2648267,Bình Thuận,Khách sạn,Không có giá,Không có giảm giá,,
Homestay Hoài Tâm,"Khu Dân Cư A, Thành phố Phan Thiết, Bình Thuận, Việt Nam","4,7",40,10.9355397,105.8294961,Bình Thuận,Khách sạn 2 sao,288.789 ₫,Ít hơn 16% so với bình thường,"Wi-Fi miễn phí, Đỗ xe miễn phí, Dịch vụ giặt ủi, Có đường ra bãi biển, Bếp ở một số phòng, ","https://lh5.googleusercontent.com/p/AF1QipNcMURD6cP5I2q5HcnbK0bUk2Opr_Otltv9ybYN, https://lh5.googleusercontent.com/p/AF1QipOAkb8CFNfpd4zUkGKg_LyYX4mEKAyaO-NrNRRu, https://lh5.googleusercontent.com/p/AF1QipP2xHK2ej38Gej_icuuARcB1H_kDYEX1IlUpEnu, https://lh5.googleusercontent.com/p/AF1QipOGp2E6x6rA7BWfj69r2yEJHmybjIgr-_23uhJB, "
không có tên??????,Không có địa chỉ,Chưa xét,0,10.9355397,101.9973449,Bình Thuận,Khách sạn,Không có giá,Không có giảm giá,,
Hung Phuc Mui Ne Hotel,"City, 55 Huỳnh Thúc Kháng, Street, Thành phố Phan Thiết, Bình Thuận, Việt Nam","4,4",170,10.9517759,105.948415,Bình Thuận,Khách sạn 2 sao,360.000 ₫,Ít hơn 17% so với bình thường,"Wi-Fi miễn phí, Đỗ xe miễn phí, Có điều hòa nhiệt độ, Dịch vụ giặt ủi, Có đường ra bãi biển, Phù hợp với trẻ em, Nhà hàng, Xe đưa đón ra sân bay, ","https://lh5.googleusercontent.com/p/AF1QipP0fCu0FRfPgKnOJYbK-EIH6DpfEmMKTJ7UjVqX, https://lh5.googleusercontent.com/p/AF1QipNG7F-ta9stikWgOsvRss3GZvE14RtOCZo8FzU3, https://lh5.googleusercontent.com/p/AF1QipPL15KmH1hO9B3fzKGU7eOJLDrjqhFJvla9pTHn, https://lh5.googleusercontent.com/p/AF1QipNtHjLXmHLgrp_10QfbcJ71Yo9y7y_c6T0RRomI, "
không có tên??????,Không có địa chỉ,Chưa xét,0,10.9517759,100.5869623,Bình Thuận,Khách sạn,Không có giá,Không có giảm giá,,
Meraki Oasis,"150 Nguyễn Đình Chiểu, Street, Thành phố Phan Thiết, Bình Thuận 700000, Việt Nam","4,1",829,10.9548024,105.929697,Bình Thuận,Khách sạn,620.250 ₫,Không có giảm giá,"Wi-Fi miễn phí, Bữa sáng miễn phí, Đỗ xe miễn phí, Bể bơi ngoài trời, Có điều hòa nhiệt độ, Dịch vụ giặt ủi, Có đường ra bãi biển, Phù hợp với trẻ em, Nhà hàng, ","https://lh5.googleusercontent.com/p/AF1QipN5bPWDWpt_pQBghjbDdKaOSgYfX1eSrUXaX5h8, https://lh5.googleusercontent.com/p/AF1QipMTD8bCi5w0JNQposQoKnmACY8FWkqBpUbq1RHl, https://lh5.googleusercontent.com/p/AF1QipOzYTren6UNdYIC55xlpnom2AlM_QMK4yOeCaYX, https://lh5.googleusercontent.com/p/AF1QipN1caUGYObMooIhbDqU0E86XC4mZHkS2Fq_M30, "
không có tên??????,Không có địa chỉ,Chưa xét,0,10.9548024,100.4571586,Bình Thuận,Khách sạn,Không có giá,Không có giảm giá,,
Mandala Cham Bay Mũi Né Hotel,"ĐT716, Mũi Né, Thành phố Phan Thiết, Bình Thuận 77118, Việt Nam","4,1",2.210,11.0028351,106.0396111,Bình Thuận,Khách sạn 5 sao,858.946 ₫,Không có giảm giá,"Wi-Fi miễn phí, Bữa sáng miễn phí, Đỗ xe miễn phí, Phù hợp cho người khuyết tật, Bể bơi, Có điều hòa nhiệt độ, Dịch vụ giặt ủi, Có đường ra bãi biển, Dịch vụ phòng, Nhà hàng, Bồn tắm nước nóng, Spa, Quán bar, ","https://lh5.googleusercontent.com/p/AF1QipMrOpzuOdGOyEhbIasnmJxGz3u3DC7wx_wuOriV, https://lh5.googleusercontent.com/p/AF1QipMwkQGemMJykdt21q-pGv_D9zrtJ2bjWDKieGDv, https://lh5.googleusercontent.com/p/AF1QipMc99Y1GNTVc74zh-InHOaYWb4XYzHHEajhwTcl, https://lh5.googleusercontent.com/p/AF1QipOUF5K0gVw7C7Oa_Uu3GQdArKqamIg-kEQhW2jR, "
Minh Nhi Hotel,"354-356 Nguyễn Trường Tộ, Tân Thiện, La Gi, Bình Thuận, Việt Nam","3,8",180,10.6800159,105.4527549,Bình Thuận,Khách sạn 2 sao,272.385 ₫,Ít hơn 23% so với bình thường,"Wi-Fi miễn phí, Đỗ xe miễn phí, Có điều hòa nhiệt độ, Dịch vụ giặt ủi, Phù hợp với trẻ em, Bếp trong tất cả các phòng, ","https://lh5.googleusercontent.com/p/AF1QipP9zeUQ9KZgjJnMK2J1io9ua5FJwQ8RaYNJGRmW, https://lh5.googleusercontent.com/p/AF1QipNDXkk5vwV5XeQnRdfHd8qSGGc6heJIq9YYJ7wB, https://lh5.googleusercontent.com/p/AF1QipPAZiB9X5kX8rWUbP43sVwGUBHHXAyc5IHg0ium, https://lh5.googleusercontent.com/p/AF1QipP9m-oLrLELyia_HpZz5_7wLtLp64iSEM5C7biH, "
không có tên??????,Không có địa chỉ,Chưa xét,0,10.6800159,100.9640375,Bình Thuận,Khách sạn,Không có giá,Không có giảm giá,,
Khách sạn Hà Thành,"133/1 Lê Lợi, Hưng Long, Thành phố Phan Thiết, Bình Thuận, Việt Nam","5,0",32,10.9216861,105.8031246,Bình Thuận,Khách sạn,400.000 ₫,Không có giảm giá,,"https://lh5.googleusercontent.com/p/AF1QipO8rDIKaPP8ZyypclWm3Ux-KkyJDb0PPXKx2F30, https://lh5.googleusercontent.com/p/AF1QipMWPQCQPFJJF5yFBwHVaFeU9cieK_6-KSmlr_B9, https://lh5.googleusercontent.com/p/AF1QipPIUN7I9myC2RZJ6djg24-0Tw-XucXqO4qz6CjF, https://lh5.googleusercontent.com/p/AF1QipNa_EsC1pXP9V2Gn4BOXLEvUEH4PnrX6BMslk0z, "
Mường Thanh Holiday Mui Ne Hotel,"54 Huỳnh Thúc Kháng, Phường Hàm Tiến, Thành phố Phan Thiết, Bình Thuận 800000, Việt Nam","4,1",1.799,10.9497332,105.9506658,Bình Thuận,Khách sạn 4 sao,857.249 ₫,Ít hơn 20% so với bình thường,"Wi-Fi miễn phí, Bữa sáng miễn phí, Đỗ xe miễn phí, Phù hợp cho người khuyết tật, Bể bơi ngoài trời, Có điều hòa nhiệt độ, Dịch vụ giặt ủi, Trung tâm thương mại, Có đường ra bãi biển, Dịch vụ phòng, Phù hợp với trẻ em, Nhà hàng, Xe đưa đón ra sân bay, Bồn tắm nước nóng, Spa, Trung tâm thể dục, Quán bar, ","https://lh5.googleusercontent.com/p/AF1QipOpSZUNKu8xLryxbfoJAf2gnzlrxmwutoVe8eM-, https://lh5.googleusercontent.com/p/AF1QipNhhNlVeci0l0cUTYBLL56KEbXANiCp7eiJdTT2, https://lh5.googleusercontent.com/p/AF1QipPS2XKv-ZEwcjuHlvchqzeoExbeR112pzZB1wCL, https://lh5.googleusercontent.com/p/AF1QipPZmHM-fCZi0X8W5dA_y6s7DyHsI7rd2wOaGbR2, "
không có tên??????,Không có địa chỉ,Chưa xét,0,10.9497332,100.6277667,Bình Thuận,Khách sạn,Không có giá,Không có giảm giá,,
Hotel Minh Hà,"42 Nguyễn Trường Tộ, Khu Pho 10, La Gi, Bình Thuận, Việt Nam","4,1",22,10.6643447,105.4612987,Bình Thuận,Khách sạn 2 sao,249.000 ₫,Không có giảm giá,"Wi-Fi miễn phí, Đỗ xe miễn phí, Có điều hòa nhiệt độ, Dịch vụ giặt ủi, Xe đưa đón ra sân bay, ","https://lh5.googleusercontent.com/p/AF1QipNOBnxFNcZXTjknqPweoYyljImkvxLZF_2aznkW, https://lh5.googleusercontent.com/p/AF1QipPJkosAjfhKcGP7DNXetIxmAq8k_rj0mRDeyHga, https://lh5.googleusercontent.com/p/AF1QipPJUQAuu28DSdn0URWZS9dB8GPZBHZyLQxjBpe_, https://lh5.googleusercontent.com/p/AF1QipMjBfFjygVmIIOtxofCx_HEMtbD1K56QRF5QC7p, "
không có tên??????,Không có địa chỉ,Chưa xét,0,10.6643447,100.8192407,Bình Thuận,Khách sạn,Không có giá,Không có giảm giá,,
Như Ý hotel,"45 Khu Phố Biển, Rạng Đông, Thành phố Phan Thiết, Bình Thuận, Việt Nam","4,6",7,10.9325384,105.8156159,Bình Thuận,Khách sạn,550.000 ₫,Không có giảm giá,,"https://lh5.googleusercontent.com/p/AF1QipPKuP9t4zNnWHkdETSeVV3DDapXVpC1YpWWcR8h, https://lh5.googleusercontent.com/p/AF1QipPcWLIH3hUNilHr_Zcfvm13JlJLOqnun0mN5Xuw, https://lh5.googleusercontent.com/p/AF1QipMaWR9zj4_HD0I_JBR1KAAsON6Tz5o6PTd2Jznp, https://lh5.googleusercontent.com/p/AF1QipMaWR9zj4_HD0I_JBR1KAAsON6Tz5o6PTd2Jznp, "
không có tên??????,Không có địa chỉ,Chưa xét,0,10.9325384,100.2431708,Bình Thuận,Khách sạn,Không có giá,Không có giảm giá,,
Flora Hotel - Phan Rí Cửa,"195 Lý Thường Kiệt, Phan Rí Cửa, Tuy Phong, Bình Thuận, Việt Nam","4,2",117,11.1787524,106.2670633,Bình Thuận,Khách sạn,358.896 ₫,Không có giảm giá,"Wi-Fi miễn phí, Đỗ xe miễn phí, Có điều hòa nhiệt độ, Dịch vụ giặt ủi, Nhà hàng, Bếp ở một số phòng, Xe đưa đón ra sân bay, ","https://lh5.googleusercontent.com/p/AF1QipP_Q6OuurEEcCXto84CWOVysyx30iURXIof-5S2, https://lh5.googleusercontent.com/p/AF1QipMLs8hOrgtWFB8RoYCGqvnxORyRVpEB-NbB0GpC, https://lh5.googleusercontent.com/p/AF1QipMmgT31f_7byE379PkEOPxKjAIVhX8KyFSmI7RJ, https://lh5.googleusercontent.com/p/AF1QipOr3dikXS5dVhDxDX9Ou3qfj6H51q_x08aZ16Tz, "
Quốc Định Guest House,"123 Huỳnh Thúc Kháng, Phường Hàm Tiến, Thành phố Phan Thiết, Bình Thuận, Việt Nam","4,6",187,10.9488333,105.9554784,Bình Thuận,Khách sạn 1 sao,227.605 ₫,Ít hơn 18% so với bình thường,"Wi-Fi miễn phí, Bữa sáng có tính phí, Đỗ xe miễn phí, Có điều hòa nhiệt độ, Dịch vụ giặt ủi, Chấp nhận vật nuôi, Có đường ra bãi biển, Phù hợp với trẻ em, Nhà hàng, Bếp ở một số phòng, Xe đưa đón ra sân bay, Không hút thuốc, ","https://lh5.googleusercontent.com/p/AF1QipONzswGRjUqjeoKFerFzY-QK4ntqe139navMHuh, https://lh5.googleusercontent.com/p/AF1QipOylK_c2Cul3mWvSbesr166V_jxbEgfUFaZWIe7, https://lh5.googleusercontent.com/p/AF1QipMBjdIzv8vgmb0YvWaH7rJEgX4KZfHw8ygT_MjV, https://lh5.googleusercontent.com/p/AF1QipO_pCHz1HeeetsqR5EaJZdLKRMZZ8Zu4If5WFFm, "
không có tên??????,Không có địa chỉ,Chưa xét,0,10.9488333,101.0089618,Bình Thuận,Khách sạn,Không có giá,Không có giảm giá,,
Phạm Gia Phan Thiết Hotel,"W4JC+XGW Công viên Hoa Ban, Phú Thuỷ, Thành phố Phan Thiết, Bình Thuận, Việt Nam","4,8",45,10.9321467,105.8142849,Bình Thuận,Khách sạn,403.188 ₫,Không có giảm giá,,"https://lh5.googleusercontent.com/p/AF1QipNE3iL_DzBvHk_sZp0EaOza_ydrUcqXB4JDU2e2, https://lh5.googleusercontent.com/p/AF1QipOrOR7cq3rDk7dTP3a7Y4ej3whC8Z23kEbRdGwb, https://lh5.googleusercontent.com/p/AF1QipPqeJbOld_eOgxAtDIl8RicDIIOz6xdhH31fQsE, https://lh5.googleusercontent.com/p/AF1QipMrATGrsOaWWl9_0AuOCVWpHTUhuAI0F1Ik0VEo, "
không có tên??????,Không có địa chỉ,Chưa xét,0,10.9321467,100.4438668,Bình Thuận,Khách sạn,Không có giá,Không có giảm giá,,
Khách Sạn An Bình,"402 Võ Văn Kiệt, Phú Quý, Bình Thuận 804420, Việt Nam","4,3",45,10.5067894,106.6459694,Bình Thuận,Khách sạn,327.258 ₫,Không có giảm giá,"Wi-Fi miễn phí, Đỗ xe miễn phí, Có điều hòa nhiệt độ, Dịch vụ giặt ủi, Chấp nhận vật nuôi, Dịch vụ phòng, Xe đưa đón ra sân bay, Không hút thuốc, ","https://lh5.googleusercontent.com/p/AF1QipM0gh4b1Jz26hNTasrFm8ddWXaAd6IhGp3IL9TS, https://lh5.googleusercontent.com/p/AF1QipNEhJK7mQYwbPFcVdN6KhGEWuISxhT_B9IEWlYA, https://lh5.googleusercontent.com/p/AF1QipMhYw6bWC1eNJqqIqgZ9InUZC0xDviBEi79Psl3, https://lh5.googleusercontent.com/p/AF1QipNHp7BWEZ63uUvkJBmGNP6wxYgNOiwpo3GNN3LO, "
Đồi Dừa Homestay,"Hồ Quang Cảnh, St, Hàm Thuận Bắc, Bình Thuận 77119, Việt Nam","4,8",84,10.9683142,105.9527176,Bình Thuận,Khách sạn,194.666 ₫,Ít hơn 21% so với bình thường,"Wi-Fi miễn phí, Đỗ xe miễn phí, Dịch vụ giặt ủi, ","https://lh5.googleusercontent.com/p/AF1QipP0-MBK46lcZWNpjAnD7VCfTsVmt5syWmvbBuE2, https://lh5.googleusercontent.com/p/AF1QipMhwWpcUtOwuD4sFTg7udZi8hLf3UmqtzVKmWmm, https://lh5.googleusercontent.com/p/AF1QipM8SSEy5XmU5ZGIyY7lJAHLJe0dXdtUAbstDSSS, https://lh5.googleusercontent.com/p/AF1QipPjMM7N-xxo-JnOBQOmqxuOWZfMHmLzyd6dJTpt, "
không có tên??????,Không có địa chỉ,Chưa xét,0,10.9683142,100.9009611,Bình Thuận,Khách sạn,Không có giá,Không có giảm giá,,
Hai Yen Family Hotel - Mũi Né,"132 Nguyễn Đình Chiểu, Phường Hàm Tiến, Thành phố Phan Thiết, Bình Thuận, Việt Nam","3,6",307,10.955112,105.9249475,Bình Thuận,Khách sạn 2 sao,330.000 ₫,Không có giảm giá,"Wi-Fi miễn phí, Bữa sáng có tính phí, Đỗ xe miễn phí, Bể bơi ngoài trời, Có điều hòa nhiệt độ, Dịch vụ giặt ủi, Có đường ra bãi biển, Dịch vụ phòng, Phù hợp với trẻ em, Nhà hàng, Bếp ở một số phòng, Xe đưa đón ra sân bay, ","https://lh5.googleusercontent.com/p/AF1QipMEQUDG2b51vd74N0ZSS1goiXGihE-axIyGLGUg, https://lh5.googleusercontent.com/p/AF1QipNEmF06FbJOuwBZhxIJUnReFpXsf91Bzap7HmyP, https://lh5.googleusercontent.com/p/AF1QipNUHz-mR2FrEom_taV6BokUkVXR8_R91oyTg0IB, https://lh5.googleusercontent.com/p/AF1QipPKAg_6od5DSx0ym0RvpLua1okyOxAEtCUK8Xzz, "
không có tên??????,Không có địa chỉ,Chưa xét,0,10.955112,100.3166296,Bình Thuận,Khách sạn,Không có giá,Không có giảm giá,,
Khách sạn Canary Bảo - Homestay Canary Bảo,"455 Thủ Khoa Huân, Phú Thuỷ, Thành phố Phan Thiết, Bình Thuận, Việt Nam","4,3",35,10.9340468,105.8165168,Bình Thuận,Khách sạn,480.890 ₫,Không có giảm giá,"Wi-Fi miễn phí, Dịch vụ giặt ủi, Bếp ở một số phòng, ","https://lh5.googleusercontent.com/p/AF1QipOXLJM83sa0Qa88NmlNzqX1OYWCNgyk1Pu83sPl, https://lh5.googleusercontent.com/p/AF1QipMce-5YobxZOSLB9UJSGYj3mJ1bAs4GCvB0YtLG, https://lh5.googleusercontent.com/p/AF1QipO0MFtuHnP36nQZGls31O8OviCERJnI6MhDuyY1, https://lh5.googleusercontent.com/p/AF1QipNiBKz7sPTllVuwEtiNrwGdrRhmUJbwSaHEMvK3, "
không có tên??????,Không có địa chỉ,Chưa xét,0,10.9340468,101.0057157,Bình Thuận,Khách sạn,Không có giá,Không có giảm giá,,
Hotel Huy Hoàng,"71 Võ Chí Công, Xuân An, Thành phố Phan Thiết, Bình Thuận, Việt Nam","4,7",26,10.944643,105.7997118,Bình Thuận,Khách sạn,496.400 ₫,Không có giảm giá,,"https://lh5.googleusercontent.com/p/AF1QipOWcIHFhDz_dEXHTBOHbrNx9W2F6lygRacEAyvp, https://lh5.googleusercontent.com/p/AF1QipM1Vz0iWjzIEQnDH0R-x0vlTriHPJSdkaTXfDsE, https://lh5.googleusercontent.com/p/AF1QipP6hcKBptWbzzrk1nQUBc-qy_JvJg8ieDhlPhGN, https://lh5.googleusercontent.com/p/AF1QipPucwU5kmhtX9kJ2FD8WTSwQxajhonG5fsEEsti, "
không có tên??????,Không có địa chỉ,Chưa xét,0,10.944643,100.3973914,Bình Thuận,Khách sạn,Không có giá,Không có giảm giá,,
Hodota Cam Bình Lagi Resort & Spa,"Đường Lê Minh Công, Tân Phước, La Gi, Bình Thuận 800000, Việt Nam","4,9",1.855,10.6355294,105.4093825,Bình Thuận,Khách sạn,852.139 ₫,Không có giảm giá,"Wi-Fi miễn phí, Bữa sáng miễn phí, Đỗ xe miễn phí, Phù hợp cho người khuyết tật, Bể bơi ngoài trời, Có điều hòa nhiệt độ, Dịch vụ giặt ủi, Chấp nhận vật nuôi, Có đường ra bãi biển, Dịch vụ phòng, Phù hợp với trẻ em, Nhà hàng, Xe đưa đón ra sân bay, Bồn tắm nước nóng, Spa, Quán bar, Không hút thuốc, ","https://lh5.googleusercontent.com/p/AF1QipN6FS16akwG8SCXFDm-lJ9uZ5iyRiLk6qBJMGO7, https://lh5.googleusercontent.com/p/AF1QipMCqUI2wOxf-0VpOTWvhN8eDsgrZ7RV35xfcjde, https://lh5.googleusercontent.com/p/AF1QipPdxV5vfKDYUv-PZWp8nZP6Gw6t_djEkQNkwY3L, https://lh5.googleusercontent.com/p/AF1QipNqwcAXgWro5Y117krPv-GQdcEuNZcJgsKKPogL, "
không có tên??????,Không có địa chỉ,Chưa xét,0,10.6355294,100.6273325,Bình Thuận,Khách sạn,Không có giá,Không có giảm giá,,
Cocosand Hotel,"119 Nguyễn Đình Chiểu, khu phố 1, Thành phố Phan Thiết, Bình Thuận, Việt Nam","4,5",174,10.9517944,105.9041846,Bình Thuận,Khách sạn 1 sao,296.239 ₫,Không có giảm giá,"Wi-Fi miễn phí, Có điều hòa nhiệt độ, Dịch vụ giặt ủi, Có đường ra bãi biển, Phù hợp với trẻ em, Nhà hàng, Xe đưa đón ra sân bay, ","https://lh5.googleusercontent.com/p/AF1QipNDEdMQzNpHSfeqBpXaj2BbX5wF4b6bH9k9S_m4, https://lh5.googleusercontent.com/p/AF1QipOrYHoBvbI0Dykb8X5KyBLQhO5_qIfGBhvyx-MV, https://lh5.googleusercontent.com/p/AF1QipOxC5xCoQc5RRiFxqFLo9GvZM7bl36c5s_gUkgO, https://lh5.googleusercontent.com/p/AF1QipNrlmaBRsB60ieQPg1J3HDl3ZFFA5UKdN3dZT9c, "
không có tên??????,Không có địa chỉ,Chưa xét,0,10.9517944,100.5770611,Bình Thuận,Khách sạn,Không có giá,Không có giảm giá,,
Nhà nghỉ La Gi,"02 Nguyễn Chí Thanh gần ngã tư khu dân cư Hoàng Diệu, Bình Thuận 800000, Việt Nam","4,3",17,10.6845635,105.4529866,Bình Thuận,Khách sạn,234.877 ₫,Không có giảm giá,,"https://lh5.googleusercontent.com/p/AF1QipNReeJx1M-7MhhEw8BNZijxwvs_NjhkcI5DTluy, https://lh5.googleusercontent.com/p/AF1QipOiCPZ9L_SDe2Ww-Ufvmci8CXZZCOYWYfk7OJcW, https://lh5.googleusercontent.com/p/AF1QipNu2OCzhu0knCPZXdiR61ETVVEv-wSdWOzs2Ovn, https://lh5.googleusercontent.com/p/AF1QipOYLOWTSqvuxCBCayjexQoNnS4OS6Arj-wjujbo, "
không có tên??????,Không có địa chỉ,Chưa xét,0,10.6845635,101.0268624,Bình Thuận,Khách sạn,Không có giá,Không có giảm giá,,
Khách sạn Hoàng Phú - Phú Quý,"D. 27 Tháng 4, Xã Tam Thanh, Phú Quý, Bình Thuận 77000, Việt Nam","4,8",63,10.5065435,106.639418,Bình Thuận,Khách sạn,196.152 ₫,Không có giảm giá,,"https://lh5.googleusercontent.com/p/AF1QipNjtICApaLdjHWP2cq7jHZXnzxx4oNTZ3VGeOAg, https://lh5.googleusercontent.com/p/AF1QipNc6Jv_chrOWqCtFxpCW7C8-OYoZw_RqNtxQaSj, https://lh5.googleusercontent.com/p/AF1QipOisCnbmgBpy0owhNFrmBvSEhGqkqzeLYjL20LS, https://lh5.googleusercontent.com/p/AF1QipP2gFLQp7c7-7sa05yexg6B_6yx80qOPsEKiD_5, "
không có tên??????,Không có địa chỉ,Chưa xét,0,10.5065435,101.2147206,Bình Thuận,Khách sạn,Không có giá,Không có giảm giá,,
Minh Anh Garden Hotel,"81A , khu phố 4 Huỳnh Thúc Kháng,hàm tiến, Việt Nam","4,3",93,10.9501213,105.9518952,Bình Thuận,Khách sạn 1 sao,334.927 ₫,Không có giảm giá,"Wi-Fi miễn phí, Có điều hòa nhiệt độ, Dịch vụ giặt ủi, Có đường ra bãi biển, Phù hợp với trẻ em, Nhà hàng, Bếp ở một số phòng, ","https://lh5.googleusercontent.com/p/AF1QipPzQnNArDmIVCoTtHwTyzaaPPcMXxk-l4GL44MT, https://lh5.googleusercontent.com/p/AF1QipONIf9hyChkgnCY6QcdcTJqbh1N_GjxopiK1Wke, https://lh5.googleusercontent.com/p/AF1QipOGs1Q6Hus0sOMLz78LZexcR6T_y6BUp6edozqV, https://lh5.googleusercontent.com/p/AF1QipORfnbkHhENvwHHIKrOvf66cQ-rWPNIXmjx3CUj, "
không có tên??????,Không có địa chỉ,Chưa xét,0,10.9501213,101.2511773,Bình Thuận,Khách sạn,Không có giá,Không có giảm giá,,
Khach san Dai Nam,"72 Nguyễn Bỉnh Khiêm, Liên Hương, Tuy Phong, Bình Thuận, Việt Nam","4,2",142,11.225215,106.4205947,Bình Thuận,Khách sạn,242.478 ₫,Không có giảm giá,"Wi-Fi miễn phí, Đỗ xe miễn phí, Có điều hòa nhiệt độ, Dịch vụ giặt ủi, Bếp ở một số phòng, Xe đưa đón ra sân bay, ","https://lh5.googleusercontent.com/p/AF1QipPj02-2H4Vc3dMRYRzJhBxdcApnMqpH--t0401V, https://lh5.googleusercontent.com/p/AF1QipNxsihbCIm7Cz0udcCyDL7ZLSMLeoBTBRET2NBv, https://lh5.googleusercontent.com/p/AF1QipOpKaC3P5AtdX1WG_6Lsy1jYrZa0Jpt2EMiJh54, https://lh5.googleusercontent.com/p/AF1QipPFpxKKMelG2TBpgyQcC1lcslZAAncNV6uxS9CN, "
Song Huong Hotel,"241 Nguyễn Đình Chiểu, Phường Hàm Tiến, Thành phố Phan Thiết, Bình Thuận, Việt Nam","3,6",235,10.955312,105.9271201,Bình Thuận,Khách sạn 1 sao,274.500 ₫,Không có giảm giá,"Wi-Fi miễn phí, Có điều hòa nhiệt độ, Dịch vụ giặt ủi, Có đường ra bãi biển, Phù hợp với trẻ em, Nhà hàng, Xe đưa đón ra sân bay, ","https://lh5.googleusercontent.com/p/AF1QipPwxbi_WBLMbuLpZ6n7j6QImOC2DceQ452aG1Td, https://lh5.googleusercontent.com/p/AF1QipMWimGF6FFfVjcNq3WBE_SPC-2Edo5PuCM3EAUM, https://lh5.googleusercontent.com/p/AF1QipNmU2ESasTexVJQOc-R4AqgBXfZ5OCRwNIlDaxL, https://lh5.googleusercontent.com/p/AF1QipM1Z3Syh_98N0bNo1eOFkTPlW_r0YVTr3n6Xmdg, "
không có tên??????,Không có địa chỉ,Chưa xét,0,10.955312,101.0780159,Bình Thuận,Khách sạn,Không có giá,Không có giảm giá,,
Rang Garden Resort,"233A Nguyễn Đình Chiểu, khu phố 2, Phan Thiết, Bình Thuận, Việt Nam","3,2",214,10.9554151,105.9252801,Bình Thuận,Khách sạn 2 sao,340.672 ₫,Không có giảm giá,"Wi-Fi miễn phí, Bữa sáng miễn phí, Đỗ xe miễn phí, Bể bơi ngoài trời, Có điều hòa nhiệt độ, Dịch vụ giặt ủi, Có đường ra bãi biển, Phù hợp với trẻ em, Nhà hàng, ","https://lh5.googleusercontent.com/p/AF1QipMCEGaRGF3Y7mGV8dQQAaQhIjf1-IBCJmX1xHJN, https://lh5.googleusercontent.com/p/AF1QipPdz7h_7nBocoLLaIQuwd6LypLUdlob_jOHFtgh, https://lh5.googleusercontent.com/p/AF1QipPU04lS9WNEdeGfEVEL2RQvQ6F_ZgmtakeSEQDG, https://lh5.googleusercontent.com/p/AF1QipPEYKtcS_HsQ9QtJbT8l62p4A4D4BRxGm-xKC4Q, "
Oceanvalley Hotel,"187 Nguyễn Đình Chiểu, Phường Hàm Tiến, Thành phố Phan Thiết, Bình Thuận, Việt Nam","3,9",18,10.954741,105.9150621,Bình Thuận,Khách sạn 3 sao,550.000 ₫,Không có giảm giá,"Có điều hòa nhiệt độ, Chấp nhận vật nuôi, Phù hợp với trẻ em, Xe đưa đón ra sân bay, ","https://lh5.googleusercontent.com/p/AF1QipM_A4V_jub4t3Wea_Ck7smmQ0FUhS84YNuru5DO, https://lh5.googleusercontent.com/p/AF1QipMxZ05aZZj7KHefTYVuzvR-DiRvJRSq-EzgSIyU, https://lh5.googleusercontent.com/p/AF1QipNJFRHF_7IFIVUPw4iigsNLl873aDrhhI6aEn-f, https://lh5.googleusercontent.com/p/AF1QipOhxP9RgSg_ECDXRZV8Brx1aO9yrKzCESvxjwZz, "
không có tên??????,Không có địa chỉ,Chưa xét,0,10.954741,101.0896324,Bình Thuận,Khách sạn,Không có giá,Không có giảm giá,,
Diem Condotel Apec Mandala Mui Ne,"Marble Tower - Apec, ĐT716, Mũi Né, Thành phố Phan Thiết, Bình Thuận 77118, Việt Nam","4,0",5,11.002537,106.0391551,Bình Thuận,Khách sạn,658.589 ₫,Ít hơn 17% so với bình thường,,"https://lh5.googleusercontent.com/p/AF1QipPwGEtb44EbZSmoJ9kcuWsgoiYtQopnZR-zfmsw, https://lh5.googleusercontent.com/p/AF1QipOsXlHt5jkEqFdCqD6pvk_Cwmp4v8XCHZuCJNlj, https://lh5.googleusercontent.com/p/AF1QipOdpxd7UPK7CPPlM2oBy3aEJz9DsFOT9BOy2R_1, "
không có tên??????,Không có địa chỉ,Chưa xét,0,11.002537,100.6747914,Bình Thuận,Khách sạn,Không có giá,Không có giảm giá,,
1001 Hotel,"45 Nguyễn Đình Chiểu, khu phố 1, Thành phố Phan Thiết, Bình Thuận 062, Việt Nam","3,9",166,10.9448618,105.8886727,Bình Thuận,Khách sạn 3 sao,399.645 ₫,Ít hơn 34% so với bình thường,"Wi-Fi miễn phí, Đỗ xe miễn phí, Bể bơi ngoài trời, Có điều hòa nhiệt độ, Dịch vụ giặt ủi, Có đường ra bãi biển, Phù hợp với trẻ em, Nhà hàng, Xe đưa đón ra sân bay, Spa, ","https://lh5.googleusercontent.com/p/AF1QipMf-QXTaDuVU7DFGe7HKmFDV4OzjiFI50bKEluz, https://lh5.googleusercontent.com/p/AF1QipM0EtbPk9yxtAypaP1jaPhMOGQfZS8W7fiY3d8, https://lh5.googleusercontent.com/p/AF1QipOCOwV92WYhvYqaRSbjMa42-3jKqMzTJHLQxMHv, https://lh5.googleusercontent.com/p/AF1QipM2VzmzHEtLOcuG5XdKrKmsy5bVPpucVTTrXZCF, "
không có tên??????,Không có địa chỉ,Chưa xét,0,10.9448618,100.7562754,Bình Thuận,Khách sạn,Không có giá,Không có giảm giá,,
Sao Biển,"37 D. 27 Tháng 4, Mỹ Khê, Phú Quý, Bình Thuận, Việt Nam","4,2",51,10.5121432,106.6297133,Bình Thuận,Khách sạn,404.800 ₫,Không có giảm giá,"Phù hợp với trẻ em, ","https://lh5.googleusercontent.com/p/AF1QipPvFx4awjcCaqNuiXx29K4vMuHqEGp5do4R9HUf, https://lh5.googleusercontent.com/p/AF1QipO14qs4WVMqFJ3riQq991J5D86N6WxvzwfI-7pH, https://lh5.googleusercontent.com/p/AF1QipPPU1mQ51NXuL4-32MSXY_-bv5vLZaQMvYRZtdr, https://lh5.googleusercontent.com/p/AF1QipMYpbC9Ql4elXQc3yuMxspXuhUB__wGt6UJLCU, "
không có tên??????,Không có địa chỉ,Chưa xét,0,10.5121432,101.8898532,Bình Thuận,Khách sạn,Không có giá,Không có giảm giá,,
Nhà Nghỉ Phố Biển,"129 Lê Lợi, Hưng Long, Thành phố Phan Thiết, Bình Thuận, Việt Nam","3,5",60,10.9214217,105.8031543,Bình Thuận,Khách sạn,250.000 ₫,Không có giảm giá,,"https://lh5.googleusercontent.com/p/AF1QipOPBrk44Tp6Sgye2JwEy5iw8so774N4TVETTc4_, https://lh5.googleusercontent.com/p/AF1QipNz-yzXP4zj7zEdO4xbA7HAKp1mOqjff8rMOLyj, https://lh5.googleusercontent.com/p/AF1QipMz5WBxjulwMZy-uLbNzsMXryN6O9BMXxukSoJE, https://lh5.googleusercontent.com/p/AF1QipOBZQp8rZlNt-w28P0Q4dcvsE26hNjnNlMu77s, "
không có tên??????,Không có địa chỉ,Chưa xét,0,10.9214217,100.2971738,Bình Thuận,Khách sạn,Không có giá,Không có giảm giá,,
phuong tay guest house,"8 Huỳnh Thúc Kháng, Phường Hàm Tiến, Thành phố Phan Thiết, Bình Thuận, Việt Nam","3,8",128,10.9526565,105.9435204,Bình Thuận,Khách sạn 2 sao,237.606 ₫,Không có giảm giá,"Wi-Fi miễn phí, Đỗ xe miễn phí, Bể bơi ngoài trời, Có điều hòa nhiệt độ, Dịch vụ giặt ủi, Có đường ra bãi biển, Nhà hàng, Xe đưa đón ra sân bay, ","https://lh5.googleusercontent.com/p/AF1QipPUyc1gPSu5qdQo-0rvnE_XoJ3_lEkCS89v_BPA, https://lh5.googleusercontent.com/p/AF1QipOUGTSQIijAcMCKgQ0GKvdOqf3TMB0xxIsehIO_, https://lh5.googleusercontent.com/p/AF1QipP514xzO07aZJ1Y28vtLRSpnxY7_D8M7h7OWVoR, https://lh5.googleusercontent.com/p/AF1QipOwJmYwoAMRjUPsZO5OjXYI2biP_dc3jKiAR5ro, "
Việt Hương Hotel,"Phan Rí Cửa, Tuy Phong, Bình Thuận, Việt Nam","3,8",203,11.1794948,106.271569,Bình Thuận,Khách sạn,450.772 ₫,Không có giảm giá,,"https://lh5.googleusercontent.com/p/AF1QipMEF63v2yt18rugbQTUn7jQY0pcXqvVNm7axf8X, https://lh5.googleusercontent.com/p/AF1QipOsnKzBFhgDfUvysF2MPnlfJgXOkBK6yWaUVVaF, https://lh5.googleusercontent.com/p/AF1QipP1XiLevrsR8GFZiMyvUcgbQ7nV7wrltj9NDpc, https://lh5.googleusercontent.com/p/AF1QipMgMyyml8oXIULsGdpkrnDSbnRJUX9Fy-GVB0gV, "
không có tên??????,Không có địa chỉ,Chưa xét,0,11.1794948,102.1218381,Bình Thuận,Khách sạn,Không có giá,Không có giảm giá,,
Nhà nghỉ Hoàng Hà,"188 Đường Nguyễn Hữu Thọ, Mũi Né, Thành phố Phan Thiết, Bình Thuận, Việt Nam","4,5",6,10.9273485,105.9856581,Bình Thuận,Khách sạn,402.000 ₫,Không có giảm giá,,"https://lh5.googleusercontent.com/p/AF1QipMEUnKzWkdCcuHD0dngLsgD6H_8LcwqQmLbmleI, https://lh5.googleusercontent.com/p/AF1QipNQQmjylYjll8JOLVvetuF3yP9itFxL-PWQ5KBk, https://lh5.googleusercontent.com/p/AF1QipP6Z5-4gIug3HtO3Q3gAmdA586BKQTDtP33elp_, https://lh5.googleusercontent.com/p/AF1QipPxt5nmNZ7VZipc_TqwA-60z_3eTlB8ytikf070, "
THE ONE HOTEL,"MG2-19, MG2-20, MG2-23, MG2-24, Khu phố thương mạo Vincom, Phường 1, Cà Mau, Việt Nam","3,9",169,9.1903413,105.0661133,Cà Mau,Khách sạn,468.666 ₫,Không có giảm giá,"Wi-Fi miễn phí, Đỗ xe miễn phí, Phù hợp cho người khuyết tật, Dịch vụ giặt ủi, Chấp nhận vật nuôi, Dịch vụ phòng, Phù hợp với trẻ em, Spa, Quán bar, Không hút thuốc, ","https://lh5.googleusercontent.com/p/AF1QipMszyvhIBox3Fl5zU9ezh4RobU2JBWMKbGsznbX, https://lh5.googleusercontent.com/p/AF1QipOMUQRs5ypkGUkRUbFU9o6lMI3gT0T7ju9cYkud, https://lh5.googleusercontent.com/p/AF1QipPOwjUWtydYrlGSZh3UK09UlttHCt9hr1pdeph7, https://lh5.googleusercontent.com/p/AF1QipOCDhnr0OiQXrc08-7oSrHhRpGoVHErHtnDJKbT, "
Khách Sạn Đông Anh,"25 Đ. Trần Hưng Đạo, Phường 5, Cà Mau, Việt Nam","3,9",640,9.1903413,104.9085374,Cà Mau,Khách sạn 2 sao,406.225 ₫,Không có giảm giá,"Wi-Fi miễn phí, Có điều hòa nhiệt độ, Dịch vụ giặt ủi, Phù hợp với trẻ em, Nhà hàng, ","https://lh5.googleusercontent.com/p/AF1QipPeaJC7ubkAxFjLMPTXftuLFylbFLFdsdIyXhrm, https://lh5.googleusercontent.com/p/AF1QipM7F4H62DHyKa0bzZ6CnTZqRHaci-d7-c6fXPqf, https://lh5.googleusercontent.com/p/AF1QipPzxCrXsvNYxafkEeyYNI0FnojZTIQlHvmGQrtC, https://lh5.googleusercontent.com/p/AF1QipOEo1otuWZIWFfNpZZLwEbuP8PILifSBN3IJTrb, "
Phu Cuong Hotel - Ca Mau,"81 Đường Phan Ngọc Hiển, Phường 4, Cà Mau, Việt Nam","4,5",686,9.1786689,104.8782629,Cà Mau,Khách sạn 4 sao,952.356 ₫,Không có giảm giá,"Wi-Fi miễn phí, Bữa sáng miễn phí, Đỗ xe miễn phí, Bể bơi trong nhà, Có điều hòa nhiệt độ, Dịch vụ giặt ủi, Dịch vụ phòng, Phù hợp với trẻ em, Nhà hàng, Xe đưa đón ra sân bay, Bồn tắm nước nóng, Spa, Trung tâm thể dục, ","https://lh5.googleusercontent.com/p/AF1QipPiTOOxboNEBUI4Kfl1uyQTJdRFI-ERNCpnfDaY, https://lh5.googleusercontent.com/p/AF1QipNkjlSkCjrg1UhUFmty4k2hy4l4_A4sLzVSQYa3, https://lh5.googleusercontent.com/p/AF1QipMmBOF_dR70SATvEdTVpWBFvDpnP_vXaENfauR0, https://lh5.googleusercontent.com/p/AF1QipOCIsuK1VUEmvnDddnVZENFY78Iw6W0VK6e5ncx, "
Ruby Hotel,"19-20A Đ. Hùng Vương, Phường 7, Cà Mau, Việt Nam","3,3",334,9.1826136,104.9260797,Cà Mau,Khách sạn 3 sao,230.704 ₫,Ít hơn 20% so với bình thường,"Wi-Fi miễn phí, Bữa sáng miễn phí, Đỗ xe miễn phí, Có điều hòa nhiệt độ, Dịch vụ giặt ủi, Phù hợp với trẻ em, Nhà hàng, ","https://lh5.googleusercontent.com/p/AF1QipM1KeqdLSwriwJ70IzUlz3JVOPTWultI8TSLi4v, https://lh5.googleusercontent.com/p/AF1QipOXcFPnPl233fjq3bEfWhpPkYCG5_wi4fDYNHu5, https://lh5.googleusercontent.com/p/AF1QipOi3LUxQ-ont4Sh0_vv0z7_UPYB-BUvWw8NcyTb, https://lh5.googleusercontent.com/p/AF1QipPrUcjgPNUqz102O_LrzRWDhi2BeEyOR4I2zWU1, "
Khách sạn Song Hùng,"28 Đường Phan Ngọc Hiển, Phường 4, Cà Mau, Việt Nam","3,4",366,9.17581,104.9052833,Cà Mau,Khách sạn 2 sao,329.283 ₫,Không có giảm giá,"Wi-Fi miễn phí, Có điều hòa nhiệt độ, Dịch vụ giặt ủi, Nhà hàng, Xe đưa đón ra sân bay, ","https://lh5.googleusercontent.com/p/AF1QipP3pXkrNVL6e_6HV02pYYwce7s4kxJdSSPDJlIq, https://lh5.googleusercontent.com/p/AF1QipPBhPic7et0mjHLCo2v9jjKCmwW1r2hXiTmUYl0, https://lh5.googleusercontent.com/p/AF1QipMUGT0zzYPWMu_0n2cYKr8WMdXYJaR_VbaynOi2, https://lh5.googleusercontent.com/p/AF1QipPVHz3NKyAYhITlXaym40JwZiJYPTrIvFkI8Og7, "
Mường Thanh Luxury Cà Mau Hotel,"C3A Khu trung tâm hành chính chính trị, Phường 9, Cà Mau, 98000, Việt Nam","4,4",2.499,9.1817792,104.9437589,Cà Mau,Khách sạn 4 sao,1.100.000 ₫,Không có giảm giá,"Wi-Fi miễn phí, Bữa sáng miễn phí, Đỗ xe miễn phí, Phù hợp cho người khuyết tật, Bể bơi ngoài trời, Có điều hòa nhiệt độ, Dịch vụ giặt ủi, Trung tâm thương mại, Dịch vụ phòng, Phù hợp với trẻ em, Nhà hàng, Xe đưa đón ra sân bay, Bồn tắm nước nóng, Spa, Trung tâm thể dục, Quán bar, ","https://lh5.googleusercontent.com/p/AF1QipNElZGiDsTHPpjuSAXnssrJq4lW33u7GIw-PlQt, https://lh5.googleusercontent.com/p/AF1QipMTHL9XczirLx6ZbRhDu6zc_ApN6pQDUZujDE9E, https://lh5.googleusercontent.com/p/AF1QipOxg-9_Wrg0tjX9G4RI5Yke-nYoXtFmP2ekXjw8, https://lh5.googleusercontent.com/p/AF1QipPO4-5OhJ3MYTzlQQZIV84nRqRvwgVYGq0ww6gL, "
Khách sạn Sao Kim,"Phường 5, Cà Mau, Việt Nam","3,9",92,9.1775281,105.0786089,Cà Mau,Khách sạn,461.654 ₫,Không có giảm giá,"Wi-Fi miễn phí, Bữa sáng miễn phí, Đỗ xe miễn phí, Dịch vụ giặt ủi, Bếp ở một số phòng, ","https://lh5.googleusercontent.com/p/AF1QipMAKc65unJqIul_l9w2KM5FX2LI_x5kejnX_PqE, https://lh5.googleusercontent.com/p/AF1QipMazJtbs9CEEp6Z_8XWixSI9czx7ibGvKIq_9CP, https://lh5.googleusercontent.com/p/AF1QipOW7L2nXxPS9fLL3MuOsdv-vA6hcHsyTl4Vzixd, https://lh5.googleusercontent.com/p/AF1QipNjWgSau82RpsxZ_8eHMP7z3o4oJGsAQcvEM8Fw, "
Khách Sạn Nam Kiều,"151 Ngô Quyền, Phường 9, Cà Mau, Việt Nam","3,8",374,9.1836843,105.0680199,Cà Mau,Khách sạn 3 sao,491.478 ₫,Ít hơn 16% so với bình thường,"Wi-Fi miễn phí, Bữa sáng miễn phí, Đỗ xe miễn phí, Có điều hòa nhiệt độ, Dịch vụ giặt ủi, Nhà hàng, ","https://lh5.googleusercontent.com/p/AF1QipMEzL0Mq4XwEe0K6E2vUjhABEJqaXsvNnauLeQ, https://lh5.googleusercontent.com/p/AF1QipMCSR5crFKKh-LPs9G32b9S13odtiGlvqDd1TNc, https://lh5.googleusercontent.com/p/AF1QipO1FzhbNbrFJ76-1z0uXmeOgpVkXn77MqeMNVom, https://lh5.googleusercontent.com/p/AF1QipP2NwKCwdGiC1EwnU4hETrsDYjBX-2a9R2yACvn, "
Khách Sạn Anh Thư,"385 Đ. Lý Thường Kiệt, Phường 6, Cà Mau, Việt Nam","3,5",131,9.1754003,105.1001417,Cà Mau,Khách sạn 2 sao,203.239 ₫,Không có giảm giá,"Wi-Fi miễn phí, Đỗ xe miễn phí, Có điều hòa nhiệt độ, Dịch vụ giặt ủi, ","https://lh5.googleusercontent.com/p/AF1QipMqaia6HwPvGWEEIOqxvbvo8YCCT-Ye5M3g02Ni, https://lh5.googleusercontent.com/p/AF1QipNWojcVeWwB7mV_YZkQwT7_k0qBy2nNJoFDYKgW, https://lh5.googleusercontent.com/p/AF1QipMb0ggpH3wEitfVGpedfbRMadHb2Umdmod8igRU, https://lh5.googleusercontent.com/p/AF1QipONkGPeITA0WLI8pcyM23eoeoG8J0IGpN_5cK4h, "
Thiên Lộc Cà Mau Hotel,"Quản Lộ - Phụng Hiệp, Tân Thành, Cà Mau, Việt Nam","4,1",151,9.1754003,104.890236,Cà Mau,Khách sạn,247.095 ₫,Không có giảm giá,"Wi-Fi miễn phí, Đỗ xe miễn phí, Có điều hòa nhiệt độ, Dịch vụ giặt ủi, Phù hợp với trẻ em, ","https://lh5.googleusercontent.com/p/AF1QipP4PpBE_Gx4NqxNSZb_DoyiN8E0sZdVJYUqTw0h, https://lh5.googleusercontent.com/p/AF1QipOpHuvRgYO1hfyQBW1uuO1EK3AzUemzPM2TplHQ, https://lh5.googleusercontent.com/p/AF1QipORHx0jr-odcNLACA7_KkLw6i7fG1Yk87hxM73O, https://lh5.googleusercontent.com/p/AF1QipPXNpPhQXE-v1K5BMYMtb6B9t4tWkdJ6Bu1LnpQ, "
Nhà Hàng Khách Sạn Ánh Nguyệt,"207 Đường Phan Ngọc Hiển, Phường 6, Cà Mau, 98100, Việt Nam","3,9",2.022,9.1989136,104.9707314,Cà Mau,₫₫,850.000 ₫,Không có giảm giá,"Wi-Fi miễn phí, Bữa sáng miễn phí, Đỗ xe miễn phí, Bể bơi ngoài trời, Có điều hòa nhiệt độ, Dịch vụ giặt ủi, Phù hợp với trẻ em, Nhà hàng, Xe đưa đón ra sân bay, Spa, ","https://lh5.googleusercontent.com/p/AF1QipPU8VivZ6p3Ulkf7lb-oDqwRuQQpdbFMltljyT3, https://lh5.googleusercontent.com/p/AF1QipP4qCwR2yXmrUKwbB4lyQiOTreUBUdUJ6PHkC2O, https://lh5.googleusercontent.com/p/AF1QipOcSLbM1mL2IM8UwnDH7onA-jsJ2Z5cHsDEKW42, https://lh5.googleusercontent.com/p/AF1QipOpk-8O_7pORqzgKNZzfzUqz4XVBRt8Z3q4sQ8, "
Khách Sạn The One Hotel 2,"Vincom Plaza, MG1-01-02, Phường 1, 03-04, Cà Mau 98000, Việt Nam","3,6",27,9.1910166,105.0680202,Cà Mau,Khách sạn,700.000 ₫,Không có giảm giá,,"https://lh5.googleusercontent.com/p/AF1QipOllyy3Al3zZu46CqX5jeB-nRwE_iHA8V9adlxf, https://lh5.googleusercontent.com/p/AF1QipNpxt7xCmfmn_YAcQr33kuTNgl1-vdcJ5Rmr_Yr, https://lh5.googleusercontent.com/p/AF1QipPb2zv5bYYfIElRt6cDJxpJyI2zKJBagMMy4TQz, https://lh5.googleusercontent.com/p/AF1QipORQK_pPY3PNidTzVQ9q0oAKb5KVIi1xt0StcFf, "
Khu Du Lịch Sinh Thái Thư Duy,"323 Đ. Lý Thường Kiệt, Khóm 9, Cà Mau, 970000, Việt Nam","4,2",578,9.1644364,105.1474145,Cà Mau,Khách sạn,918.000 ₫,Không có giảm giá,,"https://lh5.googleusercontent.com/p/AF1QipNcQdZvTt2agkWAZnw-VCCYtShtk9bYf7tIkVaT, https://lh5.googleusercontent.com/p/AF1QipMNjG8UgJ78S24kNKLWaratb9ZQtZztmG7OzmR1, https://lh5.googleusercontent.com/p/AF1QipPe-Xb2C5MMDCbcJxpH5DRnUhq5ZSTzdx5_U_-Q, https://lh5.googleusercontent.com/p/AF1QipMIrUj8YZgwnF8WA4I57O11QHKOaXkerXtqALAl, "
Khách sạn Phú An,"24 Nguyễn Ngọc Sanh, Phường 5, Cà Mau, Việt Nam","3,7",140,9.1767406,105.0851523,Cà Mau,Khách sạn 1 sao,279.675 ₫,Không có giảm giá,"Wi-Fi miễn phí, Đỗ xe miễn phí, Có điều hòa nhiệt độ, Dịch vụ giặt ủi, ","https://lh5.googleusercontent.com/p/AF1QipPmCKZsTf2HGJRD002qSTIA3dlktTt4rUBBYX2l, https://lh5.googleusercontent.com/p/AF1QipMhJ8cgfKroXp-BZT3AAV-iYid1eXRCcttUupYh, https://lh5.googleusercontent.com/p/AF1QipN7voZNe4GIFy9oenHz3Oe0zX1YMidVAyjYSinm, https://lh5.googleusercontent.com/p/AF1QipNI08jKJj25UgtW_opJMDPsm3UmcbirjvMs01jv, "
Khách sạn Ánh Nguyệt TP Cà Mau,"55G4+4WW, Đường Phan Ngọc Hiển, Phường 6, Cà Mau, Việt Nam","4,5",4,9.1767406,104.866159,Cà Mau,Khách sạn,848.644 ₫,Không có giảm giá,,"https://lh5.googleusercontent.com/p/AF1QipPKt3uex-SRIcr0841og9HGJzezffut8PCJTJTG, https://lh5.googleusercontent.com/p/AF1QipPto5D15YjBYfQjSG4UPoqj5EpWWFxeTvmjhfIC, https://lh5.googleusercontent.com/p/AF1QipMLoeVkIT0dau8y4L9dbxOBBIbCSqbGGCOjXNl4, https://lh5.googleusercontent.com/p/AF1QipMxAvSZ43_XtojXeU7Lo9V4HMniB4vdqodG-dNp, "
NHÀ KHÁCH 369 CÀ MAU,"Số 169 Đ. Lương Thế Vinh, Khóm 6, Cà Mau, 98100, Việt Nam","4,8",38,9.1753171,104.9276516,Cà Mau,Khách sạn,250.000 ₫,Không có giảm giá,,"https://lh5.googleusercontent.com/p/AF1QipN7FJ9tg1WBAnLGY1w-0ItN9DtfsKxHEKCz79FJ, https://lh5.googleusercontent.com/p/AF1QipOdq-X0Ixw_L6egu4iKf_pxeURAjk2ofEuloe4_, https://lh5.googleusercontent.com/p/AF1QipP4tJEIxTZA8fqaGPvcrmXLyUG_DJxA3KaCeXfy, https://lh5.googleusercontent.com/p/AF1QipMBykkkWjc_Cr_olXlosd5ws6OH5p1yt_BrOf3k, "
Quoc Te Hotel,"179 cũ) 61 Đường Phan Ngọc Hiển, Phường 6, Cà Mau, Việt Nam","3,4",431,9.1748739,105.0848685,Cà Mau,Khách sạn 3 sao,450.000 ₫,Không có giảm giá,,"https://lh5.googleusercontent.com/p/AF1QipN2xxdqON6My5naGp4nj46PZKOeCxxrb5RrHf8y, https://lh5.googleusercontent.com/p/AF1QipOOioHO9EVb-MktVmdC9bpzqAHgnenDpuUVLSxQ, https://lh5.googleusercontent.com/p/AF1QipMJEoin9GgiQTgc9_s7J7jJhc1LvK2ePr5Z7lMP, https://lh5.googleusercontent.com/p/AF1QipP30mcM2Xocjxx_LV55nMcpmgrjfneW7IJ1nXc7, "
Nhà Khách Ken,"17h Huỳnh Thúc Kháng, Phường 7, Cà Mau, Việt Nam","4,1",214,9.1748739,104.8827254,Cà Mau,Khách sạn,229.562 ₫,Không có giảm giá,"Wi-Fi miễn phí, Đỗ xe miễn phí, Có điều hòa nhiệt độ, Dịch vụ giặt ủi, Chấp nhận vật nuôi, ","https://lh5.googleusercontent.com/p/AF1QipM4ljUWsmyT7FJ_nvLK_NgV1FeBTyEoRUM0EANY, https://lh5.googleusercontent.com/p/AF1QipOgddMAUvWRGWpexozvp7ca48TPezTQxTc1SHOj, https://lh5.googleusercontent.com/p/AF1QipP7GPvmKyix9SmH2RD2f9rMPei3r6nwhtLMoUM1, https://lh5.googleusercontent.com/p/AF1QipP8PXBl8wv9QBR_U5OxfaFsdG-1KrfZWuPvIbjx, "
KHÁCH SẠN Gia Hưng,"QL1A/41 Ấp Bà Điều, Lý Văn Lâm, Cà Mau, Việt Nam","4,3",238,9.1708441,104.874736,Cà Mau,Khách sạn,283.725 ₫,Không có giảm giá,"Wi-Fi miễn phí, Đỗ xe miễn phí, Có điều hòa nhiệt độ, Dịch vụ giặt ủi, ","https://lh5.googleusercontent.com/p/AF1QipPCKncv_1qBNgfqJkW5mXZ3tvmJ8lqtSAVmOIPm, https://lh5.googleusercontent.com/p/AF1QipMK3n03BdEUPq7EUt4o8ibOttbt93-iFAQEr0YY, https://lh5.googleusercontent.com/p/AF1QipOEAX85JxP99vwnvGefkG1YjfvEc9O5CPpuVhUt, https://lh5.googleusercontent.com/p/AF1QipPkmewArXbNXDgUU5C6GJ7EbjerqdSdVzY9EY4, "
Khách Sạn Tiến Phát,"393 Đ. Lý Thường Kiệt, Phường 6, Cà Mau, Việt Nam","4,0",82,9.1753231,105.101185,Cà Mau,Khách sạn 1 sao,219.691 ₫,Không có giảm giá,"Wi-Fi miễn phí, Đỗ xe miễn phí, Có điều hòa nhiệt độ, Dịch vụ giặt ủi, Chấp nhận vật nuôi, Dịch vụ phòng, ","https://lh5.googleusercontent.com/p/AF1QipMsM9yiU5vANC0_i4hh8Ohfkag3beZI3mp834IE, https://lh5.googleusercontent.com/p/AF1QipOFNiSSBCTFPStebndGf7fFL8ISHlJYuPxj3oBx, https://lh5.googleusercontent.com/p/AF1QipNFRvkytf_Btafiozy5_7kgZ2AuhCLXbfWsWcZh, https://lh5.googleusercontent.com/p/AF1QipNEp2weEdmU_p5_OHswYP6TZzVyLsa33C0efleY, "
Nhà Khách Vạn Thành,"96A Huỳnh Thúc Kháng, Phường 7, Cà Mau, Việt Nam","4,4",58,9.1753231,104.8915819,Cà Mau,Khách sạn,290.000 ₫,Không có giảm giá,"Wi-Fi miễn phí, Đỗ xe miễn phí, Phù hợp cho người khuyết tật, Có điều hòa nhiệt độ, Dịch vụ giặt ủi, ","https://lh5.googleusercontent.com/p/AF1QipOB8NWE5efMt6E7XCAIR2NBW9vUdIeIP9Lxr6-p, https://lh5.googleusercontent.com/p/AF1QipPCpNYGQ_BPEa3atuE57JzVvZIFh7i9rGPdH9qz, https://lh5.googleusercontent.com/p/AF1QipO_BmVLD1YeMjrwHHMbz_wv9wGnw0B5EDfT01ed, https://lh5.googleusercontent.com/p/AF1QipNSZk7W3B2ZDjuZGKOwXQX_KGsESRumkvQxztUD, "
Khách sạn Thiên Phúc,"38 Lý Bôn, Phường 4, Cà Mau, 98100, Việt Nam","3,4",20,9.1703457,104.9152233,Cà Mau,Khách sạn,224.753 ₫,Không có giảm giá,,"https://lh5.googleusercontent.com/p/AF1QipPM_Na3EQG7_JG6lzu0AeuAb-yNNeREPuXamdO8, https://lh5.googleusercontent.com/p/AF1QipNSB_TwILRIKmU03t0ZGNehl6WK2GeoIXndNHLV, https://lh5.googleusercontent.com/p/AF1QipOpu88U5CSHuFU8ZknkMZ3WBrd0ZnE6r53cFMNg, https://lh5.googleusercontent.com/p/AF1QipNmJz7CTNznO0xYMgQT0gnV-Q8yoFdAE2rUFboU, "
HomeStay 379 Ngô Quyền,"379 Ngô Quyền, An Thành, Cà Mau, Việt Nam","3,5",44,9.182434,104.9304401,Cà Mau,Khách sạn,269.551 ₫,Không có giảm giá,"Wi-Fi miễn phí, Đỗ xe miễn phí, Dịch vụ giặt ủi, Bếp ở một số phòng, ","https://lh5.googleusercontent.com/p/AF1QipPzx_r0EuQBSV6ChNw4kyqX1mD4EZBrai4vlHPg, https://lh5.googleusercontent.com/p/AF1QipMcDA0ahNTSGF2EW9fMFs3da814wDUhjPkgbPhU, https://lh5.googleusercontent.com/p/AF1QipN7hFkMtoGVAMKVxd_weJyNDArzz894CKSJXsNp, https://lh5.googleusercontent.com/p/AF1QipPosRQf0UJ_cEHILvnRRAc7AM46jYzmeEWvLrCl, "
Nhà nghỉ Phát 39,"13 Lý Bôn, Phường 2, Cà Mau, Việt Nam","5,0",3,9.204677,104.8670491,Cà Mau,Khách sạn,250.000 ₫,Không có giảm giá,,"https://lh5.googleusercontent.com/p/AF1QipOmTOneTK63O_3dHWAaJHgr9_8t1m4ZQF8bU2Nc, https://lh5.googleusercontent.com/p/AF1QipNuXyOJNMoIVxKLPlYD4afpQ3b1YNI1S9nzIaKp, https://lh5.googleusercontent.com/p/AF1QipPvqj4lJLlAY0r3e9tJQOIPr-p9aCl_acv3X79Z, https://lh5.googleusercontent.com/p/AF1QipPGQDVTRC46zwNXaJHx8WINuf1-sXXOKrYp9j9E, "
투 두이 리조트,"323 Đ. Lý Thường Kiệt, Phường 6, Cà Mau, 970000, Việt Nam",Chưa xét,0,9.1757136,105.0994576,Cà Mau,Khách sạn,916.728 ₫,Không có giảm giá,,
KHÁCH SẠN THANH TRUC CA MAU,"113 Ngô Quyền, Phường 1, Cà Mau, Việt Nam","4,2",202,9.1757136,104.9338724,Cà Mau,Khách sạn 3 sao,Không có giá,Không có giảm giá,"Wi-Fi miễn phí, Đỗ xe miễn phí, Có điều hòa nhiệt độ, Dịch vụ giặt ủi, Nhà hàng, ","https://lh5.googleusercontent.com/p/AF1QipNCJKThAMam_9mCP-HVQS31HN5QcCHggNiQ81a6, https://lh5.googleusercontent.com/p/AF1QipOivCVOH8j8M88HHDimkGelaxg54OBndD0EEG5e, https://lh5.googleusercontent.com/p/AF1QipNLmQ1IVKF-oBhGo3DA0fGLgrU4MaW8KEPO35Ad, https://lh5.googleusercontent.com/p/AF1QipOlJguhNOB2xmqzvpn-YhQ2KcRh8goBgsIhxxRw, "
Ca Mau Hotel - Khách sạn Cà Mau,"20 Đường Phan Ngọc Hiển, Phường 5, Cà Mau, Việt Nam","3,6",250,9.1831954,104.8877268,Cà Mau,Khách sạn,Không có giá,Không có giảm giá,"Wi-Fi miễn phí, Đỗ xe miễn phí, Có điều hòa nhiệt độ, Dịch vụ giặt ủi, Nhà hàng, ","https://lh5.googleusercontent.com/p/AF1QipNyGmzyxn7NqtmUW7GauRIXpPsR0AWuVHW4Ui0H, https://lh5.googleusercontent.com/p/AF1QipMfSomLsU7XBj71k662yURZ70jmT4BMJhxcgyzA, https://lh5.googleusercontent.com/p/AF1QipOSDPlIcT_CKEHwmb3zwlsMTJNifuUyg_NU3UJw, https://lh5.googleusercontent.com/p/AF1QipM0CRCULULaNthy5CdVpVsO9h-JAGCMtJNJMb0A, "
Khách sạn Hải Châu,"229 Đ. Hùng Vương, Phường 7, Cà Mau, Việt Nam","3,5",271,9.1818657,104.9731012,Cà Mau,Khách sạn,Không có giá,Không có giảm giá,"Wi-Fi miễn phí, Bữa sáng miễn phí, Đỗ xe miễn phí, Có điều hòa nhiệt độ, Dịch vụ giặt ủi, Phù hợp với trẻ em, Nhà hàng, ","https://lh5.googleusercontent.com/p/AF1QipMjOgvVqLcSXJg_o3GDpTnuq1VNIPriGc9pP6PQ, https://lh5.googleusercontent.com/p/AF1QipOu9Klk_WwoUdbaDxTG-f4ksfPHa4LeICUzDUCE, https://lh5.googleusercontent.com/p/AF1QipPLHd9woxej1PCgqU6Q3EPSXKJE1XuvDyOI2bz_, https://lh5.googleusercontent.com/p/AF1QipPBwvUmjbKuJf9i7qyit74KRewBSfF9dPWNF0m-, "
VIN Hotel,"Khu Vincom MG, 02 35-36, Phường 1, Cà Mau, Việt Nam","3,5",58,9.1743122,104.9234876,Cà Mau,Khách sạn,Không có giá,Không có giảm giá,,"https://lh5.googleusercontent.com/p/AF1QipO98Kb_COd-h2c3J_UnI2Hhbxf1BO-emWbnrrMk, https://lh5.googleusercontent.com/p/AF1QipMcFB4hU0utfGsM_qD1WeCWBfTaar2x53orHAM, https://lh5.googleusercontent.com/p/AF1QipPMGHUnP_p_ka_9EEM8Zfvv7PE1KCBgxLsMwWtL, https://lh5.googleusercontent.com/p/AF1QipPL-nl-0s5LX9d7QQMqNwkZjirtOgoMuTq3AK2I, "
Khách Sạn Công Đoàn Cà Mau,"9 Lưu Tấn Tài, Phường 5, Cà Mau, Việt Nam","3,5",260,9.1790991,105.0786204,Cà Mau,Khách sạn,Không có giá,Không có giảm giá,"Wi-Fi miễn phí, Đỗ xe miễn phí, Có điều hòa nhiệt độ, Dịch vụ giặt ủi, Nhà hàng, ","https://lh5.googleusercontent.com/p/AF1QipOX9oyUQUbrqvoQDHtrikTCw5wnNGlliPPTs32o, https://lh5.googleusercontent.com/p/AF1QipPoRiBhdQ1NIPOpK5I-EeiZRa_4t6LUtlgMP2tJ, https://lh5.googleusercontent.com/p/AF1QipMzPyQj8GxoTZbWT5WVBy4TPz7q_onyQJ9c6rMT, https://lh5.googleusercontent.com/p/AF1QipNCWFHAsNlSL49uRUkkBKqGFQGZPbyV0gUPGfBd, "
Khách Sạn Hoàng Gia,"27 Đ. Trần Hưng Đạo, Phường 5, Cà Mau, Việt Nam","3,2",137,9.1790991,104.8846414,Cà Mau,Khách sạn,Không có giá,Không có giảm giá,,"https://lh5.googleusercontent.com/p/AF1QipOWPOptWuwJvrhW3BWk0PgdfeKN0lQiy9osPw8y, https://lh5.googleusercontent.com/p/AF1QipPf5wyDOSmQtyYZNT7jimKD3iIuXUry3lKSGtKK, https://lh5.googleusercontent.com/p/AF1QipPRHBujT6FTKK0UEfWlEfNRywDCc9Hz6bZwZkMD, https://lh5.googleusercontent.com/p/AF1QipMYXlZCrYzYXjSWuaWlU2drDjwAsg-kTyhfSZ1Z, "
Nhà khách Đông Bắc TP. Cà Mau,"P5, Đường Phạm Ngọc Thạch, Phường 6, Cà Mau, Việt Nam","4,0",60,9.1788087,104.9049083,Cà Mau,Khách sạn,Không có giá,Không có giảm giá,"Wi-Fi miễn phí, Có điều hòa nhiệt độ, Dịch vụ giặt ủi, ","https://lh5.googleusercontent.com/p/AF1QipNfjq7wdZLheqE60r1qNhnJQvrGXjTpasYZ5if2, https://lh5.googleusercontent.com/p/AF1QipP_9-ZiPblqM-adSM_L_HLu_Ib52K4MpBfP8Ntb, https://lh5.googleusercontent.com/p/AF1QipOjOMElc6CZBq4CSe-InZ1t6F-P3gttBGpDV0VN, https://lh5.googleusercontent.com/p/AF1QipNk_uVVNMG1kUM_XYsELWlsVIilcfRpjrXCdnM1, "
Khách Sạn Á Đông 2,"Nguyễn Tất Thành, Lý Văn Lâm, Cà Mau, Việt Nam","3,6",196,9.1838906,104.9286142,Cà Mau,Khách sạn 3 sao,Không có giá,Không có giảm giá,"Wi-Fi miễn phí, Đỗ xe miễn phí, Có điều hòa nhiệt độ, Dịch vụ giặt ủi, ","https://lh5.googleusercontent.com/p/AF1QipNDwmqtg6qrGxcGiphoe-PnBHzuLZQM2-scama-, https://lh5.googleusercontent.com/p/AF1QipOW74QwY4v0YPNHTem-ENJ-u7p2mjwGeSLn5FzT, https://lh5.googleusercontent.com/p/AF1QipPOq7dTQr-ZFt7BzblKENVSF5X8N-fl4vsCG_l2, https://lh5.googleusercontent.com/p/AF1QipO3YeUL5pF9D4lxgE1cobUz5h5J23_3bFs70vhj, "
Khách Sạn Thanh Nhàn 1,"129 Đ. Lý Thường Kiệt, Phường 6, Cà Mau, Việt Nam","3,3",128,9.1590071,104.933048,Cà Mau,Khách sạn 2 sao,Không có giá,Không có giảm giá,"Wi-Fi miễn phí, Đỗ xe miễn phí, Có điều hòa nhiệt độ, Dịch vụ giặt ủi, ","https://lh5.googleusercontent.com/p/AF1QipNhL8aePnNY4oS3ONDXlIRvjrC1OjWyq64EKGCs, https://lh5.googleusercontent.com/p/AF1QipP2cBFgGluX-1a0P3Z4wQBK6VAOc59SEIox9T-n, https://lh5.googleusercontent.com/p/AF1QipMNC8sXp10-NP6HgomzKXIoyD7Yn6mhhW5-d7Q8, https://lh5.googleusercontent.com/p/AF1QipMwN9Cl66Vrj5DPBNFgOipiYM788fWmxYnT9hRH, "
Khách sạn Song Ngọc,"2B Đ. Hùng Vương, Phường 7, Cà Mau, Việt Nam","3,7",199,9.173163,104.9340919,Cà Mau,Khách sạn,Không có giá,Không có giảm giá,"Wi-Fi miễn phí, Đỗ xe miễn phí, Có điều hòa nhiệt độ, Dịch vụ giặt ủi, ","https://lh5.googleusercontent.com/p/AF1QipP2AhDyFe1_pQwzAAt7auQIZ-AVPVDOtOxS2Oo9, https://lh5.googleusercontent.com/p/AF1QipONHRi9Y3cn3smbL7NGQ20De3CMLz78Ed_cU_9c, https://lh5.googleusercontent.com/p/AF1QipMzyzmRWYTf2bpjB_w-lhftukP5_xR-O5sY_eIA, https://lh5.googleusercontent.com/p/AF1QipNuNSuY1txxr7L5EMyG_7BuAU5OPeO1MYFaaYCL, "
Khách Sạn Huỳnh Như 2,"234 Đ. Lý Thường Kiệt, Khóm 1, Cà Mau, Việt Nam","4,3",86,9.1741105,104.9032995,Cà Mau,Khách sạn,Không có giá,Không có giảm giá,,"https://lh5.googleusercontent.com/p/AF1QipObgmJQjzBZM5ybygNzq0FuxQ_adXH4q6dB4gg0, https://lh5.googleusercontent.com/p/AF1QipPV_4xVtijHxrImf6wMiM1pRyOxk9nlPIw02odO, https://lh5.googleusercontent.com/p/AF1QipMgHFEBrl6Z2anNjNOKxus7OKDbmd6QmEipjE4h, https://lh5.googleusercontent.com/p/AF1QipPo86k6nNC6oBKVhCmiPnxMCFehkU-RSld9xm95, "
Motel Như Ngọc,"22-24 221, K3, Trần Văn Thời, Cà Mau 98000, Việt Nam","4,9",93,9.1731726,104.932596,Cà Mau,Khách sạn,Không có giá,Không có giảm giá,"Wi-Fi miễn phí, Đỗ xe miễn phí, Phù hợp cho người khuyết tật, Có điều hòa nhiệt độ, Dịch vụ giặt ủi, Chấp nhận vật nuôi, Dịch vụ phòng, Xe đưa đón ra sân bay, Không hút thuốc, ","https://lh5.googleusercontent.com/p/AF1QipNEj-Yy6lkhVjPd-NC9KTrteTim81lFurdNiiDm, https://lh5.googleusercontent.com/p/AF1QipPzCZu-JyaajESf31m5-BXc2rcUEh67gle6ULaK, https://lh5.googleusercontent.com/p/AF1QipNMhOMyzD5q5fZCc1DYBPdg6GAhzbhkwjtfcAjY, https://lh5.googleusercontent.com/p/AF1QipN2cSaU8KREZaliqcZ7raovPeZVHWsFx5XvGSt1, "
Hotel Tuấn Hưng,"55G9+622, Đ. Lý Thường Kiệt, Phường 6, Cà Mau, Việt Nam","4,0",276,9.176321,104.8938448,Cà Mau,Khách sạn,Không có giá,Không có giảm giá,,"https://lh5.googleusercontent.com/p/AF1QipOeOdF5_jYd-HKhJdCclnE7-cb415em0GBACwTq, https://lh5.googleusercontent.com/p/AF1QipP0IJ3cmwrGhLmGK-XMzAqHZanrGE5cYsIwCdzc, https://lh5.googleusercontent.com/p/AF1QipMjwN4RiTTQ1MVnRusEt9tTLuqHx-hxVspmZ73U, https://lh5.googleusercontent.com/p/AF1QipNEGdmqMP8EqxyKXttZ6vOz0HHyG4-GRcDs1615, "
QUỐC TẾ II,"420 Đ. Trần Văn Thời, Phường 5, Cà Mau, Việt Nam","3,5",92,9.1755075,104.9466104,Cà Mau,Khách sạn 3 sao,Không có giá,Không có giảm giá,"Wi-Fi miễn phí, Có điều hòa nhiệt độ, Dịch vụ giặt ủi, Phù hợp với trẻ em, ","https://lh5.googleusercontent.com/p/AF1QipN8lglMRSpLx4Rlk85PXC0MwZpresopLYpfZLOr, https://lh5.googleusercontent.com/p/AF1QipMVXxio-66Xh1zqdHYcyLM2U9vhQZH2sga7E_FM, https://lh5.googleusercontent.com/p/AF1QipNxoxaDQ1CkSBOELjZ2wEwVjjb1yOik85zTby7E, https://lh5.googleusercontent.com/p/AF1QipP8DRL_ID3oBknqoXkq7NVOfG2J-a2ernxRbg-F, "
Anh Huy Hotel,"Lý Văn Lâm, Cà Mau, Việt Nam","4,6",49,9.1771779,105.021724,Cà Mau,Khách sạn,Không có giá,Không có giảm giá,,"https://lh5.googleusercontent.com/p/AF1QipMaWVGwZmix7pV_zoQmNQ3myuTu0GYftq7bSpy-, https://lh5.googleusercontent.com/p/AF1QipON0boxDDJabCY3qT1ECcNHu31_XFlqDNng-c4d, https://lh5.googleusercontent.com/p/AF1QipP1F433t3vhJ-3xUpHiXoM2Gv1MQsTNwo3FHv5Y, https://lh5.googleusercontent.com/p/AF1QipNjeuHzziRxuEfkjuVE3KR-vdQ6mQhHHcp0Lu5i, "
29-House Homestay,"29 Huỳnh Ngọc Điệp, Phường 5, Cà Mau, 98110, Việt Nam",Chưa xét,0,9.147907,104.913733,Cà Mau,Khách sạn,Không có giá,Không có giảm giá,,"https://lh5.googleusercontent.com/p/AF1QipNyiOGCJl9lUQR_G5VvLJAv1dXYnj3QXkHjuFsv, https://lh5.googleusercontent.com/p/AF1QipPRvBf3KVvZfPoEvzdUAl-1vUT0C_efQNOYamTl, https://lh5.googleusercontent.com/p/AF1QipPGcon1uQT3t_kgrQ01ABigKJykcgiViCX2bQKl, "
Nguyen Tuan Guesthouse,"29 Đ. Trần Văn Thời, Phường 6, Cà Mau, Việt Nam","3,7",54,9.1834106,104.9303106,Cà Mau,Khách sạn,Không có giá,Không có giảm giá,"Wi-Fi miễn phí, Dịch vụ giặt ủi, ","https://lh5.googleusercontent.com/p/AF1QipM5rpewDxeTMMQ3Jn5Kc3hw99o8jpdJ1sfStwrA, https://lh5.googleusercontent.com/p/AF1QipMyOBPEL33itk9QW6aJ97FDpRum0bYyEih6QxrR, https://lh5.googleusercontent.com/p/AF1QipOOxhxTVtkhhzEk02L6GDemGsXZZvRyx977mcdf, https://lh5.googleusercontent.com/p/AF1QipP9eISKEP9k6O68i6RRU1cS6h3dQaoapddkRNeY, "
Hotel Bảo Ngọc,"54VQ+P5P, Phường 9, Cà Mau, Việt Nam","3,7",130,9.177357,104.9563227,Cà Mau,Khách sạn,Không có giá,Không có giảm giá,,"https://lh5.googleusercontent.com/p/AF1QipO8fINKN8MapGPXdqt540huilq7jTc0Tw16r92A, https://lh5.googleusercontent.com/p/AF1QipNQv678Vavx_h4zngROsc_uOkiJItrpJ07H_VuK, https://lh5.googleusercontent.com/p/AF1QipNPteWoAolG111Tthuwc4uiQkZH9xyoDW5I0Iuz, https://lh5.googleusercontent.com/p/AF1QipNQpVAbG6zNtuHD5RDnB-AkDr8ZOo1p2iFu4eu-, "
Khách Sạn ROOTS VIP - ROOTS HOTEL,"459 Nguyễn Trãi, Phường 9, Cà Mau, Việt Nam","2,8",8,9.1943467,104.8676703,Cà Mau,Khách sạn,Không có giá,Không có giảm giá,"Có điều hòa nhiệt độ, ","https://lh5.googleusercontent.com/p/AF1QipPkzMbJXe2ZrEXs7t0S4xmQExHWSJjuU73cEi7P, https://lh5.googleusercontent.com/p/AF1QipPBg4sVqpFkW3ZXba07VOqmt8Xmi-6k3ZjA9-ER, https://lh5.googleusercontent.com/p/AF1QipPnIkbmEw1EpE5-gJevcV4zSs0mvY_PSL-0_6eE, https://lh5.googleusercontent.com/p/AF1QipMvZFrHJxAes3YM5Jd5byC2Xt5mrQ2oJrqJkV5a, "
Khách sạn Huỳnh Như 1,"226 Đ. Lý Thường Kiệt, Khóm 1, Cà Mau, Việt Nam","4,0",34,9.1982082,104.884437,Cà Mau,Khách sạn,Không có giá,Không có giảm giá,,"https://lh5.googleusercontent.com/p/AF1QipM7ixCBNXFtikDsE88JJpAE47MmXwQZFQAxqbSG, https://lh5.googleusercontent.com/p/AF1QipNr4HAMffmYZTP8RVsk6RY_q1Dr61b5Ar_ARXlL, https://lh5.googleusercontent.com/p/AF1QipMchfkjga83bQXIzSfIr4c3wLSSTWzOAfc8g4ut, https://lh5.googleusercontent.com/p/AF1QipP5J6bVLy8SrcN6LPh3hdR94wthwtcljPxYVCQj, "
Khách Sạn Huỳnh Ngọc,"55GC+5P9, Đ. Lý Thường Kiệt, Phường 6, Cà Mau, Việt Nam","5,0",3,9.1734884,104.929081,Cà Mau,Khách sạn,Không có giá,Không có giảm giá,,"https://lh5.googleusercontent.com/p/AF1QipOJK6VoCLFZGlfbTm9LS5qjyMvOXzeU4q9BhIPe, https://lh5.googleusercontent.com/p/AF1QipO39zzMgzGdjui34zgfAua_QAsZKvdKCD4Ct-pn, https://lh5.googleusercontent.com/p/AF1QipPw6vwvZ1t48mVxRNoOeKQGZ0oGa-AZmYUG_siv, https://lh5.googleusercontent.com/p/AF1QipNYDbUu9NuzW4EcbcVYvd2utBBZbEd-sM0HIi7a, "
Cafe Sao Kim Và Tòa nhà VNPT,"55H2+249, Lưu Tấn Tài, Phường 5, Cà Mau, Việt Nam","3,8",113,9.1754221,104.9036575,Cà Mau,Khách sạn,Không có giá,Không có giảm giá,"Wi-Fi miễn phí, Bữa sáng miễn phí, Đỗ xe miễn phí, Có điều hòa nhiệt độ, Dịch vụ giặt ủi, Phù hợp với trẻ em, Nhà hàng, ","https://lh5.googleusercontent.com/p/AF1QipPUxClyGzRB3p4DXi1JDsq7xt68-ER6uKP9o-ld, https://lh5.googleusercontent.com/p/AF1QipMwcROHx3NY0PSA646deAg73x54ShDIFBowQrLk, https://lh5.googleusercontent.com/p/AF1QipONO0T0A4WeDcUJ0vitgVawDD3h-hnNFd2Xf7Yp, https://lh5.googleusercontent.com/p/AF1QipMQa55V_2jp57T5YbBlm89HF6Y9EvCPFjdW7VNw, "
Khách Sạn Hưng Phú,"54XH+WWR, Võ Văn Tần, Phường 1, Cà Mau, Việt Nam","3,2",35,9.177545,104.9103777,Cà Mau,Khách sạn,Không có giá,Không có giảm giá,"Wi-Fi miễn phí, Dịch vụ giặt ủi, Bếp ở một số phòng, ","https://lh5.googleusercontent.com/p/AF1QipO22CWBibkTCFJRPw_MSvfMdehr4DyCMGx25i9H, https://lh5.googleusercontent.com/p/AF1QipNkc6RuXF3r20cMasC0MYj9hlw4Cb_qONxB03rl, https://lh5.googleusercontent.com/p/AF1QipO85fhb91g9NkjOI_-JeNiQWBu_TIKE1nVKnc4h, "
Nhà Nghỉ Lê Anh,"178 Ngô Quyền, Phường 1, Cà Mau, 700000, Việt Nam","3,5",43,9.1998512,104.9044545,Cà Mau,Khách sạn,Không có giá,Không có giảm giá,,"https://lh5.googleusercontent.com/p/AF1QipPa4X63_5Y7rjCayHemzYVyRVF1b_fTrl49FITa, https://lh5.googleusercontent.com/p/AF1QipNgFVrX9OuQ6Z-je9o3SEuxQRgYA9rCg2GvqEv4, https://lh5.googleusercontent.com/p/AF1QipNwBJ0SrFQgLWJ6c-0Rcl9u_I96vYzleV_At_DU, https://lh5.googleusercontent.com/p/AF1QipNjLZ08nvqoMwcJEab4gpks6kO5ZlymdkG3feo, "
Khách Sạn Hòa Bình,"384 Đ. Lý Thường Kiệt, Phường 6, Cà Mau, Việt Nam","3,7",64,9.1934881,104.9524113,Cà Mau,Khách sạn,Không có giá,Không có giảm giá,,"https://lh5.googleusercontent.com/p/AF1QipNTBBfDNQ6wWve0crheSZ7iZPmHVzfJaVa9KErz, https://lh5.googleusercontent.com/p/AF1QipOefSIaHre92od0r8QB6zIxCzVaC9IE6-cVEYha, https://lh5.googleusercontent.com/p/AF1QipMr9FoBYvJab9oaCK0yxMP1AKNj0W1kjYSU1POu, https://lh5.googleusercontent.com/p/AF1QipOMYxQ19izjPQSYoMf86SgnwXIZCsCrbzBx62gG, "
MY Homestay,"9 3, Đ. Lý Thường Kiệt, Phường 6, Cà Mau, Việt Nam",Chưa xét,0,9.175433,104.9186951,Cà Mau,Khách sạn,Không có giá,Không có giảm giá,,"https://lh5.googleusercontent.com/p/AF1QipO37uQry55glQr9GDbeYg0Jk647SrZ2zZS5cXOy, https://lh5.googleusercontent.com/p/AF1QipM2BqYUoJLH3WCl5H6HdZ8GCSG4osEGWwkMo1qP, https://lh5.googleusercontent.com/p/AF1QipO37uQry55glQr9GDbeYg0Jk647SrZ2zZS5cXOy, https://lh5.googleusercontent.com/p/AF1QipMTKJxRFb3Y2MnJCMTXuS6wOlOQs5qbadPA5-4y, "
Nhà Khách Hùng Vương,"43 Đ. Hùng Vương, Phường 5, Cà Mau, Việt Nam","4,0",98,9.1748863,104.9372908,Cà Mau,Khách sạn,Không có giá,Không có giảm giá,,"https://lh5.googleusercontent.com/p/AF1QipM-rr4z1zEBGahrYa_l_3_yBCgL82NkAVrw3yWC, https://lh5.googleusercontent.com/p/AF1QipN1GTRz1oazTPhAJlwbHW0P9bssKUutaoRYfRgc, https://lh5.googleusercontent.com/p/AF1QipNXl7DQVVPO-sKj3oiReUGivXT-OT1doCDy6jcx, https://lh5.googleusercontent.com/p/AF1QipNF76wQM9iOht5syTQ3jpMKuyxHhPlvrzEw-xIA, "
Nhà Khách Ánh Trăng,"393 Đ. Lý Thường Kiệt, Phường 6, Cà Mau, Việt Nam","3,0",7,9.1798873,104.8762034,Cà Mau,Khách sạn,Không có giá,Không có giảm giá,"Wi-Fi miễn phí, Bữa sáng, Đỗ xe miễn phí, Có điều hòa nhiệt độ, Dịch vụ giặt ủi, Xe đưa đón ra sân bay, ","https://lh5.googleusercontent.com/p/AF1QipNzvr9_AtH1jxRCpMHhWqScbUPFs4c3wQMtgpVM, https://lh5.googleusercontent.com/p/AF1QipOyZo9ZmrFqULJL5gKHkcpdeXTYpzk3FmjTTTUO, https://lh5.googleusercontent.com/p/AF1QipMzGD7WNam7ksHwz4jZJntTNjbVd7OHJw5BmKhj, https://lh5.googleusercontent.com/p/AF1QipPs71I8pyV0cFKNc2ho8fnBG9yfIhEMWoL70nEX, "
Nhà nghỉ Khánh Nhi Motel Cà Mau,"Đ. 30 Tháng Tư, Phường 5, Cà Mau, 98000, Việt Nam","4,3",55,9.1753703,104.9555785,Cà Mau,Khách sạn,Không có giá,Không có giảm giá,"Wi-Fi miễn phí, Đỗ xe miễn phí, Có điều hòa nhiệt độ, Dịch vụ giặt ủi, Chấp nhận vật nuôi, Nhà hàng, ","https://lh5.googleusercontent.com/p/AF1QipN60P_CEY4yuWySC8X8dQp-nCqFxuGPr4zaaTEb, https://lh5.googleusercontent.com/p/AF1QipP418PUtbhlzHnA8R6mbAc07M8QaFJu9IO7IHda, https://lh5.googleusercontent.com/p/AF1QipO-byT6eq90dwDBUJubFFsJlRRspEssvWBGrGRU, https://lh5.googleusercontent.com/p/AF1QipN33t_VqwA3EyR-g0kMGdEMeNDJlNG5gaQa3WL7, "
Ruby Hotel Ca Mau,"197 ĐƯỜNG SỐ 10, KHÓM 1, Cà Mau, Việt Nam","3,3",4,9.1778779,104.933436,Cà Mau,Khách sạn,Không có giá,Không có giảm giá,,"https://lh5.googleusercontent.com/p/AF1QipNPRQ3MsoCM3lSfL3lyAbRUzVythuwyz-P8BN9S, https://lh5.googleusercontent.com/p/AF1QipNPRQ3MsoCM3lSfL3lyAbRUzVythuwyz-P8BN9S, https://lh5.googleusercontent.com/p/AF1QipNPRQ3MsoCM3lSfL3lyAbRUzVythuwyz-P8BN9S, "
Nhà nghỉ THANH LIÊM,"146 Nguyễn Tất Thành, Phường 8, Cà Mau, Việt Nam","4,0",90,9.1840095,104.9073297,Cà Mau,Khách sạn,Không có giá,Không có giảm giá,"Wi-Fi miễn phí, Đỗ xe miễn phí, Có điều hòa nhiệt độ, Dịch vụ giặt ủi, Chấp nhận vật nuôi, ","https://lh5.googleusercontent.com/p/AF1QipNrh55JiFqDIxACIsrSsoGhIP3TY9uQgCYH_mua, https://lh5.googleusercontent.com/p/AF1QipMIR1blR-EEQtMVg-m2N1Iphtj7vv7eLWF5moQM, https://lh5.googleusercontent.com/p/AF1QipNl7TVNdWGNkiVjr2GfufwnVuryWOO4ZaEuuiGl, https://lh5.googleusercontent.com/p/AF1QipOkBpKy01yQcYGOQ4oGzWcAI8v9MJ2VvJBjr6L6, "
Nhà nghỉ Ngọc Hân 2,"226 Nguyễn Đình Chiểu, Phường 8, Cà Mau, Việt Nam","4,1",13,9.1659314,104.8737259,Cà Mau,Khách sạn,Không có giá,Không có giảm giá,"Wi-Fi miễn phí, Đỗ xe miễn phí, Phù hợp cho người khuyết tật, Có điều hòa nhiệt độ, Dịch vụ giặt ủi, Chấp nhận vật nuôi, Bếp ở một số phòng, Xe đưa đón ra sân bay, ","https://lh5.googleusercontent.com/p/AF1QipNcMJel1AATv2ylt1WUpPn-tAlinJVw3ppUyUyD, https://lh5.googleusercontent.com/p/AF1QipNcMJel1AATv2ylt1WUpPn-tAlinJVw3ppUyUyD, https://lh5.googleusercontent.com/p/AF1QipOeYd0yf4YpXD0uXxR0iAgjT8QX8Gtt0y_PKzyu, https://lh5.googleusercontent.com/p/AF1QipMN-i2tRmmHKNzHlmIZ8uWKDveGz3Ym3URUeaxF, "
Nhà Nghỉ Chú Tòng,"Ấp Bà Điều/143A QL1A, Lý Văn Lâm, Cà Mau, Việt Nam","4,1",52,9.1626855,104.8821891,Cà Mau,Khách sạn,Không có giá,Không có giảm giá,"Có điều hòa nhiệt độ, Chấp nhận vật nuôi, ","https://lh5.googleusercontent.com/p/AF1QipMago_588yb8fsx5ML2ybn-KMibYGjkd8QeIVMB, https://lh5.googleusercontent.com/p/AF1QipNfC388-MEUsq3ili4thdCHqfZjrcXyk0907LRl, https://lh5.googleusercontent.com/p/AF1QipOkG4UXH_oZBCiSa0Aq-mXkV31H2nJ1nKuz9JcI, https://lh5.googleusercontent.com/p/AF1QipNBskytpnripRYoaJpkauzUMLcbrgb-cThZ1t8h, "
Nhà Nghỉ Chú Thòong,"143A Nguyễn Tất Thành, Phường 8, Cà Mau, Việt Nam","5,0",1,9.1487679,104.8736733,Cà Mau,Khách sạn,Không có giá,Không có giảm giá,,
Uncle Thoong Motel,"143A Ba Dieu Hamlet, Ly Van Lam Commune, Lý Văn Lâm, Cà Mau, Việt Nam","3,8",15,9.1657562,104.9026975,Cà Mau,Khách sạn,Không có giá,Không có giảm giá,,"https://lh5.googleusercontent.com/p/AF1QipM3bRSD91rWYcLAXivdplPqeRmIIggJaYi-jLRw, https://lh5.googleusercontent.com/p/AF1QipNj8K9UakrxFQOvxGtIVWx8ox7MgdoFhxWJJk1T, "
Nhà Nghỉ Hạnh Phúc,"106A Nguyễn Tất Thành, Phường 8, Cà Mau, Việt Nam","2,5",2,9.1579217,104.8991772,Cà Mau,Khách sạn,Không có giá,Không có giảm giá,,
Khách sạn Công Thành,"463C Nguyễn Trãi, Phường 9, Cà Mau, Việt Nam","3,5",237,9.1621579,104.9123694,Cà Mau,Khách sạn 3 sao,Không có giá,Không có giảm giá,"Wi-Fi miễn phí, Bữa sáng miễn phí, Đỗ xe miễn phí, Có điều hòa nhiệt độ, Dịch vụ giặt ủi, Chấp nhận vật nuôi, Phù hợp với trẻ em, Nhà hàng, ","https://lh5.googleusercontent.com/p/AF1QipN43EZ_q66fp1Om9w2GTQdrFfAZtDNgqR0PgUqF, https://lh5.googleusercontent.com/p/AF1QipN_kjk2nWvhKqo2715sYU4ijF5WR60rfw04gs2g, https://lh5.googleusercontent.com/p/AF1QipP7QK1tg-k3fsXDRt9Z-KktD8mw1Hn2mvAuDaQP, https://lh5.googleusercontent.com/p/AF1QipOEp3bZ9vM9burZqq278PXo7I9kLgla37ZCeqZL, "
Khách sạn Song Kim,"55H2+MQR, Phường 5, Cà Mau, Việt Nam","3,6",38,9.201237,104.885411,Cà Mau,Khách sạn 2 sao,Không có giá,Không có giảm giá,"Có điều hòa nhiệt độ, ","https://lh5.googleusercontent.com/p/AF1QipOhD0K4m3rTXhl-f_f62DUOk5S-ifzNaegHabQl, https://lh5.googleusercontent.com/p/AF1QipOFSa6sDiXA2xlPl-zZbTXHERtel5roIUFV7p55, https://lh5.googleusercontent.com/p/AF1QipP2yqmnoF0WoLnQ270A3jMZ5m8VR4gtUisKmGQr, https://lh5.googleusercontent.com/p/AF1QipOLaloi3V4YFiDci34RkADUaXgr2nXaVCqlv-3i, "
Mường Thanh Luxury Cao Bằng Hotel,"42 Kim Đồng, P. Hợp giang, Cao Bằng, 270000, Việt Nam","4,6",217,22.6624674,106.241591,Cao Bằng,Khách sạn,1.266.893 ₫,Không có giảm giá,"Wi-Fi miễn phí, Bữa sáng miễn phí, Đỗ xe miễn phí, Bể bơi, Có điều hòa nhiệt độ, Dịch vụ giặt ủi, Trung tâm thương mại, Nhà hàng, Spa, ","https://lh5.googleusercontent.com/p/AF1QipPsg9svkEYjCjvYhNyEl_Xi6mb0D4otxQ735Z4G, https://lh5.googleusercontent.com/p/AF1QipOrjT2DtZOYFUeg1IE656wCIUiJixtxDhnr_Pof, https://lh5.googleusercontent.com/p/AF1QipMBJF1gdn_8Vw2WB2Hk2rtplwLae2_Ral4sAFK6, https://lh5.googleusercontent.com/p/AF1QipMIuEZw_ngKyFPv6waejWPgqv5pD3fMODRC2Uas, "
La Maison Boutique Hotel,"1 Hoàng Đình Giong Cao Bằng Cao Bang Province, 21106, Việt Nam","4,4",74,22.6624674,106.1936875,Cao Bằng,Khách sạn,800.000 ₫,Không có giảm giá,,"https://lh5.googleusercontent.com/p/AF1QipNrgcZFHMZQm4j3N89FH9RZe4xbRZxqcX6GdCPG, https://lh5.googleusercontent.com/p/AF1QipMMpr63WqM1Su6EJx-RdWinzdJEmiXuk5KUhZjm, https://lh5.googleusercontent.com/p/AF1QipOLoR3lC0oy8cJonBqEnYxevvrqAJq2v_EhsV-o, https://lh5.googleusercontent.com/p/AF1QipMXuDMSWnqwErMdWhbNEV28xz64s_4dIVdXVdPh, "
Max Boutique Hotel,"117 Vườn Cam, P. Hợp giang, Cao Bằng, Việt Nam","4,2",245,22.6677948,106.2424388,Cao Bằng,Khách sạn,623.132 ₫,Không có giảm giá,"Wi-Fi miễn phí, Bữa sáng miễn phí, Có điều hòa nhiệt độ, Dịch vụ giặt ủi, Nhà hàng, ","https://lh5.googleusercontent.com/p/AF1QipPdoCDo-oPXPwUaA2HM_FlWexGy1EY2uv5DvOKs, https://lh5.googleusercontent.com/p/AF1QipMgGqerc7UZciqume7TDBXiFU1sx35euDjUt_b6, https://lh5.googleusercontent.com/p/AF1QipNYrhbAnbrwUxhss_B2_yNFB_o6Fb8S30ZhI720, https://lh5.googleusercontent.com/p/AF1QipO5NCQpJRMqDd8fSaBnZKaf3JtEoTDbIcFLpra6, "
Jeanne Hotel CaoBang,"99 Kim Đồng, P. Hợp giang, Cao Bằng, Việt Nam","4,4",153,22.6628948,106.242236,Cao Bằng,Khách sạn,434.630 ₫,Không có giảm giá,"Wi-Fi miễn phí, Đỗ xe miễn phí, Phù hợp cho người khuyết tật, Có điều hòa nhiệt độ, Dịch vụ giặt ủi, Phù hợp với trẻ em, Xe đưa đón ra sân bay, ","https://lh5.googleusercontent.com/p/AF1QipP_3zZtUMznDTHPKJdLtub-YO_JClp4RWxEa4Dk, https://lh5.googleusercontent.com/p/AF1QipOdRTwLunl5mCYQfi3Ms084laAWp0z0Nz_koZhO, https://lh5.googleusercontent.com/p/AF1QipN-aknsIAPCQVVKLyhslzR4ryJhXGVPBjtKwX8L, https://lh5.googleusercontent.com/p/AF1QipOsv3-YsiadnQPNZYVOMhN9ZxW2B-eAPU46xDfD, "
Highlands Hotel Cao Bằng,"019 Phố Lý Tự Trọng, P. Hợp giang, Cao Bằng, 21000, Việt Nam","4,5",108,22.6628948,106.1963443,Cao Bằng,Khách sạn 3 sao,373.828 ₫,Không có giảm giá,"Wi-Fi miễn phí, Bữa sáng có tính phí, Đỗ xe mất phí, Có điều hòa nhiệt độ, Dịch vụ giặt ủi, Dịch vụ phòng, Nhà hàng, Quán bar, ","https://lh5.googleusercontent.com/p/AF1QipPWijAjDn7zPNtGryKfgw56sx98TXmQsFa1WYHw, https://lh5.googleusercontent.com/p/AF1QipOVx9vzFv5GR-P8FCqkG2WEEwwYE8C3MoIuSBRm, https://lh5.googleusercontent.com/p/AF1QipNTe8wNjA3R5NDoZHf0BuELq3BLLRQFK36-z_U9, https://lh5.googleusercontent.com/p/AF1QipOU_6l6rvqCkZKsuoh2IxyZQcAB5GqhsVbyZPZl, "
Los Angeles Hotel,"93 Xuân Trường, P. Hợp giang, Cao Bằng, 21000, Việt Nam","4,5",37,22.6680704,106.1964878,Cao Bằng,Khách sạn,580.000 ₫,Không có giảm giá,"Wi-Fi miễn phí, Đỗ xe miễn phí, Có điều hòa nhiệt độ, Dịch vụ giặt ủi, Dịch vụ phòng, Bếp ở một số phòng, Không hút thuốc, ","https://lh5.googleusercontent.com/p/AF1QipOiw8RMi3Dr9MJZ-inS4wLwJPEcgYUtwSz8XZ5j, https://lh5.googleusercontent.com/p/AF1QipMPcG0DKov2JwvFba33XFVUeRCmqcacIWfS0BVF, https://lh5.googleusercontent.com/p/AF1QipMj5YjRWBJuofEtuxBp58mxAwfJMl5AiZ14oGGx, https://lh5.googleusercontent.com/p/AF1QipOXWEg4m8sR_yR6HEwhI32m7ldhriVwfDeQqqK5, "
Gia Quý Hotel,"Số 007 Đường Hoàng Đình Giong, P. Hợp giang, Cao Bằng, 21000, Việt Nam","4,1",124,22.6671484,106.1967673,Cao Bằng,Khách sạn 3 sao,524.901 ₫,Không có giảm giá,"Wi-Fi miễn phí, Bữa sáng miễn phí, Có điều hòa nhiệt độ, Dịch vụ giặt ủi, ","https://lh5.googleusercontent.com/p/AF1QipM8WnV6yrRWvBb_DIZqB-3YKbPJlZXSFw91XBy7, https://lh5.googleusercontent.com/p/AF1QipNkJNvrjL0Aha0J6nS6jthsDsYj75bi8dCjSU6h, https://lh5.googleusercontent.com/p/AF1QipPFigQ8q2vhJPVPQbECQ6i52VLtZsLFQTVvSIw7, https://lh5.googleusercontent.com/p/AF1QipOGIYauyj1EHq3jo0jIzgAkrVhTkGICSxYYcs5G, "
Bảo Ngọc Diamond Hotel,"124 Bế Văn Đàn, P. Hợp giang, Cao Bằng, Việt Nam","4,3",137,22.665808,106.2018371,Cao Bằng,Khách sạn 3 sao,373.828 ₫,Không có giảm giá,"Wi-Fi miễn phí, Đỗ xe miễn phí, Có điều hòa nhiệt độ, Dịch vụ giặt ủi, Nhà hàng, ","https://lh5.googleusercontent.com/p/AF1QipO88GS_9_lGz_Mnuppm4b-H0RDdnebjh07WpOP5, https://lh5.googleusercontent.com/p/AF1QipPrWgIYe2zeBgh5IqEFctn_7NgpJLq7k-lcLZgO, https://lh5.googleusercontent.com/p/AF1QipMVqr9N5fK0tnrfAOwo9g9than49FT182LYUxSw, https://lh5.googleusercontent.com/p/AF1QipNReDFL5-ytCS3_NznLjbKo9ngVJp2sqlatcs0A, "
Khách Sạn Thành Loan,"131 Vườn Cam, P. Hợp giang, Cao Bằng, Việt Nam","3,7",186,22.6675576,106.2427814,Cao Bằng,Khách sạn 2 sao,488.736 ₫,Không có giảm giá,"Wi-Fi miễn phí, Bữa sáng, Đỗ xe miễn phí, Có điều hòa nhiệt độ, Dịch vụ giặt ủi, Phù hợp với trẻ em, Nhà hàng, ","https://lh5.googleusercontent.com/p/AF1QipMat0lH6j_l4DXtmcGwXBDTe05pyVKMOpBza2h1, https://lh5.googleusercontent.com/p/AF1QipMWiP6922L5Pn4A50vFR6IJTqHKJSW1om_OXLI1, https://lh5.googleusercontent.com/p/AF1QipOuIzwoNqn3X9l6wUnixf-hNBNIAayaWo-DYZhd, https://lh5.googleusercontent.com/p/AF1QipOKzL98LlBsmt4tdYVyz4H6Dp8uV2E0IGyeFHQJ, "
Minh Hoàng Hotel & Homestay,"98 Phố Thầu, P. Hợp giang, Cao Bằng, Việt Nam","3,8",222,22.6675576,106.1995827,Cao Bằng,Khách sạn 1 sao,328.777 ₫,Không có giảm giá,"Wi-Fi miễn phí, Đỗ xe miễn phí, Có điều hòa nhiệt độ, Dịch vụ giặt ủi, ","https://lh5.googleusercontent.com/p/AF1QipMuTL0WgvxiTTaqaH2RX5J0cXf3a2yTHY0ntjsk, https://lh5.googleusercontent.com/p/AF1QipMN4hJl52mp55UziIpFnrSoaeFi5Hiqcb7HQ0QG, https://lh5.googleusercontent.com/p/AF1QipNH5THB0rnAIGfVtvHc5GI6Fg5CRYyKFWU0aNZg, https://lh5.googleusercontent.com/p/AF1QipMLGyYbuJBP3Ulall1lQS3iL_INEu9U0AlradeV, "
Khach san Hoa Việt (Hoa Viet Homestay),"Số 14 Phố Kim Đồng P. Hợp giang, Cao Bằng, Việt Nam","3,6",103,22.6663014,106.2429556,Cao Bằng,Khách sạn,425.000 ₫,Không có giảm giá,"Wi-Fi miễn phí, Đỗ xe miễn phí, Có điều hòa nhiệt độ, Dịch vụ giặt ủi, Phù hợp với trẻ em, Xe đưa đón ra sân bay, ","https://lh5.googleusercontent.com/p/AF1QipP81aYGsV3t7snEajr3veYwI7jFqEkA4Q5J4Bna, https://lh5.googleusercontent.com/p/AF1QipOP0NXKB2jYh0eTBQo1Yyc503d7fVvIubaF_UfT, https://lh5.googleusercontent.com/p/AF1QipN2qEitILW04LceHTOGBrJa7eRsvsys7pWvjtr4, https://lh5.googleusercontent.com/p/AF1QipNBrZNVnHhf3vt_9c9n3KIb6bkbetsFxd7YfwVU, "
Khách sạn Green - Green Hotel,"Tổ 11 phường sông bằng số nhà 040, Cao Bằng, 21000, Việt Nam","4,7",26,22.6585777,106.2494982,Cao Bằng,Khách sạn,370.032 ₫,Ít hơn 23% so với bình thường,,"https://lh5.googleusercontent.com/p/AF1QipP6PtHJY4wTCDdRLb77bR2w9c808iaAhNGJ38ZN, https://lh5.googleusercontent.com/p/AF1QipMEal_pLntBr7DPMndF6-Xe490Kg_6lw9eJsGKv, https://lh5.googleusercontent.com/p/AF1QipNfVlzpZXxb7IzCSXLVeSGXNJbq6lFo4C5hjF4B, https://lh5.googleusercontent.com/p/AF1QipOWwJem-IxcezvVJbQCke5YFx8NirFhXyuGdxLE, "
Khách sạn 89 Cao Bằng,"89 Vườn Cam, P. Hợp giang, Cao Bằng, Việt Nam","3,8",100,22.6684491,106.24154,Cao Bằng,Khách sạn,333.260 ₫,Không có giảm giá,"Wi-Fi miễn phí, Đỗ xe miễn phí, Có điều hòa nhiệt độ, Dịch vụ giặt ủi, Dịch vụ phòng, Phù hợp với trẻ em, Xe đưa đón ra sân bay, ","https://lh5.googleusercontent.com/p/AF1QipMqfBj8s4WnKaanF2r4awg0J8bPYu4cmCddympq, https://lh5.googleusercontent.com/p/AF1QipNs0YolpXPT2m9V3Dg5hO558cyVmaDKNg7seRVM, https://lh5.googleusercontent.com/p/AF1QipM8OkkD5M8MKOXshoxROlQpOOaiWRLx3fTF1r1a, https://lh5.googleusercontent.com/p/AF1QipNEDSad2qmCBwoykNXCUR-HWilubOsfZXblkHRV, "
Indigen Boutique Hotel Cao Bang,"83 Xuân Trường, P. Hợp giang, Cao Bằng, Việt Nam","5,0",131,22.6684491,106.1967306,Cao Bằng,Khách sạn,1.011.187 ₫,Ít hơn 22% so với bình thường,,"https://lh5.googleusercontent.com/p/AF1QipPPXxd5L-TNt2uDB6wT6fJ5lZuS8x4NtanRqR7O, https://lh5.googleusercontent.com/p/AF1QipMcV-QkUPCeBqdUM42dbHZrphsAD3NwiTJOF90K, https://lh5.googleusercontent.com/p/AF1QipMD5fPYlSgOQlBTld3JFx7Z7G80GMP1o88GAF-C, https://lh5.googleusercontent.com/p/AF1QipOiI2_Xyxhm0VF2l77ucx7bRRmRRAD28cHdSnWL, "
Cao Bang Eco House,"Phố Thầu Cầu Bằng Giang, P. Hợp giang, Cao Bằng, Việt Nam","4,8",124,22.6644425,106.2430604,Cao Bằng,Khách sạn,350.000 ₫,Không có giảm giá,"Wi-Fi miễn phí, Bữa sáng có tính phí, Đỗ xe miễn phí, Phù hợp cho người khuyết tật, Có điều hòa nhiệt độ, Dịch vụ giặt ủi, Dịch vụ phòng, Nhà hàng, Bếp ở một số phòng, Xe đưa đón ra sân bay, Bồn tắm nước nóng, Quán bar, Không hút thuốc, ","https://lh5.googleusercontent.com/p/AF1QipNZrEb5z96Yq3SocPWEuxim0CNzFP6_eLsdizfJ, https://lh5.googleusercontent.com/p/AF1QipMegU8x8Bd_8iE00JwWmMg49OfPHtTKMTONvPjn, https://lh5.googleusercontent.com/p/AF1QipMMzhvhBFq8Sv3OTbPjTEbAKzRRJEzmCEC52b4F, https://lh5.googleusercontent.com/p/AF1QipPgOWX7wDPld4l16SnCOCjrB9ljoTtK5UgvcGLN, "
Khách Sạn Sông Hiến,"73a ,, Phai Khắt Nà Ngần ,, tổ 17 , phường Sông Hiến, Cao Bằng, 900000, Việt Nam","4,0",80,22.6644425,106.1972757,Cao Bằng,Khách sạn 2 sao,400.000 ₫,Không có giảm giá,"Wi-Fi miễn phí, Đỗ xe miễn phí, Có điều hòa nhiệt độ, Dịch vụ giặt ủi, ","https://lh5.googleusercontent.com/p/AF1QipPnK5Cr4KysMeiSwysbHEOj8TFHcLyYPyazTxyM, https://lh5.googleusercontent.com/p/AF1QipNeXwh0MprsELVBh1W_A6D_AGACh_SQcKtQ9irm, https://lh5.googleusercontent.com/p/AF1QipMgqhD48RY_fM_zYruRTC3UWbO98Q7kJ3HbEPuT, https://lh5.googleusercontent.com/p/AF1QipOnNEvs6S7hLsoHJ5IPRVpuaFVsfMuw0sNbWsvq, "
KHÁCH SẠN GOLD HOTEL - CAO BẰNG,"Phai Khắt Nà Ngần, Tổ 5, Cao Bằng, 900000, Việt Nam","3,9",58,22.6756779,106.2232556,Cao Bằng,Khách sạn,349.531 ₫,Không có giảm giá,"Wi-Fi miễn phí, Đỗ xe miễn phí, Có điều hòa nhiệt độ, Dịch vụ giặt ủi, Phù hợp với trẻ em, Nhà hàng, ","https://lh5.googleusercontent.com/p/AF1QipM-qDiPe1esIu3abbvqTWFMCtOoThfxcrgCrAep, https://lh5.googleusercontent.com/p/AF1QipPT3SWLk2gjpjLmF9TE0TYLYO6HwT83AVR82oOG, https://lh5.googleusercontent.com/p/AF1QipMNZ4VoZE-sQ4YBgdBhuJk2JAOeQ04KNJfZOIXV, https://lh5.googleusercontent.com/p/AF1QipORK-KTic3qAauwjql4D2fPL3v_1CpGHXmjdQT5, "
Đức Khôi Hotel,"Đường 3/10, Tổ 11, Cao Bằng, 270000, Việt Nam","4,5",32,22.6559853,106.2513473,Cao Bằng,Khách sạn,427.800 ₫,Không có giảm giá,,"https://lh5.googleusercontent.com/p/AF1QipMy4ILQ3iP7JZWalHdsnrjrJX_y80izg0KR-bhk, https://lh5.googleusercontent.com/p/AF1QipNDiRdmyI_60Hr9aGyEQSbVZBw4jtdzt0aG28IU, https://lh5.googleusercontent.com/p/AF1QipMAuKsFmUYlFy-bhqdzh2_f4QAizhaFNLZHeHPZ, https://lh5.googleusercontent.com/p/AF1QipNQYclPy30epSnIjhNgFoMOexcwiSiEFT3ApgHZ, "
Vườn Cam Hotel,"118 Vườn Cam, P. Hợp giang, Cao Bằng, 270000, Việt Nam","2,7",3,22.6678401,106.2419839,Cao Bằng,Khách sạn,444.190 ₫,Không có giảm giá,,"https://lh5.googleusercontent.com/p/AF1QipMCzoOPrksecKquIwB9ueimWAnB_hqXZ-CaUuLS, https://lh5.googleusercontent.com/p/AF1QipMVgLgmNcLDv4t0HAVaPyPOnyzY-63HEB6D3psl, https://lh5.googleusercontent.com/p/AF1QipMBFHD7b7txk6yqEjPYPCAcdiLowVfQpMM-hkFp, https://lh5.googleusercontent.com/p/AF1QipPnX0RbyNHUQAK6ndgh9O9OYhN_5Nykh8m7a3qT, "
Khách sạn Aloha Coffee & Homestay,"038 Phố Thầu, P. Hợp giang, Cao Bằng, Việt Nam","5,0",4,22.6639037,106.2428845,Cao Bằng,Khách sạn,500.000 ₫,Không có giảm giá,,"https://lh5.googleusercontent.com/p/AF1QipOM10wHJvv8WTqcsUGiZ68nhKmu3k2xq97ntGFA, https://lh5.googleusercontent.com/p/AF1QipPy6urQwgGAU01ktBkwMS_4UxcWYPe5HWBNPvNU, https://lh5.googleusercontent.com/p/AF1QipM2xq9bBCGiDuHJeoju3TekzAayInaATJP2fuc, https://lh5.googleusercontent.com/p/AF1QipPNZpkenUUshXng54cEU9Ei6LdWLil0DU4spG3E, "
Thanh Xuân Hotel,"Bản mới Cao Bằng, Số 115 tổ 1, khu tái định cư 3, tp cb, Cao Bằng, Việt Nam","4,7",18,22.6639037,106.1979292,Cao Bằng,Khách sạn,284.484 ₫,Không có giảm giá,,"https://lh5.googleusercontent.com/p/AF1QipNnrDo7-b9BOjLSSGVxpw6hbu4jYO3s0lTMxrDT, https://lh5.googleusercontent.com/p/AF1QipPEb3IID4bSb-iB0ueS7Gf3dqYbyEeYQhUwWuxM, https://lh5.googleusercontent.com/p/AF1QipMibcO4AJAS3KllOAEpAdhVnm48Esz-1HYEJt7Y, https://lh5.googleusercontent.com/p/AF1QipMDhVCfokWQwTJ6Niaq84SmndEEW75PRTPHYX9u, "
Bản Nhỏ - Little Village ( Homestay ),"QL3, Ngọc Xuân, Cao Bằng, Việt Nam","4,8",36,22.6839494,106.2467348,Cao Bằng,Khách sạn,560.000 ₫,Không có giảm giá,,"https://lh5.googleusercontent.com/p/AF1QipMfw_FyVKvEOJ2uz4ihTcuD_X3BgvbtvemwDPCJ, https://lh5.googleusercontent.com/p/AF1QipMLSMXVyo3j2iVNbRtZZ8NYEBqpjEh3BxUQ3g_o, https://lh5.googleusercontent.com/p/AF1QipMKcC5mZIuks0v7le9tSSOFI4Ip0zR3X3TAdwFX, https://lh5.googleusercontent.com/p/AF1QipOk8xolZD98f4RgwG4He6URxDsWXHwfmFpXUwUX, "
Indigen Riverside Hotel Cao Bang,"31 Đường Hiến Giang, P. Hợp giang, Cao Bằng, 27000, Việt Nam",Chưa xét,0,22.6668613,106.2375992,Cao Bằng,Khách sạn,1.100.000 ₫,Không có giảm giá,,
Primrose Homestay Cao Bang,"18 Hồng Việt, P. Hợp giang, Cao Bằng, 270000, Việt Nam","4,7",347,22.6634627,106.2414828,Cao Bằng,Khách sạn 2 sao,229.818 ₫,Không có giảm giá,"Wi-Fi miễn phí, Đỗ xe miễn phí, Có điều hòa nhiệt độ, Dịch vụ giặt ủi, Phù hợp với trẻ em, Bếp ở một số phòng, ","https://lh5.googleusercontent.com/p/AF1QipObBsMrTUHNoKwNXa3FEUy9xuCqjiOcMvz4cPRP, https://lh5.googleusercontent.com/p/AF1QipPlEMex3lJ-5CGh15rR0wMZEFhDGhiKkFe27ysu, https://lh5.googleusercontent.com/p/AF1QipOf58VYf6Ogr8Nu5yZMfGywNH48My9O3m719qz3, https://lh5.googleusercontent.com/p/AF1QipOTowqVB7mR9pGmoB8bbKy03giOr6bXs2Y1V7Os, "
MiCasa - Cao Bằng Camping,"Đường tránh QL 3 và QL4, Hoà Chung, Cao Bằng, Việt Nam","4,3",113,22.6533162,106.2326632,Cao Bằng,Khách sạn,299.670 ₫,Không có giảm giá,,"https://lh5.googleusercontent.com/p/AF1QipNEXgYh4bzAnSn5UMLu-pyoyc054dgYVoKGwZv-, https://lh5.googleusercontent.com/p/AF1QipN4pYkXiyfUwjyl18p5JylKIbUhUACyNbdTyvXr, https://lh5.googleusercontent.com/p/AF1QipOBLW8WnJa_fC8EviFDDHkq10r-TYjKBEff7dZ3, https://lh5.googleusercontent.com/p/AF1QipPb8evtHacNnHUnG4BpyqJEyPHQZY0QmMm1eYlV, "
Nhà Hàng Khách Sạn 34 Nga Lượng,"5 Phai Khắt Nà Ngần, P. Sông Hiến, Cao Bằng, Việt Nam","4,1",163,22.6732014,106.2285482,Cao Bằng,100-200 N ₫,355.000 ₫,Không có giảm giá,,"https://lh5.googleusercontent.com/p/AF1QipM-n-ZxyP1Ev1ZjRdq7XdGS-46Zrmi7Vv1Pg5Ke, https://lh5.googleusercontent.com/p/AF1QipPWTYBnpdEigmFkAfYpstjt2moP5NOk5PVWIBkW, https://lh5.googleusercontent.com/p/AF1QipNnegDI1rEAju0nsSHMWXXKIstp8_GkKJMmAEmh, https://lh5.googleusercontent.com/p/AF1QipOmc7MLUpOEOJhEReP4BRnxU1yRo2PtYoz2Db7m, "
Xenia House,"Đường Võ Nguyên Giáp, P. Sông Hiến, Cao Bằng, Việt Nam","5,0",14,22.6667375,106.23398,Cao Bằng,Khách sạn,150.000 ₫,Ít hơn 74% so với bình thường,,"https://lh5.googleusercontent.com/p/AF1QipOmUSGFKWZBjxXYGpDw2HsUpo4JckEY1KqVauUg, https://lh5.googleusercontent.com/p/AF1QipOKAfChSGRWl9WVLCbb0xs9uA32yyVgU9xFikYT, https://lh5.googleusercontent.com/p/AF1QipNQxo3I8cqb1egnLeqnoMk94ZqwbVnoX3vaVRjS, https://lh5.googleusercontent.com/p/AF1QipPzIJYKko_oWs8LBxs_hGQdmRJEwnEgNvzpN35W, "
"Gia Binh Homestay - tổ 4 phường Ngọc Xuân, thành phố Cao Bằng","Tổ 4, Cao Bằng, Việt Nam","5,0",98,22.682637,106.2375088,Cao Bằng,Khách sạn,359.402 ₫,Không có giảm giá,"Wi-Fi miễn phí, Bữa sáng có tính phí, Đỗ xe miễn phí, Có điều hòa nhiệt độ, Dịch vụ giặt ủi, Bếp ở một số phòng, Xe đưa đón ra sân bay, ","https://lh5.googleusercontent.com/p/AF1QipPVKhyTQXETuiu0aGUSqFdmgKtxoZykeomUTH4, https://lh5.googleusercontent.com/p/AF1QipPddLscnjWjO7eSWgYVlC_jXOR6t_pxg8qIxCcX, https://lh5.googleusercontent.com/p/AF1QipOwohgUK7N_PaKK-Y5FHqJRFli8KPMBwElpNyEF, https://lh5.googleusercontent.com/p/AF1QipNyJg2Z-B7j84OtGTYbWFlqjsbLBW0_EmxKsFU, "
không có tên??????,Không có địa chỉ,Chưa xét,0,22.682637,106.2056662,Cao Bằng,Khách sạn,Không có giá,Không có giảm giá,,
LUXURY HOTEL,"34 Kim Đồng, P. Hợp giang, Cao Bằng, Việt Nam","4,0",133,22.6637158,106.2425268,Cao Bằng,Khách sạn,Không có giá,Không có giảm giá,"Wi-Fi miễn phí, Có điều hòa nhiệt độ, Dịch vụ giặt ủi, Nhà hàng, ","https://lh5.googleusercontent.com/p/AF1QipOpXWp7_jcpckI5ByLy0ph_xD5m5sg76DEJppi-, https://lh5.googleusercontent.com/p/AF1QipORZXHOTqMp3XPP8BCMV9P3TIqV4i2Bq4FdESDv, https://lh5.googleusercontent.com/p/AF1QipOfdqv9pGg_-UGBDAm4TgQMigIQXWYYmVM4ZPJ2, https://lh5.googleusercontent.com/p/AF1QipM9cm99wAhIA2bwZXj_iEmppSPCqfmBlz_tJrQR, "
không có tên??????,Không có địa chỉ,Chưa xét,0,22.6637158,106.2042614,Cao Bằng,Khách sạn,Không có giá,Không có giảm giá,,
Green Riders House Cao Bang,"35 tổ 23, Nà Cạn, Cao Bằng, 21000, Việt Nam","5,0",361,22.6596925,106.2460871,Cao Bằng,Khách sạn,199.949 ₫,Không có giảm giá,,"https://lh5.googleusercontent.com/p/AF1QipMTos8D1ENY71nvegSt_0U8nyRqsxIcC4gorMNF, https://lh5.googleusercontent.com/p/AF1QipNzOHPB8w0kYgyrxViYsBio1l9ESBc_kC71lQkg, https://lh5.googleusercontent.com/p/AF1QipOE0bTyZAkNC7NHRafpD1NmxzmZBqJucOpqhqxm, https://lh5.googleusercontent.com/p/AF1QipM5M6jJF8mXo3uR7f1GijvzDkJfJgN2s73WpL69, "
Homestay Chi’s house,"Cầu Bằng Giang/08 Phố Thầu, P. Hợp giang, Cao Bằng, 270000, Việt Nam","5,0",4,22.6650226,106.2432742,Cao Bằng,Khách sạn,345.000 ₫,Không có giảm giá,"Wi-Fi miễn phí, Đỗ xe miễn phí, Có điều hòa nhiệt độ, Không hút thuốc, ","https://lh5.googleusercontent.com/p/AF1QipPwVcgIgvy0c4Jki7adCtftcVRfR1y_1Sc9LD7L, https://lh5.googleusercontent.com/p/AF1QipP2hXAF4aQmPCucYGpasGeTGYpjkEkPqi54HK7q, https://lh5.googleusercontent.com/p/AF1QipPj2Rnz4WO9FUMOG4oEDaqCPw13AY-GvAxggnC9, https://lh5.googleusercontent.com/p/AF1QipPuCy-gqZ5_Q7O4JhTOlqHPYoECgwSDH_Tu-pLK, "
Cao Bang PIA Homestay - Tours & Motobike rental,"Hoàng Văn Thụ, P. Hợp giang, Cao Bằng, 21000, Việt Nam","5,0",74,22.6689983,106.2409458,Cao Bằng,Khách sạn,675.000 ₫,Không có giảm giá,"Wi-Fi miễn phí, Bữa sáng có tính phí, Đỗ xe miễn phí, Có điều hòa nhiệt độ, Dịch vụ giặt ủi, Chấp nhận vật nuôi, Dịch vụ phòng, Phù hợp với trẻ em, Bếp ở một số phòng, Không hút thuốc, ","https://lh5.googleusercontent.com/p/AF1QipOlCK6_m1T_m-NpJ1HVHICb7OGTLn1SMOjE0OG9, https://lh5.googleusercontent.com/p/AF1QipNXqVyekWRm4PiSvUab74xPf5W1xVEDsFfFosAH, https://lh5.googleusercontent.com/p/AF1QipOuppHfRy5o_-SRhT3y3AvSnNterjIJdRRtRvub, https://lh5.googleusercontent.com/p/AF1QipOlqNyGpM8jiAeapFWrzdLICZpvSBfUt6gnDa1M, "
Mỡ Villa Cao Bằng,"TNR Star center, tổ 02, Cao Bằng, 21109, Việt Nam","4,8",25,22.6689983,106.1991305,Cao Bằng,Khách sạn,360.000 ₫,Không có giảm giá,,"https://lh5.googleusercontent.com/p/AF1QipOYA-fCx1aHgonT06_KvZLpWVYyRRQF__A-Lh49, https://lh5.googleusercontent.com/p/AF1QipPkTXZ_fXt8MEkpnnqnZ10lf8jO43o4h4QRtQ98, https://lh5.googleusercontent.com/p/AF1QipNr5ZYJzRnb6HlecGm3LN4X-gXrYaJTWrWx5dJ9, https://lh5.googleusercontent.com/p/AF1QipNk3Uu3pteJ-T0QFwluNYwNBUcbEIYsZrp5MrQr, "
Hoàng An Hotel,"42 Đông Khê, Tân Giang, Cao Bằng, Việt Nam","3,8",21,22.654017,106.2498821,Cao Bằng,Khách sạn,303.973 ₫,Không có giảm giá,,"https://lh5.googleusercontent.com/p/AF1QipNxOtjV4v_4uGll_Jt1CYbN2Ad5bzM_SvxJU3q9, https://lh5.googleusercontent.com/p/AF1QipPuzKxfqG-MZLuUeOLIRG1AowPIBhv2uTqMsGyd, https://lh5.googleusercontent.com/p/AF1QipMvNPkUoR0wzRXmMhOQ6hPloGpdyktc7_PUDADm, https://lh5.googleusercontent.com/p/AF1QipMvNPkUoR0wzRXmMhOQ6hPloGpdyktc7_PUDADm, "
Cao Bang Eco Homestay,"Số 024 tổ dân phố 11 (tổ 23 cũ, Nà Cạn, Cao Bằng, 21000, Việt Nam","4,8",458,22.6602102,106.2457447,Cao Bằng,Khách sạn,200.000 ₫,Không có giảm giá,"Wi-Fi miễn phí, Đỗ xe miễn phí, Có điều hòa nhiệt độ, Dịch vụ giặt ủi, Chấp nhận vật nuôi, Phù hợp với trẻ em, ","https://lh5.googleusercontent.com/p/AF1QipNrFwZYPg8Z5G6s-8EwKzKuifXJOTcMmF2hzq3A, https://lh5.googleusercontent.com/p/AF1QipOOuNbn0l4A-9sMGFewnawLOQucBRmuRlHUN5ys, https://lh5.googleusercontent.com/p/AF1QipPPJVMzsCuFB4dwV8NbKQKXEVoI8s2wyLqWaCTc, https://lh5.googleusercontent.com/p/AF1QipPJXUGwN98hZCN1OM21M6_Kwco-qLQ7FZyjgPun, "
"Lan's home - homestay, hostel, motel Thành phố Cao Bằng","068 Phố Lý Tự Trọng, P. Hợp giang, Cao Bằng, Việt Nam","4,6",137,22.6691304,106.2389048,Cao Bằng,Khách sạn,292.500 ₫,Không có giảm giá,"Wi-Fi miễn phí, Bữa sáng có tính phí, Đỗ xe miễn phí, Dịch vụ giặt ủi, Dịch vụ phòng, ","https://lh5.googleusercontent.com/p/AF1QipN4Vj9PilD7E8pVaoj9et3m3F8u4WQqPoAos-SI, https://lh5.googleusercontent.com/p/AF1QipMtSnbQCv2Qy4NSSkCqAiR2mZHxAll0nSUJUsZq, https://lh5.googleusercontent.com/p/AF1QipPNOzvu0q6IYyGZZi7u14QFLNld_Kx81RfU4giL, https://lh5.googleusercontent.com/p/AF1QipPn8fDgKNYxkJFil4VFwa4RqLS9MZRdLZrjZ0Te, "
CÁ HOMESTAY,"P. Hợp giang, Cao Bằng, Việt Nam","5,0",95,22.6691304,106.1837274,Cao Bằng,Khách sạn,250.000 ₫,Không có giảm giá,,"https://lh5.googleusercontent.com/p/AF1QipN94kKFtB5LyLlq0I5DPcxPPWQTcQU4DwsZm0GO, https://lh5.googleusercontent.com/p/AF1QipOONkrnnJADNQPNDO5I2-c1Xk-lIZt_SH_Mo0gH, https://lh5.googleusercontent.com/p/AF1QipP4iAvxSM1Q9vnFgy1syQtEeVLaCC8KgTOpQt6l, https://lh5.googleusercontent.com/p/AF1QipMPT5vdvDgqcfl6XGaZrBmdUFd7_9ouzt_BB-D1, "
Gia Bảo homestay - Cao Bằng (hotel),"tổ 7 Ngọc Xuân, Cao Bằng, Việt Nam","4,9",135,22.6761472,106.2329013,Cao Bằng,Khách sạn 1 sao,299.670 ₫,Không có giảm giá,"Wi-Fi miễn phí, Đỗ xe miễn phí, Có điều hòa nhiệt độ, Dịch vụ giặt ủi, Chấp nhận vật nuôi, Bếp ở một số phòng, ","https://lh5.googleusercontent.com/p/AF1QipP8pI2wvXdM-46XwabGhDIAaSm2fFHBjkzECscD, https://lh5.googleusercontent.com/p/AF1QipMkiWwyv7QtUOjEruLau7desU6x9zEsIwM9RVn5, https://lh5.googleusercontent.com/p/AF1QipP7q3qhHKGHwYthX45hovLZzywgPJWhX7Lbnrh7, https://lh5.googleusercontent.com/p/AF1QipMgp85dIEnSEYmiesrfK3lCISUL5XLM1x6Ur-I7, "
Mina Homestay,"tổ 9, Võ Nguyên Giáp, khu tái định cư, Cao Bằng, 21000, Việt Nam","4,9",60,22.667729,106.232393,Cao Bằng,Khách sạn,349.531 ₫,Ít hơn 16% so với bình thường,"Wi-Fi miễn phí, Có điều hòa nhiệt độ, Dịch vụ giặt ủi, Bếp ở một số phòng, ","https://lh5.googleusercontent.com/p/AF1QipMQWTkKb2TyjKZEN_Cf-eg2cJBRIgPCWkXixyxO, https://lh5.googleusercontent.com/p/AF1QipMohIZHX4r6p33eM68V1OcMaZy0DKaPbCNlUIgB, https://lh5.googleusercontent.com/p/AF1QipP5MoiPwxhCcR_E9Ew6ymmr1y7v1WaLHvK-FYVT, https://lh5.googleusercontent.com/p/AF1QipP1n4UGYYQWQ0hm-COLQmuAV-GIkGLrAdeu1jvR, "
SNU COFFEE & MOTEL,"M68X+X7J, P. Sông Hiến, Cao Bằng, Việt Nam","4,8",19,22.667729,106.1902519,Cao Bằng,Khách sạn,267.154 ₫,Ít hơn 21% so với bình thường,,"https://lh5.googleusercontent.com/p/AF1QipPFjdMoVJ6TkS5sj--KmHUacsuIYjDYDHsKv_2K, https://lh5.googleusercontent.com/p/AF1QipNxTTu4tHh5TjDPt4C4T6kErfpiuF6WKxPRM8EG, https://lh5.googleusercontent.com/p/AF1QipPELe_I5tQ0q3zLtafqZrqsueKB68D6T7YBKzZ1, https://lh5.googleusercontent.com/p/AF1QipPUdEOIO6SdKVKyAVa81rVwB8sJOMxyRUMj2eR0, "
Nhà Khách 99,"Gia Cung, Cao Bằng, Việt Nam","4,0",48,22.6759923,106.2290299,Cao Bằng,Khách sạn,206.529 ₫,Không có giảm giá,"Wi-Fi miễn phí, Đỗ xe miễn phí, Dịch vụ giặt ủi, Bếp ở một số phòng, Xe đưa đón ra sân bay, ","https://lh5.googleusercontent.com/p/AF1QipPZ58ym_6PRBhzrPA_466Q978o1oV5mTG2wBlnR, https://lh5.googleusercontent.com/p/AF1QipMdWqyDlb5l_nQbxXr4aUfri92S3wiLOB0ur2sQ, https://lh5.googleusercontent.com/p/AF1QipPTAQsx-BetLV7LKBgSTA9q730K8D8r7GCj2e6X, https://lh5.googleusercontent.com/p/AF1QipNtA42gAPDRXLeQ3KETmOabVmAXWXD21vY-EGlp, "
Mây homestay,"90 Đường Hiến Giang, P. Hợp giang, Cao Bằng, Việt Nam","5,0",9,22.6685765,106.2370523,Cao Bằng,Khách sạn,200.400 ₫,Không có giảm giá,"Wi-Fi miễn phí, Bữa sáng có tính phí, Đỗ xe miễn phí, Có điều hòa nhiệt độ, Dịch vụ giặt ủi, Chấp nhận vật nuôi, Bếp ở một số phòng, Bồn tắm nước nóng, ","https://lh5.googleusercontent.com/p/AF1QipMYRZfX9mFTPWf_Tu8QW2KngWuxUIXJY1KTssYC, https://lh5.googleusercontent.com/p/AF1QipM3XR77wbxS0gMNqagXkLVynr0A4gv-H3EEAsby, https://lh5.googleusercontent.com/p/AF1QipMnJL0dlp8UWimTEvrFDvWqcpyMcPwPDMpvPqCX, https://lh5.googleusercontent.com/p/AF1QipOmGgiaUCF7E0WzDURXlhm3x_YWcLZp0troDw47, "
Pamela Homestay Cao Bằng,"064 Đường Hiến Giang, P. Hợp giang, Cao Bằng, 21000, Việt Nam","5,0",33,22.6685765,106.2000436,Cao Bằng,Khách sạn,295.000 ₫,Không có giảm giá,,"https://lh5.googleusercontent.com/p/AF1QipMtWLnpIhbeY9V3xwJj04afcnnxeSgQXyt6vrH8, https://lh5.googleusercontent.com/p/AF1QipOri_cJJPewhVR0A2_YMeb1k3lNfuPk9_noMvO8, https://lh5.googleusercontent.com/p/AF1QipNjjh7L3RQYIRKE8W5U7e0C6JgUXd7u1b1ax_Kl, https://lh5.googleusercontent.com/p/AF1QipPIU_W-1bRuigP1RCD51AAPFKECl5qoQf3lcSDk, "
Homestay Kha Bản - Cao Bằng,"Ngõ 03 Đường Pắc Bó, Tổ 1, Cao Bằng, 270000, Việt Nam","4,8",84,22.6676987,106.2004042,Cao Bằng,Khách sạn,356.365 ₫,Không có giảm giá,"Wi-Fi miễn phí, Bữa sáng có tính phí, Đỗ xe miễn phí, Dịch vụ giặt ủi, Chấp nhận vật nuôi, Dịch vụ phòng, Nhà hàng, Bếp ở một số phòng, ","https://lh5.googleusercontent.com/p/AF1QipP_-tfRCwUhaWiCDxZq4aU50G1KCTJWUlLLKK_-, https://lh5.googleusercontent.com/p/AF1QipMPfY6sVntPm3r_rASACJWgGHMIuKr4v2Kpzy9G, https://lh5.googleusercontent.com/p/AF1QipMUvPU3HIm_v_JeKaKcUjq31Xv3cYD-O-q44e1B, https://lh5.googleusercontent.com/p/AF1QipNOBpUrTrqNcgqycF2HIJ_FtfT_0ALhvS29Beld, "
Mỡ homestay Cao Bằng,"Tổ 11, Cao Bằng, 21107, Việt Nam","4,9",53,22.6600259,106.2459747,Cao Bằng,Khách sạn,379.397 ₫,Không có giảm giá,,"https://lh5.googleusercontent.com/p/AF1QipOz-KOp3Cyo1d8cXlYohUz2DAzOahIQy7Le1c6s, https://lh5.googleusercontent.com/p/AF1QipPDzLh9dAnLVKWrX9py8anGCJp65T4WdLbqZhVr, https://lh5.googleusercontent.com/p/AF1QipN2wf8NlCJWytODl41jcTQ3dgdcV3149jRBTrn1, https://lh5.googleusercontent.com/p/AF1QipM7j77c0-jymlUBUtTGsHAo9AAXZFKMokGSBV8V, "
An Homestay,"036 tổ 18, Nà Cạn, Cao Bằng, 21107, Việt Nam","4,9",154,22.662086,106.2471432,Cao Bằng,Khách sạn,226.777 ₫,Không có giảm giá,,"https://lh5.googleusercontent.com/p/AF1QipMivEfOVW7EizLKpobFGaJ1nhkKPEDT74sUB83X, https://lh5.googleusercontent.com/p/AF1QipNJv0Y6xrBBTYChuy-8J38xOQ7ICb-myVCk8iZJ, https://lh5.googleusercontent.com/p/AF1QipPmwjvhnNeyiIcals1kB2SgrPqLmhkwUNN3eN8k, https://lh5.googleusercontent.com/p/AF1QipPO3Dn4J2vbk_76QDFRnJF4SKptkTLADN9QenVw, "
Khách sạn Sunny,"40 Kim Đồng, P. Hợp giang, Cao Bằng, Việt Nam","3,9",520,22.6632958,106.2420876,Cao Bằng,Khách sạn 3 sao,Không có giá,Không có giảm giá,"Wi-Fi miễn phí, Bữa sáng miễn phí, Đỗ xe miễn phí, Có điều hòa nhiệt độ, Dịch vụ giặt ủi, Phù hợp với trẻ em, Nhà hàng, ","https://lh5.googleusercontent.com/p/AF1QipNYWS2Dw66jhVLeZCp4OckYyndi3M19jM_RJMIi, https://lh5.googleusercontent.com/p/AF1QipOlZrgwDEbPRhnZXIyFQ6zKpccGlvFv1HFq1OZh, https://lh5.googleusercontent.com/p/AF1QipPL1n2ZHfkP48yqSMZbZIXIEQdp0arlXfEEeaCf, https://lh5.googleusercontent.com/p/AF1QipMYqaDuXisG9QdGa7fpx4D9eT96HyuL43CP6YLd, "
AK Homestay,"Hoà Chung, Cao Bằng, Việt Nam","5,0",5,22.6632958,106.1947333,Cao Bằng,Khách sạn,249.556 ₫,Ít hơn 32% so với bình thường,,"https://lh5.googleusercontent.com/p/AF1QipNZBJ5HTf7bDgBxGxwzRZvBHBNCoc5k-vEqJgnf, https://lh5.googleusercontent.com/p/AF1QipNIzQ5S1hiNZqefvMfhYkVIMX-e9BfDUBOcw5XL, https://lh5.googleusercontent.com/p/AF1QipO0W6rN-4xURslS2ez6DC9NFW8u4sYkZxH6sPFV, https://lh5.googleusercontent.com/p/AF1QipPxBdOOnsncr5W6ApuxnbhyBwM9i6kiEJsvNWv3, "
Tít Mít Homestay,"M756+V679, Tân Giang, Cao Bằng, 270000, Việt Nam","4,9",40,22.6596689,106.2425474,Cao Bằng,Khách sạn,249.556 ₫,Không có giảm giá,,"https://lh5.googleusercontent.com/p/AF1QipP9hozla2V4IDi4McgCkN-T2hwx-EvoOyfTIYYi, https://lh5.googleusercontent.com/p/AF1QipOVcmmH83z4dDFzO14buhXqWmmvOSSa6d5NwZrN, https://lh5.googleusercontent.com/p/AF1QipNL_LXhO_nf3f9fgtO4T4KFf9LLsjiE_rFaPOFX, https://lh5.googleusercontent.com/p/AF1QipPhZlwW2aVufCo97TLU__d7wNNF99Dkdymv1YaW, "
"DH Homestay Cao Bằng - hotel, motel- Motorbike rentals","153 Nước Giáp, P. Hợp giang, Cao Bằng, 27000, Việt Nam","4,9",27,22.6718757,106.2396789,Cao Bằng,Khách sạn,265.755 ₫,Không có giảm giá,"Wi-Fi miễn phí, Đỗ xe miễn phí, Có điều hòa nhiệt độ, Dịch vụ giặt ủi, Chấp nhận vật nuôi, ","https://lh5.googleusercontent.com/p/AF1QipNm53PzMm1evkfOzzKECDv09YPlAsPKGkO0zEPO, https://lh5.googleusercontent.com/p/AF1QipN3aZuP6DAHGhMRXKzY31JGwgapbDFLRRVAxO8n, https://lh5.googleusercontent.com/p/AF1QipP_oCmBLYdGB0MuJNyYr2waRytywJD11lNO2yQe, https://lh5.googleusercontent.com/p/AF1QipNiYCPJEogC5ysS9ygexbAHVzfixe_2J-k02MoW, "
Su Homestay,"034 Đường 3/10, Sông Bằng, Cao Bằng, 21000, Việt Nam","4,7",12,22.6623059,106.2466423,Cao Bằng,Khách sạn,266.000 ₫,Không có giảm giá,,"https://lh5.googleusercontent.com/p/AF1QipNYFd8xVRyLNXUnhOc5OFX7kLvG07disvcmdBas, https://lh5.googleusercontent.com/p/AF1QipPrBAXXMjLQGMB_Wu4yHtd5iLJY8RRm3LVXmesK, https://lh5.googleusercontent.com/p/AF1QipNzLUOPkLJb1f84efD3FATvzeu1v-G3Rn2frrTc, https://lh5.googleusercontent.com/p/AF1QipPehpVp64CPd5Zec0NIwpxlHuZNKmzAnnZk7zZW, "
Cao Bang Plant Lady Homestay,"224 Bế Văn Đàn, P. Hợp giang, Cao Bằng, Việt Nam","5,0",33,22.6609031,106.2403465,Cao Bằng,Khách sạn,250.000 ₫,Không có giảm giá,,"https://lh5.googleusercontent.com/p/AF1QipN9lArkXpvEAaiD8mFvcuZx1m43rkcTYyGu56g0, https://lh5.googleusercontent.com/p/AF1QipNXr0tWtHAmkoLh4Z9B2XOw-zKVSR_mD8P2CqWC, https://lh5.googleusercontent.com/p/AF1QipM9IDRk-NyMYPijvTZLdYIyqRLUQHhYzpj-uVl2, https://lh5.googleusercontent.com/p/AF1QipMdpIphEd-0diD8g3O7haoixmMDW_7eajWkIljQ, "
không có tên??????,Không có địa chỉ,Chưa xét,0,22.6609031,106.2038313,Cao Bằng,Khách sạn,Không có giá,Không có giảm giá,,
Siu Homestay,"20 Phố Thầu, P. Hợp giang, Cao Bằng, Việt Nam","5,0",2,22.6647329,106.2431878,Cao Bằng,Khách sạn,420.000 ₫,Không có giảm giá,,"https://lh5.googleusercontent.com/p/AF1QipNDhLSJdYoVCCv4xxg8Ht6YgejczGrXtaSIipIT, https://lh5.googleusercontent.com/p/AF1QipOzhzVHVR1Gzj1w2crsdlcLSo_nEaMtLkL6y5mo, https://lh5.googleusercontent.com/p/AF1QipOiUo9-i1MZ8cupY5PIGxNxuLhggmHbXjw0CymN, "
Khách sạn Đức Trung,"85 Bế Văn Đàn, P. Hợp giang, Cao Bằng, Việt Nam","3,8",166,22.6647329,106.1964286,Cao Bằng,Khách sạn 3 sao,Không có giá,Không có giảm giá,"Bữa sáng, Có điều hòa nhiệt độ, ","https://lh5.googleusercontent.com/p/AF1QipMjmh5gg17cfgsV2I7xWzkaLANG00p96MrgqW4, https://lh5.googleusercontent.com/p/AF1QipOJDU6sOh4VXtoLRb4cCrwtlCK8ejwUR8sO8ugt, https://lh5.googleusercontent.com/p/AF1QipPTXkO7put7CyiQfZW33inuXRUzOoIbEF-sDDqP, https://lh5.googleusercontent.com/p/AF1QipOrNI6bM8PWp2IEUsS6cuiut65aJHiDfNDHeYn3, "
Khách Sạn Bằng Giang,"Số 001 Phố Kim Đồng, P. Hợp giang, Cao Bằng, Việt Nam","3,5",585,22.6624363,106.198127,Cao Bằng,Khách sạn,Không có giá,Không có giảm giá,"Wi-Fi miễn phí, Bữa sáng miễn phí, Đỗ xe miễn phí, Có điều hòa nhiệt độ, Dịch vụ giặt ủi, Phù hợp với trẻ em, Nhà hàng, ","https://lh5.googleusercontent.com/p/AF1QipOe8cD635HoRA99Hgt3dQOAhN9ftRpEZWs2WX7k, https://lh5.googleusercontent.com/p/AF1QipOaScsv7FdA9H8-X3HeFvLnNwYxJY0x9uyw7WgD, https://lh5.googleusercontent.com/p/AF1QipOYkOJa_kV3q5Zsz8ZoTo6Xq6HuWe07LOAhisw_, https://lh5.googleusercontent.com/p/AF1QipNLJ0ASRdJSZstuSgEVHyPkKp19drBRVpm6GmxL, "
Nhà Nghỉ Thái Thu,"Quốc lộ 3 Cũ, Nà Đóc, Cao Bằng, 22000, Việt Nam","3,8",57,22.6784797,106.2188288,Cao Bằng,Khách sạn,209.567 ₫,Không có giảm giá,"Wi-Fi miễn phí, Dịch vụ giặt ủi, Bếp ở một số phòng, ","https://lh5.googleusercontent.com/p/AF1QipO7UxO7AMoh-cyg7TzXLFiBHgOuJRd5NNSWaVfq, https://lh5.googleusercontent.com/p/AF1QipOLRdgP4sqS5at290rUu-CZDAsfcxgL5zrT_WEQ, https://lh5.googleusercontent.com/p/AF1QipMdm9sCTqaTLJfjTjeDfqZTf0BOCY9U3w4CNVfW, https://lh5.googleusercontent.com/p/AF1QipMV33q58tR2gyY0dfB8NSkbGDwT2asKvMYof1iI, "
Nhà nghỉ 58M,"M69X+7W2, I, khu tái định cư, Cao Bằng, 21000, Việt Nam","4,3",41,22.6681395,106.2317365,Cao Bằng,Khách sạn,299.670 ₫,Không có giảm giá,"Có điều hòa nhiệt độ, ","https://lh5.googleusercontent.com/p/AF1QipNhaGRyoyeKv6NRLqieAAQwHBSQw4wmUjwEpSwo, https://lh5.googleusercontent.com/p/AF1QipN_LXTiKPb2A56fnI2G3RPlO4TA2FWylDX_3tNs, https://lh5.googleusercontent.com/p/AF1QipMksPQzGEFtqnF8N6DPGGewa6pgu5lM3i_Gos9_, https://lh5.googleusercontent.com/p/AF1QipP5ppxtadBXYNuXOukM-FtBDR8KOc_hu-lDjq84, "
Khách Sạn Kim Đồng,"No. 155 Kim Dong, Co Giang, P. Hợp giang, Cao Bằng, Việt Nam","4,2",263,22.6613483,106.2417259,Cao Bằng,Khách sạn,Không có giá,Không có giảm giá,"Wi-Fi miễn phí, Đỗ xe miễn phí, Có điều hòa nhiệt độ, Dịch vụ giặt ủi, Bếp ở một số phòng, ","https://lh5.googleusercontent.com/p/AF1QipP0nccPNzoXajhVJsVrVdYwVUd0D61LWtPfAVeg, https://lh5.googleusercontent.com/p/AF1QipOs3w_H8iNotNzh3DrsGi1acz1M0xJr4TffuIJv, https://lh5.googleusercontent.com/p/AF1QipPAwV8bxROu5g-tBsaZUxIEcomcBhn6hQYzA4-7, https://lh5.googleusercontent.com/p/AF1QipNqrHA-JlAFruBNVtRabTfHq9AsrZXeBhYaBbdA, "
Khách Sạn Sơn Tùng Hotel,"Hồng Việt, P. Hợp giang, Cao Bằng, Việt Nam","3,9",158,22.6613483,106.2054744,Cao Bằng,Khách sạn 3 sao,Không có giá,Không có giảm giá,"Có điều hòa nhiệt độ, Phù hợp với trẻ em, ","https://lh5.googleusercontent.com/p/AF1QipPGaYqtm6zZjDcz1bSteWnz3s-CFEt8DHWv8P1v, https://lh5.googleusercontent.com/p/AF1QipPLtxuqC8IrxFtmEdRQ1okHF25JjNbmxdPnFTYi, https://lh5.googleusercontent.com/p/AF1QipM0eEhDiB93BsOpKIEUNiq2VQTSz5lStDtqWUPc, https://lh5.googleusercontent.com/p/AF1QipNHVri01EkoMH_xGPlT0ff2EVTDXMbgvmBFS4JC, "
TV Hotel,"74 Đường Lê Lợi, Sông Bằng, Cao Bằng, Việt Nam","3,7",43,22.6638389,106.2042861,Cao Bằng,Khách sạn,Không có giá,Không có giảm giá,,"https://lh5.googleusercontent.com/p/AF1QipNsIYPc8AuR59NIgjbAY-bEPVAgRGG7xQgaZSS7, https://lh5.googleusercontent.com/p/AF1QipOp0CHWRoq46r-0MqubuX1MEbSJ2gcPxeY2WlPD, https://lh5.googleusercontent.com/p/AF1QipMJBL3KDmTxVAHei649otzP9ahB5emJOC_GkFmu, https://lh5.googleusercontent.com/p/AF1QipOu2fRXQIDEAF6xtWqWds_JNUMHNrc6-ZT0rJhd, "
Nhà Nghỉ Minh Hạnh,"Đường 3/10, Nà Cạn, Cao Bằng, Việt Nam","4,6",10,22.6667496,106.2134066,Cao Bằng,Khách sạn,251.834 ₫,Không có giảm giá,,"https://lh5.googleusercontent.com/p/AF1QipNoy-2xMk3wZi-O2zJQMOlJW5HBLK6O8j1XA7RO, https://lh5.googleusercontent.com/p/AF1QipO8i3r2OM_4wSM-7cnf8WPvKRG63FvP_mec8vhe, https://lh5.googleusercontent.com/p/AF1QipOsU6ESIU6uav1Y6iK-3B7xd62ejY4eu3P_djbB, https://lh5.googleusercontent.com/p/AF1QipOsU6ESIU6uav1Y6iK-3B7xd62ejY4eu3P_djbB, "
Khách Sạn Hải Âu,"149 Phố Kim Đồng, P. Hợp giang, Cao Bằng, Việt Nam","3,8",157,22.6579609,106.2074804,Cao Bằng,Khách sạn,Không có giá,Không có giảm giá,"Phù hợp với trẻ em, ","https://lh5.googleusercontent.com/p/AF1QipOaTJzw4RkBktoGGPcNleLTAhCcuud-z8cQT2Cv, https://lh5.googleusercontent.com/p/AF1QipOTYH5Ohjp78cdi912mgNA9nvqfkCMYuoiaYXJi, https://lh5.googleusercontent.com/p/AF1QipMTigAqcUGYNYdXVwCbYBoq3o7ddMZDCwnzqGbO, https://lh5.googleusercontent.com/p/AF1QipO_EpO9ZNq-lsEW4mFxdJEqrGXrSljF8BeuTix4, "
Thanh Sơn Homestay-Cao Bằng-Motorbike rental-Cho thuê xe máy,"M782+3RR, P. Sông Hiến, Cao Bằng, Việt Nam","4,8",43,22.6616568,106.1945193,Cao Bằng,Khách sạn,255.000 ₫,Không có giảm giá,"Wi-Fi miễn phí, Đỗ xe miễn phí, Có điều hòa nhiệt độ, Dịch vụ giặt ủi, Bếp ở một số phòng, ","https://lh5.googleusercontent.com/p/AF1QipMNtHBl4F8UtvLCrs4xOC0ORq2MTgF7Hy7V9mgk, https://lh5.googleusercontent.com/p/AF1QipMqJMLRpnXaPab6SWy0QuGNE-osyLGQUafm7kDH, https://lh5.googleusercontent.com/p/AF1QipPBJcNgpU80xGDAM3fp5mBSRjGEw4u0xv1NJIgh, https://lh5.googleusercontent.com/p/AF1QipPCudgMmV-cgD2OL4Q5wdiF3IIaZFtTaG4rVDqh, "
Vân Nam hotel,"tổ 22 Tp., Sông Bằng, Cao Bằng, Việt Nam","4,4",20,22.6582714,106.2488802,Cao Bằng,Khách sạn,Không có giá,Không có giảm giá,,"https://lh5.googleusercontent.com/p/AF1QipOCArCjm6d6u18xxZX_G_FC95tT44N_O7Gqhl2Z, https://lh5.googleusercontent.com/p/AF1QipPvZwRP5yWIHur3wrFKGV0-50atK8jaenCZCw07, https://lh5.googleusercontent.com/p/AF1QipMuO9LEqvSa89jHgtwymBHbtDBy5TXdeOa4PFLC, https://lh5.googleusercontent.com/p/AF1QipPakPZlHNuzQckqpb6csvalhfmbf_Ioub_4DrEF, "
Minh anh Hotel Cao Bằng,"Tổ 10, Cao Bằng, 21000, Việt Nam","4,7",29,22.6677902,106.2364979,Cao Bằng,Khách sạn,Không có giá,Không có giảm giá,,"https://lh5.googleusercontent.com/p/AF1QipOVeJrSObf2e1wmp602Do-RzpESPej2bZbt9DIX, https://lh5.googleusercontent.com/p/AF1QipMH8mKzSVnsveDXf1STzcwav8s3nU0OCFVSHPZo, https://lh5.googleusercontent.com/p/AF1QipOz404EfykiWsSXxeGTsWyz-hV68ajhBqQDD2e2, https://lh5.googleusercontent.com/p/AF1QipPRZ7yu2WxkMgXm7MB5gYRh0Kd-dp06F5eDQy3D, "
Khách Sạn Hương Sen,"100 Kim Đồng, P. Hợp giang, Cao Bằng, Việt Nam","3,3",225,22.6677902,106.1997417,Cao Bằng,Khách sạn,Không có giá,Không có giảm giá,"Có điều hòa nhiệt độ, ","https://lh5.googleusercontent.com/p/AF1QipO6EAQUyZYfeuBomAOmOaJ6f7_5bCzDAGVSUcth, https://lh5.googleusercontent.com/p/AF1QipPWR1DbNy6ax9o0193ZeHr4S9YKKHQxxJ8yqPsN, https://lh5.googleusercontent.com/p/AF1QipM9UeuwCMzcWkPp_L3lrQTwfDiOfHDUsnCWGUbI, https://lh5.googleusercontent.com/p/AF1QipMVsOgv7dp6WzFrOsIPwevgsfHyM4mopKF4SMF9, "
Khách sạn So Oanh - gần thác Bản Giốc,"ban gioc, Đàm Thuỷ, Trùng Khánh, Cao Bằng 21825, Việt Nam","4,0",160,22.8539219,106.6978002,Cao Bằng,Khách sạn,403.677 ₫,Không có giảm giá,,"https://lh5.googleusercontent.com/p/AF1QipNyEOfFxjfjbBHBz4KGx4LWiWcd_n5pGAcBYvz6, https://lh5.googleusercontent.com/p/AF1QipN87TwBvEwYKEOMR8ZQy2PpVTG3mMsQVV0XPVtR, https://lh5.googleusercontent.com/p/AF1QipMU56K1m9sjWBRpWULVec7mdHWPk-jHexpGD2Ii, https://lh5.googleusercontent.com/p/AF1QipMfjEutfYN0nDNnnydAjIxiG3Z74PetLuftgmj7, "
Khách sạn Hoàng Anh,"131 QL4A, P. Hợp giang, Cao Bằng, Việt Nam","3,8",139,22.6618549,106.2418721,Cao Bằng,Khách sạn,Không có giá,Không có giảm giá,"Có điều hòa nhiệt độ, ","https://lh5.googleusercontent.com/p/AF1QipOLGfX8mydZkBBA5h5Toh9Trk_sDgZvNFR6u7sh, https://lh5.googleusercontent.com/p/AF1QipNx7M_HPZ2nplx9RxaBHG1ZK6V_8Ks6VLQs70UF, https://lh5.googleusercontent.com/p/AF1QipPeDWVWNnWsRlfCQqZ3Fo75wcI5TVkBsz-2OCz4, https://lh5.googleusercontent.com/p/AF1QipMNS0Dl-KaUVfj36WOehXCUHn0-sYVz33_Q9j0B, "
Trường An Hotel,"116 Phố Thầu, P. Hợp giang, Cao Bằng, 210000, Việt Nam","4,7",10,22.6618258,106.2421354,Cao Bằng,Khách sạn,Không có giá,Không có giảm giá,,"https://lh5.googleusercontent.com/p/AF1QipPZ3CfN8xq21PHbeBX9CaaN7573ayGSC_ETIhm4, https://lh5.googleusercontent.com/p/AF1QipNI_-tDEe-JRwZhNTUXVGd52myqM8XTSnx36Wq2, https://lh5.googleusercontent.com/p/AF1QipP-raIF46j23J_xCNXSw34cwUPPLfspxfeKp3eS, https://lh5.googleusercontent.com/p/AF1QipOZZmov_PJNbrn_VU6l1KAhVgldKh4JrFvbHFGC, "
Khách sạn Dương Hà (Hotel Duong Ha),"Tổ 16 phường Sông Bằng, Sông Bằng, Cao Bằng, 900000, Việt Nam","4,2",61,22.6618258,106.2073006,Cao Bằng,Khách sạn,Không có giá,Không có giảm giá,"Phù hợp với trẻ em, ","https://lh5.googleusercontent.com/p/AF1QipMQWIS2-nFPEoHEpud25SC3G-ZZFQr8AL_fPw6K, https://lh5.googleusercontent.com/p/AF1QipNcDM8_WpoRYSIXot1Bbi5UtRWeNx_4ybOwU-jS, https://lh5.googleusercontent.com/p/AF1QipMPMCHDk4bW9JzjC8eVqvYafj2vOSwx93S0d_Ks, https://lh5.googleusercontent.com/p/AF1QipOBZwysX8zA1mugv9r3bkIJ1Sx4FNIPUHiRo1ub, "
Tường Vân Legend Hotel,"Tổ 1, Cao Bằng, 21000, Việt Nam","4,7",9,22.6778975,106.2081879,Cao Bằng,Khách sạn,Không có giá,Không có giảm giá,"Wi-Fi miễn phí, Đỗ xe miễn phí, Có điều hòa nhiệt độ, Dịch vụ giặt ủi, Chấp nhận vật nuôi, Bếp ở một số phòng, ","https://lh5.googleusercontent.com/p/AF1QipP1QdFwotT0vy0ohlfs141UzYJ-iY-fJtjXoldz, https://lh5.googleusercontent.com/p/AF1QipM5G1tAqGLjC0Z40BUp2bWL6CrJkYSyUqiJVWo_, https://lh5.googleusercontent.com/p/AF1QipNiG1AQ1jcz6aEdTziSjSi-DBNwjRBlD-YZIj4s, https://lh5.googleusercontent.com/p/AF1QipNurVKwBTiP0CKl6F9xUOtLB6jQFZ2xR9jfztLW, "
Khách sạn An Gia,"97 Kim Đồng, P. Hợp giang, Cao Bằng, Việt Nam","4,6",23,22.6628909,106.242236,Cao Bằng,Khách sạn,Không có giá,Không có giảm giá,,"https://lh5.googleusercontent.com/p/AF1QipPPrdSI00N0OkiIqJrlHsTckgpJzQJ-hsCE-j-8, https://lh5.googleusercontent.com/p/AF1QipMWU2tAORC36jRq1Jb5_j5om__DFZ6qqmx2dbU6, https://lh5.googleusercontent.com/p/AF1QipPJKCpEkZ8yrckpgZZMIZzlWaSMFqMjjXnzwwJC, https://lh5.googleusercontent.com/p/AF1QipOmwilIydSmaSCqU1Fei3yqx32DaKicUhezwwuj, "
NHÀ NGHỈ DU LỊCH MINH LONG - Quảng Trường,"Khu Tái Định Cư Km4, Tổ 1, Cao Bằng, 270000, Việt Nam","4,3",4,22.6778891,106.2091805,Cao Bằng,Khách sạn,206.529 ₫,Không có giảm giá,,"https://lh5.googleusercontent.com/p/AF1QipNdJKOlisltxEiop_DP5glVCa7cBwjGxhk1m7WE, https://lh5.googleusercontent.com/p/AF1QipOESQGovrtiJ67R0zrFu33Ce12xru2VIG8pJBSx, https://lh5.googleusercontent.com/p/AF1QipOFjHN6razsxhtSnaebLSr8TecKRtsXjAxKfacZ, https://lh5.googleusercontent.com/p/AF1QipOGILuqFC6e3A9NWyD7ICQVmVk1lE_h-KevBh3M, "
Khách sạn Hằng Nga,"22 Phố Thầu, P. Hợp giang, Cao Bằng, 270900, Việt Nam","3,9",13,22.6646959,106.2431714,Cao Bằng,Khách sạn,Không có giá,Không có giảm giá,"Wi-Fi miễn phí, ","https://lh5.googleusercontent.com/p/AF1QipNyoASUmUMzMyMHmgOuUmFYDbu-ckFFOQoXUggH, https://lh5.googleusercontent.com/p/AF1QipPLkDuHVGHM7UJjUaZpcRWHlRt-Sob_rZmjbPLa, https://lh5.googleusercontent.com/p/AF1QipPsTMFPb8bkHsDs81TxfvvzZTG6ez3_NFRdSzMP, https://lh5.googleusercontent.com/p/AF1QipNtzB5XKUStFeB9XeLGVAhM44nFR7t6VMjysccs, "
Viet hoang hotel bao lac cao bang,"Khu 6 tỉnh Cao Bằng, TT. Bảo Lạc, Bảo Lạc, Cao Bằng 270000, Việt Nam","4,1",162,22.9507975,105.6635999,Cao Bằng,Khách sạn 2 sao,300.000 ₫,Không có giảm giá,"Wi-Fi miễn phí, Đỗ xe miễn phí, Có điều hòa nhiệt độ, Dịch vụ giặt ủi, Chấp nhận vật nuôi, Phù hợp với trẻ em, ","https://lh5.googleusercontent.com/p/AF1QipOqTtO8-GMxcb_8uSwgAhWcyqAXzhSHoZ3amh7j, https://lh5.googleusercontent.com/p/AF1QipNvrkfvyIWGlCiHTPUfsRLCZul0fiK-mIh9G0zz, https://lh5.googleusercontent.com/p/AF1QipM3dIx9sEvZgDI6R3f3TwR4IMg5gd5PtBE-ahMR, https://lh5.googleusercontent.com/p/AF1QipN3TxK7linhgYPbMm5N9NceOVwOGRfUU13GOB8R, "
Khách Sạn Thành Loan 2,"Đông Khê, Tân Giang, Cao Bằng, Việt Nam","3,7",99,22.6505436,106.2536901,Cao Bằng,Khách sạn,Không có giá,Không có giảm giá,,"https://lh5.googleusercontent.com/p/AF1QipO0TpZuc95vjkF8-Oqnw_seWWarjUsOBXRPv93Q, https://lh5.googleusercontent.com/p/AF1QipOEKZm80I7zzubWbcaFvuzNdyXyEgcYnyO1NwZ8, https://lh5.googleusercontent.com/p/AF1QipMSgyM2D27ko25YDlgYFBs6kO9e3Q4HbJJGQiO4, https://lh5.googleusercontent.com/p/AF1QipNWOMyMSofugHUARCV7aZzjI_viAl925O_VWOxt, "
sôngbằngHotel,"Khối 5 Tổ 15 p. song bang, Đường 3/10, Sông Bằng, Cao Bằng, Việt Nam","3,6",108,22.6505436,106.2084142,Cao Bằng,Khách sạn 2 sao,Không có giá,Không có giảm giá,"Có điều hòa nhiệt độ, Chấp nhận vật nuôi, Phù hợp với trẻ em, ","https://lh5.googleusercontent.com/p/AF1QipNmqgLWyTXAVHDDzP8vKATKxctqzYBKmzdasXCM, https://lh5.googleusercontent.com/p/AF1QipM52pzxEgwUGrdyFeSWouKIazBM9QmA8zZ4u0Df, https://lh5.googleusercontent.com/p/AF1QipMoPhudCi_nEbxLdJFchw8CnZLV2cPaAkYJIJ5g, https://lh5.googleusercontent.com/p/AF1QipN4xCeAW4Oet_7Syd9jQmDg617QGCygJlXw-mTo, "
KHÁCH SẠN ĐAN HUY - Dan Huy hotel - Cao Bang city,"M6M8+657 Tp, Đề Thám, Cao Bằng, 270000, Việt Nam","3,7",67,22.683026,106.1973936,Cao Bằng,Khách sạn,Không có giá,Không có giảm giá,,"https://lh5.googleusercontent.com/p/AF1QipO7R6pyFfOuKbg_L6VnWGxxZAI7aLt0nvXd-gbI, https://lh5.googleusercontent.com/p/AF1QipOI5UJOFrNzNkGyrbnyWLYPBpAE7sUurCuQGwta, https://lh5.googleusercontent.com/p/AF1QipNTAZCZofRbv3G9A9fW4VQ7xYkRHqCbbHAkILqa, https://lh5.googleusercontent.com/p/AF1QipNSCxSnU1MXAac48SF4-PIyuNi-RWP2YfDX264I, "
Khách Sạn Hoàng Trang,"57 Phố Lý Tự Trọng, P. Hợp giang, Cao Bằng, Việt Nam","4,0",50,22.6692824,106.2386976,Cao Bằng,Khách sạn 1 sao,Không có giá,Không có giảm giá,"Có điều hòa nhiệt độ, ","https://lh5.googleusercontent.com/p/AF1QipNHp7PlF1WjO-FGGv3GX5bA3Id17fsHALZP4Mhv, https://lh5.googleusercontent.com/p/AF1QipPzoejaBLIKbYwBNXvrUO_2KTJkd54Ct2RG0yUV, https://lh5.googleusercontent.com/p/AF1QipMEu4PMqaDcVKMsOU8R_Y5cx1Gl_y6wg_Nrqmit, https://lh5.googleusercontent.com/p/AF1QipNTleWcb69jvWCGndQMx2_OHkD752_44Rf8qKVS, "
HỒNG PHƯƠNG HOTEL,"QL3, bản Mới, Cao Bằng, Việt Nam","3,9",56,22.6775689,106.2083371,Cao Bằng,Khách sạn,Không có giá,Không có giảm giá,"Wi-Fi miễn phí, Đỗ xe miễn phí, Phù hợp cho người khuyết tật, Có điều hòa nhiệt độ, Dịch vụ giặt ủi, Không hút thuốc, ","https://lh5.googleusercontent.com/p/AF1QipMYx4RBdRphSmkxxjjzycKqpbGcZPxHoLLdeSsy, https://lh5.googleusercontent.com/p/AF1QipNq7Eojm-mc2bJUo3qGDzd_P7QV5aW8fZ_oLIdZ, https://lh5.googleusercontent.com/p/AF1QipPtTfszjjGOhRdQT06seZzrRFNnO2Lb8idRJDof, https://lh5.googleusercontent.com/p/AF1QipPfr9THOo1jE-4LE6NXYb2S2vT_FqPWYvOzyiZ3, "
DOME VILLA Cao Bằng,"88, Tp. Cao Bằng, Cao Bằng 21150, Việt Nam","5,0",2,22.6844389,106.2465785,Cao Bằng,Khách sạn,Không có giá,Không có giảm giá,,"https://lh5.googleusercontent.com/p/AF1QipOpAfjbcY9fRP70EYHbGWRArZ3HCxhdcM4hS6Cr, https://lh5.googleusercontent.com/p/AF1QipMwEofHvkCI534CnudnIvhfwYgFthxoXZeYIU7M, https://lh5.googleusercontent.com/p/AF1QipNsmyLgj4mT1IKP6GNpDLKFnDW141_LCkib0Fnv, https://lh5.googleusercontent.com/p/AF1QipNuIS70ox2WlnBlYP5UH8Vw3H2h8ANn3n1mMQdW, "
Hoàng Giang Hotel,"Nguyễn Du, P. Hợp giang, Cao Bằng, Việt Nam","3,4",5,22.6844389,106.2162699,Cao Bằng,Khách sạn,Không có giá,Không có giảm giá,,"https://lh5.googleusercontent.com/p/AF1QipO0h1ggWLha90uUcEkJCVxo6DwuZrxuo1fCB5Vk, https://lh5.googleusercontent.com/p/AF1QipMyQ9NZ-_oV5cpxQ_6069csPKyoHUXnSLA4RJAq, https://lh5.googleusercontent.com/p/AF1QipM627-8oabv-52LUpqbNIBbpitl04YFy7DfsY3H, "
Khách sạn Tây Giang,"M749+HPR, Đường 3/10, Nà Cạn, Cao Bằng, Việt Nam","3,7",178,22.6564752,106.251239,Cao Bằng,Khách sạn,Không có giá,Không có giảm giá,"Có điều hòa nhiệt độ, Phù hợp với trẻ em, ","https://lh5.googleusercontent.com/p/AF1QipN6kOPEVzKOPG14XnyL7LgK0YWpt98CQsC4BWS9, https://lh5.googleusercontent.com/p/AF1QipOi5G1tpk6zMvSrdn0n9LrTUKW20eu5eRoNImJ4, https://lh5.googleusercontent.com/p/AF1QipPpid376hzwoM1gV1XIYpmeJP8Hw5P8qKrNe1bq, https://lh5.googleusercontent.com/p/AF1QipMaNNKInhbU5hY4JE9N7lMKL_10q256mZ5nn7Go, "
không có tên??????,Không có địa chỉ,Chưa xét,0,22.6564752,106.2098676,Cao Bằng,Khách sạn,Không có giá,Không có giảm giá,,
KOKORO HOTEL & HOMESTAY,"503 Khu 5A, tổ 2, Cao Bằng, 270000, Việt Nam","5,0",23,22.6764129,106.1998777,Cao Bằng,Khách sạn,Không có giá,Không có giảm giá,,"https://lh5.googleusercontent.com/p/AF1QipMqKrXCgIsMLourUI9srkn4nonWECBvTkgWTAkB, https://lh5.googleusercontent.com/p/AF1QipNFx1AreVl6t2GJyGUrx1JSCh7mN4Ybd8_tc-XA, https://lh5.googleusercontent.com/p/AF1QipMqHzsipg2yMM6lbEjMKB9TTdMWEQmResmNOGJ5, https://lh5.googleusercontent.com/p/AF1QipMqKrXCgIsMLourUI9srkn4nonWECBvTkgWTAkB, "
Khách sạn Hoà An,"381 Tổ 5, Đề Thám, Cao Bằng, Việt Nam","3,3",3,22.6764129,106.1666525,Cao Bằng,Khách sạn,Không có giá,Không có giảm giá,,"https://lh5.googleusercontent.com/p/AF1QipMzmcRqG-mFl3_3AG-xi3rBfq1mMflTHs631PM, https://lh5.googleusercontent.com/p/AF1QipMf_jQWUOMSQpu50W-jvNxq-aAmNE8IDI9UHcE, https://lh5.googleusercontent.com/p/AF1QipOJkMuscaJORDSRmE3NBHpfMR6eS5dTfEmnK1Y, https://lh5.googleusercontent.com/p/AF1QipOtc-7RwVJb-tDP6hLONaM4Vd2LWm5SoSpdLOA0, "
Sói Homestay Cao Bằng,"154 phố Thầu Cao Bằng Cao Bang Province, 21000, Việt Nam","4,8",26,22.6610403,106.2419517,Cao Bằng,Khách sạn,Không có giá,Không có giảm giá,,"https://lh5.googleusercontent.com/p/AF1QipOQqojqs-QeqCkZ_zfmgz9Uv0yZ6VM_Hnfe3CDW, https://lh5.googleusercontent.com/p/AF1QipMVyzv-GmXakkTeaex-HYxnE3-TZkaFzGufm41s, https://lh5.googleusercontent.com/p/AF1QipMavmY3G60iTc_kBiQgkAms-UFmNq8Ok7QAPyQA, https://lh5.googleusercontent.com/p/AF1QipP2o_fC0YRRcA7S1r7CITMyU0QXB_vw_6NBQN2s, "
